# Created by FreeCAD <https://www.freecad.org>
v 93.332626 -26.299568 21.600000
v 92.599579 -26.979742 21.600000
v 93.245590 -26.210333 21.600000
v 92.547356 -26.926201 21.600000
v 92.492531 -26.875328 21.600000
v 93.154213 -26.125547 21.600000
v 92.649071 -27.035820 21.600000
v 93.415115 -26.393032 21.600000
v 92.435234 -26.827253 21.600000
v 93.058723 -26.045422 21.600000
v 92.695702 -27.094294 21.600000
v 93.492828 -26.490490 21.600000
v 92.375618 -26.782093 21.600000
v 92.959358 -25.970156 21.600000
v 92.856369 -25.899935 21.600000
v 93.565598 -26.591700 21.600000
v 92.739357 -27.155020 21.600000
v 93.633224 -26.696413 21.600000
v 92.313820 -26.739962 21.600000
v 92.779938 -27.217848 21.600000
v 92.250000 -26.700962 21.600000
v 92.750000 -25.834936 21.600000
v 92.817329 -27.282619 21.600000
v 93.695557 -26.804365 21.600000
v 92.184319 -26.665194 21.600000
v 92.640526 -25.775320 21.600000
v 92.851456 -27.349174 21.600000
v 93.752426 -26.915291 21.600000
v 92.116928 -26.632742 21.600000
v 92.528221 -25.721235 21.600000
v 93.803688 -27.028913 21.600000
v 92.882217 -27.417349 21.600000
v 92.048012 -26.603689 21.600000
v 92.413353 -25.672815 21.600000
v 92.296219 -25.630182 21.600000
v 93.849236 -27.144951 21.600000
v 92.909538 -27.486971 21.600000
v 91.977730 -26.578110 21.600000
v 93.888931 -27.263113 21.600000
v 92.933357 -27.557867 21.600000
v 91.906258 -26.556065 21.600000
v 92.177101 -25.593439 21.600000
v 92.953613 -27.629864 21.600000
v 93.922691 -27.383106 21.600000
v 91.833778 -26.537609 21.600000
v 92.056305 -25.562681 21.600000
v 93.950432 -27.504635 21.600000
v 92.970261 -27.702782 21.600000
v 91.760475 -26.522789 21.600000
v 91.934120 -25.537981 21.600000
v 93.972076 -27.627396 21.600000
v 92.983246 -27.776438 21.600000
v 93.987579 -27.751081 21.600000
v 91.686516 -26.511642 21.600000
v 91.810860 -25.519402 21.600000
v 92.992546 -27.850649 21.600000
v 91.612099 -26.504194 21.600000
v 91.686829 -25.506990 21.600000
v 92.998138 -27.925232 21.600000
v 93.996895 -27.875385 21.600000
v 91.537399 -26.500467 21.600000
v 91.562325 -25.500778 21.600000
v 94.000000 -28.000000 21.600000
v 93.000000 -28.000000 21.600000
v 91.462601 -26.500467 21.600000
v 91.437675 -25.500778 21.600000
v 93.996895 -28.124615 21.600000
v 92.998138 -28.074770 21.600000
v 91.387909 -26.504194 21.600000
v 91.313179 -25.506990 21.600000
v 93.987579 -28.248920 21.600000
v 92.992546 -28.149353 21.600000
v 91.189140 -25.519402 21.600000
v 91.313484 -26.511642 21.600000
v 91.065880 -25.537981 21.600000
v 92.983246 -28.223564 21.600000
v 93.972076 -28.372606 21.600000
v 91.239525 -26.522789 21.600000
v 92.970261 -28.297220 21.600000
v 93.950432 -28.495365 21.600000
v 91.166222 -26.537609 21.600000
v 90.943695 -25.562681 21.600000
v 92.953613 -28.370136 21.600000
v 93.922691 -28.616894 21.600000
v 91.093742 -26.556065 21.600000
v 90.822899 -25.593439 21.600000
v 92.933357 -28.442133 21.600000
v 93.888931 -28.736889 21.600000
v 91.022270 -26.578110 21.600000
v 90.703781 -25.630182 21.600000
v 92.909538 -28.513031 21.600000
v 93.849236 -28.855051 21.600000
v 90.951988 -26.603689 21.600000
v 90.586647 -25.672815 21.600000
v 92.882217 -28.582653 21.600000
v 93.803688 -28.971088 21.600000
v 90.883072 -26.632742 21.600000
v 90.471786 -25.721235 21.600000
v 92.851456 -28.650826 21.600000
v 93.752426 -29.084709 21.600000
v 90.815681 -26.665194 21.600000
v 90.359474 -25.775320 21.600000
v 92.817329 -28.717381 21.600000
v 93.695557 -29.195635 21.600000
v 90.750000 -26.700962 21.600000
v 90.250000 -25.834936 21.600000
v 92.779938 -28.782154 21.600000
v 93.633224 -29.303589 21.600000
v 90.686180 -26.739962 21.600000
v 90.143639 -25.899935 21.600000
v 92.739357 -28.844980 21.600000
v 93.565598 -29.408300 21.600000
v 90.624382 -26.782093 21.600000
v 90.040642 -25.970156 21.600000
v 92.695702 -28.905706 21.600000
v 93.492828 -29.509512 21.600000
v 90.564766 -26.827253 21.600000
v 89.941277 -26.045422 21.600000
v 93.415115 -29.606970 21.600000
v 92.649071 -28.964182 21.600000
v 90.507469 -26.875328 21.600000
v 89.845787 -26.125547 21.600000
v 93.332626 -29.700432 21.600000
v 92.599579 -29.020260 21.600000
v 90.452644 -26.926201 21.600000
v 89.754410 -26.210333 21.600000
v 92.547356 -29.073801 21.600000
v 93.245590 -29.789667 21.600000
v 90.400421 -26.979742 21.600000
v 89.667374 -26.299568 21.600000
v 90.350937 -27.035820 21.600000
v 93.154213 -29.874453 21.600000
v 92.492531 -29.124672 21.600000
v 89.584892 -26.393032 21.600000
v 93.058723 -29.954578 21.600000
v 92.435234 -29.172749 21.600000
v 89.507172 -26.490490 21.600000
v 90.304298 -27.094294 21.600000
v 92.959358 -30.029844 21.600000
v 92.375618 -29.217907 21.600000
v 92.313820 -29.260040 21.600000
v 89.434402 -26.591700 21.600000
v 90.260643 -27.155020 21.600000
v 92.856369 -30.100065 21.600000
v 90.182671 -27.282619 21.600000
v 89.366776 -26.696413 21.600000
v 90.220062 -27.217848 21.600000
v 92.750000 -30.165064 21.600000
v 92.250000 -29.299038 21.600000
v 89.304443 -26.804365 21.600000
v 90.148544 -27.349174 21.600000
v 92.640526 -30.224680 21.600000
v 92.184319 -29.334808 21.600000
v 89.247581 -26.915291 21.600000
v 92.528221 -30.278765 21.600000
v 92.116928 -29.367260 21.600000
v 89.196312 -27.028913 21.600000
v 90.117783 -27.417349 21.600000
v 92.413353 -30.327185 21.600000
v 92.048012 -29.396311 21.600000
v 90.090462 -27.486971 21.600000
v 89.150772 -27.144951 21.600000
v 92.296219 -30.369818 21.600000
v 91.977730 -29.421892 21.600000
v 90.066643 -27.557867 21.600000
v 89.111069 -27.263113 21.600000
v 92.177101 -30.406561 21.600000
v 91.906258 -29.443937 21.600000
v 90.046387 -27.629864 21.600000
v 89.077309 -27.383106 21.600000
v 92.056305 -30.437321 21.600000
v 91.833778 -29.462393 21.600000
v 91.760475 -29.477213 21.600000
v 90.029739 -27.702782 21.600000
v 89.049568 -27.504635 21.600000
v 91.934120 -30.462019 21.600000
v 89.027924 -27.627396 21.600000
v 90.016754 -27.776438 21.600000
v 91.810860 -30.480598 21.600000
v 91.686516 -29.488359 21.600000
v 90.007454 -27.850649 21.600000
v 89.012421 -27.751081 21.600000
v 91.686829 -30.493010 21.600000
v 91.612099 -29.495806 21.600000
v 90.001862 -27.925232 21.600000
v 89.003105 -27.875385 21.600000
v 91.562325 -30.499224 21.600000
v 91.537399 -29.499535 21.600000
v 90.000000 -28.000000 21.600000
v 89.000000 -28.000000 21.600000
v 90.001862 -28.074770 21.600000
v 91.437675 -30.499224 21.600000
v 91.462601 -29.499535 21.600000
v 90.007454 -28.149353 21.600000
v 89.003105 -28.124615 21.600000
v 91.313179 -30.493010 21.600000
v 91.387909 -29.495806 21.600000
v 89.012421 -28.248920 21.600000
v 91.189140 -30.480598 21.600000
v 91.313484 -29.488359 21.600000
v 90.016754 -28.223564 21.600000
v 89.027924 -28.372606 21.600000
v 91.065880 -30.462019 21.600000
v 91.239525 -29.477213 21.600000
v 89.049568 -28.495365 21.600000
v 90.029739 -28.297220 21.600000
v 90.943695 -30.437321 21.600000
v 91.166222 -29.462393 21.600000
v 91.093742 -29.443937 21.600000
v 89.077309 -28.616894 21.600000
v 90.046387 -28.370136 21.600000
v 90.822899 -30.406561 21.600000
v 91.022270 -29.421892 21.600000
v 89.111069 -28.736889 21.600000
v 90.066643 -28.442133 21.600000
v 90.703781 -30.369818 21.600000
v 89.150772 -28.855051 21.600000
v 90.090462 -28.513031 21.600000
v 90.586647 -30.327185 21.600000
v 90.951988 -29.396311 21.600000
v 90.883072 -29.367260 21.600000
v 89.196312 -28.971088 21.600000
v 90.117783 -28.582653 21.600000
v 90.471786 -30.278765 21.600000
v 89.247581 -29.084709 21.600000
v 90.148544 -28.650826 21.600000
v 90.359474 -30.224680 21.600000
v 90.815681 -29.334808 21.600000
v 89.304443 -29.195635 21.600000
v 90.182671 -28.717381 21.600000
v 90.250000 -30.165064 21.600000
v 90.750000 -29.299038 21.600000
v 89.366776 -29.303589 21.600000
v 90.260643 -28.844980 21.600000
v 90.220062 -28.782154 21.600000
v 90.143639 -30.100065 21.600000
v 90.686180 -29.260040 21.600000
v 89.434402 -29.408300 21.600000
v 90.040642 -30.029844 21.600000
v 90.624382 -29.217907 21.600000
v 89.507172 -29.509512 21.600000
v 90.304298 -28.905706 21.600000
v 89.941277 -29.954578 21.600000
v 90.564766 -29.172749 21.600000
v 90.400421 -29.020260 21.600000
v 89.584892 -29.606970 21.600000
v 90.350937 -28.964182 21.600000
v 89.845787 -29.874453 21.600000
v 90.507469 -29.124672 21.600000
v 89.667374 -29.700432 21.600000
v 89.754410 -29.789667 21.600000
v 90.452644 -29.073801 21.600000
v 90.160004 -28.000000 21.760000
v 90.800873 -27.965109 22.400000
v 90.800003 -28.000000 22.400000
v 90.639999 -28.000000 22.240000
v 90.800873 -28.034893 22.400000
v 90.166656 -27.866579 21.760000
v 90.186569 -27.734484 21.760000
v 90.219536 -27.605028 21.760000
v 90.325867 -27.882511 21.920000
v 90.320000 -28.000000 21.920000
v 90.265221 -27.479498 21.760000
v 90.343399 -27.766188 21.920000
v 90.323181 -27.359140 21.760000
v 90.372421 -27.652189 21.920000
v 90.485069 -27.898441 22.080000
v 90.480003 -28.000000 22.080000
v 90.392838 -27.245152 21.760000
v 90.412659 -27.541647 21.920000
v 90.500221 -27.797892 22.080000
v 90.473503 -27.138664 21.760000
v 90.463699 -27.435661 21.920000
v 90.525314 -27.699350 22.080000
v 90.644272 -27.914371 22.240000
v 90.803482 -27.930304 22.400000
v 90.807816 -27.895670 22.400000
v 90.564362 -27.040739 21.760000
v 90.525040 -27.335283 21.920000
v 90.560097 -27.603798 22.080000
v 90.657051 -27.829596 22.240000
v 90.813881 -27.861298 22.400000
v 90.821648 -27.827271 22.400000
v 90.664528 -26.952347 21.760000
v 90.596069 -27.241510 21.920000
v 90.604218 -27.512182 22.080000
v 90.678207 -27.746511 22.240000
v 90.831100 -27.793673 22.400000
v 90.842216 -27.760586 22.400000
v 90.772987 -26.874365 21.760000
v 90.676079 -27.155277 21.920000
v 90.657234 -27.425413 22.080000
v 90.707527 -27.665947 22.240000
v 90.854965 -27.728096 22.400000
v 90.869324 -27.696281 22.400000
v 90.888680 -26.807571 21.760000
v 90.764282 -27.077440 21.920000
v 90.718636 -27.344357 22.080000
v 90.744728 -27.588701 22.240000
v 90.885246 -27.665222 22.400000
v 90.902695 -27.634996 22.400000
v 91.010445 -26.752630 21.760000
v 90.859795 -27.008770 21.920000
v 90.787796 -27.269815 22.080000
v 90.789436 -27.515545 22.240000
v 90.921631 -27.605677 22.400000
v 90.942009 -27.577337 22.400000
v 91.137077 -26.710085 21.760000
v 90.961670 -26.949951 21.920000
v 90.864044 -27.202532 22.080000
v 90.841202 -27.447203 22.240000
v 90.963768 -27.550049 22.400000
v 90.986862 -27.523880 22.400000
v 91.267311 -26.680359 21.760000
v 91.068901 -26.901569 21.920000
v 90.946602 -27.143173 22.080000
v 90.899513 -27.384356 22.240000
v 91.011238 -27.498894 22.400000
v 91.036819 -27.475153 22.400000
v 91.399864 -26.663748 21.760000
v 91.180412 -26.864103 21.920000
v 91.034668 -27.092331 22.080000
v 90.963799 -27.327625 22.240000
v 91.063560 -27.452719 22.400000
v 91.091377 -27.431644 22.400000
v 91.533409 -26.660418 21.760000
v 91.295097 -26.837927 21.920000
v 91.127350 -27.050508 22.080000
v 91.033409 -27.277578 22.240000
v 91.120216 -27.411982 22.400000
v 91.150002 -27.393784 22.400000
v 91.666618 -26.670401 21.760000
v 91.411819 -26.823299 21.920000
v 91.223740 -27.018124 22.080000
v 91.107658 -27.234711 22.240000
v 91.180656 -27.377090 22.400000
v 91.212097 -27.361946 22.400000
v 91.798180 -26.693598 21.760000
v 91.529419 -26.820368 21.920000
v 91.322876 -26.995497 22.080000
v 91.185806 -27.199450 22.240000
v 91.244263 -27.348389 22.400000
v 91.277061 -27.336451 22.400000
v 91.926773 -26.729778 21.760000
v 91.646729 -26.829159 21.920000
v 91.423775 -26.982853 22.080000
v 91.267075 -27.172144 22.240000
v 91.310410 -27.326164 22.400000
v 91.344238 -27.317551 22.400000
v 92.051125 -26.778584 21.760000
v 91.762573 -26.849586 21.920000
v 91.525429 -26.980318 22.080000
v 91.350662 -27.153067 22.240000
v 91.378448 -27.310635 22.400000
v 91.412956 -27.305433 22.400000
v 92.169998 -26.839527 21.760000
v 91.875816 -26.881447 21.920000
v 91.626831 -26.987917 22.080000
v 91.435730 -27.142405 22.240000
v 91.447693 -27.301958 22.400000
v 91.482552 -27.300219 22.400000
v 92.282219 -26.912004 21.760000
v 91.985321 -26.924423 21.920000
v 91.726974 -27.005573 22.080000
v 91.521439 -27.140268 22.240000
v 91.517448 -27.300219 22.400000
v 91.552315 -27.301958 22.400000
v 92.386658 -26.995295 21.760000
v 92.090004 -26.978090 21.920000
v 91.824860 -27.033115 22.080000
v 91.606934 -27.146675 22.240000
v 91.587044 -27.305433 22.400000
v 91.621552 -27.310635 22.400000
v 92.482292 -27.088570 21.760000
v 92.188820 -27.041914 21.920000
v 91.919510 -27.070265 22.080000
v 91.691368 -27.161562 22.240000
v 91.655762 -27.317551 22.400000
v 91.689590 -27.326164 22.400000
v 92.568161 -27.190903 21.760000
v 92.280792 -27.115259 21.920000
v 92.010002 -27.116655 22.080000
v 91.773895 -27.184782 22.240000
v 91.722939 -27.336451 22.400000
v 91.755737 -27.348389 22.400000
v 92.643410 -27.301277 21.760000
v 92.365005 -27.197397 21.920000
v 92.095421 -27.171824 22.080000
v 91.853706 -27.216105 22.240000
v 91.787903 -27.361946 22.400000
v 91.819351 -27.377090 22.400000
v 92.707298 -27.418596 21.760000
v 92.440620 -27.287512 21.920000
v 92.174919 -27.235224 22.080000
v 91.930000 -27.255219 22.240000
v 91.849998 -27.393784 22.400000
v 91.879784 -27.411982 22.400000
v 92.759186 -27.541693 21.760000
v 92.506882 -27.384706 21.920000
v 92.247711 -27.306225 22.080000
v 92.002022 -27.301733 22.240000
v 91.908623 -27.431644 22.400000
v 91.936447 -27.452719 22.400000
v 92.798561 -27.669346 21.760000
v 92.563141 -27.488018 21.920000
v 92.313072 -27.384119 22.080000
v 92.069054 -27.355188 22.240000
v 91.963181 -27.475153 22.400000
v 91.988770 -27.498894 22.400000
v 92.825035 -27.800283 21.760000
v 92.608841 -27.596416 21.920000
v 92.370354 -27.468136 22.080000
v 92.130424 -27.415052 22.240000
v 92.013138 -27.523880 22.400000
v 92.036232 -27.550049 22.400000
v 92.838333 -27.933207 21.760000
v 92.643509 -27.708826 21.920000
v 92.418991 -27.557440 22.080000
v 92.185532 -27.480728 22.240000
v 92.057991 -27.577337 22.400000
v 92.078369 -27.605677 22.400000
v 92.838333 -28.066793 21.760000
v 92.666824 -27.824131 21.920000
v 92.458488 -27.651140 22.080000
v 92.233833 -27.551567 22.240000
v 92.097305 -27.634996 22.400000
v 92.114754 -27.665222 22.400000
v 92.825035 -28.199717 21.760000
v 92.678535 -27.941183 21.920000
v 92.488457 -27.748308 22.080000
v 92.274834 -27.626860 22.240000
v 92.130676 -27.696281 22.400000
v 92.145035 -27.728096 22.400000
v 92.798561 -28.330656 21.760000
v 92.678535 -28.058819 21.920000
v 92.508606 -27.847977 22.080000
v 92.308136 -27.705864 22.240000
v 92.157784 -27.760586 22.400000
v 92.168900 -27.793673 22.400000
v 92.759186 -28.458307 21.760000
v 92.666824 -28.175871 21.920000
v 92.518730 -27.949158 22.080000
v 92.333405 -27.787788 22.240000
v 92.178352 -27.827271 22.400000
v 92.186119 -27.861298 22.400000
v 92.707298 -28.581406 21.760000
v 92.643509 -28.291174 21.920000
v 92.518730 -28.050844 22.080000
v 92.350395 -27.871824 22.240000
v 92.192184 -27.895670 22.400000
v 92.196526 -27.930304 22.400000
v 92.643410 -28.698723 21.760000
v 92.608841 -28.403584 21.920000
v 92.508606 -28.152023 22.080000
v 92.358932 -27.957132 22.240000
v 92.199127 -27.965109 22.400000
v 92.199997 -28.000000 22.400000
v 92.568161 -28.809099 21.760000
v 92.563141 -28.511984 21.920000
v 92.488457 -28.251694 22.080000
v 92.358932 -28.042868 22.240000
v 92.199127 -28.034893 22.400000
v 92.196526 -28.069698 22.400000
v 92.482292 -28.911432 21.760000
v 92.506882 -28.615294 21.920000
v 92.458488 -28.348862 22.080000
v 92.350395 -28.128178 22.240000
v 92.192184 -28.104330 22.400000
v 92.186119 -28.138702 22.400000
v 92.386658 -29.004707 21.760000
v 92.440620 -28.712490 21.920000
v 92.418991 -28.442562 22.080000
v 92.333405 -28.212212 22.240000
v 92.178352 -28.172731 22.400000
v 92.168900 -28.206329 22.400000
v 92.282219 -29.087997 21.760000
v 92.365005 -28.802605 21.920000
v 92.370354 -28.531864 22.080000
v 92.308136 -28.294138 22.240000
v 92.157784 -28.239414 22.400000
v 92.145035 -28.271904 22.400000
v 92.169998 -29.160475 21.760000
v 92.280792 -28.884743 21.920000
v 92.313072 -28.615881 22.080000
v 92.274834 -28.373140 22.240000
v 92.130676 -28.303719 22.400000
v 92.114754 -28.334778 22.400000
v 92.051125 -29.221418 21.760000
v 92.188820 -28.958088 21.920000
v 92.247711 -28.693777 22.080000
v 92.233833 -28.448435 22.240000
v 92.097305 -28.365005 22.400000
v 92.078369 -28.394325 22.400000
v 91.926773 -29.270224 21.760000
v 92.090004 -29.021910 21.920000
v 92.174919 -28.764778 22.080000
v 92.185532 -28.519272 22.240000
v 92.057991 -28.422663 22.400000
v 92.036232 -28.449951 22.400000
v 91.798180 -29.306404 21.760000
v 91.985321 -29.075577 21.920000
v 92.095421 -28.828176 22.080000
v 92.130424 -28.584949 22.240000
v 92.013138 -28.476122 22.400000
v 91.988770 -28.501108 22.400000
v 91.666618 -29.329601 21.760000
v 91.875816 -29.118555 21.920000
v 92.010002 -28.883347 22.080000
v 92.069054 -28.644812 22.240000
v 91.963181 -28.524847 22.400000
v 91.936447 -28.547283 22.400000
v 91.533409 -29.339584 21.760000
v 91.762573 -29.150415 21.920000
v 91.919510 -28.929737 22.080000
v 92.002022 -28.698267 22.240000
v 91.908623 -28.568357 22.400000
v 91.879784 -28.588018 22.400000
v 91.399864 -29.336254 21.760000
v 91.646729 -29.170843 21.920000
v 91.824860 -28.966887 22.080000
v 91.930000 -28.744781 22.240000
v 91.849998 -28.606218 22.400000
v 91.819351 -28.622911 22.400000
v 91.267311 -29.319643 21.760000
v 91.529419 -29.179634 21.920000
v 91.726974 -28.994427 22.080000
v 91.853706 -28.783895 22.240000
v 91.787903 -28.638054 22.400000
v 91.755737 -28.651611 22.400000
v 91.137077 -29.289917 21.760000
v 91.411819 -29.176701 21.920000
v 91.626831 -29.012085 22.080000
v 91.773895 -28.815218 22.240000
v 91.722939 -28.663549 22.400000
v 91.689590 -28.673838 22.400000
v 91.010445 -29.247372 21.760000
v 91.295097 -29.162073 21.920000
v 91.525429 -29.019684 22.080000
v 91.691368 -28.838438 22.240000
v 91.655762 -28.682449 22.400000
v 91.621552 -28.689365 22.400000
v 90.888680 -29.192429 21.760000
v 91.180412 -29.135897 21.920000
v 91.423775 -29.017149 22.080000
v 91.606934 -28.853327 22.240000
v 91.587044 -28.694569 22.400000
v 91.552315 -28.698044 22.400000
v 90.772987 -29.125635 21.760000
v 91.068901 -29.098431 21.920000
v 91.322876 -29.004505 22.080000
v 91.521439 -28.859734 22.240000
v 91.517448 -28.699783 22.400000
v 91.482552 -28.699783 22.400000
v 90.664528 -29.047655 21.760000
v 90.961670 -29.050049 21.920000
v 91.223740 -28.981876 22.080000
v 91.435730 -28.857595 22.240000
v 91.447693 -28.698044 22.400000
v 91.412956 -28.694569 22.400000
v 90.564362 -28.959263 21.760000
v 90.859795 -28.991232 21.920000
v 91.127350 -28.949492 22.080000
v 91.350662 -28.846935 22.240000
v 91.378448 -28.689365 22.400000
v 91.344238 -28.682449 22.400000
v 90.473503 -28.861336 21.760000
v 90.764282 -28.922562 21.920000
v 91.034668 -28.907669 22.080000
v 91.267075 -28.827858 22.240000
v 91.310410 -28.673838 22.400000
v 91.277061 -28.663549 22.400000
v 90.392838 -28.754848 21.760000
v 90.676079 -28.844723 21.920000
v 90.946602 -28.856827 22.080000
v 91.185806 -28.800552 22.240000
v 91.244263 -28.651611 22.400000
v 91.212097 -28.638054 22.400000
v 90.323181 -28.640862 21.760000
v 90.596069 -28.758490 21.920000
v 90.864044 -28.797468 22.080000
v 91.107658 -28.765289 22.240000
v 91.180656 -28.622911 22.400000
v 91.150002 -28.606218 22.400000
v 90.265221 -28.520504 21.760000
v 90.525040 -28.664719 21.920000
v 90.787796 -28.730185 22.080000
v 91.033409 -28.722424 22.240000
v 91.120216 -28.588018 22.400000
v 91.091377 -28.568357 22.400000
v 90.219536 -28.394972 21.760000
v 90.463699 -28.564341 21.920000
v 90.718636 -28.655643 22.080000
v 90.963799 -28.672375 22.240000
v 91.063560 -28.547283 22.400000
v 91.036819 -28.524847 22.400000
v 90.186569 -28.265516 21.760000
v 90.412659 -28.458353 21.920000
v 90.657234 -28.574587 22.080000
v 90.899513 -28.615646 22.240000
v 91.011238 -28.501108 22.400000
v 90.986862 -28.476122 22.400000
v 90.166656 -28.133421 21.760000
v 90.372421 -28.347811 21.920000
v 90.604218 -28.487820 22.080000
v 90.841202 -28.552797 22.240000
v 90.963768 -28.449951 22.400000
v 90.942009 -28.422663 22.400000
v 90.343399 -28.233812 21.920000
v 90.560097 -28.396204 22.080000
v 90.789436 -28.484455 22.240000
v 90.921631 -28.394325 22.400000
v 90.902695 -28.365005 22.400000
v 90.325867 -28.117491 21.920000
v 90.525314 -28.300652 22.080000
v 90.744728 -28.411299 22.240000
v 90.885246 -28.334778 22.400000
v 90.869324 -28.303719 22.400000
v 90.500221 -28.202110 22.080000
v 90.707527 -28.334055 22.240000
v 90.854965 -28.271904 22.400000
v 90.842216 -28.239414 22.400000
v 90.485069 -28.101561 22.080000
v 90.678207 -28.253490 22.240000
v 90.831100 -28.206329 22.400000
v 90.821648 -28.172731 22.400000
v 90.657051 -28.170406 22.240000
v 90.813881 -28.138702 22.400000
v 90.807816 -28.104330 22.400000
v 90.644272 -28.085629 22.240000
v 90.803482 -28.069698 22.400000
v 89.003014 -28.122669 37.000000
v 89.000000 -28.000000 37.000000
v 89.012039 -28.245043 37.000000
v 89.027061 -28.366827 37.000000
v 89.048035 -28.487726 37.000000
v 89.074921 -28.607450 37.000000
v 89.107651 -28.725712 37.000000
v 89.146141 -28.842226 37.000000
v 89.190300 -28.956709 37.000000
v 89.240028 -29.068888 37.000000
v 89.295197 -29.178492 37.000000
v 89.355682 -29.285257 37.000000
v 89.421326 -29.388926 37.000000
v 89.491982 -29.489248 37.000000
v 89.567474 -29.585983 37.000000
v 89.647621 -29.678898 37.000000
v 89.732231 -29.767767 37.000000
v 89.821106 -29.852379 37.000000
v 89.914017 -29.932528 37.000000
v 90.010750 -30.008018 37.000000
v 90.111076 -30.078674 37.000000
v 90.214745 -30.144321 37.000000
v 90.321510 -30.204803 37.000000
v 90.431114 -30.259974 37.000000
v 90.543289 -30.309698 37.000000
v 90.657776 -30.353861 37.000000
v 90.774292 -30.392351 37.000000
v 90.892548 -30.425077 37.000000
v 91.012276 -30.451963 37.000000
v 91.133171 -30.472940 37.000000
v 91.254959 -30.487963 37.000000
v 91.377335 -30.496988 37.000000
v 91.500000 -30.500000 36.000000
v 91.500000 -30.500000 37.000000
v 91.623917 -30.496927 36.000000
v 91.747528 -30.487715 36.000000
v 91.870537 -30.472389 36.000000
v 91.992630 -30.450983 36.000000
v 92.113510 -30.423553 36.000000
v 92.232880 -30.390163 36.000000
v 92.350456 -30.350899 36.000000
v 92.465935 -30.305855 36.000000
v 92.579041 -30.255142 36.000000
v 92.689499 -30.198885 36.000000
v 92.797028 -30.137224 36.000000
v 92.901367 -30.070307 36.000000
v 93.002266 -29.998301 36.000000
v 93.099464 -29.921383 36.000000
v 93.192734 -29.839741 36.000000
v 93.281845 -29.753574 36.000000
v 93.366577 -29.663099 36.000000
v 93.446716 -29.568535 36.000000
v 93.522072 -29.470114 36.000000
v 93.592453 -29.368080 36.000000
v 93.657692 -29.262682 36.000000
v 93.717628 -29.154179 36.000000
v 93.772110 -29.042839 36.000000
v 93.821007 -28.928936 36.000000
v 93.864197 -28.812750 36.000000
v 93.901581 -28.694565 36.000000
v 93.933052 -28.574673 36.000000
v 93.958549 -28.453367 36.000000
v 93.977997 -28.330948 36.000000
v 93.991356 -28.207714 36.000000
v 93.998589 -28.083969 36.000000
v 93.999680 -27.960020 36.000000
v 93.994629 -27.836168 36.000000
v 93.983437 -27.712719 36.000000
v 93.966148 -27.589975 36.000000
v 93.942795 -27.468241 36.000000
v 93.913429 -27.347813 36.000000
v 93.878136 -27.228987 36.000000
v 93.836998 -27.112059 36.000000
v 93.790115 -26.997313 36.000000
v 93.737595 -26.885031 36.000000
v 93.679581 -26.775492 36.000000
v 93.616211 -26.668961 36.000000
v 93.547630 -26.565704 36.000000
v 93.474022 -26.465971 36.000000
v 93.395554 -26.370012 36.000000
v 93.312431 -26.278059 36.000000
v 93.224854 -26.190338 36.000000
v 93.133034 -26.107067 36.000000
v 93.037201 -26.028450 36.000000
v 92.937592 -25.954679 36.000000
v 92.834442 -25.885937 36.000000
v 92.728012 -25.822392 36.000000
v 92.618568 -25.764198 36.000000
v 92.506371 -25.711504 36.000000
v 92.391701 -25.664434 36.000000
v 92.274834 -25.623106 36.000000
v 92.156067 -25.587622 36.000000
v 92.035690 -25.558067 36.000000
v 91.913994 -25.534517 36.000000
v 91.791275 -25.517027 36.000000
v 91.667847 -25.505642 36.000000
v 91.543999 -25.500387 36.000000
v 91.420052 -25.501280 36.000000
v 91.296295 -25.508314 36.000000
v 91.173042 -25.521473 36.000000
v 91.050591 -25.540726 36.000000
v 90.929245 -25.566025 36.000000
v 90.809296 -25.597307 36.000000
v 90.691055 -25.634497 36.000000
v 90.574799 -25.677502 36.000000
v 90.460815 -25.726215 36.000000
v 90.349388 -25.780519 36.000000
v 90.240791 -25.840281 36.000000
v 90.135284 -25.905350 36.000000
v 90.033142 -25.975569 36.000000
v 89.934601 -26.050766 36.000000
v 89.839905 -26.130753 36.000000
v 89.749290 -26.215336 36.000000
v 89.662987 -26.304308 36.000000
v 89.581192 -26.397448 36.000000
v 89.504120 -26.494526 36.000000
v 89.431953 -26.595306 36.000000
v 89.364868 -26.699539 36.000000
v 89.303032 -26.806971 36.000000
v 89.246597 -26.917334 36.000000
v 89.195526 -27.030769 37.000000
v 89.246597 -26.917334 37.000000
v 89.150169 -27.146606 37.000000
v 89.110626 -27.264557 37.000000
v 89.076996 -27.384327 37.000000
v 89.049370 -27.505623 37.000000
v 89.027809 -27.628141 37.000000
v 89.012375 -27.751581 37.000000
v 89.003098 -27.875637 37.000000
v 90.800003 -28.000000 22.600000
v 90.800873 -27.965109 22.600000
v 90.803482 -27.930304 22.600000
v 90.807816 -27.895670 22.600000
v 90.813881 -27.861298 22.600000
v 90.821648 -27.827271 22.600000
v 90.831100 -27.793673 22.600000
v 90.842216 -27.760586 22.600000
v 90.854965 -27.728096 22.600000
v 90.869324 -27.696281 22.600000
v 90.885246 -27.665222 22.600000
v 90.902695 -27.634996 22.600000
v 90.921631 -27.605677 22.600000
v 90.942009 -27.577337 22.600000
v 90.963768 -27.550049 22.600000
v 90.986862 -27.523880 22.600000
v 91.011238 -27.498894 22.600000
v 91.036819 -27.475153 22.600000
v 91.063560 -27.452719 22.600000
v 91.091377 -27.431644 22.600000
v 91.120216 -27.411982 22.600000
v 91.150002 -27.393784 22.600000
v 91.180656 -27.377090 22.600000
v 91.212097 -27.361946 22.600000
v 91.244263 -27.348389 22.600000
v 91.277061 -27.336451 22.600000
v 91.310410 -27.326164 22.600000
v 91.344238 -27.317551 22.600000
v 91.378448 -27.310635 22.600000
v 91.412956 -27.305433 22.600000
v 91.447693 -27.301958 22.600000
v 91.482552 -27.300219 22.600000
v 91.517448 -27.300219 22.600000
v 91.552315 -27.301958 22.600000
v 91.587044 -27.305433 22.600000
v 91.621552 -27.310635 22.600000
v 91.655762 -27.317551 22.600000
v 91.689590 -27.326164 22.600000
v 91.722939 -27.336451 22.600000
v 91.755737 -27.348389 22.600000
v 91.787903 -27.361946 22.600000
v 91.819351 -27.377090 22.600000
v 91.849998 -27.393784 22.600000
v 91.879784 -27.411982 22.600000
v 91.908623 -27.431644 22.600000
v 91.936447 -27.452719 22.600000
v 91.963181 -27.475153 22.600000
v 91.988770 -27.498894 22.600000
v 92.013138 -27.523880 22.600000
v 92.036232 -27.550049 22.600000
v 92.057991 -27.577337 22.600000
v 92.078369 -27.605677 22.600000
v 92.097305 -27.634996 22.600000
v 92.114754 -27.665222 22.600000
v 92.130676 -27.696281 22.600000
v 92.145035 -27.728096 22.600000
v 92.157784 -27.760586 22.600000
v 92.168900 -27.793673 22.600000
v 92.178352 -27.827271 22.600000
v 92.186119 -27.861298 22.600000
v 92.192184 -27.895670 22.600000
v 92.196526 -27.930304 22.600000
v 92.199127 -27.965109 22.600000
v 92.199997 -28.000000 22.600000
v 92.199127 -28.034893 22.600000
v 92.196526 -28.069698 22.600000
v 92.192184 -28.104330 22.600000
v 92.186119 -28.138702 22.600000
v 92.178352 -28.172731 22.600000
v 92.168900 -28.206329 22.600000
v 92.157784 -28.239414 22.600000
v 92.145035 -28.271904 22.600000
v 92.130676 -28.303719 22.600000
v 92.114754 -28.334778 22.600000
v 92.097305 -28.365005 22.600000
v 92.078369 -28.394325 22.600000
v 92.057991 -28.422663 22.600000
v 92.036232 -28.449951 22.600000
v 92.013138 -28.476122 22.600000
v 91.988770 -28.501108 22.600000
v 91.963181 -28.524847 22.600000
v 91.936447 -28.547283 22.600000
v 91.908623 -28.568357 22.600000
v 91.879784 -28.588018 22.600000
v 91.849998 -28.606218 22.600000
v 91.819351 -28.622911 22.600000
v 91.787903 -28.638054 22.600000
v 91.755737 -28.651611 22.600000
v 91.722939 -28.663549 22.600000
v 91.689590 -28.673838 22.600000
v 91.655762 -28.682449 22.600000
v 91.621552 -28.689365 22.600000
v 91.587044 -28.694569 22.600000
v 91.552315 -28.698044 22.600000
v 91.517448 -28.699783 22.600000
v 91.482552 -28.699783 22.600000
v 91.447693 -28.698044 22.600000
v 91.412956 -28.694569 22.600000
v 91.378448 -28.689365 22.600000
v 91.344238 -28.682449 22.600000
v 91.310410 -28.673838 22.600000
v 91.277061 -28.663549 22.600000
v 91.244263 -28.651611 22.600000
v 91.212097 -28.638054 22.600000
v 91.180656 -28.622911 22.600000
v 91.150002 -28.606218 22.600000
v 91.120216 -28.588018 22.600000
v 91.091377 -28.568357 22.600000
v 91.063560 -28.547283 22.600000
v 91.036819 -28.524847 22.600000
v 91.011238 -28.501108 22.600000
v 90.986862 -28.476122 22.600000
v 90.963768 -28.449951 22.600000
v 90.942009 -28.422663 22.600000
v 90.921631 -28.394325 22.600000
v 90.902695 -28.365005 22.600000
v 90.885246 -28.334778 22.600000
v 90.869324 -28.303719 22.600000
v 90.854965 -28.271904 22.600000
v 90.842216 -28.239414 22.600000
v 90.831100 -28.206329 22.600000
v 90.821648 -28.172731 22.600000
v 90.813881 -28.138702 22.600000
v 90.807816 -28.104330 22.600000
v 90.803482 -28.069698 22.600000
v 90.800873 -28.034893 22.600000
v 109.535538 -10.464466 36.000000
v 108.164536 -11.780813 36.000000
v 109.357796 -10.295244 36.000000
v 108.272461 -11.891464 36.000000
v 109.704758 -10.642205 36.000000
v 108.051224 -11.675678 36.000000
v 109.171967 -10.134948 36.000000
v 108.374741 -12.007359 36.000000
v 109.865051 -10.828033 36.000000
v 107.932816 -11.576323 36.000000
v 108.978500 -9.983963 36.000000
v 108.471107 -12.128206 36.000000
v 110.016037 -11.021503 36.000000
v 107.809608 -11.482992 36.000000
v 108.777855 -9.842652 36.000000
v 108.561340 -12.253708 36.000000
v 110.157349 -11.222149 36.000000
v 107.681892 -11.395920 36.000000
v 108.570511 -9.711357 36.000000
v 108.645203 -12.383551 36.000000
v 110.288643 -11.429486 36.000000
v 107.550003 -11.315321 36.000000
v 108.356987 -9.590394 36.000000
v 108.722488 -12.517413 36.000000
v 110.409607 -11.643017 36.000000
v 107.414253 -11.241398 36.000000
v 108.137779 -9.480054 36.000000
v 108.793007 -12.654961 36.000000
v 110.519943 -11.862225 36.000000
v 107.274986 -11.174332 36.000000
v 107.913414 -9.380603 36.000000
v 110.619400 -12.086583 36.000000
v 108.856575 -12.795853 36.000000
v 107.132561 -11.114291 36.000000
v 107.684448 -9.292280 36.000000
v 110.707718 -12.315551 36.000000
v 108.913048 -12.939737 36.000000
v 106.987312 -11.061425 36.000000
v 107.451424 -9.215299 36.000000
v 110.784698 -12.548576 36.000000
v 108.962273 -13.086259 36.000000
v 106.839607 -11.015865 36.000000
v 107.214897 -9.149844 36.000000
v 110.850159 -12.785099 36.000000
v 109.004143 -13.235052 36.000000
v 106.689812 -10.977723 36.000000
v 106.975449 -9.096074 36.000000
v 110.903923 -13.024549 36.000000
v 109.038536 -13.385747 36.000000
v 106.538307 -10.947096 36.000000
v 106.733650 -9.054118 36.000000
v 109.065376 -13.537969 36.000000
v 110.945885 -13.266348 36.000000
v 106.385468 -10.924059 36.000000
v 106.490089 -9.024076 36.000000
v 109.084595 -13.691339 36.000000
v 110.975922 -13.509914 36.000000
v 106.231667 -10.908669 36.000000
v 106.245338 -9.006023 36.000000
v 109.096146 -13.845478 36.000000
v 110.993980 -13.754662 36.000000
v 106.077286 -10.900964 36.000000
v 106.000000 -9.000000 36.000000
v 109.099998 -14.000000 36.000000
v 111.000000 -14.000000 36.000000
v 105.922714 -10.900964 36.000000
v 109.096146 -14.154522 36.000000
v 105.768333 -10.908669 36.000000
v 109.084595 -14.308661 36.000000
v 105.614532 -10.924059 36.000000
v 109.065376 -14.462031 36.000000
v 105.461693 -10.947096 36.000000
v 109.038536 -14.614253 36.000000
v 105.310188 -10.977723 36.000000
v 109.004143 -14.764948 36.000000
v 105.160393 -11.015865 36.000000
v 108.962273 -14.913741 36.000000
v 105.012688 -11.061425 36.000000
v 108.913048 -15.060263 36.000000
v 104.867439 -11.114291 36.000000
v 108.856575 -15.204148 36.000000
v 104.725014 -11.174332 36.000000
v 108.793007 -15.345039 36.000000
v 104.585747 -11.241398 36.000000
v 108.722488 -15.482588 36.000000
v 108.645203 -15.616449 36.000000
v 108.561340 -15.746292 36.000000
v 108.471107 -15.871794 36.000000
v 101.000000 -9.000000 36.000000
v 104.449997 -11.315321 36.000000
v 104.318108 -11.395920 36.000000
v 104.190392 -11.482992 36.000000
v 104.067184 -11.576323 36.000000
v 103.948776 -11.675678 36.000000
v 103.835464 -11.780813 36.000000
v 103.727539 -11.891464 36.000000
v 103.625259 -12.007359 36.000000
v 103.528893 -12.128206 36.000000
v 103.438660 -12.253708 36.000000
v 103.354797 -12.383551 36.000000
v 103.277512 -12.517413 36.000000
v 103.206993 -12.654961 36.000000
v 107.681892 -16.604080 36.000000
v 107.267769 -19.732233 36.000000
v 107.550003 -16.684679 36.000000
v 107.809608 -16.517008 36.000000
v 107.352379 -19.821102 36.000000
v 107.178894 -19.647623 36.000000
v 107.414253 -16.758602 36.000000
v 107.932816 -16.423677 36.000000
v 107.432526 -19.914017 36.000000
v 107.085983 -19.567474 36.000000
v 107.274986 -16.825668 36.000000
v 106.989250 -19.491982 36.000000
v 108.051224 -16.324322 36.000000
v 107.508018 -20.010752 36.000000
v 106.888924 -19.421326 36.000000
v 107.132561 -16.885708 36.000000
v 108.164536 -16.219187 36.000000
v 107.578674 -20.111074 36.000000
v 106.785255 -19.355679 36.000000
v 106.987312 -16.938576 36.000000
v 107.644325 -20.214743 36.000000
v 106.678490 -19.295197 36.000000
v 106.839607 -16.984135 36.000000
v 108.272461 -16.108536 36.000000
v 107.704803 -20.321508 36.000000
v 106.568886 -19.240026 36.000000
v 106.689812 -17.022276 36.000000
v 108.374741 -15.992641 36.000000
v 107.759972 -20.431112 36.000000
v 106.456711 -19.190302 36.000000
v 106.538307 -17.052904 36.000000
v 107.809700 -20.543291 36.000000
v 106.342224 -19.146139 36.000000
v 106.385468 -17.075941 36.000000
v 107.853859 -20.657776 36.000000
v 106.225708 -19.107649 36.000000
v 107.892349 -20.774288 36.000000
v 106.107452 -19.074923 36.000000
v 106.231667 -17.091331 36.000000
v 107.925079 -20.892550 36.000000
v 100.755989 -9.005958 36.000000
v 101.000000 -14.000000 36.000000
v 100.512558 -9.023817 36.000000
v 100.270287 -9.053535 36.000000
v 100.029755 -9.095040 36.000000
v 99.791542 -9.148235 36.000000
v 99.556198 -9.212993 36.000000
v 99.324303 -9.289158 36.000000
v 99.096397 -9.376549 36.000000
v 98.873032 -9.474958 36.000000
v 98.654732 -9.584152 36.000000
v 98.442024 -9.703869 36.000000
v 98.235405 -9.833823 36.000000
v 98.035385 -9.973707 36.000000
v 97.842422 -10.123185 36.000000
v 97.656982 -10.281902 36.000000
v 97.479515 -10.449480 36.000000
v 102.903854 -14.154522 36.000000
v 102.900002 -14.000000 36.000000
v 102.915405 -14.308661 36.000000
v 102.934624 -14.462031 36.000000
v 102.961464 -14.614253 36.000000
v 102.995857 -14.764948 36.000000
v 103.037727 -14.913741 36.000000
v 103.086952 -15.060263 36.000000
v 103.143425 -15.204148 36.000000
v 103.206993 -15.345039 36.000000
v 103.143425 -12.795853 36.000000
v 103.086952 -12.939737 36.000000
v 103.037727 -13.086259 36.000000
v 102.995857 -13.235052 36.000000
v 102.961464 -13.385747 36.000000
v 102.934624 -13.537969 36.000000
v 102.915405 -13.691339 36.000000
v 102.903854 -13.845478 36.000000
v 105.987724 -19.048037 36.000000
v 106.077286 -17.099037 36.000000
v 107.951965 -21.012274 36.000000
v 105.866829 -19.027060 36.000000
v 105.922714 -17.099037 36.000000
v 107.972939 -21.133175 36.000000
v 105.745041 -19.012039 36.000000
v 105.768333 -17.091331 36.000000
v 107.987961 -21.254957 36.000000
v 97.310440 -10.625520 36.000000
v 105.622665 -19.003012 36.000000
v 105.614532 -17.075941 36.000000
v 107.996986 -21.377331 36.000000
v 108.000000 -21.500000 36.000000
v 104.585747 -16.758602 36.000000
v 105.500000 -19.000000 36.000000
v 104.449997 -16.684679 36.000000
v 104.725014 -16.825668 36.000000
v 104.867439 -16.885708 36.000000
v 105.012688 -16.938576 36.000000
v 105.160393 -16.984135 36.000000
v 105.310188 -17.022276 36.000000
v 105.461693 -17.052904 36.000000
v 97.150146 -10.809600 36.000000
v 96.999039 -11.001284 36.000000
v 96.857460 -11.200114 36.000000
v 96.725754 -11.405617 36.000000
v 96.604233 -11.617302 36.000000
v 96.493195 -11.834665 36.000000
v 108.000000 -25.000000 36.000000
v 107.996986 -25.122669 36.000000
v 107.987961 -25.245043 36.000000
v 96.000000 -14.000000 36.000000
v 101.000000 -19.000000 36.000000
v 103.277512 -15.482588 36.000000
v 103.354797 -15.616449 36.000000
v 103.438660 -15.746292 36.000000
v 103.528893 -15.871794 36.000000
v 103.625259 -15.992641 36.000000
v 103.727539 -16.108536 36.000000
v 103.835464 -16.219187 36.000000
v 103.948776 -16.324322 36.000000
v 104.067184 -16.423677 36.000000
v 104.190392 -16.517008 36.000000
v 104.318108 -16.604080 36.000000
v 98.643013 -18.409607 36.000000
v 97.951279 -19.000000 36.000000
v 98.429489 -18.288643 36.000000
v 98.222153 -18.157349 36.000000
v 100.024551 -18.903927 36.000000
v 99.785103 -18.850157 36.000000
v 99.548576 -18.784702 36.000000
v 99.315552 -18.707720 36.000000
v 99.086586 -18.619398 36.000000
v 98.862228 -18.519947 36.000000
v 97.829269 -19.002979 36.000000
v 98.021507 -18.016037 36.000000
v 97.707558 -19.011909 36.000000
v 97.586418 -19.026768 36.000000
v 97.828033 -17.865053 36.000000
v 97.466156 -19.047520 36.000000
v 97.642204 -17.704756 36.000000
v 97.347046 -19.074118 36.000000
v 97.229378 -19.106497 36.000000
v 97.464470 -17.535534 36.000000
v 97.113426 -19.144579 36.000000
v 96.999474 -19.188274 36.000000
v 97.295242 -17.357796 36.000000
v 96.887794 -19.237480 36.000000
v 96.778641 -19.292076 36.000000
v 97.134949 -17.171967 36.000000
v 96.672287 -19.351934 36.000000
v 96.983963 -16.978497 36.000000
v 96.568985 -19.416912 36.000000
v 96.468971 -19.486853 36.000000
v 96.842651 -16.777851 36.000000
v 96.372490 -19.561592 36.000000
v 96.711357 -16.570515 36.000000
v 96.279770 -19.640951 36.000000
v 96.191032 -19.724741 36.000000
v 96.590393 -16.356983 36.000000
v 96.106499 -19.812759 36.000000
v 96.480057 -16.137775 36.000000
v 96.026352 -19.904800 36.000000
v 95.950798 -20.000643 36.000000
v 96.380600 -15.913417 36.000000
v 95.880005 -20.100058 36.000000
v 96.292282 -15.684449 36.000000
v 95.814156 -20.202808 36.000000
v 95.753395 -20.308651 36.000000
v 96.215302 -15.451424 36.000000
v 95.697876 -20.417334 36.000000
v 96.149841 -15.214901 36.000000
v 96.096077 -14.975451 36.000000
v 106.989250 -27.008018 36.000000
v 106.535538 -31.964466 36.000000
v 106.888924 -27.078674 36.000000
v 106.785255 -27.144321 36.000000
v 106.357796 -31.795244 36.000000
v 106.678490 -27.204803 36.000000
v 107.085983 -26.932528 36.000000
v 106.704758 -32.142204 36.000000
v 107.178894 -26.852379 36.000000
v 106.171967 -31.634947 36.000000
v 106.568886 -27.259974 36.000000
v 107.267769 -26.767767 36.000000
v 106.865051 -32.328033 36.000000
v 105.978493 -31.483963 36.000000
v 106.456711 -27.309700 36.000000
v 106.342224 -27.353861 36.000000
v 107.016037 -32.521503 36.000000
v 107.352379 -26.678898 36.000000
v 105.777855 -31.342651 36.000000
v 106.225708 -27.392351 36.000000
v 107.157349 -32.722149 36.000000
v 107.432526 -26.585983 36.000000
v 107.508018 -26.489248 36.000000
v 105.570511 -31.211357 36.000000
v 106.107452 -27.425079 36.000000
v 105.987724 -27.451963 36.000000
v 107.288643 -32.929489 36.000000
v 107.578674 -26.388926 36.000000
v 105.356987 -31.090393 36.000000
v 105.866829 -27.472942 36.000000
v 107.409607 -33.143017 36.000000
v 107.644325 -26.285257 36.000000
v 105.137779 -30.980053 36.000000
v 105.745041 -27.487963 36.000000
v 105.622665 -27.496988 36.000000
v 107.519943 -33.362225 36.000000
v 107.704803 -26.178492 36.000000
v 107.759972 -26.068888 36.000000
v 104.913414 -30.880602 36.000000
v 105.500000 -27.500000 36.000000
v 107.619400 -33.586582 36.000000
v 107.809700 -25.956709 36.000000
v 104.684448 -30.792280 36.000000
v 107.707718 -33.815552 36.000000
v 107.853859 -25.842226 36.000000
v 104.451424 -30.715298 36.000000
v 107.784698 -34.048576 36.000000
v 107.892349 -25.725712 36.000000
v 104.214897 -30.649843 36.000000
v 107.850159 -34.285099 36.000000
v 107.925079 -25.607450 36.000000
v 103.975449 -30.596073 36.000000
v 107.903923 -34.524548 36.000000
v 107.951965 -25.487726 36.000000
v 103.733650 -30.554117 36.000000
v 107.945885 -34.766350 36.000000
v 107.972939 -25.366827 36.000000
v 103.490089 -30.524076 36.000000
v 107.975922 -35.009914 36.000000
v 103.245338 -30.506023 36.000000
v 107.993980 -35.254662 36.000000
v 103.000000 -30.500000 36.000000
v 96.269676 -27.500000 36.000000
v 93.912697 -25.833456 36.000000
v 93.874527 -25.716444 36.000000
v 93.956573 -25.948448 36.000000
v 93.842171 -25.597694 36.000000
v 94.006050 -26.061140 36.000000
v 93.815697 -25.477497 36.000000
v 94.061020 -26.171263 36.000000
v 93.795174 -25.356142 36.000000
v 94.121346 -26.278545 36.000000
v 93.780640 -25.233925 36.000000
v 94.186874 -26.382729 36.000000
v 93.772148 -25.111141 36.000000
v 94.257446 -26.483561 36.000000
v 93.769699 -24.988087 36.000000
v 94.332901 -26.580797 36.000000
v 93.773315 -24.865061 36.000000
v 94.413048 -26.674202 36.000000
v 93.782982 -24.742363 36.000000
v 94.497696 -26.763550 36.000000
v 93.798676 -24.620289 36.000000
v 94.586639 -26.848623 36.000000
v 93.820358 -24.499136 36.000000
v 94.679665 -26.929216 36.000000
v 93.847977 -24.379196 36.000000
v 94.776543 -27.005133 36.000000
v 93.881470 -24.260761 36.000000
v 94.877037 -27.076189 36.000000
v 93.920746 -24.144119 36.000000
v 94.980904 -27.142214 36.000000
v 93.965714 -24.029551 36.000000
v 95.087898 -27.203047 36.000000
v 94.016266 -23.917334 36.000000
v 95.197754 -27.258539 36.000000
v 95.310211 -27.308558 36.000000
v 95.424995 -27.352982 36.000000
v 95.541824 -27.391703 36.000000
v 95.660416 -27.424625 36.000000
v 95.780487 -27.451674 36.000000
v 95.901741 -27.472778 36.000000
v 96.023888 -27.487888 36.000000
v 96.146629 -27.496971 36.000000
v 96.054115 -14.733652 36.000000
v 96.024078 -14.490086 36.000000
v 96.006020 -14.245338 36.000000
v 108.000000 -35.500000 36.000000
v 111.000000 -56.000000 36.000000
v 108.000000 -44.500000 36.000000
v 107.619400 -46.413418 36.000000
v 107.519943 -46.637775 36.000000
v 107.707718 -46.184448 36.000000
v 107.784698 -45.951424 36.000000
v 107.850159 -45.714901 36.000000
v 107.903923 -45.475452 36.000000
v 107.945885 -45.233654 36.000000
v 107.975922 -44.990086 36.000000
v 107.993980 -44.745338 36.000000
v 107.288643 -47.070515 36.000000
v 108.272461 -53.891464 36.000000
v 108.164536 -53.780811 36.000000
v 107.409607 -46.856983 36.000000
v 108.051224 -53.675678 36.000000
v 107.157349 -47.277851 36.000000
v 108.374741 -54.007359 36.000000
v 107.932816 -53.576321 36.000000
v 107.016037 -47.478497 36.000000
v 108.471107 -54.128208 36.000000
v 107.809608 -53.482994 36.000000
v 106.865051 -47.671967 36.000000
v 108.561340 -54.253708 36.000000
v 107.681892 -53.395920 36.000000
v 106.704758 -47.857796 36.000000
v 108.645203 -54.383553 36.000000
v 107.550003 -53.315323 36.000000
v 108.722488 -54.517414 36.000000
v 107.414253 -53.241398 36.000000
v 106.535538 -48.035534 36.000000
v 108.793007 -54.654961 36.000000
v 107.274986 -53.174332 36.000000
v 106.357796 -48.204754 36.000000
v 108.856575 -54.795853 36.000000
v 107.132561 -53.114292 36.000000
v 106.171967 -48.365051 36.000000
v 108.913048 -54.939739 36.000000
v 106.987312 -53.061424 36.000000
v 105.978493 -48.516037 36.000000
v 108.962273 -55.086258 36.000000
v 106.839607 -53.015865 36.000000
v 109.004143 -55.235050 36.000000
v 106.689812 -52.977722 36.000000
v 105.777855 -48.657349 36.000000
v 109.038536 -55.385746 36.000000
v 106.538307 -52.947098 36.000000
v 105.570511 -48.788643 36.000000
v 109.065376 -55.537968 36.000000
v 106.385468 -52.924057 36.000000
v 105.356987 -48.909607 36.000000
v 109.084595 -55.691341 36.000000
v 106.231667 -52.908669 36.000000
v 109.096146 -55.845478 36.000000
v 106.077286 -52.900963 36.000000
v 105.137779 -49.019947 36.000000
v 109.099998 -56.000000 36.000000
v 110.993980 -56.245338 36.000000
v 105.922714 -52.900963 36.000000
v 104.913414 -49.119396 36.000000
v 109.096146 -56.154522 36.000000
v 110.975922 -56.490086 36.000000
v 105.768333 -52.908669 36.000000
v 104.684448 -49.207722 36.000000
v 110.945885 -56.733654 36.000000
v 109.084595 -56.308659 36.000000
v 105.614532 -52.924057 36.000000
v 110.903923 -56.975452 36.000000
v 109.065376 -56.462032 36.000000
v 105.461693 -52.947098 36.000000
v 104.451424 -49.284702 36.000000
v 110.850159 -57.214901 36.000000
v 109.038536 -56.614254 36.000000
v 105.310188 -52.977722 36.000000
v 104.214897 -49.350155 36.000000
v 109.004143 -56.764950 36.000000
v 110.784698 -57.451424 36.000000
v 105.160393 -53.015865 36.000000
v 108.962273 -56.913742 36.000000
v 110.707718 -57.684448 36.000000
v 105.012688 -53.061424 36.000000
v 103.975449 -49.403927 36.000000
v 110.619400 -57.913418 36.000000
v 108.913048 -57.060261 36.000000
v 104.867439 -53.114292 36.000000
v 103.733650 -49.445881 36.000000
v 110.519943 -58.137775 36.000000
v 108.856575 -57.204147 36.000000
v 104.725014 -53.174332 36.000000
v 103.490089 -49.475925 36.000000
v 108.793007 -57.345039 36.000000
v 110.409607 -58.356983 36.000000
v 104.585747 -53.241398 36.000000
v 110.288643 -58.570515 36.000000
v 108.722488 -57.482586 36.000000
v 104.449997 -53.315323 36.000000
v 103.245338 -49.493977 36.000000
v 110.157349 -58.777851 36.000000
v 108.645203 -57.616447 36.000000
v 104.318108 -53.395920 36.000000
v 103.000000 -49.500000 36.000000
v 108.561340 -57.746292 36.000000
v 110.016037 -58.978497 36.000000
v 109.865051 -59.171967 36.000000
v 108.471107 -57.871792 36.000000
v 108.374741 -57.992641 36.000000
v 109.704758 -59.357796 36.000000
v 108.272461 -58.108536 36.000000
v 109.535538 -59.535534 36.000000
v 101.000000 -51.000000 36.000000
v 104.190392 -53.482994 36.000000
v 104.067184 -53.576321 36.000000
v 103.948776 -53.675678 36.000000
v 103.835464 -53.780811 36.000000
v 108.164536 -58.219189 36.000000
v 103.727539 -53.891464 36.000000
v 100.754662 -51.006023 36.000000
v 109.357796 -59.704754 36.000000
v 108.051224 -58.324322 36.000000
v 103.625259 -54.007359 36.000000
v 100.509918 -51.024075 36.000000
v 103.528893 -54.128208 36.000000
v 109.171967 -59.865051 36.000000
v 107.932816 -58.423679 36.000000
v 100.266350 -51.054119 36.000000
v 103.438660 -54.253708 36.000000
v 103.354797 -54.383553 36.000000
v 108.978500 -60.016037 36.000000
v 107.809608 -58.517006 36.000000
v 100.024551 -51.096073 36.000000
v 103.277512 -54.517414 36.000000
v 99.785103 -51.149845 36.000000
v 108.777855 -60.157349 36.000000
v 107.681892 -58.604080 36.000000
v 103.206993 -54.654961 36.000000
v 108.570511 -60.288643 36.000000
v 107.550003 -58.684677 36.000000
v 108.356987 -60.409607 36.000000
v 107.414253 -58.758602 36.000000
v 108.137779 -60.519947 36.000000
v 107.274986 -58.825668 36.000000
v 107.913414 -60.619396 36.000000
v 107.132561 -58.885708 36.000000
v 107.684448 -60.707722 36.000000
v 106.987312 -58.938576 36.000000
v 107.451424 -60.784702 36.000000
v 106.839607 -58.984135 36.000000
v 107.214897 -60.850155 36.000000
v 106.689812 -59.022278 36.000000
v 106.975449 -60.903927 36.000000
v 106.538307 -59.052902 36.000000
v 106.733650 -60.945881 36.000000
v 106.385468 -59.075943 36.000000
v 106.490089 -60.975925 36.000000
v 106.231667 -59.091331 36.000000
v 106.245338 -60.993977 36.000000
v 106.077286 -59.099037 36.000000
v 106.000000 -61.000000 36.000000
v 104.725014 -58.825668 36.000000
v 104.585747 -58.758602 36.000000
v 104.867439 -58.885708 36.000000
v 105.012688 -58.938576 36.000000
v 105.160393 -58.984135 36.000000
v 105.310188 -59.022278 36.000000
v 105.461693 -59.052902 36.000000
v 105.614532 -59.075943 36.000000
v 105.768333 -59.091331 36.000000
v 105.922714 -59.099037 36.000000
v 102.903854 -56.154522 36.000000
v 101.000000 -56.000000 36.000000
v 102.900002 -56.000000 36.000000
v 102.915405 -56.308659 36.000000
v 102.934624 -56.462032 36.000000
v 102.961464 -56.614254 36.000000
v 102.995857 -56.764950 36.000000
v 103.037727 -56.913742 36.000000
v 103.086952 -57.060261 36.000000
v 103.143425 -57.204147 36.000000
v 103.206993 -57.345039 36.000000
v 103.143425 -54.795853 36.000000
v 103.086952 -54.939739 36.000000
v 103.037727 -55.086258 36.000000
v 102.995857 -55.235050 36.000000
v 102.961464 -55.385746 36.000000
v 102.934624 -55.537968 36.000000
v 102.915405 -55.691341 36.000000
v 102.903854 -55.845478 36.000000
v 98.862228 -51.480053 36.000000
v 93.287918 -50.252613 36.000000
v 99.086586 -51.380604 36.000000
v 93.198708 -50.165771 36.000000
v 99.315552 -51.292278 36.000000
v 93.372688 -50.343788 36.000000
v 93.105286 -50.083481 36.000000
v 99.548576 -51.215298 36.000000
v 93.452820 -50.439072 36.000000
v 98.643013 -51.590393 36.000000
v 93.007889 -50.005939 36.000000
v 93.528107 -50.538223 36.000000
v 98.429489 -51.711357 36.000000
v 92.906746 -49.933346 36.000000
v 93.598366 -50.641003 36.000000
v 98.222153 -51.842651 36.000000
v 92.802116 -49.865875 36.000000
v 93.663414 -50.747150 36.000000
v 92.694260 -49.803696 36.000000
v 93.723106 -50.856407 36.000000
v 98.021507 -51.983963 36.000000
v 92.583443 -49.746967 36.000000
v 97.828033 -52.134949 36.000000
v 93.777283 -50.968498 36.000000
v 93.825806 -51.083149 36.000000
v 97.642204 -52.295246 36.000000
v 93.868568 -51.200069 36.000000
v 97.464470 -52.464466 36.000000
v 93.905457 -51.318977 36.000000
v 93.936378 -51.439575 36.000000
v 93.961250 -51.561558 36.000000
v 97.295242 -52.642204 36.000000
v 97.134949 -52.828033 36.000000
v 93.980026 -51.684631 36.000000
v 93.992653 -51.808487 36.000000
v 93.999100 -51.932816 36.000000
v 96.983963 -53.021503 36.000000
v 93.999344 -52.057312 36.000000
v 93.993393 -52.181667 36.000000
v 96.842651 -53.222149 36.000000
v 93.981255 -52.305573 36.000000
v 96.711357 -53.429485 36.000000
v 93.962967 -52.428719 36.000000
v 93.938568 -52.550800 36.000000
v 96.590393 -53.643017 36.000000
v 93.908127 -52.671516 36.000000
v 96.480057 -53.862225 36.000000
v 93.871712 -52.790569 36.000000
v 93.829414 -52.907661 36.000000
v 96.380600 -54.086582 36.000000
v 93.781334 -53.022499 36.000000
v 93.727600 -53.134804 36.000000
v 96.292282 -54.315552 36.000000
v 93.668350 -53.244297 36.000000
v 96.215302 -54.548576 36.000000
v 93.603714 -53.350700 36.000000
v 93.533859 -53.453754 36.000000
v 96.149841 -54.785099 36.000000
v 101.000000 -61.000000 36.000000
v 103.277512 -57.482586 36.000000
v 103.354797 -57.616447 36.000000
v 103.438660 -57.746292 36.000000
v 103.528893 -57.871792 36.000000
v 103.625259 -57.992641 36.000000
v 103.727539 -58.108536 36.000000
v 103.835464 -58.219189 36.000000
v 103.948776 -58.324322 36.000000
v 104.067184 -58.423679 36.000000
v 104.190392 -58.517006 36.000000
v 104.318108 -58.604080 36.000000
v 104.449997 -58.684677 36.000000
v 93.458969 -53.553204 36.000000
v 96.096077 -55.024548 36.000000
v 100.752602 -60.993877 36.000000
v 93.379219 -53.648804 36.000000
v 96.054115 -55.266346 36.000000
v 93.294800 -53.740311 36.000000
v 100.505806 -60.975517 36.000000
v 93.205940 -53.827503 36.000000
v 100.260223 -60.944969 36.000000
v 96.024078 -55.509914 36.000000
v 93.112846 -53.910168 36.000000
v 100.016457 -60.902309 36.000000
v 93.015747 -53.988091 36.000000
v 96.006020 -55.754662 36.000000
v 99.775093 -60.847637 36.000000
v 92.914894 -54.061085 36.000000
v 99.536736 -60.781094 36.000000
v 92.810532 -54.128967 36.000000
v 96.000000 -56.000000 36.000000
v 99.301956 -60.702835 36.000000
v 92.702927 -54.191570 36.000000
v 99.071342 -60.613056 36.000000
v 92.592331 -54.248737 36.000000
v 98.845451 -60.511974 36.000000
v 98.624840 -60.399841 36.000000
v 92.479027 -54.300327 36.000000
v 98.410042 -60.276928 36.000000
v 98.201591 -60.143539 36.000000
v 92.363289 -54.346214 36.000000
v 98.000000 -60.000000 36.000000
v 92.245422 -54.386284 36.000000
v 92.125702 -54.420433 36.000000
v 92.004425 -54.448582 36.000000
v 91.881905 -54.470657 36.000000
v 91.758430 -54.486607 36.000000
v 91.634315 -54.496387 36.000000
v 91.509872 -54.499981 36.000000
v 91.385406 -54.497372 36.000000
v 91.261215 -54.488571 36.000000
v 91.137627 -54.473598 36.000000
v 91.014931 -54.452492 36.000000
v 90.893440 -54.425301 36.000000
v 90.773453 -54.392097 36.000000
v 90.655266 -54.352962 36.000000
v 90.539177 -54.307991 36.000000
v 90.425468 -54.257294 36.000000
v 90.314423 -54.201004 36.000000
v 90.206322 -54.139252 36.000000
v 100.754662 -18.993977 36.000000
v 100.509918 -18.975924 36.000000
v 100.266350 -18.945883 36.000000
v 91.500000 -49.500000 36.000000
v 91.624458 -49.503101 36.000000
v 91.748611 -49.512390 36.000000
v 91.872139 -49.527851 36.000000
v 91.994751 -49.549446 36.000000
v 92.116135 -49.577114 36.000000
v 92.235992 -49.610790 36.000000
v 92.354019 -49.650394 36.000000
v 92.469933 -49.695824 36.000000
v 90.000000 -54.000000 36.000000
v 90.101425 -54.072193 36.000000
v 103.000000 -30.500000 37.000000
v 108.164536 -11.780813 37.000000
v 109.535538 -10.464466 37.000000
v 109.357796 -10.295244 37.000000
v 108.272461 -11.891464 37.000000
v 109.704758 -10.642205 37.000000
v 108.051224 -11.675678 37.000000
v 109.171967 -10.134948 37.000000
v 108.374741 -12.007359 37.000000
v 109.865051 -10.828033 37.000000
v 107.932816 -11.576323 37.000000
v 108.978500 -9.983963 37.000000
v 108.471107 -12.128206 37.000000
v 110.016037 -11.021503 37.000000
v 107.809608 -11.482992 37.000000
v 108.777855 -9.842652 37.000000
v 108.561340 -12.253708 37.000000
v 110.157349 -11.222149 37.000000
v 107.681892 -11.395920 37.000000
v 108.570511 -9.711357 37.000000
v 108.645203 -12.383551 37.000000
v 110.288643 -11.429486 37.000000
v 107.550003 -11.315321 37.000000
v 108.356987 -9.590394 37.000000
v 108.722488 -12.517413 37.000000
v 110.409607 -11.643017 37.000000
v 107.414253 -11.241398 37.000000
v 108.137779 -9.480054 37.000000
v 108.793007 -12.654961 37.000000
v 110.519943 -11.862225 37.000000
v 107.274986 -11.174332 37.000000
v 107.913414 -9.380603 37.000000
v 108.856575 -12.795853 37.000000
v 110.619400 -12.086583 37.000000
v 107.132561 -11.114291 37.000000
v 107.684448 -9.292280 37.000000
v 108.913048 -12.939737 37.000000
v 110.707718 -12.315551 37.000000
v 106.987312 -11.061425 37.000000
v 107.451424 -9.215299 37.000000
v 108.962273 -13.086259 37.000000
v 110.784698 -12.548576 37.000000
v 106.839607 -11.015865 37.000000
v 107.214897 -9.149844 37.000000
v 109.004143 -13.235052 37.000000
v 110.850159 -12.785099 37.000000
v 106.689812 -10.977723 37.000000
v 106.975449 -9.096074 37.000000
v 109.038536 -13.385747 37.000000
v 110.903923 -13.024549 37.000000
v 106.538307 -10.947096 37.000000
v 106.733650 -9.054118 37.000000
v 109.065376 -13.537969 37.000000
v 110.945885 -13.266348 37.000000
v 106.385468 -10.924059 37.000000
v 106.490089 -9.024076 37.000000
v 109.084595 -13.691339 37.000000
v 110.975922 -13.509914 37.000000
v 106.231667 -10.908669 37.000000
v 106.245338 -9.006023 37.000000
v 109.096146 -13.845478 37.000000
v 110.993980 -13.754662 37.000000
v 106.077286 -10.900964 37.000000
v 106.000000 -9.000000 37.000000
v 109.099998 -14.000000 37.000000
v 111.000000 -14.000000 37.000000
v 105.922714 -10.900964 37.000000
v 109.096146 -14.154522 37.000000
v 105.768333 -10.908669 37.000000
v 109.084595 -14.308661 37.000000
v 105.614532 -10.924059 37.000000
v 109.065376 -14.462031 37.000000
v 105.461693 -10.947096 37.000000
v 109.038536 -14.614253 37.000000
v 105.310188 -10.977723 37.000000
v 109.004143 -14.764948 37.000000
v 105.160393 -11.015865 37.000000
v 108.962273 -14.913741 37.000000
v 105.012688 -11.061425 37.000000
v 108.913048 -15.060263 37.000000
v 104.867439 -11.114291 37.000000
v 108.856575 -15.204148 37.000000
v 104.725014 -11.174332 37.000000
v 108.793007 -15.345039 37.000000
v 104.585747 -11.241398 37.000000
v 108.722488 -15.482588 37.000000
v 108.645203 -15.616449 37.000000
v 108.561340 -15.746292 37.000000
v 108.471107 -15.871794 37.000000
v 101.000000 -9.000000 37.000000
v 104.449997 -11.315321 37.000000
v 104.318108 -11.395920 37.000000
v 104.190392 -11.482992 37.000000
v 104.067184 -11.576323 37.000000
v 103.948776 -11.675678 37.000000
v 103.835464 -11.780813 37.000000
v 103.727539 -11.891464 37.000000
v 103.625259 -12.007359 37.000000
v 103.528893 -12.128206 37.000000
v 103.438660 -12.253708 37.000000
v 103.354797 -12.383551 37.000000
v 103.277512 -12.517413 37.000000
v 103.206993 -12.654961 37.000000
v 100.755989 -9.005958 37.000000
v 100.512558 -9.023817 37.000000
v 103.143425 -12.795853 37.000000
v 100.270287 -9.053535 37.000000
v 100.029755 -9.095040 37.000000
v 99.791542 -9.148235 37.000000
v 103.086952 -12.939737 37.000000
v 99.556198 -9.212993 37.000000
v 99.324303 -9.289158 37.000000
v 103.037727 -13.086259 37.000000
v 99.096397 -9.376549 37.000000
v 98.873032 -9.474958 37.000000
v 98.654732 -9.584152 37.000000
v 98.442024 -9.703869 37.000000
v 102.995857 -13.235052 37.000000
v 98.235405 -9.833823 37.000000
v 98.035385 -9.973707 37.000000
v 97.842422 -10.123185 37.000000
v 102.961464 -13.385747 37.000000
v 107.267769 -19.732233 37.000000
v 107.681892 -16.604080 37.000000
v 107.550003 -16.684679 37.000000
v 107.352379 -19.821102 37.000000
v 107.809608 -16.517008 37.000000
v 107.178894 -19.647623 37.000000
v 107.414253 -16.758602 37.000000
v 107.432526 -19.914017 37.000000
v 107.932816 -16.423677 37.000000
v 107.085983 -19.567474 37.000000
v 107.274986 -16.825668 37.000000
v 106.989250 -19.491982 37.000000
v 107.508018 -20.010752 37.000000
v 108.051224 -16.324322 37.000000
v 106.888924 -19.421326 37.000000
v 107.132561 -16.885708 37.000000
v 107.578674 -20.111074 37.000000
v 108.164536 -16.219187 37.000000
v 106.785255 -19.355679 37.000000
v 106.987312 -16.938576 37.000000
v 107.644325 -20.214743 37.000000
v 106.678490 -19.295197 37.000000
v 106.839607 -16.984135 37.000000
v 107.704803 -20.321508 37.000000
v 108.272461 -16.108536 37.000000
v 97.656982 -10.281902 37.000000
v 106.568886 -19.240026 37.000000
v 106.689812 -17.022276 37.000000
v 107.759972 -20.431112 37.000000
v 108.374741 -15.992641 37.000000
v 106.456711 -19.190302 37.000000
v 106.538307 -17.052904 37.000000
v 107.809700 -20.543291 37.000000
v 106.342224 -19.146139 37.000000
v 106.385468 -17.075941 37.000000
v 107.853859 -20.657776 37.000000
v 106.225708 -19.107649 37.000000
v 107.892349 -20.774288 37.000000
v 106.107452 -19.074923 37.000000
v 106.231667 -17.091331 37.000000
v 107.925079 -20.892550 37.000000
v 97.479515 -10.449480 37.000000
v 105.987724 -19.048037 37.000000
v 106.077286 -17.099037 37.000000
v 107.951965 -21.012274 37.000000
v 105.866829 -19.027060 37.000000
v 105.922714 -17.099037 37.000000
v 107.972939 -21.133175 37.000000
v 105.745041 -19.012039 37.000000
v 105.768333 -17.091331 37.000000
v 107.987961 -21.254957 37.000000
v 97.310440 -10.625520 37.000000
v 105.622665 -19.003012 37.000000
v 105.614532 -17.075941 37.000000
v 107.996986 -21.377331 37.000000
v 105.500000 -19.000000 37.000000
v 104.190392 -16.517008 37.000000
v 104.067184 -16.423677 37.000000
v 104.318108 -16.604080 37.000000
v 104.449997 -16.684679 37.000000
v 104.585747 -16.758602 37.000000
v 104.725014 -16.825668 37.000000
v 104.867439 -16.885708 37.000000
v 105.012688 -16.938576 37.000000
v 105.160393 -16.984135 37.000000
v 105.310188 -17.022276 37.000000
v 105.461693 -17.052904 37.000000
v 108.000000 -21.500000 37.000000
v 97.150146 -10.809600 37.000000
v 102.934624 -13.537969 37.000000
v 96.999039 -11.001284 37.000000
v 96.857460 -11.200114 37.000000
v 96.725754 -11.405617 37.000000
v 96.604233 -11.617302 37.000000
v 102.915405 -13.691339 37.000000
v 96.493195 -11.834665 37.000000
v 102.903854 -14.154522 37.000000
v 102.900002 -14.000000 37.000000
v 102.915405 -14.308661 37.000000
v 102.934624 -14.462031 37.000000
v 102.903854 -13.845478 37.000000
v 108.000000 -25.000000 37.000000
v 107.996986 -25.122669 37.000000
v 107.987961 -25.245043 37.000000
v 97.951279 -19.000000 37.000000
v 102.961464 -14.614253 37.000000
v 102.995857 -14.764948 37.000000
v 103.037727 -14.913741 37.000000
v 103.086952 -15.060263 37.000000
v 103.143425 -15.204148 37.000000
v 103.206993 -15.345039 37.000000
v 103.277512 -15.482588 37.000000
v 103.354797 -15.616449 37.000000
v 103.438660 -15.746292 37.000000
v 103.528893 -15.871794 37.000000
v 103.625259 -15.992641 37.000000
v 103.727539 -16.108536 37.000000
v 103.835464 -16.219187 37.000000
v 103.948776 -16.324322 37.000000
v 97.829269 -19.002979 37.000000
v 97.707558 -19.011909 37.000000
v 97.586418 -19.026768 37.000000
v 97.466156 -19.047520 37.000000
v 97.347046 -19.074118 37.000000
v 97.229378 -19.106497 37.000000
v 97.113426 -19.144579 37.000000
v 96.999474 -19.188274 37.000000
v 96.887794 -19.237480 37.000000
v 96.778641 -19.292076 37.000000
v 96.672287 -19.351934 37.000000
v 96.568985 -19.416912 37.000000
v 96.468971 -19.486853 37.000000
v 96.372490 -19.561592 37.000000
v 96.279770 -19.640951 37.000000
v 96.191032 -19.724741 37.000000
v 96.106499 -19.812759 37.000000
v 96.026352 -19.904800 37.000000
v 95.950798 -20.000643 37.000000
v 95.880005 -20.100058 37.000000
v 95.814156 -20.202808 37.000000
v 95.753395 -20.308651 37.000000
v 95.697876 -20.417334 37.000000
v 106.535538 -31.964466 37.000000
v 106.989250 -27.008018 37.000000
v 106.888924 -27.078674 37.000000
v 106.704758 -32.142204 37.000000
v 107.085983 -26.932528 37.000000
v 107.178894 -26.852379 37.000000
v 106.357796 -31.795244 37.000000
v 106.785255 -27.144321 37.000000
v 106.678490 -27.204803 37.000000
v 106.171967 -31.634947 37.000000
v 106.568886 -27.259974 37.000000
v 106.865051 -32.328033 37.000000
v 107.267769 -26.767767 37.000000
v 105.978493 -31.483963 37.000000
v 106.456711 -27.309700 37.000000
v 106.342224 -27.353861 37.000000
v 107.016037 -32.521503 37.000000
v 107.352379 -26.678898 37.000000
v 105.777855 -31.342651 37.000000
v 106.225708 -27.392351 37.000000
v 107.157349 -32.722149 37.000000
v 107.432526 -26.585983 37.000000
v 107.508018 -26.489248 37.000000
v 105.570511 -31.211357 37.000000
v 106.107452 -27.425079 37.000000
v 105.987724 -27.451963 37.000000
v 107.288643 -32.929489 37.000000
v 107.578674 -26.388926 37.000000
v 105.356987 -31.090393 37.000000
v 105.866829 -27.472942 37.000000
v 107.409607 -33.143017 37.000000
v 107.644325 -26.285257 37.000000
v 105.137779 -30.980053 37.000000
v 105.745041 -27.487963 37.000000
v 105.622665 -27.496988 37.000000
v 107.519943 -33.362225 37.000000
v 107.704803 -26.178492 37.000000
v 107.759972 -26.068888 37.000000
v 104.913414 -30.880602 37.000000
v 105.500000 -27.500000 37.000000
v 107.619400 -33.586582 37.000000
v 107.809700 -25.956709 37.000000
v 104.684448 -30.792280 37.000000
v 107.707718 -33.815552 37.000000
v 107.853859 -25.842226 37.000000
v 104.451424 -30.715298 37.000000
v 107.784698 -34.048576 37.000000
v 107.892349 -25.725712 37.000000
v 104.214897 -30.649843 37.000000
v 107.850159 -34.285099 37.000000
v 107.925079 -25.607450 37.000000
v 103.975449 -30.596073 37.000000
v 107.903923 -34.524548 37.000000
v 107.951965 -25.487726 37.000000
v 103.733650 -30.554117 37.000000
v 107.945885 -34.766350 37.000000
v 107.972939 -25.366827 37.000000
v 103.490089 -30.524076 37.000000
v 107.975922 -35.009914 37.000000
v 103.245338 -30.506023 37.000000
v 107.993980 -35.254662 37.000000
v 96.269676 -27.500000 37.000000
v 94.016266 -23.917334 37.000000
v 93.965714 -24.029551 37.000000
v 93.920746 -24.144119 37.000000
v 93.881470 -24.260761 37.000000
v 93.847977 -24.379196 37.000000
v 93.820358 -24.499136 37.000000
v 93.798676 -24.620289 37.000000
v 93.782982 -24.742363 37.000000
v 93.773315 -24.865061 37.000000
v 93.769699 -24.988087 37.000000
v 93.772148 -25.111141 37.000000
v 93.780640 -25.233925 37.000000
v 93.795174 -25.356142 37.000000
v 93.815697 -25.477497 37.000000
v 93.842171 -25.597694 37.000000
v 93.874527 -25.716444 37.000000
v 93.912697 -25.833456 37.000000
v 93.956573 -25.948448 37.000000
v 94.006050 -26.061140 37.000000
v 94.061020 -26.171263 37.000000
v 94.121346 -26.278545 37.000000
v 96.023888 -27.487888 37.000000
v 95.901741 -27.472778 37.000000
v 96.146629 -27.496971 37.000000
v 94.186874 -26.382729 37.000000
v 94.257446 -26.483561 37.000000
v 94.332901 -26.580797 37.000000
v 94.413048 -26.674202 37.000000
v 94.497696 -26.763550 37.000000
v 94.586639 -26.848623 37.000000
v 94.679665 -26.929216 37.000000
v 94.776543 -27.005133 37.000000
v 94.877037 -27.076189 37.000000
v 94.980904 -27.142214 37.000000
v 95.087898 -27.203047 37.000000
v 95.197754 -27.258539 37.000000
v 95.310211 -27.308558 37.000000
v 95.424995 -27.352982 37.000000
v 95.541824 -27.391703 37.000000
v 95.660416 -27.424625 37.000000
v 95.780487 -27.451674 37.000000
v 111.000000 -56.000000 37.000000
v 108.000000 -35.500000 37.000000
v 108.000000 -44.500000 37.000000
v 107.619400 -46.413418 37.000000
v 107.519943 -46.637775 37.000000
v 107.707718 -46.184448 37.000000
v 107.784698 -45.951424 37.000000
v 107.850159 -45.714901 37.000000
v 107.903923 -45.475452 37.000000
v 107.945885 -45.233654 37.000000
v 107.975922 -44.990086 37.000000
v 107.993980 -44.745338 37.000000
v 108.272461 -53.891464 37.000000
v 107.288643 -47.070515 37.000000
v 108.164536 -53.780811 37.000000
v 107.409607 -46.856983 37.000000
v 108.051224 -53.675678 37.000000
v 107.157349 -47.277851 37.000000
v 108.374741 -54.007359 37.000000
v 107.932816 -53.576321 37.000000
v 107.016037 -47.478497 37.000000
v 108.471107 -54.128208 37.000000
v 107.809608 -53.482994 37.000000
v 106.865051 -47.671967 37.000000
v 108.561340 -54.253708 37.000000
v 107.681892 -53.395920 37.000000
v 106.704758 -47.857796 37.000000
v 108.645203 -54.383553 37.000000
v 107.550003 -53.315323 37.000000
v 108.722488 -54.517414 37.000000
v 107.414253 -53.241398 37.000000
v 106.535538 -48.035534 37.000000
v 108.793007 -54.654961 37.000000
v 107.274986 -53.174332 37.000000
v 106.357796 -48.204754 37.000000
v 108.856575 -54.795853 37.000000
v 107.132561 -53.114292 37.000000
v 106.171967 -48.365051 37.000000
v 108.913048 -54.939739 37.000000
v 106.987312 -53.061424 37.000000
v 105.978493 -48.516037 37.000000
v 108.962273 -55.086258 37.000000
v 106.839607 -53.015865 37.000000
v 109.004143 -55.235050 37.000000
v 106.689812 -52.977722 37.000000
v 105.777855 -48.657349 37.000000
v 109.038536 -55.385746 37.000000
v 106.538307 -52.947098 37.000000
v 105.570511 -48.788643 37.000000
v 109.065376 -55.537968 37.000000
v 106.385468 -52.924057 37.000000
v 105.356987 -48.909607 37.000000
v 109.084595 -55.691341 37.000000
v 106.231667 -52.908669 37.000000
v 109.096146 -55.845478 37.000000
v 106.077286 -52.900963 37.000000
v 105.137779 -49.019947 37.000000
v 109.099998 -56.000000 37.000000
v 110.993980 -56.245338 37.000000
v 105.922714 -52.900963 37.000000
v 104.913414 -49.119396 37.000000
v 109.096146 -56.154522 37.000000
v 110.975922 -56.490086 37.000000
v 105.768333 -52.908669 37.000000
v 104.684448 -49.207722 37.000000
v 109.084595 -56.308659 37.000000
v 110.945885 -56.733654 37.000000
v 105.614532 -52.924057 37.000000
v 109.065376 -56.462032 37.000000
v 110.903923 -56.975452 37.000000
v 105.461693 -52.947098 37.000000
v 104.451424 -49.284702 37.000000
v 109.038536 -56.614254 37.000000
v 110.850159 -57.214901 37.000000
v 105.310188 -52.977722 37.000000
v 104.214897 -49.350155 37.000000
v 109.004143 -56.764950 37.000000
v 110.784698 -57.451424 37.000000
v 105.160393 -53.015865 37.000000
v 108.962273 -56.913742 37.000000
v 110.707718 -57.684448 37.000000
v 105.012688 -53.061424 37.000000
v 103.975449 -49.403927 37.000000
v 108.913048 -57.060261 37.000000
v 110.619400 -57.913418 37.000000
v 104.867439 -53.114292 37.000000
v 103.733650 -49.445881 37.000000
v 108.856575 -57.204147 37.000000
v 110.519943 -58.137775 37.000000
v 104.725014 -53.174332 37.000000
v 103.490089 -49.475925 37.000000
v 108.793007 -57.345039 37.000000
v 110.409607 -58.356983 37.000000
v 104.585747 -53.241398 37.000000
v 108.722488 -57.482586 37.000000
v 110.288643 -58.570515 37.000000
v 104.449997 -53.315323 37.000000
v 103.245338 -49.493977 37.000000
v 108.645203 -57.616447 37.000000
v 110.157349 -58.777851 37.000000
v 104.318108 -53.395920 37.000000
v 103.000000 -49.500000 37.000000
v 108.561340 -57.746292 37.000000
v 110.016037 -58.978497 37.000000
v 104.190392 -53.482994 37.000000
v 108.471107 -57.871792 37.000000
v 109.865051 -59.171967 37.000000
v 104.067184 -53.576321 37.000000
v 108.374741 -57.992641 37.000000
v 109.704758 -59.357796 37.000000
v 103.948776 -53.675678 37.000000
v 108.272461 -58.108536 37.000000
v 103.835464 -53.780811 37.000000
v 109.535538 -59.535534 37.000000
v 108.164536 -58.219189 37.000000
v 103.727539 -53.891464 37.000000
v 109.357796 -59.704754 37.000000
v 108.051224 -58.324322 37.000000
v 103.625259 -54.007359 37.000000
v 103.528893 -54.128208 37.000000
v 109.171967 -59.865051 37.000000
v 107.932816 -58.423679 37.000000
v 103.438660 -54.253708 37.000000
v 103.354797 -54.383553 37.000000
v 108.978500 -60.016037 37.000000
v 107.809608 -58.517006 37.000000
v 103.277512 -54.517414 37.000000
v 108.777855 -60.157349 37.000000
v 107.681892 -58.604080 37.000000
v 103.206993 -54.654961 37.000000
v 103.143425 -54.795853 37.000000
v 108.570511 -60.288643 37.000000
v 107.550003 -58.684677 37.000000
v 108.356987 -60.409607 37.000000
v 107.414253 -58.758602 37.000000
v 108.137779 -60.519947 37.000000
v 107.274986 -58.825668 37.000000
v 107.913414 -60.619396 37.000000
v 107.132561 -58.885708 37.000000
v 107.684448 -60.707722 37.000000
v 106.987312 -58.938576 37.000000
v 107.451424 -60.784702 37.000000
v 106.839607 -58.984135 37.000000
v 107.214897 -60.850155 37.000000
v 106.689812 -59.022278 37.000000
v 106.975449 -60.903927 37.000000
v 106.538307 -59.052902 37.000000
v 106.733650 -60.945881 37.000000
v 106.385468 -59.075943 37.000000
v 106.490089 -60.975925 37.000000
v 106.231667 -59.091331 37.000000
v 106.245338 -60.993977 37.000000
v 106.077286 -59.099037 37.000000
v 106.000000 -61.000000 37.000000
v 104.725014 -58.825668 37.000000
v 104.585747 -58.758602 37.000000
v 104.867439 -58.885708 37.000000
v 105.012688 -58.938576 37.000000
v 105.160393 -58.984135 37.000000
v 105.310188 -59.022278 37.000000
v 105.461693 -59.052902 37.000000
v 105.614532 -59.075943 37.000000
v 105.768333 -59.091331 37.000000
v 105.922714 -59.099037 37.000000
v 91.500000 -49.500000 37.000000
v 103.086952 -54.939739 37.000000
v 103.037727 -55.086258 37.000000
v 102.995857 -55.235050 37.000000
v 91.133171 -49.527058 37.000000
v 91.377335 -49.503010 37.000000
v 91.254959 -49.512039 37.000000
v 90.892548 -49.574921 37.000000
v 91.012276 -49.548038 37.000000
v 90.774292 -49.607651 37.000000
v 90.657776 -49.646141 37.000000
v 90.431114 -49.740028 37.000000
v 90.543289 -49.690300 37.000000
v 90.214745 -49.855679 37.000000
v 90.321510 -49.795197 37.000000
v 90.010750 -49.991982 37.000000
v 90.111076 -49.921326 37.000000
v 101.000000 -61.000000 37.000000
v 103.277512 -57.482586 37.000000
v 103.206993 -57.345039 37.000000
v 103.354797 -57.616447 37.000000
v 103.438660 -57.746292 37.000000
v 103.528893 -57.871792 37.000000
v 103.625259 -57.992641 37.000000
v 103.727539 -58.108536 37.000000
v 103.835464 -58.219189 37.000000
v 103.948776 -58.324322 37.000000
v 104.067184 -58.423679 37.000000
v 104.190392 -58.517006 37.000000
v 104.318108 -58.604080 37.000000
v 104.449997 -58.684677 37.000000
v 100.752602 -60.993877 37.000000
v 100.505806 -60.975517 37.000000
v 103.143425 -57.204147 37.000000
v 89.732231 -50.232231 37.000000
v 89.914017 -50.067474 37.000000
v 89.821106 -50.147621 37.000000
v 100.260223 -60.944969 37.000000
v 89.567474 -50.414017 37.000000
v 89.647621 -50.321102 37.000000
v 100.016457 -60.902309 37.000000
v 103.086952 -57.060261 37.000000
v 89.491982 -50.510754 37.000000
v 99.775093 -60.847637 37.000000
v 89.421326 -50.611073 37.000000
v 99.536736 -60.781094 37.000000
v 89.355682 -50.714745 37.000000
v 99.301956 -60.702835 37.000000
v 103.037727 -56.913742 37.000000
v 99.071342 -60.613056 37.000000
v 98.845451 -60.511974 37.000000
v 89.240028 -50.931110 37.000000
v 89.295197 -50.821507 37.000000
v 98.624840 -60.399841 37.000000
v 102.995857 -56.764950 37.000000
v 89.190300 -51.043293 37.000000
v 98.410042 -60.276928 37.000000
v 98.201591 -60.143539 37.000000
v 98.000000 -60.000000 37.000000
v 102.961464 -55.385746 37.000000
v 102.934624 -55.537968 37.000000
v 102.915405 -55.691341 37.000000
v 102.903854 -55.845478 37.000000
v 102.900002 -56.000000 37.000000
v 102.903854 -56.154522 37.000000
v 102.915405 -56.308659 37.000000
v 102.934624 -56.462032 37.000000
v 102.961464 -56.614254 37.000000
v 89.146141 -51.157776 37.000000
v 89.107651 -51.274288 37.000000
v 89.048035 -51.512276 37.000000
v 89.074921 -51.392551 37.000000
v 89.027061 -51.633175 37.000000
v 89.012039 -51.754955 37.000000
v 89.003014 -51.877331 37.000000
v 89.000000 -52.000000 37.000000
v 89.011902 -52.243637 37.000000
v 89.002975 -52.121964 37.000000
v 89.026749 -52.364731 37.000000
v 89.047485 -52.484955 37.000000
v 89.074066 -52.604027 37.000000
v 89.188148 -52.951488 37.000000
v 89.106422 -52.721657 37.000000
v 89.144478 -52.837570 37.000000
v 89.237320 -53.063141 37.000000
v 89.416634 -53.381874 37.000000
v 89.291878 -53.172260 37.000000
v 89.351700 -53.278591 37.000000
v 89.486526 -53.481869 37.000000
v 90.000000 -54.000000 37.000000
v 89.640526 -53.671036 37.000000
v 89.561218 -53.578331 37.000000
v 89.812233 -53.844296 37.000000
v 89.904213 -53.924438 37.000000
v 89.724266 -53.759762 37.000000
v 89.000000 -52.000000 21.600000
v 89.003105 -52.124615 21.600000
v 89.012421 -52.248920 21.600000
v 89.027924 -52.372604 21.600000
v 89.049568 -52.495365 21.600000
v 89.077309 -52.616894 21.600000
v 89.111069 -52.736889 21.600000
v 89.150772 -52.855049 21.600000
v 89.196312 -52.971088 21.600000
v 89.247581 -53.084709 21.600000
v 89.304443 -53.195637 21.600000
v 89.366776 -53.303589 21.600000
v 89.434402 -53.408298 21.600000
v 89.507172 -53.509510 21.600000
v 89.584892 -53.606968 21.600000
v 89.667374 -53.700432 21.600000
v 89.754410 -53.789665 21.600000
v 89.845787 -53.874454 21.600000
v 89.941277 -53.954578 21.600000
v 90.040642 -54.029846 21.600000
v 90.143639 -54.100063 21.600000
v 90.250000 -54.165062 21.600000
v 90.359474 -54.224678 21.600000
v 90.471786 -54.278763 21.600000
v 90.586647 -54.327183 21.600000
v 90.703781 -54.369820 21.600000
v 90.822899 -54.406559 21.600000
v 90.943695 -54.437321 21.600000
v 91.065880 -54.462021 21.600000
v 91.189140 -54.480598 21.600000
v 91.313179 -54.493008 21.600000
v 91.437675 -54.499222 21.600000
v 91.562325 -54.499222 21.600000
v 91.686829 -54.493008 21.600000
v 91.810860 -54.480598 21.600000
v 91.934120 -54.462021 21.600000
v 92.056305 -54.437321 21.600000
v 92.177101 -54.406559 21.600000
v 92.296219 -54.369820 21.600000
v 92.413353 -54.327183 21.600000
v 92.528221 -54.278763 21.600000
v 92.640526 -54.224678 21.600000
v 92.750000 -54.165062 21.600000
v 92.856369 -54.100063 21.600000
v 92.959358 -54.029846 21.600000
v 93.058723 -53.954578 21.600000
v 93.154213 -53.874454 21.600000
v 93.245590 -53.789665 21.600000
v 93.332626 -53.700432 21.600000
v 93.415115 -53.606968 21.600000
v 93.492828 -53.509510 21.600000
v 93.565598 -53.408298 21.600000
v 93.633224 -53.303589 21.600000
v 93.695557 -53.195637 21.600000
v 93.752426 -53.084709 21.600000
v 93.803688 -52.971088 21.600000
v 93.849236 -52.855049 21.600000
v 93.888931 -52.736889 21.600000
v 93.922691 -52.616894 21.600000
v 93.950432 -52.495365 21.600000
v 93.972076 -52.372604 21.600000
v 93.987579 -52.248920 21.600000
v 93.996895 -52.124615 21.600000
v 94.000000 -52.000000 21.600000
v 93.996895 -51.875385 21.600000
v 93.987579 -51.751080 21.600000
v 93.972076 -51.627396 21.600000
v 93.950432 -51.504635 21.600000
v 93.922691 -51.383106 21.600000
v 93.888931 -51.263111 21.600000
v 93.849236 -51.144951 21.600000
v 93.803688 -51.028912 21.600000
v 93.752426 -50.915291 21.600000
v 93.695557 -50.804363 21.600000
v 93.633224 -50.696411 21.600000
v 93.565598 -50.591702 21.600000
v 93.492828 -50.490490 21.600000
v 93.415115 -50.393032 21.600000
v 93.332626 -50.299568 21.600000
v 93.245590 -50.210335 21.600000
v 93.154213 -50.125546 21.600000
v 93.058723 -50.045422 21.600000
v 92.959358 -49.970154 21.600000
v 92.856369 -49.899937 21.600000
v 92.750000 -49.834938 21.600000
v 92.640526 -49.775322 21.600000
v 92.528221 -49.721237 21.600000
v 92.413353 -49.672817 21.600000
v 92.296219 -49.630180 21.600000
v 92.177101 -49.593441 21.600000
v 92.056305 -49.562679 21.600000
v 91.934120 -49.537979 21.600000
v 91.810860 -49.519402 21.600000
v 91.686829 -49.506992 21.600000
v 91.562325 -49.500778 21.600000
v 91.437675 -49.500778 21.600000
v 91.313179 -49.506992 21.600000
v 91.189140 -49.519402 21.600000
v 91.065880 -49.537979 21.600000
v 90.943695 -49.562679 21.600000
v 90.822899 -49.593441 21.600000
v 90.703781 -49.630180 21.600000
v 90.586647 -49.672817 21.600000
v 90.471786 -49.721237 21.600000
v 90.359474 -49.775322 21.600000
v 90.250000 -49.834938 21.600000
v 90.143639 -49.899937 21.600000
v 90.040642 -49.970154 21.600000
v 89.941277 -50.045422 21.600000
v 89.845787 -50.125546 21.600000
v 89.754410 -50.210335 21.600000
v 89.667374 -50.299568 21.600000
v 89.584892 -50.393032 21.600000
v 89.507172 -50.490490 21.600000
v 89.434402 -50.591702 21.600000
v 89.366776 -50.696411 21.600000
v 89.304443 -50.804363 21.600000
v 89.247581 -50.915291 21.600000
v 89.196312 -51.028912 21.600000
v 89.150772 -51.144951 21.600000
v 89.111069 -51.263111 21.600000
v 89.077309 -51.383106 21.600000
v 89.049568 -51.504635 21.600000
v 89.027924 -51.627396 21.600000
v 89.012421 -51.751080 21.600000
v 89.003105 -51.875385 21.600000
v 101.000000 -14.000000 35.000000
v 96.000000 -14.000000 35.000000
v 101.000000 -19.000000 35.000000
v 100.754662 -18.993977 35.000000
v 100.509918 -18.975924 35.000000
v 100.266350 -18.945883 35.000000
v 100.024551 -18.903927 35.000000
v 99.785103 -18.850157 35.000000
v 99.548576 -18.784702 35.000000
v 99.315552 -18.707720 35.000000
v 99.086586 -18.619398 35.000000
v 98.862228 -18.519947 35.000000
v 98.643013 -18.409607 35.000000
v 98.429489 -18.288643 35.000000
v 98.222153 -18.157349 35.000000
v 98.021507 -18.016037 35.000000
v 97.828033 -17.865053 35.000000
v 97.642204 -17.704756 35.000000
v 97.464470 -17.535534 35.000000
v 97.295242 -17.357796 35.000000
v 97.134949 -17.171967 35.000000
v 96.983963 -16.978497 35.000000
v 96.842651 -16.777851 35.000000
v 96.711357 -16.570515 35.000000
v 96.590393 -16.356983 35.000000
v 96.480057 -16.137775 35.000000
v 96.380600 -15.913417 35.000000
v 96.292282 -15.684449 35.000000
v 96.215302 -15.451424 35.000000
v 96.149841 -15.214901 35.000000
v 96.096077 -14.975451 35.000000
v 96.054115 -14.733652 35.000000
v 96.024078 -14.490086 35.000000
v 96.006020 -14.245338 35.000000
v 101.000000 -56.000000 35.000000
v 96.000000 -56.000000 35.000000
v 101.000000 -51.000000 35.000000
v 96.006020 -55.754662 35.000000
v 96.024078 -55.509914 35.000000
v 96.054115 -55.266346 35.000000
v 96.096077 -55.024548 35.000000
v 96.149841 -54.785099 35.000000
v 96.215302 -54.548576 35.000000
v 96.292282 -54.315552 35.000000
v 96.380600 -54.086582 35.000000
v 96.480057 -53.862225 35.000000
v 96.590393 -53.643017 35.000000
v 96.711357 -53.429485 35.000000
v 96.842651 -53.222149 35.000000
v 96.983963 -53.021503 35.000000
v 97.134949 -52.828033 35.000000
v 97.295242 -52.642204 35.000000
v 97.464470 -52.464466 35.000000
v 97.642204 -52.295246 35.000000
v 97.828033 -52.134949 35.000000
v 98.021507 -51.983963 35.000000
v 98.222153 -51.842651 35.000000
v 98.429489 -51.711357 35.000000
v 98.643013 -51.590393 35.000000
v 98.862228 -51.480053 35.000000
v 99.086586 -51.380604 35.000000
v 99.315552 -51.292278 35.000000
v 99.548576 -51.215298 35.000000
v 99.785103 -51.149845 35.000000
v 100.024551 -51.096073 35.000000
v 100.266350 -51.054119 35.000000
v 100.509918 -51.024075 35.000000
v 100.754662 -51.006023 35.000000
v 92.599579 -50.979740 21.600000
v 92.547356 -50.926201 21.600000
v 92.492531 -50.875328 21.600000
v 92.649071 -51.035820 21.600000
v 92.435234 -50.827251 21.600000
v 92.695702 -51.094292 21.600000
v 92.375618 -50.782093 21.600000
v 92.739357 -51.155022 21.600000
v 92.313820 -50.739960 21.600000
v 92.779938 -51.217846 21.600000
v 92.250000 -50.700962 21.600000
v 92.817329 -51.282619 21.600000
v 92.184319 -50.665192 21.600000
v 92.851456 -51.349174 21.600000
v 92.116928 -50.632740 21.600000
v 92.882217 -51.417347 21.600000
v 92.048012 -50.603691 21.600000
v 92.909538 -51.486969 21.600000
v 91.977730 -50.578110 21.600000
v 92.933357 -51.557869 21.600000
v 91.906258 -50.556065 21.600000
v 92.953613 -51.629864 21.600000
v 91.833778 -50.537609 21.600000
v 92.970261 -51.702782 21.600000
v 91.760475 -50.522789 21.600000
v 92.983246 -51.776436 21.600000
v 91.686516 -50.511642 21.600000
v 92.992546 -51.850647 21.600000
v 91.612099 -50.504196 21.600000
v 92.998138 -51.925232 21.600000
v 91.537399 -50.500465 21.600000
v 93.000000 -52.000000 21.600000
v 91.462601 -50.500465 21.600000
v 92.998138 -52.074768 21.600000
v 91.387909 -50.504196 21.600000
v 92.992546 -52.149353 21.600000
v 91.313484 -50.511642 21.600000
v 92.983246 -52.223564 21.600000
v 91.239525 -50.522789 21.600000
v 92.970261 -52.297218 21.600000
v 91.166222 -50.537609 21.600000
v 92.953613 -52.370136 21.600000
v 91.093742 -50.556065 21.600000
v 92.933357 -52.442131 21.600000
v 91.022270 -50.578110 21.600000
v 92.909538 -52.513031 21.600000
v 90.951988 -50.603691 21.600000
v 92.882217 -52.582653 21.600000
v 90.883072 -50.632740 21.600000
v 92.851456 -52.650826 21.600000
v 90.815681 -50.665192 21.600000
v 92.817329 -52.717381 21.600000
v 90.750000 -50.700962 21.600000
v 92.779938 -52.782154 21.600000
v 90.686180 -50.739960 21.600000
v 92.739357 -52.844978 21.600000
v 90.624382 -50.782093 21.600000
v 92.695702 -52.905708 21.600000
v 90.564766 -50.827251 21.600000
v 92.649071 -52.964180 21.600000
v 90.507469 -50.875328 21.600000
v 92.599579 -53.020260 21.600000
v 90.452644 -50.926201 21.600000
v 92.547356 -53.073799 21.600000
v 90.400421 -50.979740 21.600000
v 90.350937 -51.035820 21.600000
v 92.492531 -53.124672 21.600000
v 92.435234 -53.172749 21.600000
v 90.304298 -51.094292 21.600000
v 92.375618 -53.217907 21.600000
v 92.313820 -53.260040 21.600000
v 90.260643 -51.155022 21.600000
v 90.182671 -51.282619 21.600000
v 90.220062 -51.217846 21.600000
v 92.250000 -53.299038 21.600000
v 90.148544 -51.349174 21.600000
v 92.184319 -53.334808 21.600000
v 92.116928 -53.367260 21.600000
v 90.117783 -51.417347 21.600000
v 92.048012 -53.396309 21.600000
v 90.090462 -51.486969 21.600000
v 91.977730 -53.421890 21.600000
v 90.066643 -51.557869 21.600000
v 91.906258 -53.443935 21.600000
v 90.046387 -51.629864 21.600000
v 91.833778 -53.462391 21.600000
v 91.760475 -53.477211 21.600000
v 90.029739 -51.702782 21.600000
v 90.016754 -51.776436 21.600000
v 91.686516 -53.488358 21.600000
v 90.007454 -51.850647 21.600000
v 91.612099 -53.495804 21.600000
v 90.001862 -51.925232 21.600000
v 91.537399 -53.499535 21.600000
v 90.000000 -52.000000 21.600000
v 90.001862 -52.074768 21.600000
v 91.462601 -53.499535 21.600000
v 90.007454 -52.149353 21.600000
v 91.387909 -53.495804 21.600000
v 91.313484 -53.488358 21.600000
v 90.016754 -52.223564 21.600000
v 91.239525 -53.477211 21.600000
v 90.029739 -52.297218 21.600000
v 91.166222 -53.462391 21.600000
v 91.093742 -53.443935 21.600000
v 90.046387 -52.370136 21.600000
v 91.022270 -53.421890 21.600000
v 90.066643 -52.442131 21.600000
v 90.090462 -52.513031 21.600000
v 90.951988 -53.396309 21.600000
v 90.883072 -53.367260 21.600000
v 90.117783 -52.582653 21.600000
v 90.148544 -52.650826 21.600000
v 90.815681 -53.334808 21.600000
v 90.182671 -52.717381 21.600000
v 90.750000 -53.299038 21.600000
v 90.260643 -52.844978 21.600000
v 90.220062 -52.782154 21.600000
v 90.686180 -53.260040 21.600000
v 90.624382 -53.217907 21.600000
v 90.304298 -52.905708 21.600000
v 90.564766 -53.172749 21.600000
v 90.400421 -53.020260 21.600000
v 90.350937 -52.964180 21.600000
v 90.507469 -53.124672 21.600000
v 90.452644 -53.073799 21.600000
v 90.160004 -52.000000 21.760000
v 90.800873 -51.965107 22.400000
v 90.800003 -52.000000 22.400000
v 90.639999 -52.000000 22.240000
v 90.800873 -52.034893 22.400000
v 90.166656 -51.866581 21.760000
v 90.186569 -51.734486 21.760000
v 90.219536 -51.605026 21.760000
v 90.325867 -51.882511 21.920000
v 90.320000 -52.000000 21.920000
v 90.265221 -51.479496 21.760000
v 90.343399 -51.766186 21.920000
v 90.323181 -51.359138 21.760000
v 90.372421 -51.652187 21.920000
v 90.485069 -51.898441 22.080000
v 90.480003 -52.000000 22.080000
v 90.392838 -51.245152 21.760000
v 90.412659 -51.541645 21.920000
v 90.500221 -51.797890 22.080000
v 90.473503 -51.138664 21.760000
v 90.463699 -51.435661 21.920000
v 90.525314 -51.699348 22.080000
v 90.644272 -51.914371 22.240000
v 90.803482 -51.930302 22.400000
v 90.807816 -51.895672 22.400000
v 90.564362 -51.040737 21.760000
v 90.525040 -51.335281 21.920000
v 90.560097 -51.603798 22.080000
v 90.657051 -51.829594 22.240000
v 90.813881 -51.861298 22.400000
v 90.821648 -51.827271 22.400000
v 90.664528 -50.952347 21.760000
v 90.596069 -51.241512 21.920000
v 90.604218 -51.512180 22.080000
v 90.678207 -51.746510 22.240000
v 90.831100 -51.793671 22.400000
v 90.842216 -51.760586 22.400000
v 90.772987 -50.874367 21.760000
v 90.676079 -51.155277 21.920000
v 90.657234 -51.425415 22.080000
v 90.707527 -51.665947 22.240000
v 90.854965 -51.728096 22.400000
v 90.869324 -51.696281 22.400000
v 90.888680 -50.807571 21.760000
v 90.764282 -51.077438 21.920000
v 90.718636 -51.344357 22.080000
v 90.744728 -51.588703 22.240000
v 90.885246 -51.665222 22.400000
v 90.902695 -51.634995 22.400000
v 91.010445 -50.752628 21.760000
v 90.859795 -51.008770 21.920000
v 90.787796 -51.269817 22.080000
v 90.789436 -51.515545 22.240000
v 90.921631 -51.605675 22.400000
v 90.942009 -51.577335 22.400000
v 91.137077 -50.710083 21.760000
v 90.961670 -50.949951 21.920000
v 90.864044 -51.202534 22.080000
v 90.841202 -51.447201 22.240000
v 90.963768 -51.550049 22.400000
v 90.986862 -51.523880 22.400000
v 91.267311 -50.680359 21.760000
v 91.068901 -50.901569 21.920000
v 90.946602 -51.143173 22.080000
v 90.899513 -51.384354 22.240000
v 91.011238 -51.498894 22.400000
v 91.036819 -51.475155 22.400000
v 91.399864 -50.663746 21.760000
v 91.180412 -50.864105 21.920000
v 91.034668 -51.092331 22.080000
v 90.963799 -51.327625 22.240000
v 91.063560 -51.452717 22.400000
v 91.091377 -51.431644 22.400000
v 91.533409 -50.660416 21.760000
v 91.295097 -50.837925 21.920000
v 91.127350 -51.050510 22.080000
v 91.033409 -51.277576 22.240000
v 91.120216 -51.411983 22.400000
v 91.150002 -51.393784 22.400000
v 91.666618 -50.670399 21.760000
v 91.411819 -50.823299 21.920000
v 91.223740 -51.018124 22.080000
v 91.107658 -51.234711 22.240000
v 91.180656 -51.377090 22.400000
v 91.212097 -51.361946 22.400000
v 91.798180 -50.693596 21.760000
v 91.529419 -50.820366 21.920000
v 91.322876 -50.995495 22.080000
v 91.185806 -51.199448 22.240000
v 91.244263 -51.348389 22.400000
v 91.277061 -51.336452 22.400000
v 91.926773 -50.729778 21.760000
v 91.646729 -50.829159 21.920000
v 91.423775 -50.982853 22.080000
v 91.267075 -51.172142 22.240000
v 91.310410 -51.326164 22.400000
v 91.344238 -51.317551 22.400000
v 92.051125 -50.778584 21.760000
v 91.762573 -50.849586 21.920000
v 91.525429 -50.980316 22.080000
v 91.350662 -51.153065 22.240000
v 91.378448 -51.310635 22.400000
v 91.412956 -51.305431 22.400000
v 92.169998 -50.839527 21.760000
v 91.875816 -50.881447 21.920000
v 91.626831 -50.987915 22.080000
v 91.435730 -51.142406 22.240000
v 91.447693 -51.301956 22.400000
v 91.482552 -51.300217 22.400000
v 92.282219 -50.912003 21.760000
v 91.985321 -50.924423 21.920000
v 91.726974 -51.005573 22.080000
v 91.521439 -51.140266 22.240000
v 91.517448 -51.300217 22.400000
v 91.552315 -51.301956 22.400000
v 92.386658 -50.995293 21.760000
v 92.090004 -50.978088 21.920000
v 91.824860 -51.033115 22.080000
v 91.606934 -51.146675 22.240000
v 91.587044 -51.305431 22.400000
v 91.621552 -51.310635 22.400000
v 92.482292 -51.088570 21.760000
v 92.188820 -51.041912 21.920000
v 91.919510 -51.070263 22.080000
v 91.691368 -51.161564 22.240000
v 91.655762 -51.317551 22.400000
v 91.689590 -51.326164 22.400000
v 92.568161 -51.190903 21.760000
v 92.280792 -51.115257 21.920000
v 92.010002 -51.116653 22.080000
v 91.773895 -51.184784 22.240000
v 91.722939 -51.336452 22.400000
v 91.755737 -51.348389 22.400000
v 92.643410 -51.301277 21.760000
v 92.365005 -51.197395 21.920000
v 92.095421 -51.171822 22.080000
v 91.853706 -51.216106 22.240000
v 91.787903 -51.361946 22.400000
v 91.819351 -51.377090 22.400000
v 92.707298 -51.418594 21.760000
v 92.440620 -51.287510 21.920000
v 92.174919 -51.235222 22.080000
v 91.930000 -51.255219 22.240000
v 91.849998 -51.393784 22.400000
v 91.879784 -51.411983 22.400000
v 92.759186 -51.541695 21.760000
v 92.506882 -51.384705 21.920000
v 92.247711 -51.306225 22.080000
v 92.002022 -51.301735 22.240000
v 91.908623 -51.431644 22.400000
v 91.936447 -51.452717 22.400000
v 92.798561 -51.669346 21.760000
v 92.563141 -51.488018 21.920000
v 92.313072 -51.384121 22.080000
v 92.069054 -51.355186 22.240000
v 91.963181 -51.475155 22.400000
v 91.988770 -51.498894 22.400000
v 92.825035 -51.800282 21.760000
v 92.608841 -51.596416 21.920000
v 92.370354 -51.468136 22.080000
v 92.130424 -51.415051 22.240000
v 92.013138 -51.523880 22.400000
v 92.036232 -51.550049 22.400000
v 92.838333 -51.933205 21.760000
v 92.643509 -51.708828 21.920000
v 92.418991 -51.557438 22.080000
v 92.185532 -51.480728 22.240000
v 92.057991 -51.577335 22.400000
v 92.078369 -51.605675 22.400000
v 92.838333 -52.066795 21.760000
v 92.666824 -51.824131 21.920000
v 92.458488 -51.651138 22.080000
v 92.233833 -51.551567 22.240000
v 92.097305 -51.634995 22.400000
v 92.114754 -51.665222 22.400000
v 92.825035 -52.199718 21.760000
v 92.678535 -51.941181 21.920000
v 92.488457 -51.748306 22.080000
v 92.274834 -51.626862 22.240000
v 92.130676 -51.696281 22.400000
v 92.145035 -51.728096 22.400000
v 92.798561 -52.330654 21.760000
v 92.678535 -52.058819 21.920000
v 92.508606 -51.847977 22.080000
v 92.308136 -51.705864 22.240000
v 92.157784 -51.760586 22.400000
v 92.168900 -51.793671 22.400000
v 92.759186 -52.458305 21.760000
v 92.666824 -52.175869 21.920000
v 92.518730 -51.949158 22.080000
v 92.333405 -51.787788 22.240000
v 92.178352 -51.827271 22.400000
v 92.186119 -51.861298 22.400000
v 92.707298 -52.581406 21.760000
v 92.643509 -52.291172 21.920000
v 92.518730 -52.050842 22.080000
v 92.350395 -51.871822 22.240000
v 92.192184 -51.895672 22.400000
v 92.196526 -51.930302 22.400000
v 92.643410 -52.698723 21.760000
v 92.608841 -52.403584 21.920000
v 92.508606 -52.152023 22.080000
v 92.358932 -51.957134 22.240000
v 92.199127 -51.965107 22.400000
v 92.199997 -52.000000 22.400000
v 92.568161 -52.809097 21.760000
v 92.563141 -52.511982 21.920000
v 92.488457 -52.251694 22.080000
v 92.358932 -52.042866 22.240000
v 92.199127 -52.034893 22.400000
v 92.196526 -52.069698 22.400000
v 92.482292 -52.911430 21.760000
v 92.506882 -52.615295 21.920000
v 92.458488 -52.348862 22.080000
v 92.350395 -52.128178 22.240000
v 92.192184 -52.104328 22.400000
v 92.186119 -52.138702 22.400000
v 92.386658 -53.004707 21.760000
v 92.440620 -52.712490 21.920000
v 92.418991 -52.442562 22.080000
v 92.333405 -52.212212 22.240000
v 92.178352 -52.172729 22.400000
v 92.168900 -52.206329 22.400000
v 92.282219 -53.087997 21.760000
v 92.365005 -52.802605 21.920000
v 92.370354 -52.531864 22.080000
v 92.308136 -52.294136 22.240000
v 92.157784 -52.239414 22.400000
v 92.145035 -52.271904 22.400000
v 92.169998 -53.160473 21.760000
v 92.280792 -52.884743 21.920000
v 92.313072 -52.615879 22.080000
v 92.274834 -52.373138 22.240000
v 92.130676 -52.303719 22.400000
v 92.114754 -52.334778 22.400000
v 92.051125 -53.221416 21.760000
v 92.188820 -52.958088 21.920000
v 92.247711 -52.693775 22.080000
v 92.233833 -52.448433 22.240000
v 92.097305 -52.365005 22.400000
v 92.078369 -52.394325 22.400000
v 91.926773 -53.270222 21.760000
v 92.090004 -53.021912 21.920000
v 92.174919 -52.764778 22.080000
v 92.185532 -52.519272 22.240000
v 92.057991 -52.422665 22.400000
v 92.036232 -52.449951 22.400000
v 91.798180 -53.306404 21.760000
v 91.985321 -53.075577 21.920000
v 92.095421 -52.828178 22.080000
v 92.130424 -52.584949 22.240000
v 92.013138 -52.476120 22.400000
v 91.988770 -52.501106 22.400000
v 91.666618 -53.329601 21.760000
v 91.875816 -53.118553 21.920000
v 92.010002 -52.883347 22.080000
v 92.069054 -52.644814 22.240000
v 91.963181 -52.524845 22.400000
v 91.936447 -52.547283 22.400000
v 91.533409 -53.339584 21.760000
v 91.762573 -53.150414 21.920000
v 91.919510 -52.929737 22.080000
v 92.002022 -52.698265 22.240000
v 91.908623 -52.568356 22.400000
v 91.879784 -52.588017 22.400000
v 91.399864 -53.336254 21.760000
v 91.646729 -53.170841 21.920000
v 91.824860 -52.966885 22.080000
v 91.930000 -52.744781 22.240000
v 91.849998 -52.606216 22.400000
v 91.819351 -52.622910 22.400000
v 91.267311 -53.319641 21.760000
v 91.529419 -53.179634 21.920000
v 91.726974 -52.994427 22.080000
v 91.853706 -52.783894 22.240000
v 91.787903 -52.638054 22.400000
v 91.755737 -52.651611 22.400000
v 91.137077 -53.289917 21.760000
v 91.411819 -53.176701 21.920000
v 91.626831 -53.012085 22.080000
v 91.773895 -52.815216 22.240000
v 91.722939 -52.663548 22.400000
v 91.689590 -52.673836 22.400000
v 91.010445 -53.247372 21.760000
v 91.295097 -53.162075 21.920000
v 91.525429 -53.019684 22.080000
v 91.691368 -52.838436 22.240000
v 91.655762 -52.682449 22.400000
v 91.621552 -52.689365 22.400000
v 90.888680 -53.192429 21.760000
v 91.180412 -53.135895 21.920000
v 91.423775 -53.017147 22.080000
v 91.606934 -52.853325 22.240000
v 91.587044 -52.694569 22.400000
v 91.552315 -52.698044 22.400000
v 90.772987 -53.125633 21.760000
v 91.068901 -53.098431 21.920000
v 91.322876 -53.004505 22.080000
v 91.521439 -52.859734 22.240000
v 91.517448 -52.699783 22.400000
v 91.482552 -52.699783 22.400000
v 90.664528 -53.047653 21.760000
v 90.961670 -53.050049 21.920000
v 91.223740 -52.981876 22.080000
v 91.435730 -52.857594 22.240000
v 91.447693 -52.698044 22.400000
v 91.412956 -52.694569 22.400000
v 90.564362 -52.959263 21.760000
v 90.859795 -52.991230 21.920000
v 91.127350 -52.949490 22.080000
v 91.350662 -52.846935 22.240000
v 91.378448 -52.689365 22.400000
v 91.344238 -52.682449 22.400000
v 90.473503 -52.861336 21.760000
v 90.764282 -52.922562 21.920000
v 91.034668 -52.907669 22.080000
v 91.267075 -52.827858 22.240000
v 91.310410 -52.673836 22.400000
v 91.277061 -52.663548 22.400000
v 90.392838 -52.754848 21.760000
v 90.676079 -52.844723 21.920000
v 90.946602 -52.856827 22.080000
v 91.185806 -52.800552 22.240000
v 91.244263 -52.651611 22.400000
v 91.212097 -52.638054 22.400000
v 90.323181 -52.640862 21.760000
v 90.596069 -52.758488 21.920000
v 90.864044 -52.797466 22.080000
v 91.107658 -52.765289 22.240000
v 91.180656 -52.622910 22.400000
v 91.150002 -52.606216 22.400000
v 90.265221 -52.520504 21.760000
v 90.525040 -52.664719 21.920000
v 90.787796 -52.730183 22.080000
v 91.033409 -52.722424 22.240000
v 91.120216 -52.588017 22.400000
v 91.091377 -52.568356 22.400000
v 90.219536 -52.394974 21.760000
v 90.463699 -52.564339 21.920000
v 90.718636 -52.655643 22.080000
v 90.963799 -52.672375 22.240000
v 91.063560 -52.547283 22.400000
v 91.036819 -52.524845 22.400000
v 90.186569 -52.265514 21.760000
v 90.412659 -52.458355 21.920000
v 90.657234 -52.574585 22.080000
v 90.899513 -52.615646 22.240000
v 91.011238 -52.501106 22.400000
v 90.986862 -52.476120 22.400000
v 90.166656 -52.133419 21.760000
v 90.372421 -52.347813 21.920000
v 90.604218 -52.487820 22.080000
v 90.841202 -52.552799 22.240000
v 90.963768 -52.449951 22.400000
v 90.942009 -52.422665 22.400000
v 90.343399 -52.233814 21.920000
v 90.560097 -52.396202 22.080000
v 90.789436 -52.484455 22.240000
v 90.921631 -52.394325 22.400000
v 90.902695 -52.365005 22.400000
v 90.325867 -52.117489 21.920000
v 90.525314 -52.300652 22.080000
v 90.744728 -52.411297 22.240000
v 90.885246 -52.334778 22.400000
v 90.869324 -52.303719 22.400000
v 90.500221 -52.202110 22.080000
v 90.707527 -52.334053 22.240000
v 90.854965 -52.271904 22.400000
v 90.842216 -52.239414 22.400000
v 90.485069 -52.101559 22.080000
v 90.678207 -52.253490 22.240000
v 90.831100 -52.206329 22.400000
v 90.821648 -52.172729 22.400000
v 90.657051 -52.170406 22.240000
v 90.813881 -52.138702 22.400000
v 90.807816 -52.104328 22.400000
v 90.644272 -52.085629 22.240000
v 90.803482 -52.069698 22.400000
v 90.800003 -52.000000 22.600000
v 90.800873 -51.965107 22.600000
v 90.803482 -51.930302 22.600000
v 90.807816 -51.895672 22.600000
v 90.813881 -51.861298 22.600000
v 90.821648 -51.827271 22.600000
v 90.831100 -51.793671 22.600000
v 90.842216 -51.760586 22.600000
v 90.854965 -51.728096 22.600000
v 90.869324 -51.696281 22.600000
v 90.885246 -51.665222 22.600000
v 90.902695 -51.634995 22.600000
v 90.921631 -51.605675 22.600000
v 90.942009 -51.577335 22.600000
v 90.963768 -51.550049 22.600000
v 90.986862 -51.523880 22.600000
v 91.011238 -51.498894 22.600000
v 91.036819 -51.475155 22.600000
v 91.063560 -51.452717 22.600000
v 91.091377 -51.431644 22.600000
v 91.120216 -51.411983 22.600000
v 91.150002 -51.393784 22.600000
v 91.180656 -51.377090 22.600000
v 91.212097 -51.361946 22.600000
v 91.244263 -51.348389 22.600000
v 91.277061 -51.336452 22.600000
v 91.310410 -51.326164 22.600000
v 91.344238 -51.317551 22.600000
v 91.378448 -51.310635 22.600000
v 91.412956 -51.305431 22.600000
v 91.447693 -51.301956 22.600000
v 91.482552 -51.300217 22.600000
v 91.517448 -51.300217 22.600000
v 91.552315 -51.301956 22.600000
v 91.587044 -51.305431 22.600000
v 91.621552 -51.310635 22.600000
v 91.655762 -51.317551 22.600000
v 91.689590 -51.326164 22.600000
v 91.722939 -51.336452 22.600000
v 91.755737 -51.348389 22.600000
v 91.787903 -51.361946 22.600000
v 91.819351 -51.377090 22.600000
v 91.849998 -51.393784 22.600000
v 91.879784 -51.411983 22.600000
v 91.908623 -51.431644 22.600000
v 91.936447 -51.452717 22.600000
v 91.963181 -51.475155 22.600000
v 91.988770 -51.498894 22.600000
v 92.013138 -51.523880 22.600000
v 92.036232 -51.550049 22.600000
v 92.057991 -51.577335 22.600000
v 92.078369 -51.605675 22.600000
v 92.097305 -51.634995 22.600000
v 92.114754 -51.665222 22.600000
v 92.130676 -51.696281 22.600000
v 92.145035 -51.728096 22.600000
v 92.157784 -51.760586 22.600000
v 92.168900 -51.793671 22.600000
v 92.178352 -51.827271 22.600000
v 92.186119 -51.861298 22.600000
v 92.192184 -51.895672 22.600000
v 92.196526 -51.930302 22.600000
v 92.199127 -51.965107 22.600000
v 92.199997 -52.000000 22.600000
v 92.199127 -52.034893 22.600000
v 92.196526 -52.069698 22.600000
v 92.192184 -52.104328 22.600000
v 92.186119 -52.138702 22.600000
v 92.178352 -52.172729 22.600000
v 92.168900 -52.206329 22.600000
v 92.157784 -52.239414 22.600000
v 92.145035 -52.271904 22.600000
v 92.130676 -52.303719 22.600000
v 92.114754 -52.334778 22.600000
v 92.097305 -52.365005 22.600000
v 92.078369 -52.394325 22.600000
v 92.057991 -52.422665 22.600000
v 92.036232 -52.449951 22.600000
v 92.013138 -52.476120 22.600000
v 91.988770 -52.501106 22.600000
v 91.963181 -52.524845 22.600000
v 91.936447 -52.547283 22.600000
v 91.908623 -52.568356 22.600000
v 91.879784 -52.588017 22.600000
v 91.849998 -52.606216 22.600000
v 91.819351 -52.622910 22.600000
v 91.787903 -52.638054 22.600000
v 91.755737 -52.651611 22.600000
v 91.722939 -52.663548 22.600000
v 91.689590 -52.673836 22.600000
v 91.655762 -52.682449 22.600000
v 91.621552 -52.689365 22.600000
v 91.587044 -52.694569 22.600000
v 91.552315 -52.698044 22.600000
v 91.517448 -52.699783 22.600000
v 91.482552 -52.699783 22.600000
v 91.447693 -52.698044 22.600000
v 91.412956 -52.694569 22.600000
v 91.378448 -52.689365 22.600000
v 91.344238 -52.682449 22.600000
v 91.310410 -52.673836 22.600000
v 91.277061 -52.663548 22.600000
v 91.244263 -52.651611 22.600000
v 91.212097 -52.638054 22.600000
v 91.180656 -52.622910 22.600000
v 91.150002 -52.606216 22.600000
v 91.120216 -52.588017 22.600000
v 91.091377 -52.568356 22.600000
v 91.063560 -52.547283 22.600000
v 91.036819 -52.524845 22.600000
v 91.011238 -52.501106 22.600000
v 90.986862 -52.476120 22.600000
v 90.963768 -52.449951 22.600000
v 90.942009 -52.422665 22.600000
v 90.921631 -52.394325 22.600000
v 90.902695 -52.365005 22.600000
v 90.885246 -52.334778 22.600000
v 90.869324 -52.303719 22.600000
v 90.854965 -52.271904 22.600000
v 90.842216 -52.239414 22.600000
v 90.831100 -52.206329 22.600000
v 90.821648 -52.172729 22.600000
v 90.813881 -52.138702 22.600000
v 90.807816 -52.104328 22.600000
v 90.803482 -52.069698 22.600000
v 90.800873 -52.034893 22.600000
vn -0.000000 0.000000 -1.000000
vn 0.000000 0.000000 -1.000000
vn -0.000000 0.000000 -1.000000
vn 0.000000 0.000000 -1.000000
vn 0.000000 0.000000 -1.000000
vn -0.000000 0.000000 -1.000000
vn 0.000000 0.000000 -1.000000
vn -0.000000 0.000000 -1.000000
vn 0.000000 0.000000 -1.000000
vn -0.000000 0.000000 -1.000000
vn 0.000000 0.000000 -1.000000
vn -0.000000 0.000000 -1.000000
vn -0.000000 0.000000 -1.000000
vn -0.000000 0.000000 -1.000000
vn -0.000000 0.000000 -1.000000
vn 0.000000 0.000000 -1.000000
vn 0.000000 0.000000 -1.000000
vn 0.000000 0.000000 -1.000000
vn 0.000000 0.000000 -1.000000
vn -0.000000 0.000000 -1.000000
vn 0.000000 0.000000 -1.000000
vn -0.000000 0.000000 -1.000000
vn -0.000000 0.000000 -1.000000
vn 0.000000 0.000000 -1.000000
vn 0.000000 0.000000 -1.000000
vn -0.000000 0.000000 -1.000000
vn -0.000000 0.000000 -1.000000
vn 0.000000 0.000000 -1.000000
vn -0.000000 0.000000 -1.000000
vn 0.000000 0.000000 -1.000000
vn 0.000000 0.000000 -1.000000
vn -0.000000 0.000000 -1.000000
vn -0.000000 0.000000 -1.000000
vn -0.000000 0.000000 -1.000000
vn 0.000000 0.000000 -1.000000
vn 0.000000 0.000000 -1.000000
vn -0.000000 0.000000 -1.000000
vn 0.000000 0.000000 -1.000000
vn 0.000000 0.000000 -1.000000
vn -0.000000 0.000000 -1.000000
vn 0.000000 0.000000 -1.000000
vn -0.000000 0.000000 -1.000000
vn -0.000000 0.000000 -1.000000
vn 0.000000 0.000000 -1.000000
vn -0.000000 0.000000 -1.000000
vn 0.000000 0.000000 -1.000000
vn 0.000000 0.000000 -1.000000
vn -0.000000 0.000000 -1.000000
vn -0.000000 0.000000 -1.000000
vn 0.000000 0.000000 -1.000000
vn -0.000000 0.000000 -1.000000
vn -0.000000 0.000000 -1.000000
vn 0.000000 0.000000 -1.000000
vn 0.000000 0.000000 -1.000000
vn -0.000000 0.000000 -1.000000
vn 0.000000 0.000000 -1.000000
vn 0.000000 0.000000 -1.000000
vn -0.000000 0.000000 -1.000000
vn -0.000000 0.000000 -1.000000
vn 0.000000 0.000000 -1.000000
vn 0.000000 0.000000 -1.000000
vn 0.000000 0.000000 -1.000000
vn -0.000000 0.000000 -1.000000
vn 0.000000 0.000000 -1.000000
vn 0.000000 0.000000 -1.000000
vn -0.000000 0.000000 -1.000000
vn 0.000000 0.000000 -1.000000
vn -0.000000 0.000000 -1.000000
vn 0.000000 0.000000 -1.000000
vn -0.000000 0.000000 -1.000000
vn 0.000000 -0.000000 -1.000000
vn 0.000000 -0.000000 -1.000000
vn -0.000000 0.000000 -1.000000
vn 0.000000 0.000000 -1.000000
vn 0.000000 0.000000 -1.000000
vn -0.000000 0.000000 -1.000000
vn 0.000000 0.000000 -1.000000
vn 0.000000 0.000000 -1.000000
vn -0.000000 0.000000 -1.000000
vn 0.000000 -0.000000 -1.000000
vn 0.000000 0.000000 -1.000000
vn 0.000000 0.000000 -1.000000
vn 0.000000 -0.000000 -1.000000
vn -0.000000 0.000000 -1.000000
vn 0.000000 0.000000 -1.000000
vn 0.000000 0.000000 -1.000000
vn 0.000000 -0.000000 -1.000000
vn -0.000000 0.000000 -1.000000
vn 0.000000 0.000000 -1.000000
vn 0.000000 0.000000 -1.000000
vn 0.000000 -0.000000 -1.000000
vn -0.000000 0.000000 -1.000000
vn 0.000000 0.000000 -1.000000
vn 0.000000 0.000000 -1.000000
vn -0.000000 0.000000 -1.000000
vn 0.000000 -0.000000 -1.000000
vn 0.000000 0.000000 -1.000000
vn 0.000000 0.000000 -1.000000
vn -0.000000 0.000000 -1.000000
vn 0.000000 -0.000000 -1.000000
vn 0.000000 0.000000 -1.000000
vn 0.000000 0.000000 -1.000000
vn 0.000000 -0.000000 -1.000000
vn -0.000000 0.000000 -1.000000
vn 0.000000 0.000000 -1.000000
vn 0.000000 0.000000 -1.000000
vn 0.000000 -0.000000 -1.000000
vn -0.000000 0.000000 -1.000000
vn 0.000000 0.000000 -1.000000
vn 0.000000 0.000000 -1.000000
vn 0.000000 -0.000000 -1.000000
vn -0.000000 0.000000 -1.000000
vn 0.000000 0.000000 -1.000000
vn 0.000000 0.000000 -1.000000
vn 0.000000 -0.000000 -1.000000
vn -0.000000 0.000000 -1.000000
vn 0.000000 0.000000 -1.000000
vn 0.000000 0.000000 -1.000000
vn 0.000000 -0.000000 -1.000000
vn -0.000000 0.000000 -1.000000
vn 0.000000 0.000000 -1.000000
vn 0.000000 0.000000 -1.000000
vn 0.000000 -0.000000 -1.000000
vn -0.000000 0.000000 -1.000000
vn 0.000000 0.000000 -1.000000
vn -0.000000 0.000000 -1.000000
vn 0.000000 0.000000 -1.000000
vn 0.000000 0.000000 -1.000000
vn -0.000000 0.000000 -1.000000
vn 0.000000 -0.000000 -1.000000
vn -0.000000 0.000000 -1.000000
vn 0.000000 0.000000 -1.000000
vn 0.000000 -0.000000 -1.000000
vn -0.000000 0.000000 -1.000000
vn 0.000000 0.000000 -1.000000
vn 0.000000 0.000000 -1.000000
vn 0.000000 -0.000000 -1.000000
vn 0.000000 -0.000000 -1.000000
vn -0.000000 0.000000 -1.000000
vn 0.000000 0.000000 -1.000000
vn 0.000000 0.000000 -1.000000
vn -0.000000 0.000000 -1.000000
vn 0.000000 0.000000 -1.000000
vn 0.000000 0.000000 -1.000000
vn 0.000000 0.000000 -1.000000
vn 0.000000 -0.000000 -1.000000
vn -0.000000 0.000000 -1.000000
vn 0.000000 0.000000 -1.000000
vn 0.000000 0.000000 -1.000000
vn 0.000000 -0.000000 -1.000000
vn -0.000000 0.000000 -1.000000
vn 0.000000 0.000000 -1.000000
vn 0.000000 -0.000000 -1.000000
vn -0.000000 0.000000 -1.000000
vn 0.000000 0.000000 -1.000000
vn 0.000000 0.000000 -1.000000
vn 0.000000 -0.000000 -1.000000
vn -0.000000 0.000000 -1.000000
vn 0.000000 0.000000 -1.000000
vn 0.000000 0.000000 -1.000000
vn 0.000000 -0.000000 -1.000000
vn -0.000000 0.000000 -1.000000
vn 0.000000 0.000000 -1.000000
vn 0.000000 0.000000 -1.000000
vn 0.000000 -0.000000 -1.000000
vn -0.000000 0.000000 -1.000000
vn 0.000000 0.000000 -1.000000
vn 0.000000 0.000000 -1.000000
vn 0.000000 -0.000000 -1.000000
vn 0.000000 -0.000000 -1.000000
vn -0.000000 0.000000 -1.000000
vn 0.000000 0.000000 -1.000000
vn 0.000000 0.000000 -1.000000
vn -0.000000 0.000000 -1.000000
vn 0.000000 0.000000 -1.000000
vn 0.000000 0.000000 -1.000000
vn 0.000000 -0.000000 -1.000000
vn -0.000000 0.000000 -1.000000
vn 0.000000 0.000000 -1.000000
vn 0.000000 0.000000 -1.000000
vn 0.000000 -0.000000 -1.000000
vn -0.000000 0.000000 -1.000000
vn 0.000000 0.000000 -1.000000
vn -0.000000 0.000000 -1.000000
vn 0.000000 0.000000 -1.000000
vn -0.000000 0.000000 -1.000000
vn 0.000000 0.000000 -1.000000
vn -0.000000 0.000000 -1.000000
vn 0.000000 0.000000 -1.000000
vn -0.000000 0.000000 -1.000000
vn 0.000000 0.000000 -1.000000
vn 0.000000 0.000000 -1.000000
vn -0.000000 0.000000 -1.000000
vn -0.000000 0.000000 -1.000000
vn 0.000000 0.000000 -1.000000
vn -0.000000 0.000000 -1.000000
vn -0.000000 0.000000 -1.000000
vn 0.000000 0.000000 -1.000000
vn -0.000000 0.000000 -1.000000
vn 0.000000 0.000000 -1.000000
vn -0.000000 0.000000 -1.000000
vn 0.000000 0.000000 -1.000000
vn 0.000000 0.000000 -1.000000
vn -0.000000 0.000000 -1.000000
vn -0.000000 0.000000 -1.000000
vn -0.000000 0.000000 -1.000000
vn 0.000000 0.000000 -1.000000
vn 0.000000 0.000000 -1.000000
vn -0.000000 0.000000 -1.000000
vn -0.000000 0.000000 -1.000000
vn 0.000000 0.000000 -1.000000
vn 0.000000 0.000000 -1.000000
vn -0.000000 0.000000 -1.000000
vn 0.000000 0.000000 -1.000000
vn 0.000000 0.000000 -1.000000
vn -0.000000 0.000000 -1.000000
vn 0.000000 0.000000 -1.000000
vn -0.000000 0.000000 -1.000000
vn -0.000000 0.000000 -1.000000
vn 0.000000 0.000000 -1.000000
vn -0.000000 0.000000 -1.000000
vn 0.000000 0.000000 -1.000000
vn 0.000000 0.000000 -1.000000
vn -0.000000 0.000000 -1.000000
vn 0.000000 0.000000 -1.000000
vn -0.000000 0.000000 -1.000000
vn 0.000000 0.000000 -1.000000
vn -0.000000 0.000000 -1.000000
vn 0.000000 0.000000 -1.000000
vn -0.000000 0.000000 -1.000000
vn 0.000000 0.000000 -1.000000
vn -0.000000 0.000000 -1.000000
vn -0.000000 0.000000 -1.000000
vn -0.000000 0.000000 -1.000000
vn 0.000000 0.000000 -1.000000
vn 0.000000 0.000000 -1.000000
vn -0.000000 0.000000 -1.000000
vn 0.000000 0.000000 -1.000000
vn 0.000000 0.000000 -1.000000
vn -0.000000 0.000000 -1.000000
vn -0.000000 0.000000 -1.000000
vn 0.000000 0.000000 -1.000000
vn -0.000000 0.000000 -1.000000
vn -0.000000 0.000000 -1.000000
vn 0.000000 0.000000 -1.000000
vn -0.000000 0.000000 -1.000000
vn 0.000000 0.000000 -1.000000
vn 0.000000 0.000000 -1.000000
vn -0.000000 0.000000 -1.000000
vn -0.000000 0.000000 -1.000000
vn 0.000000 0.000000 -1.000000
vn 0.000000 0.000000 -1.000000
vn 0.706989 -0.017603 -0.707006
vn 0.706989 -0.017624 -0.707005
vn 0.706989 0.017602 -0.707006
vn 0.706989 0.017623 -0.707005
vn 0.705242 -0.052880 -0.706992
vn 0.701733 -0.087942 -0.706992
vn 0.702554 -0.035032 -0.710767
vn 0.696472 -0.122785 -0.707001
vn 0.689473 -0.157408 -0.707001
vn 0.695580 -0.104855 -0.710756
vn 0.680782 -0.191536 -0.707000
vn 0.670389 -0.225231 -0.707000
vn 0.681681 -0.173594 -0.710758
vn 0.706675 -0.035289 -0.706658
vn 0.706657 -0.035236 -0.706678
vn 0.658338 -0.258343 -0.707000
vn 0.644628 -0.290870 -0.707000
vn 0.661020 -0.240568 -0.710760
vn 0.699636 -0.105467 -0.706673
vn 0.699632 -0.105449 -0.706679
vn 0.629318 -0.322685 -0.706988
vn 0.612492 -0.353582 -0.706989
vn 0.633773 -0.305206 -0.710761
vn 0.685675 -0.174611 -0.706654
vn 0.685669 -0.174561 -0.706673
vn 0.706659 -0.035249 -0.706676
vn 0.706670 -0.035289 -0.706662
vn 0.594076 -0.383715 -0.706991
vn 0.574237 -0.412813 -0.706992
vn 0.600238 -0.366794 -0.710758
vn 0.664881 -0.241973 -0.706670
vn 0.664882 -0.242017 -0.706654
vn 0.699652 -0.105431 -0.706662
vn 0.699655 -0.105453 -0.706656
vn 0.552893 -0.440987 -0.706994
vn 0.530283 -0.467932 -0.706994
vn 0.560716 -0.424750 -0.710764
vn 0.637473 -0.306995 -0.706670
vn 0.637473 -0.306988 -0.706673
vn 0.685672 -0.174561 -0.706670
vn 0.685676 -0.174604 -0.706656
vn 0.706675 -0.035260 -0.706659
vn 0.708583 -0.035355 -0.704742
vn 0.705225 -0.052868 -0.707009
vn 0.701731 -0.087804 -0.707011
vn 0.706673 -0.035250 -0.706662
vn 0.506271 -0.493809 -0.706995
vn 0.481045 -0.518414 -0.706996
vn 0.515661 -0.478449 -0.710761
vn 0.603736 -0.368939 -0.706673
vn 0.603738 -0.368932 -0.706675
vn 0.664864 -0.242011 -0.706673
vn 0.664864 -0.242020 -0.706670
vn 0.701551 -0.105753 -0.704729
vn 0.696451 -0.122896 -0.707003
vn 0.689480 -0.157375 -0.707001
vn 0.699647 -0.105466 -0.706662
vn 0.699642 -0.105430 -0.706672
vn 0.454569 -0.541768 -0.707003
vn 0.427034 -0.563727 -0.707003
vn 0.465434 -0.527431 -0.710766
vn 0.563997 -0.427236 -0.706666
vn 0.564003 -0.427213 -0.706675
vn 0.637470 -0.306993 -0.706673
vn 0.637470 -0.306996 -0.706672
vn 0.687529 -0.175070 -0.704737
vn 0.680782 -0.191539 -0.707000
vn 0.670390 -0.225228 -0.707000
vn 0.685661 -0.174600 -0.706671
vn 0.685661 -0.174595 -0.706672
vn 0.398378 -0.584339 -0.706995
vn 0.368769 -0.603463 -0.706995
vn 0.410639 -0.571129 -0.710765
vn 0.518678 -0.481244 -0.706666
vn 0.518677 -0.481247 -0.706665
vn 0.603758 -0.368901 -0.706674
vn 0.603748 -0.368946 -0.706659
vn 0.664881 -0.241970 -0.706671
vn 0.658344 -0.258329 -0.707000
vn 0.644605 -0.290922 -0.707000
vn 0.664878 -0.242025 -0.706655
vn 0.666690 -0.242628 -0.704738
vn 0.338231 -0.621090 -0.706999
vn 0.306835 -0.637186 -0.706998
vn 0.351712 -0.609197 -0.710759
vn 0.468165 -0.530515 -0.706665
vn 0.468161 -0.530522 -0.706662
vn 0.564004 -0.427240 -0.706658
vn 0.564011 -0.427218 -0.706666
vn 0.639201 -0.307834 -0.704741
vn 0.629332 -0.322627 -0.707003
vn 0.612483 -0.353568 -0.707003
vn 0.637484 -0.307003 -0.706656
vn 0.637484 -0.307007 -0.706655
vn 0.274723 -0.651672 -0.707001
vn 0.241872 -0.664566 -0.707001
vn 0.289309 -0.641189 -0.710758
vn 0.413034 -0.574483 -0.706663
vn 0.413042 -0.574470 -0.706668
vn 0.518681 -0.481241 -0.706666
vn 0.468165 -0.530515 -0.706665
vn 0.518679 -0.481245 -0.706665
vn 0.603758 -0.368901 -0.706674
vn 0.594090 -0.383693 -0.706991
vn 0.574188 -0.412883 -0.706991
vn 0.605376 -0.369965 -0.704731
vn 0.603740 -0.368966 -0.706656
vn 0.224029 -0.666805 -0.710762
vn 0.208446 -0.675798 -0.706999
vn 0.174511 -0.685346 -0.706998
vn 0.353777 -0.612748 -0.706669
vn 0.353769 -0.612759 -0.706664
vn 0.468148 -0.530522 -0.706671
vn 0.563997 -0.427235 -0.706666
vn 0.552953 -0.440909 -0.706995
vn 0.530258 -0.467957 -0.706996
vn 0.565549 -0.428372 -0.704735
vn 0.564009 -0.427205 -0.706675
vn 0.140146 -0.693189 -0.707000
vn 0.105395 -0.699317 -0.706999
vn 0.156534 -0.685797 -0.710759
vn 0.290998 -0.644935 -0.706668
vn 0.225339 -0.670704 -0.706667
vn 0.290992 -0.644941 -0.706664
vn 0.413041 -0.574469 -0.706670
vn 0.413033 -0.574481 -0.706665
vn 0.518678 -0.481245 -0.706666
vn 0.506214 -0.493849 -0.707008
vn 0.481074 -0.518371 -0.707008
vn 0.520089 -0.482554 -0.704734
vn 0.518680 -0.481240 -0.706668
vn 0.070424 -0.703700 -0.706999
vn 0.035245 -0.706336 -0.706999
vn 0.087468 -0.697976 -0.710759
vn 0.225346 -0.670704 -0.706664
vn 0.353760 -0.612763 -0.706665
vn 0.353775 -0.612746 -0.706672
vn 0.468164 -0.530511 -0.706668
vn 0.468154 -0.530528 -0.706663
vn 0.454536 -0.541796 -0.707004
vn 0.427067 -0.563702 -0.707004
vn 0.469439 -0.531957 -0.704733
vn 0.000000 -0.707216 -0.706997
vn -0.035241 -0.706338 -0.706997
vn 0.017536 -0.703217 -0.710759
vn 0.157446 -0.689809 -0.706664
vn 0.087979 -0.702057 -0.706665
vn 0.157449 -0.689807 -0.706666
vn 0.290994 -0.644944 -0.706661
vn 0.291019 -0.644921 -0.706672
vn 0.413030 -0.574486 -0.706663
vn 0.398400 -0.584325 -0.706995
vn 0.368720 -0.603493 -0.706995
vn 0.414152 -0.576047 -0.704732
vn 0.413042 -0.574471 -0.706668
vn -0.070431 -0.703700 -0.706998
vn -0.105395 -0.699318 -0.706998
vn -0.052570 -0.701465 -0.710762
vn 0.087981 -0.702057 -0.706665
vn 0.225347 -0.670706 -0.706663
vn 0.225343 -0.670708 -0.706662
vn 0.354733 -0.614418 -0.704737
vn 0.353771 -0.612752 -0.706669
vn 0.291021 -0.644927 -0.706665
vn 0.338216 -0.621094 -0.707003
vn 0.306902 -0.637149 -0.707003
vn 0.353760 -0.612763 -0.706665
vn -0.122147 -0.692747 -0.710762
vn -0.140146 -0.693192 -0.706996
vn -0.174512 -0.685349 -0.706995
vn 0.017639 -0.707326 -0.706667
vn 0.017633 -0.707329 -0.706665
vn 0.157442 -0.689810 -0.706665
vn 0.157446 -0.689807 -0.706666
vn 0.291794 -0.646692 -0.704731
vn 0.290999 -0.644930 -0.706671
vn 0.274682 -0.651693 -0.706998
vn 0.241888 -0.664564 -0.706997
vn -0.190519 -0.677146 -0.710757
vn -0.208446 -0.675800 -0.706997
vn -0.241873 -0.664570 -0.706997
vn -0.052877 -0.705568 -0.706666
vn -0.052874 -0.705567 -0.706667
vn -0.122861 -0.696800 -0.706665
vn 0.087976 -0.702055 -0.706667
vn 0.087980 -0.702053 -0.706669
vn 0.225964 -0.672526 -0.704733
vn 0.208452 -0.675797 -0.706998
vn 0.174506 -0.685348 -0.706998
vn 0.225349 -0.670696 -0.706671
vn 0.225341 -0.670702 -0.706669
vn -0.256997 -0.654805 -0.710762
vn -0.274724 -0.651676 -0.706997
vn -0.306835 -0.637188 -0.706996
vn -0.122870 -0.696794 -0.706669
vn 0.017633 -0.707326 -0.706667
vn -0.052874 -0.705568 -0.706667
vn 0.017638 -0.707324 -0.706669
vn 0.157864 -0.691686 -0.704733
vn 0.140139 -0.693194 -0.706995
vn 0.105408 -0.699319 -0.706995
vn 0.157441 -0.689804 -0.706670
vn 0.157436 -0.689807 -0.706668
vn -0.320916 -0.625963 -0.710763
vn -0.338229 -0.621088 -0.707001
vn -0.368766 -0.603458 -0.707001
vn -0.191624 -0.681101 -0.706670
vn -0.191632 -0.681101 -0.706667
vn -0.052874 -0.705568 -0.706667
vn 0.088232 -0.703965 -0.704733
vn 0.087992 -0.702051 -0.706670
vn 0.070401 -0.703700 -0.707001
vn 0.035247 -0.706335 -0.707000
vn 0.087976 -0.702058 -0.706665
vn -0.381636 -0.590909 -0.710761
vn -0.398376 -0.584336 -0.707000
vn -0.427036 -0.563730 -0.706999
vn -0.258490 -0.658639 -0.706667
vn -0.258501 -0.658639 -0.706663
vn -0.122853 -0.696798 -0.706668
vn -0.122872 -0.696801 -0.706662
vn 0.017678 -0.709251 -0.704735
vn 0.017638 -0.707326 -0.706667
vn 0.000000 -0.707216 -0.706997
vn -0.035240 -0.706338 -0.706997
vn 0.017630 -0.707329 -0.706665
vn -0.438594 -0.549960 -0.710759
vn -0.454569 -0.541767 -0.707004
vn -0.481039 -0.518408 -0.707004
vn -0.322789 -0.629631 -0.706662
vn -0.322796 -0.629631 -0.706660
vn -0.191644 -0.681105 -0.706661
vn -0.191625 -0.681104 -0.706667
vn -0.258490 -0.658639 -0.706667
vn -0.052874 -0.705568 -0.706667
vn -0.070417 -0.703703 -0.706996
vn -0.105408 -0.699319 -0.706995
vn -0.053018 -0.707490 -0.704732
vn -0.052873 -0.705567 -0.706667
vn -0.491153 -0.503577 -0.710759
vn -0.506272 -0.493809 -0.706995
vn -0.530246 -0.467971 -0.706995
vn -0.383888 -0.594360 -0.706658
vn -0.383868 -0.594364 -0.706666
vn -0.258505 -0.658626 -0.706673
vn -0.322783 -0.629621 -0.706674
vn -0.122853 -0.696797 -0.706669
vn -0.140138 -0.693191 -0.706999
vn -0.174505 -0.685346 -0.706999
vn -0.122854 -0.696798 -0.706668
vn -0.123189 -0.698696 -0.704733
vn -0.552926 -0.440941 -0.706997
vn -0.574233 -0.412810 -0.706996
vn -0.538859 -0.452163 -0.710760
vn -0.441161 -0.553179 -0.706661
vn -0.441147 -0.553183 -0.706666
vn -0.322777 -0.629628 -0.706671
vn -0.191642 -0.681098 -0.706668
vn -0.192158 -0.682954 -0.704734
vn -0.208452 -0.675798 -0.706997
vn -0.241888 -0.664564 -0.706997
vn -0.191635 -0.681098 -0.706669
vn -0.581217 -0.396250 -0.710755
vn -0.594069 -0.383710 -0.706999
vn -0.612483 -0.353577 -0.706999
vn -0.494036 -0.506518 -0.706660
vn -0.494026 -0.506522 -0.706664
vn -0.383884 -0.594353 -0.706666
vn -0.383869 -0.594357 -0.706671
vn -0.258487 -0.658637 -0.706669
vn -0.258509 -0.658635 -0.706663
vn -0.259191 -0.660431 -0.704734
vn -0.322780 -0.629635 -0.706663
vn -0.274683 -0.651695 -0.706996
vn -0.306844 -0.637184 -0.706996
vn -0.617777 -0.336423 -0.710754
vn -0.629307 -0.322679 -0.707002
vn -0.644626 -0.290869 -0.707002
vn -0.542009 -0.454806 -0.706667
vn -0.542014 -0.454803 -0.706664
vn -0.494028 -0.506509 -0.706672
vn -0.441144 -0.553180 -0.706671
vn -0.441159 -0.553174 -0.706666
vn -0.338281 -0.621059 -0.707002
vn -0.322792 -0.629624 -0.706667
vn -0.368716 -0.603487 -0.707002
vn -0.323673 -0.631341 -0.704731
vn -0.648195 -0.273227 -0.710767
vn -0.658339 -0.258343 -0.707000
vn -0.670390 -0.225231 -0.707000
vn -0.584617 -0.398555 -0.706666
vn -0.584608 -0.398561 -0.706670
vn -0.494034 -0.506496 -0.706677
vn -0.383872 -0.594361 -0.706666
vn -0.383865 -0.594364 -0.706668
vn -0.398397 -0.584321 -0.707000
vn -0.426994 -0.563761 -0.707000
vn -0.384911 -0.595983 -0.704732
vn -0.680785 -0.191537 -0.706997
vn -0.689476 -0.157409 -0.706998
vn -0.672183 -0.207339 -0.710760
vn -0.621378 -0.338384 -0.706672
vn -0.621383 -0.338380 -0.706670
vn -0.542005 -0.454795 -0.706677
vn -0.584607 -0.398549 -0.706678
vn -0.542004 -0.454795 -0.706677
vn -0.441144 -0.553186 -0.706666
vn -0.454614 -0.541733 -0.707002
vn -0.481000 -0.518446 -0.707002
vn -0.442345 -0.554691 -0.704733
vn -0.441162 -0.553178 -0.706661
vn -0.494046 -0.506508 -0.706660
vn -0.696481 -0.122786 -0.706992
vn -0.701732 -0.087942 -0.706992
vn -0.689479 -0.139404 -0.710764
vn -0.651968 -0.274865 -0.706673
vn -0.652001 -0.274831 -0.706656
vn -0.584601 -0.398573 -0.706670
vn -0.495402 -0.507871 -0.704730
vn -0.494056 -0.506491 -0.706665
vn -0.506301 -0.493779 -0.706995
vn -0.530259 -0.467958 -0.706994
vn -0.699942 -0.070024 -0.710758
vn -0.705228 -0.052879 -0.707006
vn -0.706988 -0.017603 -0.707006
vn -0.693513 -0.140220 -0.706667
vn -0.676134 -0.208525 -0.706654
vn -0.676113 -0.208551 -0.706666
vn -0.651982 -0.274871 -0.706658
vn -0.621394 -0.338385 -0.706658
vn -0.621365 -0.338412 -0.706671
vn -0.542012 -0.454802 -0.706667
vn -0.543496 -0.456036 -0.704729
vn -0.552951 -0.440908 -0.706997
vn -0.574182 -0.412879 -0.706997
vn -0.542020 -0.454797 -0.706664
vn -0.703433 0.000000 -0.710762
vn -0.706988 0.017602 -0.707006
vn -0.705228 0.052879 -0.707006
vn -0.693515 -0.140233 -0.706662
vn -0.651985 -0.274830 -0.706671
vn -0.584584 -0.398600 -0.706667
vn -0.584610 -0.398579 -0.706658
vn -0.586179 -0.399687 -0.704730
vn -0.594083 -0.383688 -0.707000
vn -0.612487 -0.353570 -0.706999
vn -0.699942 0.070024 -0.710759
vn -0.701732 0.087942 -0.706993
vn -0.696480 0.122786 -0.706993
vn -0.704039 -0.070434 -0.706660
vn -0.704036 -0.070439 -0.706662
vn -0.676117 -0.208526 -0.706670
vn -0.676121 -0.208521 -0.706668
vn -0.621365 -0.338413 -0.706669
vn -0.621398 -0.338380 -0.706657
vn -0.623075 -0.339294 -0.704739
vn -0.629332 -0.322627 -0.707002
vn -0.644602 -0.290921 -0.707003
vn -0.689476 0.157413 -0.706997
vn -0.680786 0.191537 -0.706996
vn -0.689479 0.139402 -0.710764
vn -0.707554 0.000000 -0.706660
vn -0.707554 0.000000 -0.706660
vn -0.704020 -0.070437 -0.706679
vn -0.693500 -0.140230 -0.706678
vn -0.693516 -0.140203 -0.706667
vn -0.651986 -0.274829 -0.706671
vn -0.651985 -0.274830 -0.706671
vn -0.653767 -0.275579 -0.704731
vn -0.658344 -0.258329 -0.707000
vn -0.670391 -0.225228 -0.707000
vn -0.672183 0.207342 -0.710760
vn -0.670391 0.225225 -0.707001
vn -0.658337 0.258343 -0.707001
vn -0.704039 0.070439 -0.706660
vn -0.704037 0.070434 -0.706662
vn -0.704021 -0.070445 -0.706676
vn -0.676113 -0.208538 -0.706671
vn -0.676120 -0.208527 -0.706667
vn -0.677955 -0.209107 -0.704735
vn -0.680784 -0.191539 -0.706997
vn -0.689484 -0.157375 -0.706997
vn -0.644625 0.290876 -0.707001
vn -0.629308 0.322680 -0.707000
vn -0.648196 0.273223 -0.710768
vn -0.693512 0.140218 -0.706668
vn -0.693516 0.140236 -0.706661
vn -0.707537 0.000000 -0.706676
vn -0.707537 0.000000 -0.706676
vn -0.704022 0.070438 -0.706677
vn -0.693521 -0.140204 -0.706663
vn -0.693514 -0.140217 -0.706667
vn -0.695400 -0.140598 -0.704735
vn -0.696462 -0.122898 -0.706991
vn -0.701730 -0.087958 -0.706992
vn -0.612486 0.353568 -0.707001
vn -0.594062 0.383717 -0.707002
vn -0.617776 0.336428 -0.710753
vn -0.676123 0.208557 -0.706655
vn -0.676121 0.208521 -0.706668
vn -0.704018 0.070446 -0.706679
vn -0.705953 -0.070649 -0.704727
vn -0.704034 -0.070457 -0.706663
vn -0.704038 -0.070446 -0.706660
vn -0.705238 -0.052715 -0.707008
vn -0.706988 -0.017623 -0.707006
vn -0.581221 0.396246 -0.710754
vn -0.574235 0.412812 -0.706994
vn -0.552935 0.440934 -0.706994
vn -0.651988 0.274821 -0.706672
vn -0.651987 0.274868 -0.706655
vn -0.693510 0.140235 -0.706667
vn -0.693505 0.140198 -0.706679
vn -0.707554 0.000000 -0.706660
vn -0.707554 0.000000 -0.706660
vn -0.709463 0.000000 -0.704743
vn -0.706988 0.017623 -0.707006
vn -0.705238 0.052715 -0.707008
vn -0.538859 0.452163 -0.710760
vn -0.530246 0.467971 -0.706995
vn -0.506272 0.493809 -0.706995
vn -0.621378 0.338383 -0.706672
vn -0.621378 0.338390 -0.706670
vn -0.676120 0.208527 -0.706667
vn -0.676120 0.208521 -0.706669
vn -0.651974 0.274863 -0.706669
vn -0.701729 0.087962 -0.706993
vn -0.696462 0.122898 -0.706992
vn -0.704037 0.070456 -0.706660
vn -0.704035 0.070447 -0.706662
vn -0.693522 0.140201 -0.706662
vn -0.705953 0.070647 -0.704726
vn -0.491153 0.503577 -0.710759
vn -0.481031 0.518419 -0.707002
vn -0.454581 0.541761 -0.707001
vn -0.584614 0.398559 -0.706666
vn -0.542009 0.454806 -0.706667
vn -0.584617 0.398548 -0.706670
vn -0.651998 0.274836 -0.706657
vn -0.689487 0.157367 -0.706996
vn -0.680785 0.191540 -0.706996
vn -0.695399 0.140601 -0.704736
vn -0.693512 0.140220 -0.706668
vn -0.438594 0.549960 -0.710759
vn -0.427027 0.563742 -0.706996
vn -0.398390 0.584330 -0.706996
vn -0.542014 0.454803 -0.706664
vn -0.621381 0.338384 -0.706670
vn -0.621374 0.338424 -0.706656
vn -0.670386 0.225239 -0.707001
vn -0.658343 0.258328 -0.707002
vn -0.676117 0.208535 -0.706668
vn -0.676117 0.208526 -0.706670
vn -0.677957 0.209102 -0.704734
vn -0.381636 0.590909 -0.710761
vn -0.368754 0.603469 -0.706998
vn -0.338245 0.621084 -0.706998
vn -0.441161 0.553179 -0.706661
vn -0.494033 0.506514 -0.706665
vn -0.494028 0.506525 -0.706660
vn -0.584609 0.398542 -0.706680
vn -0.584601 0.398573 -0.706670
vn -0.644602 0.290921 -0.707003
vn -0.629332 0.322627 -0.707002
vn -0.651983 0.274834 -0.706671
vn -0.651984 0.274830 -0.706672
vn -0.653763 0.275584 -0.704732
vn -0.320916 0.625963 -0.710763
vn -0.306835 0.637188 -0.706996
vn -0.274709 0.651683 -0.706996
vn -0.441147 0.553183 -0.706666
vn -0.542005 0.454795 -0.706677
vn -0.542007 0.454787 -0.706680
vn -0.612497 0.353554 -0.706999
vn -0.594083 0.383688 -0.707000
vn -0.623078 0.339287 -0.704740
vn -0.584612 0.398581 -0.706656
vn -0.621374 0.338425 -0.706656
vn -0.621387 0.338366 -0.706673
vn -0.256998 0.654809 -0.710758
vn -0.241889 0.664564 -0.706997
vn -0.208446 0.675800 -0.706997
vn -0.383870 0.594367 -0.706662
vn -0.383876 0.594359 -0.706666
vn -0.494028 0.506509 -0.706672
vn -0.494034 0.506496 -0.706677
vn -0.574169 0.412898 -0.706998
vn -0.552951 0.440908 -0.706997
vn -0.586175 0.399695 -0.704729
vn -0.542017 0.454796 -0.706667
vn -0.584579 0.398608 -0.706668
vn -0.190519 0.677146 -0.710757
vn -0.174512 0.685349 -0.706995
vn -0.140146 0.693192 -0.706996
vn -0.258500 0.658635 -0.706667
vn -0.322793 0.629625 -0.706666
vn -0.322788 0.629631 -0.706663
vn -0.441148 0.553177 -0.706671
vn -0.441145 0.553181 -0.706670
vn -0.542026 0.454790 -0.706664
vn -0.530276 0.467939 -0.706994
vn -0.506301 0.493779 -0.706995
vn -0.543502 0.456028 -0.704730
vn -0.122147 0.692747 -0.710762
vn -0.105395 0.699318 -0.706998
vn -0.070414 0.703702 -0.706998
vn -0.258500 0.658635 -0.706667
vn -0.191632 0.681101 -0.706667
vn -0.383879 0.594352 -0.706670
vn -0.383875 0.594357 -0.706668
vn -0.480979 0.518465 -0.707002
vn -0.454636 0.541714 -0.707002
vn -0.494048 0.506499 -0.706665
vn -0.494044 0.506506 -0.706663
vn -0.495395 0.507880 -0.704728
vn -0.052570 0.701469 -0.710758
vn -0.035259 0.706337 -0.706997
vn 0.000000 0.707216 -0.706997
vn -0.191624 0.681101 -0.706670
vn -0.322778 0.629632 -0.706667
vn -0.322785 0.629625 -0.706670
vn -0.441151 0.553181 -0.706666
vn -0.441146 0.553188 -0.706664
vn -0.426997 0.563764 -0.706997
vn -0.398373 0.584342 -0.706996
vn -0.442347 0.554694 -0.704729
vn -0.383881 0.594355 -0.706666
vn 0.035263 0.706339 -0.706995
vn 0.070407 0.703705 -0.706995
vn 0.017536 0.703217 -0.710759
vn -0.122870 0.696794 -0.706669
vn -0.122861 0.696800 -0.706665
vn -0.258507 0.658630 -0.706669
vn -0.258500 0.658635 -0.706667
vn -0.368746 0.603473 -0.706998
vn -0.338283 0.621062 -0.706998
vn -0.384911 0.595983 -0.704732
vn -0.383863 0.594360 -0.706672
vn 0.105395 0.699317 -0.706999
vn 0.140146 0.693189 -0.707000
vn 0.087468 0.697976 -0.710759
vn 0.017639 0.707326 -0.706667
vn -0.052874 0.705569 -0.706666
vn -0.052877 0.705567 -0.706667
vn -0.191625 0.681105 -0.706665
vn -0.191630 0.681102 -0.706667
vn -0.322779 0.629632 -0.706666
vn -0.306812 0.637199 -0.706997
vn -0.274683 0.651695 -0.706996
vn -0.322791 0.629621 -0.706671
vn -0.323674 0.631344 -0.704727
vn 0.174511 0.685346 -0.706998
vn 0.208446 0.675798 -0.706999
vn 0.156534 0.685797 -0.710759
vn 0.017644 0.707324 -0.706669
vn -0.122871 0.696795 -0.706668
vn -0.122866 0.696798 -0.706666
vn -0.259191 0.660431 -0.704734
vn -0.191628 0.681098 -0.706671
vn -0.258505 0.658627 -0.706672
vn -0.241888 0.664564 -0.706997
vn -0.208487 0.675787 -0.706997
vn -0.258488 0.658640 -0.706666
vn 0.241889 0.664563 -0.706997
vn 0.274709 0.651682 -0.706997
vn 0.224029 0.666805 -0.710762
vn 0.087979 0.702053 -0.706669
vn 0.087980 0.702053 -0.706669
vn -0.052874 0.705568 -0.706667
vn -0.052874 0.705568 -0.706667
vn -0.174469 0.685355 -0.707000
vn -0.140138 0.693191 -0.706999
vn -0.192159 0.682958 -0.704730
vn -0.191635 0.681098 -0.706669
vn -0.122865 0.696795 -0.706669
vn 0.306833 0.637183 -0.707002
vn 0.338243 0.621080 -0.707002
vn 0.289316 0.641184 -0.710760
vn 0.157449 0.689804 -0.706669
vn 0.157445 0.689803 -0.706670
vn 0.225339 0.670703 -0.706669
vn 0.017644 0.707328 -0.706665
vn 0.017638 0.707326 -0.706667
vn -0.105446 0.699314 -0.706995
vn -0.070417 0.703703 -0.706996
vn -0.123204 0.698691 -0.704735
vn -0.052874 0.705568 -0.706667
vn -0.122869 0.696795 -0.706668
vn 0.368754 0.603468 -0.706999
vn 0.398389 0.584328 -0.706999
vn 0.351712 0.609197 -0.710759
vn 0.225344 0.670698 -0.706671
vn 0.087976 0.702058 -0.706665
vn 0.087981 0.702059 -0.706663
vn -0.035240 0.706338 -0.706997
vn 0.000000 0.707216 -0.706997
vn -0.053018 0.707490 -0.704732
vn 0.017638 0.707326 -0.706667
vn -0.052873 0.705567 -0.706667
vn 0.427023 0.563736 -0.707003
vn 0.454580 0.541759 -0.707003
vn 0.410634 0.571135 -0.710763
vn 0.290989 0.644934 -0.706672
vn 0.291008 0.644933 -0.706665
vn 0.157455 0.689809 -0.706662
vn 0.157446 0.689808 -0.706665
vn 0.017645 0.707324 -0.706669
vn 0.035247 0.706339 -0.706996
vn 0.070401 0.703704 -0.706997
vn 0.017693 0.709253 -0.704732
vn 0.465436 0.527433 -0.710763
vn 0.481035 0.518423 -0.706995
vn 0.506271 0.493809 -0.706995
vn 0.353768 0.612758 -0.706665
vn 0.413037 0.574478 -0.706665
vn 0.353771 0.612758 -0.706664
vn 0.225347 0.670707 -0.706662
vn 0.225343 0.670707 -0.706663
vn 0.105445 0.699309 -0.707000
vn 0.140138 0.693190 -0.707000
vn 0.087976 0.702053 -0.706669
vn 0.087977 0.702054 -0.706669
vn 0.088217 0.703969 -0.704731
vn 0.515665 0.478443 -0.710762
vn 0.530281 0.467930 -0.706996
vn 0.552898 0.440976 -0.706996
vn 0.468161 0.530522 -0.706662
vn 0.413034 0.574483 -0.706663
vn 0.353767 0.612750 -0.706673
vn 0.291023 0.644931 -0.706660
vn 0.290989 0.644935 -0.706671
vn 0.157863 0.691682 -0.704737
vn 0.225342 0.670706 -0.706665
vn 0.157435 0.689805 -0.706670
vn 0.174469 0.685357 -0.706998
vn 0.208487 0.675786 -0.706998
vn 0.157455 0.689807 -0.706664
vn 0.574237 0.412813 -0.706992
vn 0.594071 0.383723 -0.706991
vn 0.560716 0.424750 -0.710764
vn 0.468169 0.530507 -0.706668
vn 0.353758 0.612760 -0.706668
vn 0.413031 0.574478 -0.706669
vn 0.225963 0.672522 -0.704737
vn 0.291021 0.644925 -0.706667
vn 0.241887 0.664560 -0.707001
vn 0.274680 0.651690 -0.707002
vn 0.225351 0.670700 -0.706667
vn 0.600235 0.366798 -0.710759
vn 0.612498 0.353575 -0.706987
vn 0.629320 0.322686 -0.706986
vn 0.518681 0.481241 -0.706666
vn 0.518677 0.481243 -0.706668
vn 0.468165 0.530503 -0.706673
vn 0.413039 0.574467 -0.706673
vn 0.291015 0.644930 -0.706665
vn 0.306872 0.637168 -0.706998
vn 0.338218 0.621097 -0.706999
vn 0.291807 0.646684 -0.704733
vn 0.644625 0.290877 -0.707000
vn 0.658338 0.258343 -0.707000
vn 0.633774 0.305206 -0.710760
vn 0.563993 0.427232 -0.706672
vn 0.603737 0.368938 -0.706673
vn 0.564006 0.427224 -0.706666
vn 0.468152 0.530527 -0.706665
vn 0.368746 0.603473 -0.706999
vn 0.398371 0.584340 -0.706999
vn 0.354722 0.614427 -0.704735
vn 0.353762 0.612763 -0.706664
vn 0.353760 0.612763 -0.706665
vn 0.670391 0.225225 -0.707000
vn 0.680782 0.191536 -0.707000
vn 0.661021 0.240565 -0.710760
vn 0.603736 0.368939 -0.706673
vn 0.518678 0.481244 -0.706666
vn 0.518682 0.481242 -0.706665
vn 0.564006 0.427224 -0.706666
vn 0.427069 0.563705 -0.707000
vn 0.454561 0.541779 -0.707000
vn 0.413039 0.574477 -0.706665
vn 0.413045 0.574475 -0.706663
vn 0.414164 0.576041 -0.704730
vn 0.689471 0.157412 -0.707002
vn 0.696471 0.122785 -0.707002
vn 0.681681 0.173594 -0.710758
vn 0.637473 0.306989 -0.706673
vn 0.637474 0.306988 -0.706672
vn 0.664881 0.241969 -0.706671
vn 0.603746 0.368945 -0.706661
vn 0.564002 0.427238 -0.706661
vn 0.469429 0.531963 -0.704735
vn 0.481053 0.518390 -0.707007
vn 0.506214 0.493849 -0.707008
vn 0.468152 0.530527 -0.706665
vn 0.468159 0.530524 -0.706663
vn 0.695579 0.104855 -0.710757
vn 0.701732 0.087942 -0.706992
vn 0.705241 0.052880 -0.706993
vn 0.702554 0.035032 -0.710768
vn 0.685675 0.174611 -0.706654
vn 0.664882 0.242017 -0.706654
vn 0.603755 0.368907 -0.706674
vn 0.518686 0.481238 -0.706665
vn 0.520097 0.482547 -0.704732
vn 0.530275 0.467937 -0.706996
vn 0.552953 0.440909 -0.706995
vn 0.518681 0.481241 -0.706666
vn 0.685669 0.174561 -0.706673
vn 0.637475 0.306990 -0.706670
vn 0.664866 0.242011 -0.706671
vn 0.637469 0.306996 -0.706673
vn 0.564016 0.427211 -0.706666
vn 0.574177 0.412903 -0.706988
vn 0.594092 0.383694 -0.706989
vn 0.565549 0.428372 -0.704735
vn 0.563991 0.427230 -0.706674
vn 0.706657 0.035236 -0.706678
vn 0.699639 0.105452 -0.706672
vn 0.706675 0.035288 -0.706658
vn 0.699631 0.105466 -0.706678
vn 0.664865 0.242020 -0.706668
vn 0.603767 0.368915 -0.706659
vn 0.605378 0.369966 -0.704729
vn 0.603723 0.368955 -0.706676
vn 0.612493 0.353552 -0.707004
vn 0.629332 0.322627 -0.707003
vn 0.699656 0.105454 -0.706655
vn 0.685662 0.174601 -0.706670
vn 0.685686 0.174565 -0.706656
vn 0.637485 0.307004 -0.706655
vn 0.637478 0.307012 -0.706658
vn 0.639197 0.307840 -0.704742
vn 0.644603 0.290922 -0.707001
vn 0.658343 0.258328 -0.707002
vn 0.706670 0.035288 -0.706662
vn 0.706659 0.035249 -0.706676
vn 0.699652 0.105431 -0.706662
vn 0.664864 0.242020 -0.706670
vn 0.664897 0.241975 -0.706654
vn 0.666689 0.242627 -0.704740
vn 0.670386 0.225240 -0.707000
vn 0.680782 0.191539 -0.707000
vn 0.685660 0.174600 -0.706672
vn 0.685663 0.174595 -0.706670
vn 0.687529 0.175070 -0.704737
vn 0.689481 0.157366 -0.707002
vn 0.696450 0.122896 -0.707004
vn 0.706675 0.035260 -0.706659
vn 0.706673 0.035249 -0.706662
vn 0.699651 0.105431 -0.706663
vn 0.699637 0.105462 -0.706672
vn 0.701551 0.105750 -0.704729
vn 0.701731 0.087808 -0.707010
vn 0.705226 0.052869 -0.707009
vn 0.708583 0.035355 -0.704741
vn -0.999698 -0.024560 0.000000
vn -0.999690 -0.024910 -0.000003
vn -0.997204 -0.074731 -0.000006
vn -0.997291 -0.073554 0.000003
vn -0.992236 -0.124368 -0.000009
vn -0.992478 -0.122424 0.000006
vn -0.984809 -0.173640 -0.000012
vn -0.985284 -0.170924 0.000009
vn -0.974924 -0.222539 -0.000015
vn -0.975700 -0.219109 0.000012
vn -0.962627 -0.270831 -0.000017
vn -0.963770 -0.266734 0.000014
vn -0.947920 -0.318508 -0.000020
vn -0.949530 -0.313676 0.000017
vn -0.930878 -0.365331 -0.000022
vn -0.932998 -0.359881 0.000019
vn -0.911500 -0.411300 -0.000024
vn -0.914201 -0.405261 0.000022
vn -0.889893 -0.456170 -0.000027
vn -0.893230 -0.449600 0.000024
vn -0.866009 -0.500029 -0.000029
vn -0.870074 -0.492922 0.000026
vn -0.844868 -0.534975 0.000028
vn -0.840037 -0.542530 -0.000031
vn -0.817583 -0.575811 0.000030
vn -0.811927 -0.583760 -0.000033
vn -0.788346 -0.615232 0.000032
vn -0.781829 -0.623493 -0.000035
vn -0.757216 -0.653164 0.000034
vn -0.749778 -0.661689 -0.000036
vn -0.724249 -0.689539 0.000035
vn -0.715873 -0.698231 -0.000038
vn -0.680172 -0.733053 -0.000039
vn -0.689524 -0.724263 0.000037
vn -0.642790 -0.766042 -0.000041
vn -0.653188 -0.757196 0.000038
vn -0.615230 -0.788348 0.000040
vn -0.603803 -0.797134 -0.000042
vn -0.563314 -0.826243 -0.000043
vn -0.575797 -0.817593 0.000041
vn -0.521450 -0.853282 -0.000044
vn -0.534997 -0.844854 0.000042
vn -0.478252 -0.878223 -0.000045
vn -0.492898 -0.870087 0.000044
vn -0.433871 -0.900975 -0.000047
vn -0.449612 -0.893224 0.000044
vn -0.388450 -0.921470 -0.000047
vn -0.405247 -0.914207 0.000045
vn -0.342018 -0.939693 -0.000048
vn -0.359898 -0.932992 0.000046
vn -0.294757 -0.955572 -0.000049
vn -0.313671 -0.949532 0.000047
vn -0.246767 -0.969075 -0.000049
vn -0.266717 -0.963775 0.000047
vn -0.198131 -0.980175 -0.000050
vn -0.219102 -0.975702 0.000048
vn -0.149050 -0.988830 -0.000050
vn -0.170959 -0.985278 0.000048
vn -0.099561 -0.995031 -0.000050
vn -0.122420 -0.992478 0.000049
vn -0.049852 -0.998757 -0.000050
vn -0.073553 -0.997291 0.000049
vn 0.000000 -1.000000 -0.000054
vn -0.024133 -0.999709 0.000051
vn -0.024545 -0.999699 -0.000000
vn 0.049849 -0.998757 -0.000054
vn 0.024789 -0.999693 0.000053
vn 0.099567 -0.995031 -0.000054
vn 0.074322 -0.997234 0.000053
vn 0.149050 -0.988830 -0.000054
vn 0.123633 -0.992328 0.000053
vn 0.172692 -0.984976 0.000053
vn 0.198131 -0.980175 -0.000054
vn 0.246767 -0.969075 -0.000054
vn 0.221290 -0.975208 0.000053
vn 0.269380 -0.963034 0.000053
vn 0.294757 -0.955572 -0.000054
vn 0.316754 -0.948508 0.000053
vn 0.342018 -0.939693 -0.000054
vn 0.388428 -0.921479 -0.000053
vn 0.363397 -0.931635 0.000053
vn 0.433895 -0.900964 -0.000053
vn 0.409123 -0.912479 0.000053
vn 0.478252 -0.878223 -0.000053
vn 0.453836 -0.891085 0.000053
vn 0.521423 -0.853298 -0.000053
vn 0.497451 -0.867492 0.000053
vn 0.563343 -0.826223 -0.000053
vn 0.539855 -0.841758 0.000053
vn 0.603803 -0.797134 -0.000053
vn 0.580895 -0.813979 0.000052
vn 0.620548 -0.784168 0.000052
vn 0.642790 -0.766042 -0.000053
vn 0.658648 -0.752451 0.000052
vn 0.680172 -0.733053 -0.000052
vn 0.695128 -0.718886 0.000052
vn 0.715873 -0.698231 -0.000052
vn 0.729893 -0.683562 0.000051
vn 0.749748 -0.661723 -0.000052
vn 0.762896 -0.646521 0.000051
vn 0.781859 -0.623455 -0.000052
vn 0.793998 -0.607920 0.000051
vn 0.811927 -0.583760 -0.000052
vn 0.823163 -0.567805 0.000051
vn 0.840037 -0.542530 -0.000051
vn 0.850292 -0.526311 0.000050
vn 0.866009 -0.500029 -0.000051
vn 0.875330 -0.483526 0.000050
vn 0.889868 -0.456218 -0.000051
vn 0.898229 -0.439528 0.000050
vn 0.911523 -0.411249 -0.000050
vn 0.918908 -0.394473 0.000050
vn 0.930857 -0.365384 -0.000050
vn 0.947939 -0.318453 -0.000049
vn 0.937333 -0.348436 0.000050
vn 0.962627 -0.270831 -0.000050
vn 0.953438 -0.301589 0.000049
vn 0.974924 -0.222539 -0.000049
vn 0.967232 -0.253895 0.000049
vn 0.984809 -0.173640 -0.000049
vn 0.978616 -0.205697 0.000048
vn 0.992236 -0.124368 -0.000048
vn 0.987616 -0.156891 0.000048
vn 0.994176 -0.107773 0.000048
vn 0.997204 -0.074731 -0.000048
vn 0.998296 -0.058349 0.000047
vn 0.999690 -0.024910 -0.000047
vn 0.999961 -0.008802 0.000047
vn 0.999690 0.024910 -0.000047
vn 0.999170 0.040746 0.000046
vn 0.997204 0.074732 -0.000047
vn 0.995915 0.090293 0.000046
vn 0.992236 0.124368 -0.000046
vn 0.990226 0.139471 0.000045
vn 0.984810 0.173637 -0.000046
vn 0.982092 0.188405 0.000045
vn 0.974924 0.222539 -0.000045
vn 0.971534 0.236902 0.000044
vn 0.962626 0.270835 -0.000045
vn 0.958609 0.284725 0.000044
vn 0.947939 0.318453 -0.000044
vn 0.943322 0.331880 0.000044
vn 0.930857 0.365384 -0.000044
vn 0.925714 0.378225 0.000043
vn 0.911526 0.411243 -0.000043
vn 0.905804 0.423697 0.000043
vn 0.889868 0.456218 -0.000042
vn 0.883712 0.468031 0.000042
vn 0.866005 0.500036 -0.000042
vn 0.859441 0.511236 0.000041
vn 0.840041 0.542523 -0.000042
vn 0.833005 0.553265 0.000041
vn 0.811921 0.583767 -0.000041
vn 0.804591 0.593830 0.000040
vn 0.781859 0.623455 -0.000040
vn 0.749755 0.661716 -0.000039
vn 0.774129 0.633028 0.000040
vn 0.715873 0.698231 -0.000039
vn 0.741831 0.670587 0.000039
vn 0.680172 0.733053 -0.000038
vn 0.707684 0.706529 0.000038
vn 0.642790 0.766042 -0.000038
vn 0.671782 0.740749 0.000037
vn 0.603803 0.797134 -0.000037
vn 0.634245 0.773133 0.000037
vn 0.563343 0.826223 -0.000036
vn 0.595154 0.803612 0.000036
vn 0.521423 0.853298 -0.000036
vn 0.554569 0.832138 0.000036
vn 0.478252 0.878223 -0.000035
vn 0.512639 0.858604 0.000035
vn 0.469478 0.882944 0.000034
vn 0.433895 0.900964 -0.000034
vn 0.425106 0.905144 0.000033
vn 0.388428 0.921479 -0.000033
vn 0.379733 0.925096 0.000033
vn 0.342018 0.939693 -0.000033
vn 0.333403 0.942784 0.000032
vn 0.294757 0.955572 -0.000032
vn 0.286269 0.958149 0.000031
vn 0.246753 0.969078 -0.000031
vn 0.238435 0.971158 0.000030
vn 0.198146 0.980173 -0.000030
vn 0.189990 0.981786 0.000029
vn 0.149050 0.988830 -0.000030
vn 0.141098 0.989996 0.000029
vn 0.099567 0.995031 -0.000029
vn 0.091850 0.995773 0.000028
vn 0.049834 0.998757 -0.000028
vn 0.042391 0.999101 0.000027
vn 0.000000 1.000000 -0.000027
vn -0.007202 0.999974 0.000026
vn -0.049837 0.998757 -0.000026
vn -0.056748 0.998388 0.000025
vn -0.099561 0.995031 -0.000025
vn -0.106159 0.994349 0.000024
vn -0.149050 0.988830 -0.000024
vn -0.198146 0.980173 -0.000024
vn -0.155319 0.987864 0.000023
vn -0.246753 0.969078 -0.000023
vn -0.204099 0.978950 0.000022
vn -0.294757 0.955572 -0.000022
vn -0.252356 0.967634 0.000022
vn -0.342018 0.939693 -0.000021
vn -0.300034 0.953929 0.000021
vn -0.388450 0.921470 -0.000020
vn -0.346938 0.937888 0.000020
vn -0.433871 0.900975 -0.000019
vn -0.392991 0.919543 0.000019
vn -0.478252 0.878223 -0.000018
vn -0.438093 0.898929 0.000018
vn -0.521450 0.853282 -0.000017
vn -0.482122 0.876104 0.000017
vn -0.563314 0.826243 -0.000016
vn -0.524927 0.851147 0.000016
vn -0.603803 0.797134 -0.000015
vn -0.566508 0.824056 0.000015
vn -0.642790 0.766042 -0.000014
vn -0.606646 0.794972 0.000014
vn -0.680172 0.733053 -0.000013
vn -0.645280 0.763946 0.000013
vn -0.715873 0.698231 -0.000012
vn -0.682361 0.731015 0.000011
vn -0.717789 0.696261 0.000011
vn -0.749785 0.661681 -0.000011
vn -0.751386 0.659863 0.000009
vn -0.781829 0.623493 -0.000010
vn -0.783187 0.621786 0.000008
vn -0.811921 0.583767 -0.000008
vn -0.813045 0.582201 0.000008
vn -0.840041 0.542523 -0.000007
vn -0.840890 0.541205 0.000006
vn -0.866005 0.500036 -0.000006
vn -0.866686 0.498854 0.000005
vn -0.889893 0.456170 -0.000005
vn -0.890347 0.455283 0.000004
vn -0.911503 0.411294 -0.000004
vn -0.930878 0.365331 -0.000003
vn -0.911836 0.410554 0.000003
vn -0.911846 0.410532 0.000000
vn -0.947920 0.318508 -0.000003
vn -0.931163 0.364603 0.000003
vn -0.962626 0.270835 -0.000002
vn -0.948136 0.317865 0.000003
vn -0.974924 0.222539 -0.000002
vn -0.962766 0.270336 0.000002
vn -0.984810 0.173637 -0.000002
vn -0.975031 0.222070 0.000002
vn -0.992236 0.124368 -0.000001
vn -0.984866 0.173316 0.000001
vn -0.997204 0.074732 -0.000001
vn -0.992274 0.124069 0.000001
vn -0.999690 0.024910 -0.000000
vn -0.997215 0.074575 0.000001
vn -0.999690 0.024899 0.000000
vn 0.999689 -0.024920 0.000000
vn 0.999689 -0.024920 0.000000
vn 0.997202 -0.074757 0.000000
vn 0.997202 -0.074757 0.000000
vn 0.992263 -0.124156 0.000000
vn 0.992263 -0.124156 0.000000
vn 0.984785 -0.173776 0.000000
vn 0.984785 -0.173776 0.000000
vn 0.974926 -0.222528 0.000000
vn 0.974926 -0.222528 0.000000
vn 0.962626 -0.270836 0.000000
vn 0.962626 -0.270836 0.000000
vn 0.947932 -0.318473 0.000000
vn 0.947932 -0.318473 0.000000
vn 0.930899 -0.365277 0.000000
vn 0.930899 -0.365277 0.000000
vn 0.911471 -0.411364 0.000000
vn 0.911471 -0.411364 0.000000
vn 0.889879 -0.456197 0.000000
vn 0.889879 -0.456197 0.000000
vn 0.866055 -0.499948 0.000000
vn 0.866055 -0.499948 0.000000
vn 0.840033 -0.542535 0.000000
vn 0.840033 -0.542535 0.000000
vn 0.811891 -0.583809 0.000000
vn 0.811891 -0.583809 0.000000
vn 0.781870 -0.623441 0.000000
vn 0.781870 -0.623441 0.000000
vn 0.749780 -0.661687 0.000000
vn 0.749780 -0.661687 0.000000
vn 0.715795 -0.698310 0.000000
vn 0.715795 -0.698310 0.000000
vn 0.680246 -0.732984 0.000000
vn 0.680246 -0.732984 0.000000
vn 0.642718 -0.766103 0.000000
vn 0.642718 -0.766103 0.000000
vn 0.603876 -0.797079 0.000000
vn 0.603876 -0.797079 0.000000
vn 0.563333 -0.826230 0.000000
vn 0.563333 -0.826230 0.000000
vn 0.521366 -0.853333 0.000000
vn 0.521366 -0.853333 0.000000
vn 0.478239 -0.878229 0.000000
vn 0.478239 -0.878229 0.000000
vn 0.433960 -0.900932 0.000000
vn 0.433960 -0.900932 0.000000
vn 0.388399 -0.921491 0.000000
vn 0.388399 -0.921491 0.000000
vn 0.342028 -0.939690 0.000000
vn 0.342028 -0.939690 0.000000
vn 0.294750 -0.955574 0.000000
vn 0.294750 -0.955574 0.000000
vn 0.246750 -0.969079 0.000000
vn 0.246750 -0.969079 0.000000
vn 0.198155 -0.980171 0.000000
vn 0.198155 -0.980171 0.000000
vn 0.149046 -0.988830 0.000000
vn 0.149046 -0.988830 0.000000
vn 0.099547 -0.995033 0.000000
vn 0.049839 -0.998757 0.000000
vn 0.099547 -0.995033 0.000000
vn 0.049839 -0.998757 0.000000
vn 0.000000 -1.000000 0.000000
vn -0.049829 -0.998758 -0.000000
vn 0.000000 -1.000000 0.000000
vn -0.099569 -0.995031 -0.000000
vn -0.049829 -0.998758 0.000000
vn -0.099569 -0.995031 0.000000
vn -0.149046 -0.988830 0.000000
vn -0.198155 -0.980171 -0.000000
vn -0.149046 -0.988830 0.000000
vn -0.246750 -0.969079 -0.000000
vn -0.198155 -0.980171 0.000000
vn -0.246750 -0.969079 0.000000
vn -0.294750 -0.955574 0.000000
vn -0.294750 -0.955574 0.000000
vn -0.342028 -0.939690 0.000000
vn -0.342028 -0.939690 0.000000
vn -0.388399 -0.921491 -0.000000
vn -0.388399 -0.921491 0.000000
vn -0.433875 -0.900973 0.000000
vn -0.433875 -0.900973 0.000000
vn -0.478331 -0.878179 0.000000
vn -0.478331 -0.878179 0.000000
vn -0.521366 -0.853333 0.000000
vn -0.521366 -0.853333 0.000000
vn -0.563333 -0.826230 -0.000000
vn -0.563333 -0.826230 0.000000
vn -0.603770 -0.797158 0.000000
vn -0.603770 -0.797158 0.000000
vn -0.642825 -0.766013 0.000000
vn -0.642825 -0.766013 0.000000
vn -0.680137 -0.733085 -0.000000
vn -0.680137 -0.733085 0.000000
vn -0.715905 -0.698198 0.000000
vn -0.715905 -0.698198 0.000000
vn -0.749780 -0.661687 0.000000
vn -0.749780 -0.661687 0.000000
vn -0.781870 -0.623441 0.000000
vn -0.811891 -0.583809 -0.000000
vn -0.781870 -0.623441 0.000000
vn -0.811891 -0.583809 0.000000
vn -0.840033 -0.542535 0.000000
vn -0.840033 -0.542535 0.000000
vn -0.866055 -0.499948 0.000000
vn -0.866055 -0.499948 0.000000
vn -0.889879 -0.456197 0.000000
vn -0.889879 -0.456197 0.000000
vn -0.911471 -0.411364 0.000000
vn -0.911471 -0.411364 0.000000
vn -0.930899 -0.365277 0.000000
vn -0.930899 -0.365277 0.000000
vn -0.947932 -0.318473 0.000000
vn -0.947932 -0.318473 0.000000
vn -0.962626 -0.270836 0.000000
vn -0.962626 -0.270836 0.000000
vn -0.974926 -0.222528 0.000000
vn -0.974926 -0.222528 0.000000
vn -0.984785 -0.173776 0.000000
vn -0.984785 -0.173776 0.000000
vn -0.992236 -0.124371 0.000000
vn -0.997218 -0.074540 -0.000000
vn -0.992236 -0.124371 0.000000
vn -0.997218 -0.074540 0.000000
vn -0.999689 -0.024920 0.000000
vn -0.999689 -0.024920 0.000000
vn -0.999689 0.024918 0.000000
vn -0.999689 0.024918 0.000000
vn -0.997218 0.074540 0.000000
vn -0.997218 0.074540 0.000000
vn -0.992235 0.124378 0.000000
vn -0.992235 0.124378 0.000000
vn -0.984785 0.173776 0.000000
vn -0.984785 0.173776 0.000000
vn -0.974929 0.222516 0.000000
vn -0.974929 0.222516 0.000000
vn -0.962626 0.270836 0.000000
vn -0.962626 0.270836 0.000000
vn -0.947926 0.318489 0.000000
vn -0.947926 0.318489 0.000000
vn -0.930899 0.365277 0.000000
vn -0.930899 0.365277 0.000000
vn -0.911471 0.411364 0.000000
vn -0.911471 0.411364 0.000000
vn -0.889879 0.456197 0.000000
vn -0.889879 0.456197 0.000000
vn -0.866069 0.499924 0.000000
vn -0.866069 0.499924 0.000000
vn -0.840033 0.542535 0.000000
vn -0.840033 0.542535 0.000000
vn -0.811872 0.583835 0.000000
vn -0.811872 0.583835 0.000000
vn -0.781870 0.623441 0.000000
vn -0.781870 0.623441 0.000000
vn -0.749804 0.661660 0.000000
vn -0.749804 0.661660 0.000000
vn -0.715905 0.698198 0.000000
vn -0.715905 0.698198 0.000000
vn -0.680107 0.733113 0.000000
vn -0.680107 0.733113 0.000000
vn -0.642857 0.765986 0.000000
vn -0.642857 0.765986 0.000000
vn -0.603770 0.797158 0.000000
vn -0.603770 0.797158 0.000000
vn -0.563296 0.826255 0.000000
vn -0.563296 0.826255 0.000000
vn -0.521406 0.853309 0.000000
vn -0.521406 0.853309 0.000000
vn -0.478331 0.878179 0.000000
vn -0.478331 0.878179 0.000000
vn -0.433830 0.900995 0.000000
vn -0.433830 0.900995 0.000000
vn -0.388399 0.921491 0.000000
vn -0.388399 0.921491 0.000000
vn -0.342028 0.939690 0.000000
vn -0.342028 0.939690 0.000000
vn -0.294800 0.955559 0.000000
vn -0.294800 0.955559 0.000000
vn -0.246699 0.969092 0.000000
vn -0.246699 0.969092 0.000000
vn -0.198155 0.980171 0.000000
vn -0.198155 0.980171 0.000000
vn -0.149099 0.988822 0.000000
vn -0.149099 0.988822 0.000000
vn -0.099569 0.995031 0.000000
vn -0.099569 0.995031 0.000000
vn -0.049829 0.998758 0.000000
vn -0.049829 0.998758 0.000000
vn 0.000000 1.000000 -0.000000
vn 0.000000 1.000000 0.000000
vn 0.049839 0.998757 -0.000000
vn 0.049839 0.998757 0.000000
vn 0.099547 0.995033 -0.000000
vn 0.099547 0.995033 0.000000
vn 0.149099 0.988822 -0.000000
vn 0.149099 0.988822 0.000000
vn 0.198155 0.980171 -0.000000
vn 0.198155 0.980171 0.000000
vn 0.246699 0.969092 0.000000
vn 0.246699 0.969092 -0.000000
vn 0.294800 0.955559 0.000000
vn 0.294800 0.955559 -0.000000
vn 0.342028 0.939690 0.000000
vn 0.342028 0.939690 -0.000000
vn 0.388399 0.921491 0.000000
vn 0.388399 0.921491 -0.000000
vn 0.433916 0.900953 0.000000
vn 0.433916 0.900953 -0.000000
vn 0.478239 0.878229 0.000000
vn 0.478239 0.878229 -0.000000
vn 0.521406 0.853309 0.000000
vn 0.521406 0.853309 -0.000000
vn 0.563296 0.826255 0.000000
vn 0.563296 0.826255 -0.000000
vn 0.603876 0.797079 0.000000
vn 0.603876 0.797079 -0.000000
vn 0.642750 0.766076 0.000000
vn 0.642750 0.766076 -0.000000
vn 0.680216 0.733011 0.000000
vn 0.680216 0.733011 -0.000000
vn 0.715795 0.698310 0.000000
vn 0.715795 0.698310 -0.000000
vn 0.749804 0.661660 0.000000
vn 0.749804 0.661660 -0.000000
vn 0.781870 0.623441 -0.000000
vn 0.781870 0.623441 0.000000
vn 0.811872 0.583835 -0.000000
vn 0.811872 0.583835 0.000000
vn 0.840033 0.542535 -0.000000
vn 0.840033 0.542535 0.000000
vn 0.866069 0.499924 0.000000
vn 0.866069 0.499924 0.000000
vn 0.889879 0.456197 0.000000
vn 0.889879 0.456197 0.000000
vn 0.911471 0.411364 0.000000
vn 0.930899 0.365277 0.000000
vn 0.911471 0.411364 -0.000000
vn 0.947926 0.318489 0.000000
vn 0.930899 0.365277 0.000000
vn 0.947926 0.318489 0.000000
vn 0.962626 0.270836 0.000000
vn 0.962626 0.270836 -0.000000
vn 0.974929 0.222516 0.000000
vn 0.984785 0.173776 0.000000
vn 0.974929 0.222516 -0.000000
vn 0.984785 0.173776 0.000000
vn 0.992262 0.124163 0.000000
vn 0.992262 0.124163 -0.000000
vn 0.997202 0.074757 0.000000
vn 0.997202 0.074757 -0.000000
vn 0.999689 0.024918 0.000000
vn 0.999689 0.024918 -0.000000
vn -0.000000 0.000000 -1.000000
vn 0.000000 0.000000 -1.000000
vn -0.000000 0.000000 -1.000000
vn 0.000000 0.000000 -1.000000
vn -0.000000 0.000000 -1.000000
vn 0.000000 0.000000 -1.000000
vn -0.000000 0.000000 -1.000000
vn -0.000000 0.000000 -1.000000
vn 0.000000 0.000000 -1.000000
vn 0.000000 0.000000 -1.000000
vn -0.000000 0.000000 -1.000000
vn 0.000000 0.000000 -1.000000
vn -0.000000 0.000000 -1.000000
vn 0.000000 0.000000 -1.000000
vn -0.000000 0.000000 -1.000000
vn 0.000000 0.000000 -1.000000
vn -0.000000 0.000000 -1.000000
vn 0.000000 0.000000 -1.000000
vn -0.000000 0.000000 -1.000000
vn 0.000000 0.000000 -1.000000
vn -0.000000 0.000000 -1.000000
vn 0.000000 0.000000 -1.000000
vn -0.000000 0.000000 -1.000000
vn -0.000000 0.000000 -1.000000
vn 0.000000 0.000000 -1.000000
vn 0.000000 0.000000 -1.000000
vn -0.000000 0.000000 -1.000000
vn 0.000000 0.000000 -1.000000
vn -0.000000 0.000000 -1.000000
vn -0.000000 0.000000 -1.000000
vn 0.000000 0.000000 -1.000000
vn 0.000000 0.000000 -1.000000
vn -0.000000 0.000000 -1.000000
vn -0.000000 0.000000 -1.000000
vn 0.000000 0.000000 -1.000000
vn 0.000000 0.000000 -1.000000
vn -0.000000 0.000000 -1.000000
vn -0.000000 0.000000 -1.000000
vn 0.000000 0.000000 -1.000000
vn 0.000000 0.000000 -1.000000
vn -0.000000 0.000000 -1.000000
vn -0.000000 0.000000 -1.000000
vn 0.000000 0.000000 -1.000000
vn 0.000000 0.000000 -1.000000
vn -0.000000 0.000000 -1.000000
vn -0.000000 0.000000 -1.000000
vn 0.000000 0.000000 -1.000000
vn 0.000000 0.000000 -1.000000
vn -0.000000 0.000000 -1.000000
vn 0.000000 0.000000 -1.000000
vn -0.000000 0.000000 -1.000000
vn 0.000000 0.000000 -1.000000
vn -0.000000 0.000000 -1.000000
vn 0.000000 0.000000 -1.000000
vn -0.000000 0.000000 -1.000000
vn 0.000000 0.000000 -1.000000
vn -0.000000 0.000000 -1.000000
vn 0.000000 0.000000 -1.000000
vn -0.000000 0.000000 -1.000000
vn 0.000000 0.000000 -1.000000
vn -0.000000 0.000000 -1.000000
vn 0.000000 0.000000 -1.000000
vn 0.000000 0.000000 -1.000000
vn 0.000000 0.000000 -1.000000
vn -0.000000 0.000000 -1.000000
vn -0.000000 0.000000 -1.000000
vn 0.000000 0.000000 -1.000000
vn -0.000000 0.000000 -1.000000
vn 0.000000 0.000000 -1.000000
vn -0.000000 0.000000 -1.000000
vn 0.000000 0.000000 -1.000000
vn -0.000000 0.000000 -1.000000
vn 0.000000 0.000000 -1.000000
vn -0.000000 0.000000 -1.000000
vn 0.000000 0.000000 -1.000000
vn -0.000000 0.000000 -1.000000
vn 0.000000 0.000000 -1.000000
vn -0.000000 0.000000 -1.000000
vn 0.000000 0.000000 -1.000000
vn -0.000000 0.000000 -1.000000
vn 0.000000 0.000000 -1.000000
vn -0.000000 0.000000 -1.000000
vn 0.000000 0.000000 -1.000000
vn 0.000000 0.000000 -1.000000
vn 0.000000 0.000000 -1.000000
vn 0.000000 0.000000 -1.000000
vn 0.000000 0.000000 -1.000000
vn 0.000000 0.000000 -1.000000
vn 0.000000 0.000000 -1.000000
vn 0.000000 0.000000 -1.000000
vn 0.000000 0.000000 -1.000000
vn 0.000000 0.000000 -1.000000
vn 0.000000 0.000000 -1.000000
vn -0.000000 0.000000 -1.000000
vn -0.000000 0.000000 -1.000000
vn -0.000000 0.000000 -1.000000
vn -0.000000 0.000000 -1.000000
vn -0.000000 0.000000 -1.000000
vn -0.000000 0.000000 -1.000000
vn -0.000000 0.000000 -1.000000
vn 0.000000 0.000000 -1.000000
vn 0.000000 0.000000 -1.000000
vn 0.000000 0.000000 -1.000000
vn 0.000000 0.000000 -1.000000
vn 0.000000 0.000000 -1.000000
vn 0.000000 0.000000 -1.000000
vn 0.000000 0.000000 -1.000000
vn 0.000000 0.000000 -1.000000
vn 0.000000 0.000000 -1.000000
vn 0.000000 0.000000 -1.000000
vn 0.000000 0.000000 -1.000000
vn 0.000000 0.000000 -1.000000
vn 0.000000 0.000000 -1.000000
vn 0.000000 0.000000 -1.000000
vn 0.000000 0.000000 -1.000000
vn 0.000000 0.000000 -1.000000
vn 0.000000 0.000000 -1.000000
vn 0.000000 0.000000 -1.000000
vn 0.000000 0.000000 -1.000000
vn 0.000000 0.000000 -1.000000
vn 0.000000 0.000000 -1.000000
vn 0.000000 0.000000 -1.000000
vn 0.000000 0.000000 -1.000000
vn 0.000000 0.000000 -1.000000
vn 0.000000 0.000000 -1.000000
vn 0.000000 0.000000 -1.000000
vn 0.000000 0.000000 -1.000000
vn 0.000000 0.000000 -1.000000
vn 0.000000 0.000000 -1.000000
vn 0.000000 0.000000 -1.000000
vn 0.000000 0.000000 -1.000000
vn 0.000000 0.000000 -1.000000
vn 0.000000 0.000000 -1.000000
vn 0.000000 0.000000 -1.000000
vn 0.000000 0.000000 -1.000000
vn 0.000000 0.000000 -1.000000
vn 0.000000 0.000000 -1.000000
vn 0.000000 0.000000 -1.000000
vn 0.000000 0.000000 -1.000000
vn 0.000000 0.000000 -1.000000
vn 0.000000 -0.000000 -1.000000
vn 0.000000 -0.000000 -1.000000
vn 0.000000 -0.000000 -1.000000
vn 0.000000 -0.000000 -1.000000
vn 0.000000 -0.000000 -1.000000
vn 0.000000 -0.000000 -1.000000
vn 0.000000 -0.000000 -1.000000
vn 0.000000 -0.000000 -1.000000
vn -0.000000 0.000000 -1.000000
vn 0.000000 -0.000000 -1.000000
vn 0.000000 -0.000000 -1.000000
vn 0.000000 -0.000000 -1.000000
vn 0.000000 -0.000000 -1.000000
vn 0.000000 -0.000000 -1.000000
vn 0.000000 -0.000000 -1.000000
vn 0.000000 -0.000000 -1.000000
vn 0.000000 0.000000 -1.000000
vn 0.000000 0.000000 -1.000000
vn 0.000000 0.000000 -1.000000
vn 0.000000 0.000000 -1.000000
vn 0.000000 0.000000 -1.000000
vn 0.000000 0.000000 -1.000000
vn 0.000000 0.000000 -1.000000
vn 0.000000 0.000000 -1.000000
vn 0.000000 0.000000 -1.000000
vn -0.000000 0.000000 -1.000000
vn -0.000000 0.000000 -1.000000
vn -0.000000 0.000000 -1.000000
vn -0.000000 0.000000 -1.000000
vn -0.000000 0.000000 -1.000000
vn -0.000000 0.000000 -1.000000
vn -0.000000 0.000000 -1.000000
vn -0.000000 0.000000 -1.000000
vn 0.000000 0.000000 -1.000000
vn 0.000000 -0.000000 -1.000000
vn 0.000000 0.000000 -1.000000
vn 0.000000 0.000000 -1.000000
vn 0.000000 0.000000 -1.000000
vn 0.000000 0.000000 -1.000000
vn -0.000000 0.000000 -1.000000
vn 0.000000 0.000000 -1.000000
vn 0.000000 0.000000 -1.000000
vn -0.000000 0.000000 -1.000000
vn 0.000000 0.000000 -1.000000
vn 0.000000 0.000000 -1.000000
vn 0.000000 0.000000 -1.000000
vn -0.000000 0.000000 -1.000000
vn 0.000000 0.000000 -1.000000
vn 0.000000 0.000000 -1.000000
vn -0.000000 -0.000000 -1.000000
vn -0.000000 -0.000000 -1.000000
vn -0.000000 -0.000000 -1.000000
vn -0.000000 -0.000000 -1.000000
vn -0.000000 -0.000000 -1.000000
vn -0.000000 -0.000000 -1.000000
vn -0.000000 -0.000000 -1.000000
vn -0.000000 0.000000 -1.000000
vn 0.000000 0.000000 -1.000000
vn 0.000000 0.000000 -1.000000
vn 0.000000 0.000000 -1.000000
vn 0.000000 0.000000 -1.000000
vn 0.000000 0.000000 -1.000000
vn 0.000000 0.000000 -1.000000
vn 0.000000 0.000000 -1.000000
vn 0.000000 0.000000 -1.000000
vn 0.000000 0.000000 -1.000000
vn 0.000000 0.000000 -1.000000
vn 0.000000 0.000000 -1.000000
vn -0.000000 0.000000 -1.000000
vn -0.000000 0.000000 -1.000000
vn -0.000000 0.000000 -1.000000
vn 0.000000 0.000000 -1.000000
vn -0.000000 0.000000 -1.000000
vn -0.000000 0.000000 -1.000000
vn -0.000000 0.000000 -1.000000
vn -0.000000 0.000000 -1.000000
vn -0.000000 0.000000 -1.000000
vn -0.000000 0.000000 -1.000000
vn -0.000000 0.000000 -1.000000
vn -0.000000 0.000000 -1.000000
vn -0.000000 0.000000 -1.000000
vn -0.000000 0.000000 -1.000000
vn -0.000000 0.000000 -1.000000
vn -0.000000 0.000000 -1.000000
vn -0.000000 0.000000 -1.000000
vn -0.000000 0.000000 -1.000000
vn -0.000000 0.000000 -1.000000
vn -0.000000 0.000000 -1.000000
vn -0.000000 0.000000 -1.000000
vn -0.000000 0.000000 -1.000000
vn -0.000000 0.000000 -1.000000
vn -0.000000 0.000000 -1.000000
vn -0.000000 0.000000 -1.000000
vn -0.000000 0.000000 -1.000000
vn -0.000000 0.000000 -1.000000
vn -0.000000 0.000000 -1.000000
vn -0.000000 0.000000 -1.000000
vn -0.000000 0.000000 -1.000000
vn -0.000000 0.000000 -1.000000
vn -0.000000 0.000000 -1.000000
vn -0.000000 0.000000 -1.000000
vn -0.000000 0.000000 -1.000000
vn -0.000000 0.000000 -1.000000
vn -0.000000 0.000000 -1.000000
vn -0.000000 0.000000 -1.000000
vn -0.000000 0.000000 -1.000000
vn -0.000000 0.000000 -1.000000
vn -0.000000 0.000000 -1.000000
vn -0.000000 0.000000 -1.000000
vn -0.000000 0.000000 -1.000000
vn -0.000000 0.000000 -1.000000
vn -0.000000 0.000000 -1.000000
vn -0.000000 0.000000 -1.000000
vn -0.000000 0.000000 -1.000000
vn -0.000000 0.000000 -1.000000
vn -0.000000 0.000000 -1.000000
vn -0.000000 0.000000 -1.000000
vn -0.000000 0.000000 -1.000000
vn -0.000000 0.000000 -1.000000
vn -0.000000 0.000000 -1.000000
vn -0.000000 0.000000 -1.000000
vn -0.000000 0.000000 -1.000000
vn -0.000000 0.000000 -1.000000
vn -0.000000 0.000000 -1.000000
vn -0.000000 0.000000 -1.000000
vn -0.000000 0.000000 -1.000000
vn -0.000000 0.000000 -1.000000
vn -0.000000 0.000000 -1.000000
vn -0.000000 0.000000 -1.000000
vn 0.000000 0.000000 -1.000000
vn 0.000000 0.000000 -1.000000
vn 0.000000 0.000000 -1.000000
vn 0.000000 0.000000 -1.000000
vn 0.000000 0.000000 -1.000000
vn 0.000000 0.000000 -1.000000
vn 0.000000 0.000000 -1.000000
vn 0.000000 0.000000 -1.000000
vn 0.000000 0.000000 -1.000000
vn 0.000000 0.000000 -1.000000
vn 0.000000 0.000000 -1.000000
vn 0.000000 0.000000 -1.000000
vn 0.000000 0.000000 -1.000000
vn 0.000000 0.000000 -1.000000
vn 0.000000 0.000000 -1.000000
vn 0.000000 0.000000 -1.000000
vn 0.000000 0.000000 -1.000000
vn 0.000000 0.000000 -1.000000
vn 0.000000 0.000000 -1.000000
vn 0.000000 0.000000 -1.000000
vn 0.000000 0.000000 -1.000000
vn 0.000000 0.000000 -1.000000
vn 0.000000 0.000000 -1.000000
vn 0.000000 0.000000 -1.000000
vn 0.000000 0.000000 -1.000000
vn 0.000000 0.000000 -1.000000
vn 0.000000 0.000000 -1.000000
vn 0.000000 0.000000 -1.000000
vn 0.000000 0.000000 -1.000000
vn 0.000000 0.000000 -1.000000
vn 0.000000 0.000000 -1.000000
vn 0.000000 0.000000 -1.000000
vn 0.000000 0.000000 -1.000000
vn 0.000000 0.000000 -1.000000
vn 0.000000 0.000000 -1.000000
vn 0.000000 0.000000 -1.000000
vn 0.000000 0.000000 -1.000000
vn 0.000000 0.000000 -1.000000
vn 0.000000 0.000000 -1.000000
vn 0.000000 0.000000 -1.000000
vn 0.000000 0.000000 -1.000000
vn 0.000000 0.000000 -1.000000
vn 0.000000 0.000000 -1.000000
vn 0.000000 0.000000 -1.000000
vn 0.000000 0.000000 -1.000000
vn 0.000000 0.000000 -1.000000
vn 0.000000 0.000000 -1.000000
vn 0.000000 0.000000 -1.000000
vn 0.000000 0.000000 -1.000000
vn 0.000000 0.000000 -1.000000
vn 0.000000 0.000000 -1.000000
vn 0.000000 0.000000 -1.000000
vn 0.000000 0.000000 -1.000000
vn 0.000000 0.000000 -1.000000
vn 0.000000 0.000000 -1.000000
vn 0.000000 0.000000 -1.000000
vn 0.000000 0.000000 -1.000000
vn 0.000000 -0.000000 -1.000000
vn 0.000000 0.000000 -1.000000
vn 0.000000 0.000000 -1.000000
vn 0.000000 0.000000 -1.000000
vn 0.000000 0.000000 -1.000000
vn 0.000000 0.000000 -1.000000
vn -0.000000 0.000000 -1.000000
vn -0.000000 0.000000 -1.000000
vn 0.000000 0.000000 -1.000000
vn 0.000000 0.000000 -1.000000
vn -0.000000 0.000000 -1.000000
vn 0.000000 0.000000 -1.000000
vn -0.000000 0.000000 -1.000000
vn 0.000000 0.000000 -1.000000
vn -0.000000 0.000000 -1.000000
vn 0.000000 0.000000 -1.000000
vn -0.000000 0.000000 -1.000000
vn 0.000000 0.000000 -1.000000
vn -0.000000 0.000000 -1.000000
vn 0.000000 0.000000 -1.000000
vn -0.000000 0.000000 -1.000000
vn 0.000000 0.000000 -1.000000
vn -0.000000 0.000000 -1.000000
vn 0.000000 0.000000 -1.000000
vn -0.000000 0.000000 -1.000000
vn 0.000000 0.000000 -1.000000
vn -0.000000 0.000000 -1.000000
vn 0.000000 0.000000 -1.000000
vn -0.000000 0.000000 -1.000000
vn 0.000000 0.000000 -1.000000
vn -0.000000 0.000000 -1.000000
vn 0.000000 0.000000 -1.000000
vn -0.000000 0.000000 -1.000000
vn 0.000000 0.000000 -1.000000
vn -0.000000 0.000000 -1.000000
vn 0.000000 0.000000 -1.000000
vn -0.000000 0.000000 -1.000000
vn 0.000000 0.000000 -1.000000
vn -0.000000 0.000000 -1.000000
vn 0.000000 0.000000 -1.000000
vn -0.000000 0.000000 -1.000000
vn -0.000000 0.000000 -1.000000
vn 0.000000 0.000000 -1.000000
vn 0.000000 0.000000 -1.000000
vn -0.000000 0.000000 -1.000000
vn -0.000000 0.000000 -1.000000
vn 0.000000 0.000000 -1.000000
vn 0.000000 0.000000 -1.000000
vn -0.000000 0.000000 -1.000000
vn 0.000000 0.000000 -1.000000
vn -0.000000 0.000000 -1.000000
vn 0.000000 0.000000 -1.000000
vn -0.000000 0.000000 -1.000000
vn -0.000000 0.000000 -1.000000
vn 0.000000 0.000000 -1.000000
vn 0.000000 0.000000 -1.000000
vn -0.000000 0.000000 -1.000000
vn 0.000000 0.000000 -1.000000
vn -0.000000 0.000000 -1.000000
vn 0.000000 0.000000 -1.000000
vn -0.000000 0.000000 -1.000000
vn -0.000000 0.000000 -1.000000
vn 0.000000 0.000000 -1.000000
vn 0.000000 0.000000 -1.000000
vn -0.000000 0.000000 -1.000000
vn 0.000000 0.000000 -1.000000
vn -0.000000 0.000000 -1.000000
vn 0.000000 0.000000 -1.000000
vn -0.000000 0.000000 -1.000000
vn -0.000000 0.000000 -1.000000
vn -0.000000 0.000000 -1.000000
vn 0.000000 0.000000 -1.000000
vn -0.000000 0.000000 -1.000000
vn -0.000000 0.000000 -1.000000
vn 0.000000 0.000000 -1.000000
vn -0.000000 0.000000 -1.000000
vn 0.000000 0.000000 -1.000000
vn -0.000000 0.000000 -1.000000
vn -0.000000 0.000000 -1.000000
vn -0.000000 0.000000 -1.000000
vn -0.000000 0.000000 -1.000000
vn 0.000000 0.000000 -1.000000
vn -0.000000 0.000000 -1.000000
vn -0.000000 0.000000 -1.000000
vn 0.000000 0.000000 -1.000000
vn -0.000000 0.000000 -1.000000
vn -0.000000 0.000000 -1.000000
vn 0.000000 0.000000 -1.000000
vn -0.000000 0.000000 -1.000000
vn -0.000000 0.000000 -1.000000
vn 0.000000 0.000000 -1.000000
vn -0.000000 0.000000 -1.000000
vn -0.000000 0.000000 -1.000000
vn -0.000000 0.000000 -1.000000
vn 0.000000 0.000000 -1.000000
vn -0.000000 0.000000 -1.000000
vn -0.000000 0.000000 -1.000000
vn -0.000000 0.000000 -1.000000
vn 0.000000 0.000000 -1.000000
vn -0.000000 0.000000 -1.000000
vn -0.000000 0.000000 -1.000000
vn 0.000000 0.000000 -1.000000
vn -0.000000 0.000000 -1.000000
vn 0.000000 0.000000 -1.000000
vn -0.000000 0.000000 -1.000000
vn -0.000000 0.000000 -1.000000
vn 0.000000 0.000000 -1.000000
vn -0.000000 0.000000 -1.000000
vn -0.000000 0.000000 -1.000000
vn 0.000000 0.000000 -1.000000
vn 0.000000 0.000000 -1.000000
vn -0.000000 0.000000 -1.000000
vn 0.000000 0.000000 -1.000000
vn -0.000000 0.000000 -1.000000
vn 0.000000 0.000000 -1.000000
vn -0.000000 0.000000 -1.000000
vn 0.000000 0.000000 -1.000000
vn -0.000000 0.000000 -1.000000
vn 0.000000 0.000000 -1.000000
vn -0.000000 0.000000 -1.000000
vn -0.000000 0.000000 -1.000000
vn 0.000000 0.000000 -1.000000
vn -0.000000 0.000000 -1.000000
vn 0.000000 0.000000 -1.000000
vn 0.000000 0.000000 -1.000000
vn 0.000000 0.000000 -1.000000
vn 0.000000 0.000000 -1.000000
vn 0.000000 0.000000 -1.000000
vn 0.000000 0.000000 -1.000000
vn 0.000000 -0.000000 -1.000000
vn 0.000000 -0.000000 -1.000000
vn 0.000000 -0.000000 -1.000000
vn 0.000000 -0.000000 -1.000000
vn 0.000000 -0.000000 -1.000000
vn 0.000000 -0.000000 -1.000000
vn 0.000000 -0.000000 -1.000000
vn 0.000000 -0.000000 -1.000000
vn 0.000000 -0.000000 -1.000000
vn 0.000000 0.000000 -1.000000
vn 0.000000 -0.000000 -1.000000
vn 0.000000 0.000000 -1.000000
vn 0.000000 -0.000000 -1.000000
vn 0.000000 -0.000000 -1.000000
vn 0.000000 0.000000 -1.000000
vn 0.000000 0.000000 -1.000000
vn 0.000000 -0.000000 -1.000000
vn 0.000000 0.000000 -1.000000
vn 0.000000 0.000000 -1.000000
vn 0.000000 -0.000000 -1.000000
vn 0.000000 0.000000 -1.000000
vn 0.000000 0.000000 -1.000000
vn 0.000000 -0.000000 -1.000000
vn 0.000000 0.000000 -1.000000
vn 0.000000 0.000000 -1.000000
vn 0.000000 0.000000 -1.000000
vn 0.000000 0.000000 -1.000000
vn 0.000000 0.000000 -1.000000
vn 0.000000 -0.000000 -1.000000
vn 0.000000 0.000000 -1.000000
vn 0.000000 0.000000 -1.000000
vn 0.000000 -0.000000 -1.000000
vn 0.000000 0.000000 -1.000000
vn 0.000000 0.000000 -1.000000
vn 0.000000 -0.000000 -1.000000
vn 0.000000 0.000000 -1.000000
vn 0.000000 0.000000 -1.000000
vn 0.000000 -0.000000 -1.000000
vn 0.000000 0.000000 -1.000000
vn 0.000000 0.000000 -1.000000
vn 0.000000 0.000000 -1.000000
vn 0.000000 0.000000 -1.000000
vn 0.000000 -0.000000 -1.000000
vn 0.000000 0.000000 -1.000000
vn 0.000000 0.000000 -1.000000
vn 0.000000 -0.000000 -1.000000
vn 0.000000 0.000000 -1.000000
vn 0.000000 0.000000 -1.000000
vn 0.000000 -0.000000 -1.000000
vn 0.000000 0.000000 -1.000000
vn 0.000000 0.000000 -1.000000
vn 0.000000 0.000000 -1.000000
vn 0.000000 0.000000 -1.000000
vn 0.000000 -0.000000 -1.000000
vn 0.000000 0.000000 -1.000000
vn 0.000000 0.000000 -1.000000
vn 0.000000 -0.000000 -1.000000
vn 0.000000 0.000000 -1.000000
vn 0.000000 0.000000 -1.000000
vn 0.000000 0.000000 -1.000000
vn 0.000000 -0.000000 -1.000000
vn -0.000000 0.000000 -1.000000
vn 0.000000 0.000000 -1.000000
vn 0.000000 0.000000 -1.000000
vn -0.000000 0.000000 -1.000000
vn 0.000000 0.000000 -1.000000
vn 0.000000 0.000000 -1.000000
vn 0.000000 -0.000000 -1.000000
vn -0.000000 0.000000 -1.000000
vn 0.000000 0.000000 -1.000000
vn 0.000000 0.000000 -1.000000
vn 0.000000 -0.000000 -1.000000
vn -0.000000 0.000000 -1.000000
vn 0.000000 0.000000 -1.000000
vn 0.000000 0.000000 -1.000000
vn -0.000000 0.000000 -1.000000
vn 0.000000 0.000000 -1.000000
vn 0.000000 0.000000 -1.000000
vn 0.000000 -0.000000 -1.000000
vn -0.000000 0.000000 -1.000000
vn 0.000000 0.000000 -1.000000
vn 0.000000 0.000000 -1.000000
vn 0.000000 -0.000000 -1.000000
vn -0.000000 0.000000 -1.000000
vn 0.000000 0.000000 -1.000000
vn 0.000000 0.000000 -1.000000
vn 0.000000 -0.000000 -1.000000
vn -0.000000 0.000000 -1.000000
vn 0.000000 0.000000 -1.000000
vn 0.000000 0.000000 -1.000000
vn -0.000000 0.000000 -1.000000
vn 0.000000 0.000000 -1.000000
vn 0.000000 0.000000 -1.000000
vn 0.000000 -0.000000 -1.000000
vn -0.000000 0.000000 -1.000000
vn 0.000000 0.000000 -1.000000
vn 0.000000 0.000000 -1.000000
vn -0.000000 0.000000 -1.000000
vn 0.000000 -0.000000 -1.000000
vn 0.000000 0.000000 -1.000000
vn 0.000000 0.000000 -1.000000
vn 0.000000 0.000000 -1.000000
vn 0.000000 0.000000 -1.000000
vn 0.000000 0.000000 -1.000000
vn -0.000000 0.000000 -1.000000
vn 0.000000 0.000000 -1.000000
vn -0.000000 0.000000 -1.000000
vn 0.000000 0.000000 -1.000000
vn 0.000000 0.000000 -1.000000
vn 0.000000 0.000000 -1.000000
vn 0.000000 0.000000 -1.000000
vn 0.000000 0.000000 -1.000000
vn 0.000000 0.000000 -1.000000
vn -0.000000 0.000000 -1.000000
vn -0.000000 0.000000 -1.000000
vn -0.000000 0.000000 -1.000000
vn 0.000000 -0.000000 -1.000000
vn -0.000000 0.000000 -1.000000
vn -0.000000 0.000000 -1.000000
vn -0.000000 0.000000 -1.000000
vn -0.000000 0.000000 -1.000000
vn 0.000000 -0.000000 -1.000000
vn -0.000000 0.000000 -1.000000
vn -0.000000 0.000000 -1.000000
vn -0.000000 0.000000 -1.000000
vn -0.000000 0.000000 -1.000000
vn 0.000000 -0.000000 -1.000000
vn -0.000000 0.000000 -1.000000
vn -0.000000 0.000000 -1.000000
vn -0.000000 0.000000 -1.000000
vn 0.000000 -0.000000 -1.000000
vn -0.000000 0.000000 -1.000000
vn -0.000000 0.000000 -1.000000
vn 0.000000 -0.000000 -1.000000
vn -0.000000 0.000000 -1.000000
vn 0.000000 -0.000000 -1.000000
vn -0.000000 0.000000 -1.000000
vn 0.000000 -0.000000 -1.000000
vn -0.000000 0.000000 -1.000000
vn -0.000000 0.000000 -1.000000
vn 0.000000 -0.000000 -1.000000
vn -0.000000 0.000000 -1.000000
vn 0.000000 -0.000000 -1.000000
vn -0.000000 0.000000 -1.000000
vn 0.000000 -0.000000 -1.000000
vn -0.000000 0.000000 -1.000000
vn 0.000000 -0.000000 -1.000000
vn 0.000000 -0.000000 -1.000000
vn -0.000000 0.000000 -1.000000
vn 0.000000 -0.000000 -1.000000
vn -0.000000 0.000000 -1.000000
vn -0.000000 0.000000 -1.000000
vn 0.000000 -0.000000 -1.000000
vn -0.000000 0.000000 -1.000000
vn 0.000000 -0.000000 -1.000000
vn -0.000000 0.000000 -1.000000
vn -0.000000 -0.000000 -1.000000
vn -0.000000 -0.000000 -1.000000
vn -0.000000 -0.000000 -1.000000
vn -0.000000 -0.000000 -1.000000
vn -0.000000 -0.000000 -1.000000
vn -0.000000 -0.000000 -1.000000
vn -0.000000 -0.000000 -1.000000
vn -0.000000 -0.000000 -1.000000
vn -0.000000 -0.000000 -1.000000
vn -0.000000 0.000000 -1.000000
vn 0.000000 0.000000 -1.000000
vn 0.000000 0.000000 -1.000000
vn 0.000000 0.000000 -1.000000
vn 0.000000 0.000000 -1.000000
vn 0.000000 0.000000 -1.000000
vn 0.000000 0.000000 -1.000000
vn 0.000000 0.000000 -1.000000
vn 0.000000 0.000000 -1.000000
vn 0.000000 0.000000 -1.000000
vn -0.000000 0.000000 -1.000000
vn -0.000000 0.000000 -1.000000
vn -0.000000 0.000000 -1.000000
vn -0.000000 0.000000 -1.000000
vn -0.000000 0.000000 -1.000000
vn -0.000000 0.000000 -1.000000
vn -0.000000 0.000000 -1.000000
vn -0.000000 0.000000 -1.000000
vn 0.000000 0.000000 -1.000000
vn -0.000000 0.000000 -1.000000
vn 0.000000 0.000000 -1.000000
vn 0.000000 0.000000 -1.000000
vn 0.000000 0.000000 -1.000000
vn 0.000000 0.000000 -1.000000
vn 0.000000 0.000000 -1.000000
vn 0.000000 0.000000 -1.000000
vn 0.000000 0.000000 -1.000000
vn 0.000000 0.000000 -1.000000
vn 0.000000 0.000000 -1.000000
vn 0.000000 0.000000 -1.000000
vn 0.000000 0.000000 -1.000000
vn 0.000000 0.000000 -1.000000
vn 0.000000 0.000000 -1.000000
vn 0.000000 0.000000 -1.000000
vn 0.000000 0.000000 -1.000000
vn 0.000000 0.000000 -1.000000
vn 0.000000 0.000000 -1.000000
vn 0.000000 0.000000 -1.000000
vn 0.000000 0.000000 -1.000000
vn 0.000000 0.000000 -1.000000
vn 0.000000 0.000000 -1.000000
vn 0.000000 0.000000 -1.000000
vn 0.000000 0.000000 -1.000000
vn 0.000000 0.000000 -1.000000
vn 0.000000 0.000000 -1.000000
vn 0.000000 0.000000 -1.000000
vn 0.000000 0.000000 -1.000000
vn 0.000000 0.000000 -1.000000
vn 0.000000 0.000000 -1.000000
vn 0.000000 0.000000 -1.000000
vn 0.000000 0.000000 -1.000000
vn 0.000000 0.000000 -1.000000
vn 0.000000 0.000000 -1.000000
vn 0.000000 0.000000 -1.000000
vn 0.000000 0.000000 -1.000000
vn 0.000000 0.000000 -1.000000
vn 0.000000 0.000000 -1.000000
vn 0.000000 0.000000 -1.000000
vn 0.000000 0.000000 -1.000000
vn 0.000000 0.000000 -1.000000
vn 0.000000 0.000000 -1.000000
vn 0.000000 0.000000 -1.000000
vn 0.000000 0.000000 -1.000000
vn 0.000000 0.000000 -1.000000
vn 0.000000 0.000000 -1.000000
vn 0.000000 0.000000 -1.000000
vn 0.000000 0.000000 -1.000000
vn 0.000000 0.000000 -1.000000
vn 0.000000 0.000000 -1.000000
vn 0.000000 0.000000 -1.000000
vn 0.000000 0.000000 -1.000000
vn 0.000000 0.000000 -1.000000
vn 0.000000 0.000000 -1.000000
vn 0.000000 0.000000 -1.000000
vn 0.000000 0.000000 -1.000000
vn 0.000000 0.000000 -1.000000
vn 0.000000 0.000000 -1.000000
vn 0.000000 0.000000 -1.000000
vn -0.000000 0.000000 -1.000000
vn -0.000000 0.000000 -1.000000
vn -0.000000 0.000000 -1.000000
vn -0.000000 0.000000 -1.000000
vn -0.000000 0.000000 -1.000000
vn -0.000000 0.000000 -1.000000
vn -0.000000 0.000000 -1.000000
vn -0.000000 0.000000 -1.000000
vn -0.000000 0.000000 -1.000000
vn 0.000000 0.000000 -1.000000
vn -0.000000 0.000000 -1.000000
vn -0.000000 0.000000 -1.000000
vn -0.000000 0.000000 -1.000000
vn -0.000000 0.000000 -1.000000
vn -0.000000 0.000000 -1.000000
vn 0.000000 0.000000 -1.000000
vn 0.000000 0.000000 -1.000000
vn 0.000000 0.000000 -1.000000
vn 0.000000 0.000000 -1.000000
vn 0.000000 0.000000 -1.000000
vn 0.000000 0.000000 -1.000000
vn 0.000000 0.000000 -1.000000
vn 0.000000 0.000000 -1.000000
vn 0.000000 0.000000 -1.000000
vn 0.000000 0.000000 -1.000000
vn 0.000000 0.000000 -1.000000
vn 0.000000 0.000000 -1.000000
vn 0.000000 0.000000 -1.000000
vn 0.000000 0.000000 -1.000000
vn 0.000000 0.000000 -1.000000
vn 0.000000 0.000000 -1.000000
vn 0.000000 0.000000 -1.000000
vn 0.000000 0.000000 -1.000000
vn 0.000000 0.000000 -1.000000
vn 0.000000 0.000000 -1.000000
vn 0.000000 0.000000 -1.000000
vn 0.000000 0.000000 -1.000000
vn 0.000000 0.000000 -1.000000
vn 0.000000 0.000000 -1.000000
vn 0.000000 0.000000 -1.000000
vn 0.000000 0.000000 -1.000000
vn 0.000000 0.000000 -1.000000
vn 0.000000 0.000000 -1.000000
vn 0.000000 0.000000 -1.000000
vn -0.000000 0.000000 -1.000000
vn 0.000000 0.000000 -1.000000
vn 0.000000 0.000000 -1.000000
vn 0.000000 0.000000 -1.000000
vn 0.000000 0.000000 -1.000000
vn 0.000000 0.000000 -1.000000
vn 0.000000 0.000000 -1.000000
vn 0.000000 0.000000 -1.000000
vn 0.000000 0.000000 -1.000000
vn 0.000000 0.000000 -1.000000
vn 0.000000 0.000000 -1.000000
vn 0.000000 0.000000 -1.000000
vn 0.000000 0.000000 -1.000000
vn 0.000000 0.000000 -1.000000
vn 0.000000 0.000000 -1.000000
vn 0.000000 0.000000 -1.000000
vn 0.000000 0.000000 -1.000000
vn 0.000000 0.000000 -1.000000
vn 0.000000 0.000000 -1.000000
vn 0.000000 0.000000 -1.000000
vn 0.000000 0.000000 -1.000000
vn 0.000000 0.000000 -1.000000
vn -0.000000 0.000000 -1.000000
vn -0.000000 0.000000 -1.000000
vn -0.000000 0.000000 -1.000000
vn 0.000000 -0.000000 -1.000000
vn 0.000000 0.000000 -1.000000
vn 0.000000 0.000000 -1.000000
vn 0.000000 0.000000 -1.000000
vn 0.000000 0.000000 -1.000000
vn 0.000000 0.000000 -1.000000
vn 0.000000 0.000000 -1.000000
vn 0.000000 0.000000 -1.000000
vn 0.000000 0.000000 -1.000000
vn 0.000000 0.000000 -1.000000
vn 0.000000 0.000000 -1.000000
vn 0.000000 0.000000 -1.000000
vn 0.000000 0.000000 -1.000000
vn 0.000000 0.000000 -1.000000
vn 0.000000 0.000000 -1.000000
vn 0.000000 0.000000 -1.000000
vn 0.000000 0.000000 -1.000000
vn 0.000000 0.000000 -1.000000
vn 0.000000 0.000000 -1.000000
vn 0.000000 0.000000 -1.000000
vn 0.000000 0.000000 -1.000000
vn 0.000000 0.000000 -1.000000
vn 0.000000 0.000000 -1.000000
vn 0.000000 0.000000 -1.000000
vn 0.000000 0.000000 -1.000000
vn 0.000000 0.000000 -1.000000
vn -0.000000 -1.000000 -0.000000
vn 0.000000 -1.000000 0.000000
vn 0.000000 0.000000 1.000000
vn 0.000000 0.000000 1.000000
vn 0.000000 -0.000000 1.000000
vn 0.000000 0.000000 1.000000
vn -0.000000 0.000000 1.000000
vn 0.000000 -0.000000 1.000000
vn 0.000000 0.000000 1.000000
vn 0.000000 0.000000 1.000000
vn -0.000000 0.000000 1.000000
vn 0.000000 -0.000000 1.000000
vn 0.000000 0.000000 1.000000
vn 0.000000 0.000000 1.000000
vn -0.000000 0.000000 1.000000
vn 0.000000 -0.000000 1.000000
vn 0.000000 0.000000 1.000000
vn 0.000000 0.000000 1.000000
vn -0.000000 0.000000 1.000000
vn 0.000000 -0.000000 1.000000
vn 0.000000 0.000000 1.000000
vn 0.000000 0.000000 1.000000
vn -0.000000 0.000000 1.000000
vn 0.000000 -0.000000 1.000000
vn 0.000000 0.000000 1.000000
vn 0.000000 0.000000 1.000000
vn -0.000000 0.000000 1.000000
vn 0.000000 -0.000000 1.000000
vn 0.000000 0.000000 1.000000
vn 0.000000 0.000000 1.000000
vn -0.000000 0.000000 1.000000
vn 0.000000 -0.000000 1.000000
vn 0.000000 0.000000 1.000000
vn 0.000000 0.000000 1.000000
vn -0.000000 0.000000 1.000000
vn 0.000000 -0.000000 1.000000
vn 0.000000 0.000000 1.000000
vn -0.000000 0.000000 1.000000
vn 0.000000 0.000000 1.000000
vn 0.000000 0.000000 1.000000
vn 0.000000 -0.000000 1.000000
vn -0.000000 0.000000 1.000000
vn 0.000000 0.000000 1.000000
vn 0.000000 -0.000000 1.000000
vn 0.000000 0.000000 1.000000
vn 0.000000 0.000000 1.000000
vn -0.000000 0.000000 1.000000
vn 0.000000 0.000000 1.000000
vn 0.000000 -0.000000 1.000000
vn -0.000000 0.000000 1.000000
vn 0.000000 0.000000 1.000000
vn 0.000000 0.000000 1.000000
vn 0.000000 -0.000000 1.000000
vn -0.000000 0.000000 1.000000
vn 0.000000 0.000000 1.000000
vn 0.000000 -0.000000 1.000000
vn 0.000000 0.000000 1.000000
vn -0.000000 0.000000 1.000000
vn 0.000000 0.000000 1.000000
vn 0.000000 0.000000 1.000000
vn 0.000000 -0.000000 1.000000
vn 0.000000 -0.000000 1.000000
vn -0.000000 0.000000 1.000000
vn 0.000000 0.000000 1.000000
vn 0.000000 -0.000000 1.000000
vn 0.000000 0.000000 1.000000
vn 0.000000 0.000000 1.000000
vn 0.000000 0.000000 1.000000
vn 0.000000 0.000000 1.000000
vn 0.000000 0.000000 1.000000
vn 0.000000 0.000000 1.000000
vn 0.000000 0.000000 1.000000
vn 0.000000 0.000000 1.000000
vn 0.000000 0.000000 1.000000
vn 0.000000 0.000000 1.000000
vn 0.000000 0.000000 1.000000
vn 0.000000 0.000000 1.000000
vn 0.000000 0.000000 1.000000
vn 0.000000 0.000000 1.000000
vn 0.000000 0.000000 1.000000
vn 0.000000 0.000000 1.000000
vn 0.000000 0.000000 1.000000
vn 0.000000 0.000000 1.000000
vn 0.000000 0.000000 1.000000
vn 0.000000 0.000000 1.000000
vn 0.000000 0.000000 1.000000
vn 0.000000 0.000000 1.000000
vn 0.000000 0.000000 1.000000
vn 0.000000 0.000000 1.000000
vn 0.000000 0.000000 1.000000
vn 0.000000 0.000000 1.000000
vn 0.000000 0.000000 1.000000
vn 0.000000 0.000000 1.000000
vn 0.000000 0.000000 1.000000
vn -0.000000 0.000000 1.000000
vn 0.000000 -0.000000 1.000000
vn 0.000000 -0.000000 1.000000
vn 0.000000 -0.000000 1.000000
vn 0.000000 -0.000000 1.000000
vn 0.000000 -0.000000 1.000000
vn 0.000000 -0.000000 1.000000
vn 0.000000 -0.000000 1.000000
vn 0.000000 0.000000 1.000000
vn 0.000000 0.000000 1.000000
vn 0.000000 -0.000000 1.000000
vn 0.000000 0.000000 1.000000
vn 0.000000 0.000000 1.000000
vn 0.000000 0.000000 1.000000
vn 0.000000 -0.000000 1.000000
vn 0.000000 0.000000 1.000000
vn -0.000000 0.000000 1.000000
vn 0.000000 -0.000000 1.000000
vn -0.000000 0.000000 1.000000
vn -0.000000 0.000000 1.000000
vn -0.000000 0.000000 1.000000
vn -0.000000 0.000000 1.000000
vn 0.000000 0.000000 1.000000
vn -0.000000 0.000000 1.000000
vn -0.000000 0.000000 1.000000
vn 0.000000 0.000000 1.000000
vn -0.000000 0.000000 1.000000
vn 0.000000 0.000000 1.000000
vn 0.000000 -0.000000 1.000000
vn 0.000000 0.000000 1.000000
vn -0.000000 0.000000 1.000000
vn 0.000000 0.000000 1.000000
vn 0.000000 0.000000 1.000000
vn 0.000000 -0.000000 1.000000
vn 0.000000 0.000000 1.000000
vn -0.000000 0.000000 1.000000
vn -0.000000 0.000000 1.000000
vn 0.000000 0.000000 1.000000
vn 0.000000 -0.000000 1.000000
vn 0.000000 0.000000 1.000000
vn -0.000000 0.000000 1.000000
vn 0.000000 -0.000000 1.000000
vn 0.000000 0.000000 1.000000
vn 0.000000 0.000000 1.000000
vn -0.000000 0.000000 1.000000
vn 0.000000 -0.000000 1.000000
vn -0.000000 0.000000 1.000000
vn 0.000000 0.000000 1.000000
vn 0.000000 -0.000000 1.000000
vn 0.000000 0.000000 1.000000
vn -0.000000 0.000000 1.000000
vn -0.000000 0.000000 1.000000
vn 0.000000 0.000000 1.000000
vn 0.000000 -0.000000 1.000000
vn 0.000000 0.000000 1.000000
vn -0.000000 0.000000 1.000000
vn 0.000000 0.000000 1.000000
vn 0.000000 -0.000000 1.000000
vn 0.000000 0.000000 1.000000
vn -0.000000 0.000000 1.000000
vn 0.000000 0.000000 1.000000
vn 0.000000 -0.000000 1.000000
vn 0.000000 0.000000 1.000000
vn -0.000000 0.000000 1.000000
vn 0.000000 -0.000000 1.000000
vn -0.000000 0.000000 1.000000
vn 0.000000 0.000000 1.000000
vn 0.000000 -0.000000 1.000000
vn -0.000000 0.000000 1.000000
vn -0.000000 0.000000 1.000000
vn 0.000000 0.000000 1.000000
vn 0.000000 -0.000000 1.000000
vn -0.000000 0.000000 1.000000
vn 0.000000 0.000000 1.000000
vn 0.000000 -0.000000 1.000000
vn -0.000000 0.000000 1.000000
vn 0.000000 0.000000 1.000000
vn 0.000000 -0.000000 1.000000
vn -0.000000 0.000000 1.000000
vn 0.000000 -0.000000 1.000000
vn -0.000000 0.000000 1.000000
vn 0.000000 -0.000000 1.000000
vn 0.000000 0.000000 1.000000
vn 0.000000 0.000000 1.000000
vn 0.000000 0.000000 1.000000
vn 0.000000 0.000000 1.000000
vn 0.000000 0.000000 1.000000
vn 0.000000 0.000000 1.000000
vn 0.000000 0.000000 1.000000
vn 0.000000 0.000000 1.000000
vn 0.000000 0.000000 1.000000
vn 0.000000 0.000000 1.000000
vn 0.000000 -0.000000 1.000000
vn -0.000000 0.000000 1.000000
vn 0.000000 -0.000000 1.000000
vn -0.000000 0.000000 1.000000
vn 0.000000 0.000000 1.000000
vn -0.000000 0.000000 1.000000
vn -0.000000 0.000000 1.000000
vn -0.000000 0.000000 1.000000
vn 0.000000 0.000000 1.000000
vn -0.000000 0.000000 1.000000
vn 0.000000 0.000000 1.000000
vn 0.000000 0.000000 1.000000
vn 0.000000 0.000000 1.000000
vn 0.000000 0.000000 1.000000
vn 0.000000 0.000000 1.000000
vn -0.000000 0.000000 1.000000
vn 0.000000 0.000000 1.000000
vn 0.000000 0.000000 1.000000
vn 0.000000 0.000000 1.000000
vn 0.000000 0.000000 1.000000
vn 0.000000 0.000000 1.000000
vn 0.000000 0.000000 1.000000
vn 0.000000 0.000000 1.000000
vn 0.000000 0.000000 1.000000
vn 0.000000 0.000000 1.000000
vn 0.000000 0.000000 1.000000
vn 0.000000 0.000000 1.000000
vn 0.000000 0.000000 1.000000
vn 0.000000 -0.000000 1.000000
vn 0.000000 0.000000 1.000000
vn 0.000000 0.000000 1.000000
vn 0.000000 0.000000 1.000000
vn 0.000000 0.000000 1.000000
vn 0.000000 0.000000 1.000000
vn 0.000000 0.000000 1.000000
vn 0.000000 0.000000 1.000000
vn 0.000000 -0.000000 1.000000
vn 0.000000 -0.000000 1.000000
vn 0.000000 -0.000000 1.000000
vn 0.000000 -0.000000 1.000000
vn 0.000000 -0.000000 1.000000
vn 0.000000 -0.000000 1.000000
vn 0.000000 -0.000000 1.000000
vn 0.000000 -0.000000 1.000000
vn 0.000000 -0.000000 1.000000
vn 0.000000 -0.000000 1.000000
vn 0.000000 -0.000000 1.000000
vn 0.000000 -0.000000 1.000000
vn 0.000000 0.000000 1.000000
vn 0.000000 0.000000 1.000000
vn 0.000000 0.000000 1.000000
vn 0.000000 0.000000 1.000000
vn 0.000000 0.000000 1.000000
vn 0.000000 0.000000 1.000000
vn 0.000000 0.000000 1.000000
vn 0.000000 0.000000 1.000000
vn 0.000000 0.000000 1.000000
vn 0.000000 0.000000 1.000000
vn 0.000000 0.000000 1.000000
vn 0.000000 0.000000 1.000000
vn 0.000000 -0.000000 1.000000
vn 0.000000 0.000000 1.000000
vn 0.000000 0.000000 1.000000
vn -0.000000 0.000000 1.000000
vn 0.000000 0.000000 1.000000
vn 0.000000 0.000000 1.000000
vn -0.000000 0.000000 1.000000
vn 0.000000 0.000000 1.000000
vn 0.000000 0.000000 1.000000
vn 0.000000 -0.000000 1.000000
vn -0.000000 0.000000 1.000000
vn 0.000000 0.000000 1.000000
vn 0.000000 0.000000 1.000000
vn 0.000000 0.000000 1.000000
vn 0.000000 -0.000000 1.000000
vn -0.000000 0.000000 1.000000
vn 0.000000 0.000000 1.000000
vn 0.000000 0.000000 1.000000
vn 0.000000 0.000000 1.000000
vn 0.000000 -0.000000 1.000000
vn -0.000000 0.000000 1.000000
vn 0.000000 0.000000 1.000000
vn 0.000000 0.000000 1.000000
vn 0.000000 -0.000000 1.000000
vn 0.000000 0.000000 1.000000
vn -0.000000 0.000000 1.000000
vn 0.000000 0.000000 1.000000
vn 0.000000 0.000000 1.000000
vn 0.000000 -0.000000 1.000000
vn -0.000000 0.000000 1.000000
vn 0.000000 0.000000 1.000000
vn 0.000000 0.000000 1.000000
vn 0.000000 -0.000000 1.000000
vn 0.000000 0.000000 1.000000
vn 0.000000 0.000000 1.000000
vn 0.000000 0.000000 1.000000
vn -0.000000 0.000000 1.000000
vn 0.000000 -0.000000 1.000000
vn 0.000000 0.000000 1.000000
vn -0.000000 0.000000 1.000000
vn 0.000000 -0.000000 1.000000
vn 0.000000 0.000000 1.000000
vn -0.000000 0.000000 1.000000
vn 0.000000 -0.000000 1.000000
vn 0.000000 0.000000 1.000000
vn -0.000000 0.000000 1.000000
vn 0.000000 -0.000000 1.000000
vn 0.000000 0.000000 1.000000
vn -0.000000 0.000000 1.000000
vn 0.000000 -0.000000 1.000000
vn 0.000000 0.000000 1.000000
vn -0.000000 0.000000 1.000000
vn 0.000000 -0.000000 1.000000
vn 0.000000 0.000000 1.000000
vn -0.000000 0.000000 1.000000
vn 0.000000 0.000000 1.000000
vn 0.000000 0.000000 1.000000
vn 0.000000 -0.000000 1.000000
vn -0.000000 0.000000 1.000000
vn 0.000000 -0.000000 1.000000
vn -0.000000 0.000000 1.000000
vn -0.000000 0.000000 1.000000
vn 0.000000 0.000000 1.000000
vn 0.000000 0.000000 1.000000
vn 0.000000 0.000000 1.000000
vn 0.000000 0.000000 1.000000
vn 0.000000 0.000000 1.000000
vn 0.000000 0.000000 1.000000
vn 0.000000 0.000000 1.000000
vn 0.000000 0.000000 1.000000
vn 0.000000 0.000000 1.000000
vn 0.000000 0.000000 1.000000
vn 0.000000 0.000000 1.000000
vn 0.000000 0.000000 1.000000
vn 0.000000 0.000000 1.000000
vn 0.000000 0.000000 1.000000
vn 0.000000 0.000000 1.000000
vn 0.000000 0.000000 1.000000
vn 0.000000 0.000000 1.000000
vn 0.000000 0.000000 1.000000
vn 0.000000 0.000000 1.000000
vn 0.000000 0.000000 1.000000
vn 0.000000 0.000000 1.000000
vn 0.000000 0.000000 1.000000
vn 0.000000 0.000000 1.000000
vn 0.000000 0.000000 1.000000
vn 0.000000 0.000000 1.000000
vn 0.000000 0.000000 1.000000
vn 0.000000 0.000000 1.000000
vn 0.000000 0.000000 1.000000
vn 0.000000 0.000000 1.000000
vn 0.000000 0.000000 1.000000
vn 0.000000 0.000000 1.000000
vn 0.000000 0.000000 1.000000
vn 0.000000 0.000000 1.000000
vn 0.000000 -0.000000 1.000000
vn 0.000000 0.000000 1.000000
vn 0.000000 0.000000 1.000000
vn 0.000000 0.000000 1.000000
vn 0.000000 0.000000 1.000000
vn 0.000000 0.000000 1.000000
vn 0.000000 0.000000 1.000000
vn 0.000000 0.000000 1.000000
vn 0.000000 0.000000 1.000000
vn 0.000000 0.000000 1.000000
vn 0.000000 0.000000 1.000000
vn 0.000000 0.000000 1.000000
vn 0.000000 0.000000 1.000000
vn 0.000000 0.000000 1.000000
vn 0.000000 0.000000 1.000000
vn 0.000000 0.000000 1.000000
vn 0.000000 0.000000 1.000000
vn 0.000000 0.000000 1.000000
vn 0.000000 0.000000 1.000000
vn 0.000000 0.000000 1.000000
vn 0.000000 0.000000 1.000000
vn 0.000000 0.000000 1.000000
vn 0.000000 0.000000 1.000000
vn 0.000000 0.000000 1.000000
vn 0.000000 0.000000 1.000000
vn 0.000000 0.000000 1.000000
vn 0.000000 0.000000 1.000000
vn 0.000000 0.000000 1.000000
vn 0.000000 0.000000 1.000000
vn -0.000000 -0.000000 1.000000
vn 0.000000 0.000000 1.000000
vn 0.000000 0.000000 1.000000
vn 0.000000 0.000000 1.000000
vn 0.000000 0.000000 1.000000
vn 0.000000 0.000000 1.000000
vn 0.000000 0.000000 1.000000
vn 0.000000 0.000000 1.000000
vn 0.000000 0.000000 1.000000
vn 0.000000 0.000000 1.000000
vn 0.000000 0.000000 1.000000
vn 0.000000 0.000000 1.000000
vn 0.000000 0.000000 1.000000
vn 0.000000 0.000000 1.000000
vn 0.000000 0.000000 1.000000
vn 0.000000 0.000000 1.000000
vn 0.000000 0.000000 1.000000
vn -0.000000 -0.000000 1.000000
vn 0.000000 0.000000 1.000000
vn 0.000000 0.000000 1.000000
vn 0.000000 0.000000 1.000000
vn 0.000000 0.000000 1.000000
vn 0.000000 0.000000 1.000000
vn 0.000000 0.000000 1.000000
vn 0.000000 0.000000 1.000000
vn 0.000000 0.000000 1.000000
vn 0.000000 0.000000 1.000000
vn 0.000000 0.000000 1.000000
vn 0.000000 0.000000 1.000000
vn 0.000000 0.000000 1.000000
vn 0.000000 0.000000 1.000000
vn 0.000000 0.000000 1.000000
vn 0.000000 0.000000 1.000000
vn 0.000000 0.000000 1.000000
vn 0.000000 0.000000 1.000000
vn 0.000000 0.000000 1.000000
vn -0.000000 -0.000000 1.000000
vn -0.000000 -0.000000 1.000000
vn 0.000000 0.000000 1.000000
vn 0.000000 0.000000 1.000000
vn 0.000000 0.000000 1.000000
vn -0.000000 -0.000000 1.000000
vn -0.000000 -0.000000 1.000000
vn 0.000000 0.000000 1.000000
vn -0.000000 -0.000000 1.000000
vn -0.000000 -0.000000 1.000000
vn 0.000000 0.000000 1.000000
vn -0.000000 -0.000000 1.000000
vn -0.000000 -0.000000 1.000000
vn -0.000000 -0.000000 1.000000
vn -0.000000 -0.000000 1.000000
vn -0.000000 -0.000000 1.000000
vn 0.000000 0.000000 1.000000
vn -0.000000 -0.000000 1.000000
vn -0.000000 -0.000000 1.000000
vn 0.000000 0.000000 1.000000
vn -0.000000 -0.000000 1.000000
vn -0.000000 -0.000000 1.000000
vn 0.000000 0.000000 1.000000
vn -0.000000 -0.000000 1.000000
vn -0.000000 -0.000000 1.000000
vn 0.000000 0.000000 1.000000
vn -0.000000 -0.000000 1.000000
vn -0.000000 -0.000000 1.000000
vn -0.000000 -0.000000 1.000000
vn -0.000000 -0.000000 1.000000
vn 0.000000 0.000000 1.000000
vn -0.000000 -0.000000 1.000000
vn -0.000000 -0.000000 1.000000
vn 0.000000 0.000000 1.000000
vn -0.000000 -0.000000 1.000000
vn -0.000000 -0.000000 1.000000
vn 0.000000 0.000000 1.000000
vn -0.000000 -0.000000 1.000000
vn -0.000000 -0.000000 1.000000
vn -0.000000 -0.000000 1.000000
vn -0.000000 -0.000000 1.000000
vn 0.000000 0.000000 1.000000
vn -0.000000 0.000000 1.000000
vn 0.000000 -0.000000 1.000000
vn 0.000000 -0.000000 1.000000
vn 0.000000 0.000000 1.000000
vn 0.000000 0.000000 1.000000
vn -0.000000 0.000000 1.000000
vn 0.000000 -0.000000 1.000000
vn 0.000000 0.000000 1.000000
vn 0.000000 0.000000 1.000000
vn -0.000000 0.000000 1.000000
vn 0.000000 -0.000000 1.000000
vn 0.000000 0.000000 1.000000
vn -0.000000 0.000000 1.000000
vn 0.000000 0.000000 1.000000
vn 0.000000 -0.000000 1.000000
vn 0.000000 0.000000 1.000000
vn -0.000000 0.000000 1.000000
vn 0.000000 0.000000 1.000000
vn 0.000000 -0.000000 1.000000
vn 0.000000 0.000000 1.000000
vn -0.000000 0.000000 1.000000
vn 0.000000 -0.000000 1.000000
vn 0.000000 0.000000 1.000000
vn -0.000000 0.000000 1.000000
vn 0.000000 0.000000 1.000000
vn 0.000000 -0.000000 1.000000
vn 0.000000 0.000000 1.000000
vn -0.000000 0.000000 1.000000
vn 0.000000 -0.000000 1.000000
vn 0.000000 0.000000 1.000000
vn 0.000000 0.000000 1.000000
vn -0.000000 0.000000 1.000000
vn 0.000000 0.000000 1.000000
vn 0.000000 -0.000000 1.000000
vn 0.000000 0.000000 1.000000
vn -0.000000 0.000000 1.000000
vn 0.000000 -0.000000 1.000000
vn 0.000000 0.000000 1.000000
vn -0.000000 0.000000 1.000000
vn 0.000000 -0.000000 1.000000
vn 0.000000 0.000000 1.000000
vn -0.000000 0.000000 1.000000
vn 0.000000 0.000000 1.000000
vn 0.000000 -0.000000 1.000000
vn 0.000000 0.000000 1.000000
vn -0.000000 0.000000 1.000000
vn 0.000000 0.000000 1.000000
vn 0.000000 -0.000000 1.000000
vn 0.000000 0.000000 1.000000
vn -0.000000 0.000000 1.000000
vn 0.000000 -0.000000 1.000000
vn -0.000000 0.000000 1.000000
vn 0.000000 -0.000000 1.000000
vn 0.000000 -0.000000 1.000000
vn -0.000000 0.000000 1.000000
vn 0.000000 -0.000000 1.000000
vn 0.000000 -0.000000 1.000000
vn -0.000000 0.000000 1.000000
vn 0.000000 -0.000000 1.000000
vn 0.000000 0.000000 1.000000
vn 0.000000 -0.000000 1.000000
vn 0.000000 -0.000000 1.000000
vn 0.000000 -0.000000 1.000000
vn 0.000000 0.000000 1.000000
vn 0.000000 -0.000000 1.000000
vn 0.000000 -0.000000 1.000000
vn 0.000000 -0.000000 1.000000
vn 0.000000 0.000000 1.000000
vn 0.000000 -0.000000 1.000000
vn 0.000000 -0.000000 1.000000
vn 0.000000 0.000000 1.000000
vn 0.000000 -0.000000 1.000000
vn 0.000000 -0.000000 1.000000
vn 0.000000 -0.000000 1.000000
vn 0.000000 0.000000 1.000000
vn 0.000000 -0.000000 1.000000
vn 0.000000 0.000000 1.000000
vn 0.000000 -0.000000 1.000000
vn 0.000000 0.000000 1.000000
vn 0.000000 -0.000000 1.000000
vn 0.000000 -0.000000 1.000000
vn 0.000000 0.000000 1.000000
vn 0.000000 -0.000000 1.000000
vn 0.000000 0.000000 1.000000
vn 0.000000 -0.000000 1.000000
vn 0.000000 0.000000 1.000000
vn 0.000000 0.000000 1.000000
vn 0.000000 -0.000000 1.000000
vn 0.000000 -0.000000 1.000000
vn 0.000000 0.000000 1.000000
vn 0.000000 0.000000 1.000000
vn 0.000000 -0.000000 1.000000
vn 0.000000 0.000000 1.000000
vn 0.000000 -0.000000 1.000000
vn 0.000000 0.000000 1.000000
vn 0.000000 -0.000000 1.000000
vn 0.000000 0.000000 1.000000
vn 0.000000 0.000000 1.000000
vn 0.000000 0.000000 1.000000
vn 0.000000 0.000000 1.000000
vn 0.000000 0.000000 1.000000
vn 0.000000 0.000000 1.000000
vn 0.000000 0.000000 1.000000
vn 0.000000 0.000000 1.000000
vn 0.000000 0.000000 1.000000
vn 0.000000 -0.000000 1.000000
vn 0.000000 0.000000 1.000000
vn 0.000000 0.000000 1.000000
vn 0.000000 0.000000 1.000000
vn 0.000000 0.000000 1.000000
vn -0.000000 0.000000 1.000000
vn 0.000000 0.000000 1.000000
vn 0.000000 0.000000 1.000000
vn 0.000000 0.000000 1.000000
vn 0.000000 0.000000 1.000000
vn 0.000000 0.000000 1.000000
vn 0.000000 0.000000 1.000000
vn 0.000000 0.000000 1.000000
vn 0.000000 0.000000 1.000000
vn 0.000000 0.000000 1.000000
vn 0.000000 0.000000 1.000000
vn 0.000000 0.000000 1.000000
vn 0.000000 0.000000 1.000000
vn 0.000000 0.000000 1.000000
vn 0.000000 0.000000 1.000000
vn 0.000000 0.000000 1.000000
vn 0.000000 0.000000 1.000000
vn 0.000000 0.000000 1.000000
vn 0.000000 0.000000 1.000000
vn 0.000000 0.000000 1.000000
vn 0.000000 0.000000 1.000000
vn 0.000000 0.000000 1.000000
vn 0.000000 0.000000 1.000000
vn 0.000000 0.000000 1.000000
vn 0.000000 0.000000 1.000000
vn 0.000000 0.000000 1.000000
vn 0.000000 0.000000 1.000000
vn -0.000000 0.000000 1.000000
vn 0.000000 0.000000 1.000000
vn -0.000000 0.000000 1.000000
vn 0.000000 0.000000 1.000000
vn 0.000000 0.000000 1.000000
vn 0.000000 0.000000 1.000000
vn -0.000000 0.000000 1.000000
vn 0.000000 0.000000 1.000000
vn 0.000000 0.000000 1.000000
vn 0.000000 0.000000 1.000000
vn -0.000000 0.000000 1.000000
vn 0.000000 0.000000 1.000000
vn -0.000000 0.000000 1.000000
vn 0.000000 0.000000 1.000000
vn -0.000000 0.000000 1.000000
vn 0.000000 0.000000 1.000000
vn -0.000000 0.000000 1.000000
vn 0.000000 0.000000 1.000000
vn -0.000000 0.000000 1.000000
vn -0.000000 0.000000 1.000000
vn 0.000000 0.000000 1.000000
vn 0.000000 0.000000 1.000000
vn -0.000000 0.000000 1.000000
vn 0.000000 0.000000 1.000000
vn 0.000000 0.000000 1.000000
vn -0.000000 0.000000 1.000000
vn -0.000000 0.000000 1.000000
vn 0.000000 0.000000 1.000000
vn 0.000000 0.000000 1.000000
vn 0.000000 0.000000 1.000000
vn 0.000000 0.000000 1.000000
vn 0.000000 0.000000 1.000000
vn 0.000000 -0.000000 1.000000
vn -0.000000 0.000000 1.000000
vn 0.000000 0.000000 1.000000
vn 0.000000 0.000000 1.000000
vn 0.000000 0.000000 1.000000
vn 0.000000 0.000000 1.000000
vn 0.000000 0.000000 1.000000
vn 0.000000 0.000000 1.000000
vn 0.000000 0.000000 1.000000
vn 0.000000 0.000000 1.000000
vn 0.000000 0.000000 1.000000
vn 0.000000 0.000000 1.000000
vn 0.000000 0.000000 1.000000
vn 0.000000 0.000000 1.000000
vn 0.000000 0.000000 1.000000
vn 0.000000 0.000000 1.000000
vn 0.000000 0.000000 1.000000
vn 0.000000 -0.000000 1.000000
vn 0.000000 0.000000 1.000000
vn 0.000000 -0.000000 1.000000
vn 0.000000 -0.000000 1.000000
vn 0.000000 0.000000 1.000000
vn 0.000000 0.000000 1.000000
vn 0.000000 -0.000000 1.000000
vn 0.000000 -0.000000 1.000000
vn 0.000000 0.000000 1.000000
vn 0.000000 0.000000 1.000000
vn 0.000000 -0.000000 1.000000
vn -0.000000 0.000000 1.000000
vn 0.000000 -0.000000 1.000000
vn 0.000000 0.000000 1.000000
vn 0.000000 0.000000 1.000000
vn -0.000000 0.000000 1.000000
vn 0.000000 -0.000000 1.000000
vn 0.000000 0.000000 1.000000
vn 0.000000 -0.000000 1.000000
vn 0.000000 -0.000000 1.000000
vn -0.901362 0.433067 0.000000
vn -0.901362 0.433067 0.000000
vn 0.000000 0.000000 -1.000000
vn 0.000000 0.000000 -1.000000
vn 0.000000 0.000000 -1.000000
vn -0.000000 -0.000000 -1.000000
vn -0.000000 -0.000000 -1.000000
vn -0.000000 -0.000000 -1.000000
vn 0.000000 0.000000 -1.000000
vn 0.000000 0.000000 -1.000000
vn 0.000000 0.000000 -1.000000
vn 0.000000 0.000000 -1.000000
vn -0.000000 -0.000000 -1.000000
vn 0.000000 0.000000 -1.000000
vn 0.000000 0.000000 -1.000000
vn 0.000000 0.000000 -1.000000
vn 0.000000 0.000000 -1.000000
vn -0.000000 0.000000 -1.000000
vn 0.000000 0.000000 -1.000000
vn -0.000000 0.000000 -1.000000
vn -0.000000 0.000000 -1.000000
vn -0.000000 0.000000 -1.000000
vn -0.000000 0.000000 -1.000000
vn -0.000000 0.000000 -1.000000
vn -0.000000 0.000000 -1.000000
vn -0.000000 0.000000 -1.000000
vn -0.000000 0.000000 -1.000000
vn -0.000000 0.000000 -1.000000
vn -0.000000 0.000000 -1.000000
vn 0.000000 0.000000 -1.000000
vn 0.000000 0.000000 -1.000000
vn 0.000000 0.000000 -1.000000
vn 0.000000 0.000000 -1.000000
vn 0.000000 0.000000 -1.000000
vn -0.000000 0.000000 -1.000000
vn 0.000000 0.000000 -1.000000
vn 0.000000 0.000000 -1.000000
vn -0.000000 0.000000 -1.000000
vn -0.000000 0.000000 -1.000000
vn -0.000000 0.000000 -1.000000
vn -0.000000 0.000000 -1.000000
vn 0.000000 0.000000 -1.000000
vn 0.000000 0.000000 -1.000000
vn -0.000000 0.000000 -1.000000
vn -0.000000 0.000000 -1.000000
vn -0.000000 0.000000 -1.000000
vn 0.000000 0.000000 -1.000000
vn 0.000000 0.000000 -1.000000
vn 0.000000 0.000000 -1.000000
vn 0.000000 0.000000 -1.000000
vn -0.000000 0.000000 -1.000000
vn -0.000000 0.000000 -1.000000
vn -0.000000 0.000000 -1.000000
vn -0.000000 0.000000 -1.000000
vn -0.000000 0.000000 -1.000000
vn -0.000000 0.000000 -1.000000
vn -0.000000 0.000000 -1.000000
vn -0.000000 0.000000 -1.000000
vn -0.000000 0.000000 -1.000000
vn -0.000000 0.000000 -1.000000
vn -0.000000 0.000000 -1.000000
vn -0.000000 0.000000 -1.000000
vn -0.000000 -0.000000 -1.000000
vn -0.000000 -0.000000 -1.000000
vn -0.000000 0.000000 -1.000000
vn -0.000000 0.000000 -1.000000
vn -0.000000 0.000000 -1.000000
vn 0.000000 0.000000 -1.000000
vn 0.000000 0.000000 -1.000000
vn -0.000000 0.000000 -1.000000
vn -0.000000 0.000000 -1.000000
vn 0.000000 0.000000 -1.000000
vn 0.000000 0.000000 -1.000000
vn 0.000000 0.000000 -1.000000
vn 0.000000 0.000000 -1.000000
vn 0.000000 0.000000 -1.000000
vn -0.000000 0.000000 -1.000000
vn -0.000000 0.000000 -1.000000
vn -0.000000 0.000000 -1.000000
vn -0.000000 -0.000000 -1.000000
vn -0.000000 0.000000 -1.000000
vn -0.000000 0.000000 -1.000000
vn -0.000000 0.000000 -1.000000
vn -0.000000 0.000000 -1.000000
vn 0.000000 0.000000 -1.000000
vn 0.000000 0.000000 -1.000000
vn 0.000000 0.000000 -1.000000
vn 0.000000 0.000000 -1.000000
vn 0.000000 0.000000 -1.000000
vn 0.000000 0.000000 -1.000000
vn 0.000000 0.000000 -1.000000
vn 0.000000 0.000000 -1.000000
vn 0.000000 0.000000 -1.000000
vn 0.000000 0.000000 -1.000000
vn 0.000000 0.000000 -1.000000
vn 0.000000 0.000000 -1.000000
vn 0.000000 0.000000 -1.000000
vn 0.000000 0.000000 -1.000000
vn 0.000000 0.000000 -1.000000
vn 0.000000 0.000000 -1.000000
vn 0.000000 0.000000 -1.000000
vn 0.000000 0.000000 -1.000000
vn 0.000000 0.000000 -1.000000
vn 0.000000 0.000000 -1.000000
vn 0.000000 0.000000 -1.000000
vn 0.000000 0.000000 -1.000000
vn 0.000000 0.000000 -1.000000
vn 0.000000 0.000000 -1.000000
vn 0.000000 0.000000 -1.000000
vn 0.000000 0.000000 -1.000000
vn 0.000000 0.000000 -1.000000
vn 0.000000 0.000000 -1.000000
vn 0.000000 0.000000 -1.000000
vn 0.000000 0.000000 -1.000000
vn 0.000000 0.000000 -1.000000
vn 0.000000 -0.000000 -1.000000
vn 0.000000 0.000000 -1.000000
vn 0.000000 0.000000 -1.000000
vn 0.000000 0.000000 -1.000000
vn 0.000000 0.000000 -1.000000
vn 0.000000 0.000000 -1.000000
vn 0.000000 -0.000000 -1.000000
vn 0.000000 0.000000 -1.000000
vn 0.000000 0.000000 -1.000000
vn 0.000000 0.000000 -1.000000
vn 0.000000 -0.000000 -1.000000
vn -0.000000 -1.000000 -0.000000
vn 0.000000 -1.000000 0.000000
vn -0.580021 -0.814601 0.000000
vn -0.580021 -0.814601 -0.000000
vn -0.538997 -0.842308 -0.000000
vn -0.538997 -0.842308 0.000000
vn -0.496662 -0.867944 -0.000000
vn -0.496662 -0.867944 0.000000
vn -0.453111 -0.891454 -0.000000
vn -0.453111 -0.891454 0.000000
vn -0.408451 -0.912780 -0.000000
vn -0.408451 -0.912780 0.000000
vn -0.362782 -0.931874 -0.000000
vn -0.362782 -0.931874 0.000000
vn -0.316223 -0.948685 -0.000000
vn -0.316223 -0.948685 0.000000
vn -0.268893 -0.963170 -0.000000
vn -0.268893 -0.963170 0.000000
vn -0.220918 -0.975293 -0.000000
vn -0.220918 -0.975293 0.000000
vn -0.172383 -0.985030 -0.000000
vn -0.172383 -0.985030 0.000000
vn -0.123439 -0.992352 -0.000000
vn -0.123439 -0.992352 0.000000
vn -0.074189 -0.997244 -0.000000
vn -0.074189 -0.997244 0.000000
vn -0.024740 -0.999694 -0.000000
vn -0.024740 -0.999694 0.000000
vn -0.600000 -0.800000 0.000000
vn -0.600000 -0.800000 -0.000000
vn -0.999690 -0.024910 -0.000004
vn -0.999703 -0.024389 0.000000
vn -0.997204 -0.074731 -0.000008
vn -0.997320 -0.073167 0.000004
vn -0.992236 -0.124370 -0.000012
vn -0.992568 -0.121695 0.000008
vn -0.984810 -0.173637 -0.000016
vn -0.985449 -0.169974 0.000012
vn -0.974924 -0.222539 -0.000019
vn -0.975978 -0.217871 0.000015
vn -0.962627 -0.270831 -0.000023
vn -0.964189 -0.265218 0.000019
vn -0.947919 -0.318513 -0.000026
vn -0.950106 -0.311928 0.000022
vn -0.930880 -0.365326 -0.000028
vn -0.933741 -0.357950 0.000025
vn -0.911500 -0.411300 -0.000031
vn -0.915181 -0.403044 0.000028
vn -0.889896 -0.456164 -0.000034
vn -0.894433 -0.447201 0.000030
vn -0.866005 -0.500036 -0.000036
vn -0.871537 -0.490330 0.000033
vn -0.846588 -0.532248 0.000035
vn -0.840032 -0.542537 -0.000038
vn -0.811927 -0.583760 -0.000041
vn -0.819630 -0.572894 0.000037
vn -0.790679 -0.612231 0.000039
vn -0.781829 -0.623493 -0.000042
vn -0.749785 -0.661681 -0.000044
vn -0.759879 -0.650065 0.000041
vn -0.715865 -0.698238 -0.000045
vn -0.727245 -0.686378 0.000042
vn -0.680188 -0.733038 -0.000046
vn -0.692896 -0.721037 0.000044
vn -0.642781 -0.766050 -0.000048
vn -0.656927 -0.753954 0.000045
vn -0.603812 -0.797126 -0.000052
vn -0.619038 -0.785361 0.000047
vn -0.619342 -0.785121 -0.000000
vn -0.563293 -0.826257 -0.000052
vn -0.579890 -0.814695 0.000052
vn -0.521450 -0.853282 -0.000052
vn -0.538625 -0.842546 0.000052
vn -0.478252 -0.878223 -0.000052
vn -0.496020 -0.868311 0.000052
vn -0.452134 -0.891950 0.000052
vn -0.433871 -0.900975 -0.000052
vn -0.407213 -0.913333 0.000052
vn -0.388450 -0.921470 -0.000052
vn -0.361230 -0.932477 0.000052
vn -0.342045 -0.939683 -0.000052
vn -0.314343 -0.949310 0.000052
vn -0.294729 -0.955581 -0.000052
vn -0.266699 -0.963780 0.000052
vn -0.246782 -0.969071 -0.000052
vn -0.218410 -0.975857 0.000052
vn -0.198146 -0.980173 -0.000052
vn -0.169534 -0.985524 0.000052
vn -0.149035 -0.988832 -0.000052
vn -0.120270 -0.992741 0.000052
vn -0.099546 -0.995033 -0.000053
vn -0.070685 -0.997499 0.000052
vn -0.049852 -0.998757 -0.000053
vn -0.020959 -0.999780 0.000052
vn 0.000000 -1.000000 -0.000053
vn 0.049849 -0.998757 -0.000053
vn 0.028864 -0.999583 0.000052
vn 0.099552 -0.995032 -0.000053
vn 0.078561 -0.996909 0.000053
vn 0.149035 -0.988832 -0.000053
vn 0.128106 -0.991760 0.000053
vn 0.198146 -0.980173 -0.000053
vn 0.177324 -0.984152 0.000053
vn 0.226092 -0.974106 0.000053
vn 0.246782 -0.969071 -0.000053
vn 0.274300 -0.961644 0.000053
vn 0.294729 -0.955581 -0.000053
vn 0.321866 -0.946785 0.000053
vn 0.342045 -0.939683 -0.000053
vn 0.368563 -0.929603 0.000053
vn 0.388428 -0.921479 -0.000053
vn 0.414389 -0.910100 0.000053
vn 0.433895 -0.900964 -0.000053
vn 0.459184 -0.888341 0.000053
vn 0.478252 -0.878223 -0.000053
vn 0.502872 -0.864361 0.000053
vn 0.521423 -0.853298 -0.000053
vn 0.545253 -0.838271 0.000053
vn 0.563322 -0.826238 -0.000053
vn 0.586314 -0.810084 0.000053
vn 0.603812 -0.797126 -0.000053
vn 0.625886 -0.779914 0.000053
vn 0.642781 -0.766050 -0.000053
vn 0.663980 -0.747751 0.000053
vn 0.680188 -0.733038 -0.000053
vn 0.700380 -0.713770 0.000053
vn 0.715866 -0.698238 -0.000053
vn 0.734998 -0.678069 0.000053
vn 0.749755 -0.661716 -0.000053
vn 0.767892 -0.640579 0.000053
vn 0.781859 -0.623455 -0.000053
vn 0.798829 -0.601558 0.000053
vn 0.811927 -0.583760 -0.000053
vn 0.827755 -0.561090 0.000053
vn 0.840032 -0.542537 -0.000053
vn 0.866005 -0.500036 -0.000054
vn 0.854666 -0.519179 0.000053
vn 0.889871 -0.456212 -0.000053
vn 0.879490 -0.475917 0.000053
vn 0.911523 -0.411249 -0.000053
vn 0.902063 -0.431605 0.000054
vn 0.930859 -0.365379 -0.000054
vn 0.922416 -0.386199 0.000053
vn 0.947937 -0.318458 -0.000054
vn 0.940518 -0.339745 0.000053
vn 0.962627 -0.270831 -0.000054
vn 0.956267 -0.292496 0.000053
vn 0.974924 -0.222539 -0.000053
vn 0.969645 -0.244518 0.000053
vn 0.984810 -0.173637 -0.000054
vn 0.980608 -0.195981 0.000053
vn 0.992236 -0.124370 -0.000053
vn 0.989152 -0.146893 0.000053
vn 0.995236 -0.097498 0.000054
vn 0.997204 -0.074731 -0.000054
vn 0.998857 -0.047800 0.000054
vn 0.999690 -0.024910 -0.000054
vn 0.999998 0.001961 0.000053
vn 0.999690 0.024910 -0.000054
vn 0.998658 0.051784 0.000054
vn 0.997204 0.074731 -0.000053
vn 0.994844 0.101421 0.000054
vn 0.992236 0.124370 -0.000053
vn 0.988562 0.150814 0.000054
vn 0.984810 0.173637 -0.000053
vn 0.979840 0.199786 0.000054
vn 0.974924 0.222539 -0.000054
vn 0.968665 0.248371 0.000053
vn 0.962627 0.270831 -0.000054
vn 0.955097 0.296294 0.000053
vn 0.947937 0.318458 -0.000054
vn 0.939157 0.343489 0.000054
vn 0.930859 0.365379 -0.000054
vn 0.920919 0.389755 0.000054
vn 0.911523 0.411249 -0.000054
vn 0.889871 0.456212 -0.000054
vn 0.900352 0.435162 0.000054
vn 0.877565 0.479457 0.000054
vn 0.866005 0.500036 -0.000054
vn 0.840032 0.542537 -0.000054
vn 0.852637 0.522503 0.000054
vn 0.811926 0.583760 -0.000054
vn 0.825545 0.564336 0.000054
vn 0.781859 0.623455 -0.000054
vn 0.796427 0.604735 0.000053
vn 0.749755 0.661716 -0.000054
vn 0.765335 0.643632 0.000054
vn 0.715866 0.698238 -0.000054
vn 0.732362 0.680915 0.000053
vn 0.680188 0.733038 -0.000054
vn 0.697529 0.716557 0.000053
vn 0.642781 0.766050 -0.000054
vn 0.660987 0.750397 0.000054
vn 0.603812 0.797126 -0.000054
vn 0.622851 0.782340 0.000054
vn 0.563322 0.826238 -0.000054
vn 0.583092 0.812406 0.000054
vn 0.521423 0.853298 -0.000054
vn 0.541943 0.840415 0.000054
vn 0.478252 0.878223 -0.000054
vn 0.499448 0.866344 0.000054
vn 0.455675 0.890146 0.000054
vn 0.433895 0.900964 -0.000054
vn 0.410793 0.911729 0.000054
vn 0.388428 0.921479 -0.000054
vn 0.364900 0.931047 0.000054
vn 0.342045 0.939683 -0.000054
vn 0.318121 0.948050 0.000054
vn 0.294729 0.955581 -0.000054
vn 0.270494 0.962722 0.000054
vn 0.246782 0.969071 -0.000054
vn 0.222238 0.974992 0.000054
vn 0.198146 0.980173 -0.000054
vn 0.173455 0.984842 0.000054
vn 0.149035 0.988832 -0.000054
vn 0.099552 0.995032 -0.000054
vn 0.124193 0.992258 0.000054
vn 0.049849 0.998757 -0.000054
vn 0.074609 0.997213 0.000054
vn 0.000000 1.000000 -0.000054
vn 0.024911 0.999690 0.000054
vn -0.049852 0.998757 -0.000051
vn -0.024119 0.999709 0.000050
vn -0.024529 0.999699 0.000000
vn -0.099546 0.995033 -0.000050
vn -0.073584 0.997289 0.000049
vn -0.149035 0.988832 -0.000050
vn -0.122389 0.992482 0.000049
vn -0.198146 0.980173 -0.000049
vn -0.170990 0.985273 0.000048
vn -0.246782 0.969071 -0.000049
vn -0.219073 0.975709 0.000048
vn -0.294729 0.955581 -0.000049
vn -0.266746 0.963767 0.000047
vn -0.342045 0.939683 -0.000048
vn -0.313671 0.949532 0.000047
vn -0.388450 0.921470 -0.000048
vn -0.359871 0.933002 0.000046
vn -0.433871 0.900975 -0.000047
vn -0.405273 0.914196 0.000045
vn -0.478252 0.878223 -0.000046
vn -0.449600 0.893230 0.000044
vn -0.521450 0.853282 -0.000045
vn -0.492898 0.870087 0.000043
vn -0.563293 0.826257 -0.000043
vn -0.534997 0.844854 0.000042
vn -0.603812 0.797127 -0.000042
vn -0.575797 0.817593 0.000041
vn -0.642781 0.766050 -0.000041
vn -0.615240 0.788340 0.000040
vn -0.680188 0.733038 -0.000039
vn -0.653179 0.757203 0.000039
vn -0.689515 0.724271 0.000037
vn -0.715865 0.698238 -0.000038
vn -0.724256 0.689531 0.000035
vn -0.749785 0.661681 -0.000036
vn -0.781829 0.623493 -0.000035
vn -0.757216 0.653164 0.000034
vn -0.811927 0.583760 -0.000033
vn -0.788352 0.615225 0.000032
vn -0.840032 0.542537 -0.000031
vn -0.817572 0.575826 0.000030
vn -0.866005 0.500036 -0.000029
vn -0.844877 0.534961 0.000028
vn -0.889896 0.456164 -0.000027
vn -0.870066 0.492935 0.000026
vn -0.911500 0.411300 -0.000025
vn -0.893230 0.449600 0.000024
vn -0.930880 0.365326 -0.000022
vn -0.914206 0.405250 0.000022
vn -0.947919 0.318513 -0.000020
vn -0.932998 0.359881 0.000019
vn -0.962627 0.270831 -0.000017
vn -0.949529 0.313680 0.000017
vn -0.974924 0.222539 -0.000015
vn -0.963771 0.266730 0.000014
vn -0.984810 0.173637 -0.000012
vn -0.975700 0.219109 0.000012
vn -0.985284 0.170924 0.000009
vn -0.992236 0.124370 -0.000009
vn -0.992477 0.122428 0.000006
vn -0.997204 0.074731 -0.000006
vn -0.997291 0.073553 0.000003
vn -0.999690 0.024910 -0.000003
vn -0.999698 0.024560 0.000000
vn -0.000000 1.000000 0.000000
vn 0.000000 1.000000 0.000000
vn -0.024544 0.999699 0.000000
vn -0.024544 0.999699 0.000000
vn -0.073553 0.997291 0.000000
vn -0.073553 0.997291 0.000000
vn -0.122428 0.992477 0.000000
vn -0.122428 0.992477 0.000000
vn -0.170954 0.985279 0.000000
vn -0.170954 0.985279 0.000000
vn -0.219109 0.975700 0.000000
vn -0.219109 0.975700 0.000000
vn -0.266701 0.963779 0.000000
vn -0.266701 0.963779 0.000000
vn -0.313680 0.949529 0.000000
vn -0.313680 0.949529 0.000000
vn -0.359908 0.932988 0.000000
vn -0.359908 0.932988 0.000000
vn -0.405224 0.914217 0.000000
vn -0.405224 0.914217 0.000000
vn -0.449612 0.893224 0.000000
vn -0.449612 0.893224 0.000000
vn -0.492911 0.870080 0.000000
vn -0.492911 0.870080 0.000000
vn -0.534983 0.844863 0.000000
vn -0.534983 0.844863 0.000000
vn -0.575826 0.817572 0.000000
vn -0.575826 0.817572 0.000000
vn -0.615225 0.788352 0.000000
vn -0.615225 0.788352 0.000000
vn -0.653173 0.757209 0.000000
vn -0.653173 0.757209 0.000000
vn -0.689531 0.724256 0.000000
vn -0.689531 0.724256 0.000000
vn -0.724249 0.689539 0.000000
vn -0.724249 0.689539 0.000000
vn -0.757216 0.653164 0.000000
vn -0.788346 0.615232 0.000000
vn -0.757216 0.653164 0.000000
vn -0.788346 0.615232 0.000000
vn -0.817583 0.575811 0.000000
vn -0.817583 0.575811 0.000000
vn -0.844854 0.534997 0.000000
vn -0.844854 0.534997 0.000000
vn -0.870087 0.492898 0.000000
vn -0.893230 0.449600 0.000000
vn -0.870087 0.492898 0.000000
vn -0.893230 0.449600 0.000000
vn -0.914201 0.405261 0.000000
vn -0.914201 0.405261 0.000000
vn -0.933000 0.359876 0.000000
vn -0.949529 0.313680 0.000000
vn -0.933000 0.359876 0.000000
vn -0.949529 0.313680 0.000000
vn -0.963770 0.266734 0.000000
vn -0.963770 0.266734 0.000000
vn -0.975707 0.219079 0.000000
vn -0.975707 0.219079 0.000000
vn -0.985274 0.170984 0.000000
vn -0.992482 0.122393 0.000000
vn -0.985274 0.170984 0.000000
vn -0.992482 0.122393 0.000000
vn -0.997289 0.073585 0.000000
vn -0.997289 0.073585 0.000000
vn -0.999699 0.024528 0.000000
vn -0.999699 0.024528 0.000000
vn -1.000000 0.000000 0.000000
vn -1.000000 0.000000 0.000000
vn -0.999699 -0.024528 -0.000000
vn -0.999699 -0.024528 0.000000
vn -0.997289 -0.073585 0.000000
vn -0.997289 -0.073585 -0.000000
vn -0.992481 -0.122395 0.000000
vn -0.992481 -0.122395 -0.000000
vn -0.985274 -0.170982 0.000000
vn -0.985274 -0.170982 -0.000000
vn -0.975707 -0.219079 0.000000
vn -0.975707 -0.219079 -0.000000
vn -0.963770 -0.266734 0.000000
vn -0.963770 -0.266734 -0.000000
vn -0.949529 -0.313680 0.000000
vn -0.949529 -0.313680 -0.000000
vn -0.933000 -0.359876 0.000000
vn -0.933000 -0.359876 -0.000000
vn -0.914201 -0.405261 -0.000000
vn -0.914201 -0.405261 0.000000
vn -0.893230 -0.449600 0.000000
vn -0.893230 -0.449600 -0.000000
vn -0.870083 -0.492905 0.000000
vn -0.870083 -0.492905 -0.000000
vn -0.844858 -0.534990 0.000000
vn -0.844858 -0.534990 -0.000000
vn -0.817583 -0.575811 0.000000
vn -0.817583 -0.575811 -0.000000
vn -0.788346 -0.615232 0.000000
vn -0.788346 -0.615232 -0.000000
vn -0.757216 -0.653164 0.000000
vn -0.757216 -0.653164 -0.000000
vn -0.724249 -0.689539 0.000000
vn -0.724249 -0.689539 -0.000000
vn -0.689535 -0.724252 0.000000
vn -0.689535 -0.724252 -0.000000
vn -0.653173 -0.757209 0.000000
vn -0.653173 -0.757209 -0.000000
vn -0.615220 -0.788356 0.000000
vn -0.575826 -0.817572 0.000000
vn -0.615220 -0.788356 -0.000000
vn -0.575826 -0.817572 0.000000
vn -0.534983 -0.844863 0.000000
vn -0.534983 -0.844863 -0.000000
vn -0.492911 -0.870080 0.000000
vn -0.492911 -0.870080 -0.000000
vn -0.449612 -0.893224 0.000000
vn -0.449612 -0.893224 -0.000000
vn -0.405230 -0.914215 0.000000
vn -0.359894 -0.932993 0.000000
vn -0.405230 -0.914215 -0.000000
vn -0.359894 -0.932993 0.000000
vn -0.313688 -0.949526 0.000000
vn -0.313688 -0.949526 -0.000000
vn -0.266708 -0.963777 0.000000
vn -0.266708 -0.963777 -0.000000
vn -0.219102 -0.975702 0.000000
vn -0.170962 -0.985278 0.000000
vn -0.219102 -0.975702 -0.000000
vn -0.170962 -0.985278 0.000000
vn -0.122412 -0.992479 0.000000
vn -0.073561 -0.997291 0.000000
vn -0.122412 -0.992479 -0.000000
vn -0.073561 -0.997291 0.000000
vn -0.024544 -0.999699 0.000000
vn -0.024544 -0.999699 -0.000000
vn -0.024408 0.999702 0.000000
vn -0.024408 0.999702 0.000000
vn -0.073169 0.997320 0.000000
vn -0.073169 0.997320 0.000000
vn -0.121749 0.992561 0.000000
vn -0.121749 0.992561 0.000000
vn -0.170045 0.985436 0.000000
vn -0.170045 0.985436 0.000000
vn -0.217941 0.975962 0.000000
vn -0.217941 0.975962 0.000000
vn -0.265300 0.964166 0.000000
vn -0.265300 0.964166 0.000000
vn -0.312046 0.950067 0.000000
vn -0.312046 0.950067 0.000000
vn -0.358033 0.933709 0.000000
vn -0.358033 0.933709 0.000000
vn -0.403180 0.915121 0.000000
vn -0.403180 0.915121 0.000000
vn -0.447357 0.894355 0.000000
vn -0.447357 0.894355 0.000000
vn -0.490475 0.871455 0.000000
vn -0.490475 0.871455 0.000000
vn -0.532405 0.846490 0.000000
vn -0.532405 0.846490 0.000000
vn -0.573105 0.819482 0.000000
vn -0.573105 0.819482 0.000000
vn -0.612397 0.790550 0.000000
vn -0.612397 0.790550 0.000000
vn -0.650245 0.759725 0.000000
vn -0.650245 0.759725 0.000000
vn -0.686558 0.727075 0.000000
vn -0.686558 0.727075 0.000000
vn -0.721230 0.692696 0.000000
vn -0.721230 0.692696 0.000000
vn -0.754151 0.656701 0.000000
vn -0.754151 0.656701 0.000000
vn -0.785324 0.619085 0.000000
vn -0.785324 0.619085 0.000000
vn -0.814591 0.580035 0.000000
vn -0.814591 0.580035 0.000000
vn -0.841928 0.539590 0.000000
vn -0.841928 0.539590 0.000000
vn -0.867257 0.497861 0.000000
vn -0.890532 0.454921 0.000000
vn -0.867257 0.497861 0.000000
vn -0.890532 0.454921 0.000000
vn -0.000000 1.000000 0.000000
vn 0.000000 1.000000 0.000000
vn 0.999699 0.024528 0.000000
vn 0.999699 0.024528 0.000000
vn 0.997289 0.073585 0.000000
vn 0.997289 0.073585 0.000000
vn 0.992482 0.122394 0.000000
vn 0.992482 0.122394 0.000000
vn 0.985274 0.170984 0.000000
vn 0.985274 0.170984 0.000000
vn 0.975707 0.219079 0.000000
vn 0.975707 0.219079 0.000000
vn 0.963770 0.266734 0.000000
vn 0.963770 0.266734 0.000000
vn 0.949529 0.313679 0.000000
vn 0.949529 0.313679 0.000000
vn 0.932999 0.359878 0.000000
vn 0.932999 0.359878 0.000000
vn 0.914201 0.405260 0.000000
vn 0.914201 0.405260 0.000000
vn 0.893230 0.449600 0.000000
vn 0.893230 0.449600 0.000000
vn 0.870086 0.492900 0.000000
vn 0.870086 0.492900 0.000000
vn 0.844855 0.534996 0.000000
vn 0.844855 0.534996 0.000000
vn 0.817583 0.575811 0.000000
vn 0.817583 0.575811 0.000000
vn 0.788346 0.615232 0.000000
vn 0.788346 0.615232 0.000000
vn 0.757215 0.653166 0.000000
vn 0.757215 0.653166 0.000000
vn 0.724251 0.689537 0.000000
vn 0.724251 0.689537 0.000000
vn 0.689535 0.724252 0.000000
vn 0.689535 0.724252 0.000000
vn 0.653171 0.757211 0.000000
vn 0.653171 0.757211 0.000000
vn 0.615237 0.788342 0.000000
vn 0.575809 0.817584 0.000000
vn 0.615237 0.788342 0.000000
vn 0.575809 0.817584 0.000000
vn 0.534986 0.844861 0.000000
vn 0.534986 0.844861 0.000000
vn 0.492908 0.870081 0.000000
vn 0.492908 0.870081 0.000000
vn 0.449612 0.893224 0.000000
vn 0.449612 0.893224 0.000000
vn 0.405230 0.914215 0.000000
vn 0.359898 0.932992 0.000000
vn 0.405230 0.914215 0.000000
vn 0.359898 0.932992 0.000000
vn 0.313684 0.949527 0.000000
vn 0.313684 0.949527 0.000000
vn 0.266708 0.963777 0.000000
vn 0.266708 0.963777 0.000000
vn 0.219102 0.975702 0.000000
vn 0.170962 0.985278 0.000000
vn 0.219102 0.975702 0.000000
vn 0.170962 0.985278 0.000000
vn 0.122416 0.992479 0.000000
vn 0.073561 0.997291 0.000000
vn 0.122416 0.992479 0.000000
vn 0.073561 0.997291 0.000000
vn 0.024544 0.999699 0.000000
vn 0.024544 0.999699 0.000000
vn 1.000000 0.000000 0.000000
vn 1.000000 0.000000 0.000000
vn 0.024544 -0.999699 0.000000
vn 0.024544 -0.999699 0.000000
vn 0.073553 -0.997291 0.000000
vn 0.073553 -0.997291 0.000000
vn 0.122428 -0.992477 0.000000
vn 0.122428 -0.992477 0.000000
vn 0.170954 -0.985279 0.000000
vn 0.170954 -0.985279 0.000000
vn 0.219109 -0.975700 0.000000
vn 0.219109 -0.975700 0.000000
vn 0.266701 -0.963779 0.000000
vn 0.266701 -0.963779 0.000000
vn 0.313680 -0.949529 0.000000
vn 0.313680 -0.949529 0.000000
vn 0.359908 -0.932988 0.000000
vn 0.359908 -0.932988 0.000000
vn 0.405224 -0.914217 0.000000
vn 0.405224 -0.914217 0.000000
vn 0.449612 -0.893224 0.000000
vn 0.449612 -0.893224 0.000000
vn 0.492911 -0.870080 0.000000
vn 0.492911 -0.870080 0.000000
vn 0.534983 -0.844863 0.000000
vn 0.534983 -0.844863 0.000000
vn 0.575811 -0.817583 0.000000
vn 0.575811 -0.817583 0.000000
vn 0.615240 -0.788340 0.000000
vn 0.615240 -0.788340 0.000000
vn 0.653173 -0.757209 0.000000
vn 0.653173 -0.757209 0.000000
vn 0.689531 -0.724256 0.000000
vn 0.689531 -0.724256 0.000000
vn 0.724249 -0.689539 0.000000
vn 0.724249 -0.689539 0.000000
vn 0.757216 -0.653164 0.000000
vn 0.788346 -0.615232 0.000000
vn 0.757216 -0.653164 0.000000
vn 0.788346 -0.615232 0.000000
vn 0.817583 -0.575811 0.000000
vn 0.817583 -0.575811 0.000000
vn 0.844854 -0.534997 0.000000
vn 0.844854 -0.534997 0.000000
vn 0.870087 -0.492898 0.000000
vn 0.893230 -0.449600 0.000000
vn 0.870087 -0.492898 0.000000
vn 0.893230 -0.449600 0.000000
vn 0.914201 -0.405261 0.000000
vn 0.914201 -0.405261 0.000000
vn 0.933000 -0.359876 0.000000
vn 0.949529 -0.313680 0.000000
vn 0.933000 -0.359876 0.000000
vn 0.949529 -0.313680 0.000000
vn 0.963770 -0.266734 0.000000
vn 0.963770 -0.266734 0.000000
vn 0.975707 -0.219079 0.000000
vn 0.975707 -0.219079 0.000000
vn 0.985274 -0.170984 0.000000
vn 0.992482 -0.122393 0.000000
vn 0.985274 -0.170984 0.000000
vn 0.992482 -0.122393 0.000000
vn 0.997289 -0.073585 0.000000
vn 0.997289 -0.073585 0.000000
vn 0.999699 -0.024528 0.000000
vn 0.999699 -0.024528 0.000000
vn 0.999689 0.024926 0.000000
vn 0.999689 0.024926 0.000000
vn 0.997204 0.074729 0.000000
vn 0.997204 0.074729 0.000000
vn 0.992240 0.124335 0.000000
vn 0.992240 0.124335 0.000000
vn 0.984808 0.173645 0.000000
vn 0.984808 0.173645 0.000000
vn 0.974930 0.222510 0.000000
vn 0.974930 0.222510 0.000000
vn 0.962614 0.270878 0.000000
vn 0.947935 0.318465 -0.000000
vn 0.962614 0.270878 0.000000
vn 0.947935 0.318465 0.000000
vn 0.930870 0.365351 0.000000
vn 0.930870 0.365351 0.000000
vn 0.911516 0.411264 0.000000
vn 0.911516 0.411264 0.000000
vn 0.889868 0.456218 0.000000
vn 0.889868 0.456218 0.000000
vn 0.866023 0.500004 0.000000
vn 0.866023 0.500004 0.000000
vn 0.840023 0.542551 0.000000
vn 0.840023 0.542551 0.000000
vn 0.811928 0.583758 0.000000
vn 0.811928 0.583758 0.000000
vn 0.781850 0.623466 0.000000
vn 0.781850 0.623466 0.000000
vn 0.749774 0.661694 0.000000
vn 0.749774 0.661694 0.000000
vn 0.715869 0.698235 0.000000
vn 0.715869 0.698235 0.000000
vn 0.680162 0.733062 0.000000
vn 0.680162 0.733062 0.000000
vn 0.642785 0.766046 0.000000
vn 0.642785 0.766046 0.000000
vn 0.603823 0.797118 0.000000
vn 0.563307 0.826248 -0.000000
vn 0.603823 0.797118 0.000000
vn 0.521449 0.853282 -0.000000
vn 0.563307 0.826248 0.000000
vn 0.521449 0.853282 0.000000
vn 0.478242 0.878228 0.000000
vn 0.478242 0.878228 0.000000
vn 0.433877 0.900972 0.000000
vn 0.433877 0.900972 0.000000
vn 0.388446 0.921471 0.000000
vn 0.388446 0.921471 0.000000
vn 0.342030 0.939689 0.000000
vn 0.342030 0.939689 0.000000
vn 0.294743 0.955577 0.000000
vn 0.294743 0.955577 0.000000
vn 0.246749 0.969079 0.000000
vn 0.246749 0.969079 0.000000
vn 0.198152 0.980171 0.000000
vn 0.198152 0.980171 0.000000
vn 0.149043 0.988831 0.000000
vn 0.149043 0.988831 0.000000
vn 0.099570 0.995031 0.000000
vn 0.099570 0.995031 0.000000
vn 0.049851 0.998757 0.000000
vn 0.049851 0.998757 0.000000
vn 0.000000 1.000000 0.000000
vn -0.049851 0.998757 0.000000
vn -0.000000 1.000000 0.000000
vn -0.049851 0.998757 0.000000
vn -0.099570 0.995031 0.000000
vn -0.099570 0.995031 0.000000
vn -0.149043 0.988831 0.000000
vn -0.149043 0.988831 0.000000
vn -0.198152 0.980171 0.000000
vn -0.198152 0.980171 0.000000
vn -0.246749 0.969079 0.000000
vn -0.246749 0.969079 0.000000
vn -0.294743 0.955577 0.000000
vn -0.294743 0.955577 0.000000
vn -0.342030 0.939689 0.000000
vn -0.342030 0.939689 0.000000
vn -0.388446 0.921471 0.000000
vn -0.388446 0.921471 0.000000
vn -0.433877 0.900972 0.000000
vn -0.433877 0.900972 0.000000
vn -0.478242 0.878228 0.000000
vn -0.478242 0.878228 0.000000
vn -0.521449 0.853282 0.000000
vn -0.521449 0.853282 0.000000
vn -0.563307 0.826248 0.000000
vn -0.563307 0.826248 0.000000
vn -0.603823 0.797118 0.000000
vn -0.603823 0.797118 0.000000
vn -0.642785 0.766046 0.000000
vn -0.642785 0.766046 0.000000
vn -0.680162 0.733062 0.000000
vn -0.680162 0.733062 0.000000
vn -0.715869 0.698235 0.000000
vn -0.715869 0.698235 0.000000
vn -0.749774 0.661694 0.000000
vn -0.749774 0.661694 0.000000
vn -0.781850 0.623466 0.000000
vn -0.781850 0.623466 0.000000
vn -0.811928 0.583758 0.000000
vn -0.811928 0.583758 0.000000
vn -0.840023 0.542551 0.000000
vn -0.840023 0.542551 0.000000
vn -0.866023 0.500004 0.000000
vn -0.866023 0.500004 0.000000
vn -0.889868 0.456218 0.000000
vn -0.889868 0.456218 0.000000
vn -0.911516 0.411264 0.000000
vn -0.911516 0.411264 0.000000
vn -0.930870 0.365351 0.000000
vn -0.930870 0.365351 0.000000
vn -0.947935 0.318465 0.000000
vn -0.947935 0.318465 0.000000
vn -0.962614 0.270878 0.000000
vn -0.962614 0.270878 0.000000
vn -0.974930 0.222510 0.000000
vn -0.974930 0.222510 0.000000
vn -0.984808 0.173645 0.000000
vn -0.984808 0.173645 0.000000
vn -0.992240 0.124335 0.000000
vn -0.992240 0.124335 0.000000
vn -0.997204 0.074729 0.000000
vn -0.997204 0.074729 0.000000
vn -0.999689 0.024926 0.000000
vn -0.999689 0.024926 0.000000
vn -0.999689 -0.024926 -0.000000
vn -0.999689 -0.024926 0.000000
vn -0.997204 -0.074729 -0.000000
vn -0.997204 -0.074729 0.000000
vn -0.992240 -0.124335 -0.000000
vn -0.992240 -0.124335 0.000000
vn -0.984808 -0.173645 -0.000000
vn -0.984808 -0.173645 0.000000
vn -0.974930 -0.222510 -0.000000
vn -0.974930 -0.222510 0.000000
vn -0.962614 -0.270878 -0.000000
vn -0.962614 -0.270878 0.000000
vn -0.947935 -0.318465 -0.000000
vn -0.947935 -0.318465 0.000000
vn -0.930869 -0.365353 -0.000000
vn -0.930869 -0.365353 0.000000
vn -0.911517 -0.411261 -0.000000
vn -0.911517 -0.411261 0.000000
vn -0.889867 -0.456221 -0.000000
vn -0.889867 -0.456221 0.000000
vn -0.866025 -0.500001 0.000000
vn -0.866025 -0.500001 0.000000
vn -0.840023 -0.542551 -0.000000
vn -0.840023 -0.542551 0.000000
vn -0.811928 -0.583758 -0.000000
vn -0.811928 -0.583758 0.000000
vn -0.781850 -0.623466 -0.000000
vn -0.781850 -0.623466 0.000000
vn -0.749774 -0.661694 -0.000000
vn -0.749774 -0.661694 0.000000
vn -0.715869 -0.698235 -0.000000
vn -0.715869 -0.698235 0.000000
vn -0.680162 -0.733062 -0.000000
vn -0.680162 -0.733062 0.000000
vn -0.642785 -0.766046 -0.000000
vn -0.642785 -0.766046 0.000000
vn -0.603823 -0.797118 -0.000000
vn -0.603823 -0.797118 0.000000
vn -0.563307 -0.826248 0.000000
vn -0.563307 -0.826248 -0.000000
vn -0.521449 -0.853282 0.000000
vn -0.521449 -0.853282 -0.000000
vn -0.478242 -0.878228 0.000000
vn -0.478242 -0.878228 -0.000000
vn -0.433877 -0.900972 0.000000
vn -0.433877 -0.900972 -0.000000
vn -0.388452 -0.921469 0.000000
vn -0.388452 -0.921469 -0.000000
vn -0.342019 -0.939693 -0.000000
vn -0.342019 -0.939693 0.000000
vn -0.294749 -0.955575 -0.000000
vn -0.294749 -0.955575 0.000000
vn -0.246755 -0.969078 -0.000000
vn -0.246755 -0.969078 0.000000
vn -0.198146 -0.980173 -0.000000
vn -0.198146 -0.980173 0.000000
vn -0.149043 -0.988831 -0.000000
vn -0.149043 -0.988831 0.000000
vn -0.099570 -0.995031 -0.000000
vn -0.099570 -0.995031 0.000000
vn -0.049845 -0.998757 -0.000000
vn -0.049845 -0.998757 0.000000
vn -0.000000 -1.000000 -0.000000
vn 0.000000 -1.000000 0.000000
vn 0.049845 -0.998757 0.000000
vn 0.049845 -0.998757 0.000000
vn 0.099570 -0.995031 0.000000
vn 0.099570 -0.995031 0.000000
vn 0.149043 -0.988831 0.000000
vn 0.149043 -0.988831 0.000000
vn 0.198146 -0.980173 0.000000
vn 0.198146 -0.980173 0.000000
vn 0.246755 -0.969078 0.000000
vn 0.246755 -0.969078 0.000000
vn 0.294749 -0.955575 0.000000
vn 0.294749 -0.955575 0.000000
vn 0.342019 -0.939693 0.000000
vn 0.342019 -0.939693 0.000000
vn 0.388452 -0.921469 0.000000
vn 0.388452 -0.921469 0.000000
vn 0.433877 -0.900972 0.000000
vn 0.433877 -0.900972 0.000000
vn 0.478242 -0.878228 0.000000
vn 0.478242 -0.878228 0.000000
vn 0.521449 -0.853282 0.000000
vn 0.521449 -0.853282 0.000000
vn 0.563307 -0.826248 0.000000
vn 0.563307 -0.826248 0.000000
vn 0.603823 -0.797118 0.000000
vn 0.603823 -0.797118 0.000000
vn 0.642785 -0.766046 0.000000
vn 0.642785 -0.766046 0.000000
vn 0.680162 -0.733062 0.000000
vn 0.680162 -0.733062 0.000000
vn 0.715869 -0.698235 0.000000
vn 0.715869 -0.698235 0.000000
vn 0.749774 -0.661694 0.000000
vn 0.749774 -0.661694 0.000000
vn 0.781850 -0.623466 0.000000
vn 0.781850 -0.623466 0.000000
vn 0.811928 -0.583758 0.000000
vn 0.811928 -0.583758 0.000000
vn 0.840023 -0.542551 0.000000
vn 0.840023 -0.542551 0.000000
vn 0.866025 -0.500001 0.000000
vn 0.866025 -0.500001 0.000000
vn 0.889867 -0.456221 0.000000
vn 0.889867 -0.456221 0.000000
vn 0.911517 -0.411261 0.000000
vn 0.911517 -0.411261 0.000000
vn 0.930869 -0.365353 0.000000
vn 0.930869 -0.365353 0.000000
vn 0.947935 -0.318465 0.000000
vn 0.947935 -0.318465 0.000000
vn 0.962614 -0.270878 0.000000
vn 0.962614 -0.270878 0.000000
vn 0.974930 -0.222510 0.000000
vn 0.974930 -0.222510 0.000000
vn 0.984808 -0.173645 0.000000
vn 0.984808 -0.173645 0.000000
vn 0.992240 -0.124335 0.000000
vn 0.992240 -0.124335 0.000000
vn 0.997204 -0.074729 0.000000
vn 0.997204 -0.074729 0.000000
vn 0.999689 -0.024926 0.000000
vn 0.999689 -0.024926 0.000000
vn -0.000000 1.000000 0.000000
vn 0.000000 1.000000 0.000000
vn -0.024544 -0.999699 -0.000000
vn -0.024544 -0.999699 0.000000
vn -0.073563 -0.997290 0.000000
vn -0.073563 -0.997290 -0.000000
vn -0.122408 -0.992480 0.000000
vn -0.122408 -0.992480 -0.000000
vn -0.170962 -0.985278 0.000000
vn -0.170962 -0.985278 -0.000000
vn -0.219102 -0.975702 0.000000
vn -0.219102 -0.975702 -0.000000
vn -0.266708 -0.963777 0.000000
vn -0.266708 -0.963777 -0.000000
vn -0.313688 -0.949526 0.000000
vn -0.313688 -0.949526 -0.000000
vn -0.359894 -0.932993 0.000000
vn -0.359894 -0.932993 -0.000000
vn -0.405242 -0.914209 -0.000000
vn -0.405242 -0.914209 0.000000
vn -0.449600 -0.893230 0.000000
vn -0.449600 -0.893230 -0.000000
vn -0.492911 -0.870080 0.000000
vn -0.492911 -0.870080 -0.000000
vn -0.534997 -0.844854 0.000000
vn -0.534997 -0.844854 -0.000000
vn -0.575811 -0.817583 0.000000
vn -0.575811 -0.817583 -0.000000
vn -0.615220 -0.788356 0.000000
vn -0.615220 -0.788356 -0.000000
vn -0.653173 -0.757209 0.000000
vn -0.653173 -0.757209 -0.000000
vn -0.689551 -0.724238 0.000000
vn -0.689551 -0.724238 -0.000000
vn -0.724233 -0.689555 0.000000
vn -0.724233 -0.689555 -0.000000
vn -0.757216 -0.653164 0.000000
vn -0.757216 -0.653164 -0.000000
vn -0.788346 -0.615232 0.000000
vn -0.817583 -0.575811 0.000000
vn -0.788346 -0.615232 -0.000000
vn -0.817583 -0.575811 0.000000
vn -0.844854 -0.534997 0.000000
vn -0.844854 -0.534997 -0.000000
vn -0.870087 -0.492898 0.000000
vn -0.870087 -0.492898 -0.000000
vn -0.893230 -0.449600 0.000000
vn -0.893230 -0.449600 -0.000000
vn -0.914201 -0.405260 0.000000
vn -0.932999 -0.359878 0.000000
vn -0.914201 -0.405260 -0.000000
vn -0.932999 -0.359878 0.000000
vn -0.949529 -0.313679 0.000000
vn -0.949529 -0.313679 -0.000000
vn -0.963770 -0.266734 0.000000
vn -0.963770 -0.266734 -0.000000
vn -0.975707 -0.219079 0.000000
vn -0.985274 -0.170984 0.000000
vn -0.975707 -0.219079 -0.000000
vn -0.985274 -0.170984 0.000000
vn -0.992482 -0.122394 0.000000
vn -0.997289 -0.073585 0.000000
vn -0.992482 -0.122394 -0.000000
vn -0.997289 -0.073585 0.000000
vn -0.999699 -0.024528 0.000000
vn -0.999699 -0.024528 -0.000000
vn 1.000000 0.000000 0.000000
vn 1.000000 0.000000 0.000000
vn 0.000000 -1.000000 -0.000000
vn 0.000000 -1.000000 0.000000
vn -0.000000 -1.000000 0.000000
vn 0.024411 -0.999702 0.000000
vn 0.024411 -0.999702 0.000000
vn 0.073175 -0.997319 0.000000
vn 0.073175 -0.997319 0.000000
vn 0.121742 -0.992562 0.000000
vn 0.121742 -0.992562 0.000000
vn 0.170043 -0.985437 0.000000
vn 0.170043 -0.985437 0.000000
vn 0.217938 -0.975963 0.000000
vn 0.217938 -0.975963 0.000000
vn 0.265312 -0.964163 0.000000
vn 0.265312 -0.964163 0.000000
vn 0.312033 -0.950071 0.000000
vn 0.312033 -0.950071 0.000000
vn 0.358033 -0.933709 0.000000
vn 0.358033 -0.933709 0.000000
vn 0.403198 -0.915113 0.000000
vn 0.403198 -0.915113 0.000000
vn 0.447339 -0.894365 0.000000
vn 0.447339 -0.894365 0.000000
vn 0.490475 -0.871455 0.000000
vn 0.490475 -0.871455 0.000000
vn 0.532436 -0.846471 0.000000
vn 0.532436 -0.846471 0.000000
vn 0.573083 -0.819498 0.000000
vn 0.573083 -0.819498 0.000000
vn 0.612400 -0.790548 0.000000
vn 0.612400 -0.790548 0.000000
vn 0.650247 -0.759723 0.000000
vn 0.650247 -0.759723 0.000000
vn 0.686546 -0.727086 0.000000
vn 0.686546 -0.727086 0.000000
vn 0.721240 -0.692685 0.000000
vn 0.721240 -0.692685 0.000000
vn 0.754155 -0.656697 0.000000
vn 0.754155 -0.656697 0.000000
vn 0.785325 -0.619083 0.000000
vn 0.785325 -0.619083 0.000000
vn 0.814575 -0.580058 0.000000
vn 0.814575 -0.580058 0.000000
vn 0.841941 -0.539570 0.000000
vn 0.841941 -0.539570 0.000000
vn 0.867257 -0.497861 0.000000
vn 0.890534 -0.454917 0.000000
vn 0.867257 -0.497861 0.000000
vn 0.890534 -0.454917 0.000000
vn 0.901361 -0.433068 0.000000
vn 0.901361 -0.433068 0.000000
vn 0.911755 -0.410735 0.000000
vn 0.911755 -0.410735 0.000000
vn 0.930866 -0.365360 0.000000
vn 0.930866 -0.365360 0.000000
vn 0.947715 -0.319118 0.000000
vn 0.947715 -0.319118 0.000000
vn 0.962262 -0.272125 0.000000
vn 0.962262 -0.272125 0.000000
vn 0.974498 -0.224397 0.000000
vn 0.974498 -0.224397 0.000000
vn 0.984360 -0.176171 0.000000
vn 0.984360 -0.176171 0.000000
vn 0.991837 -0.127509 0.000000
vn 0.991837 -0.127509 0.000000
vn 0.996911 -0.078539 0.000000
vn 0.996911 -0.078539 0.000000
vn 0.999568 -0.029382 0.000000
vn 0.999568 -0.029382 0.000000
vn 0.999802 0.019898 0.000000
vn 0.999802 0.019898 0.000000
vn 0.997617 0.068994 0.000000
vn 0.997617 0.068994 0.000000
vn 0.993003 0.118087 0.000000
vn 0.993003 0.118087 0.000000
vn 0.986000 0.166748 0.000000
vn 0.986000 0.166748 0.000000
vn 0.976592 0.215099 0.000000
vn 0.964826 0.262891 -0.000000
vn 0.976592 0.215099 0.000000
vn 0.964826 0.262891 0.000000
vn 0.950697 0.310122 0.000000
vn 0.950697 0.310122 0.000000
vn 0.934298 0.356493 0.000000
vn 0.915638 0.402005 -0.000000
vn 0.934298 0.356493 0.000000
vn 0.894725 0.446618 -0.000000
vn 0.915638 0.402005 0.000000
vn 0.894725 0.446618 0.000000
vn 0.871648 0.490132 0.000000
vn 0.871648 0.490132 0.000000
vn 0.846482 0.532418 0.000000
vn 0.846482 0.532418 0.000000
vn 0.819272 0.573405 0.000000
vn 0.819272 0.573405 0.000000
vn 0.790036 0.613060 0.000000
vn 0.758913 0.651192 -0.000000
vn 0.790036 0.613060 0.000000
vn 0.758913 0.651192 0.000000
vn 0.725941 0.687757 0.000000
vn 0.691210 0.722654 -0.000000
vn 0.725941 0.687757 0.000000
vn 0.691210 0.722654 0.000000
vn 0.654797 0.755805 0.000000
vn 0.654797 0.755805 0.000000
vn 0.616805 0.787116 0.000000
vn 0.577329 0.816512 -0.000000
vn 0.616805 0.787116 0.000000
vn 0.577329 0.816512 0.000000
vn 0.536458 0.843927 -0.000000
vn 0.536458 0.843927 0.000000
vn 0.494259 0.869315 0.000000
vn 0.494259 0.869315 0.000000
vn 0.450880 0.892585 -0.000000
vn 0.450880 0.892585 0.000000
vn 0.406392 0.913699 0.000000
vn 0.406392 0.913699 0.000000
vn 0.360934 0.932591 0.000000
vn 0.360934 0.932591 0.000000
vn 0.314605 0.949223 0.000000
vn 0.314605 0.949223 0.000000
vn 0.267498 0.963558 0.000000
vn 0.267498 0.963558 0.000000
vn 0.219760 0.975554 0.000000
vn 0.219760 0.975554 0.000000
vn 0.171477 0.985188 -0.000000
vn 0.171477 0.985188 0.000000
vn 0.122768 0.992435 0.000000
vn 0.122768 0.992435 0.000000
vn 0.073797 0.997273 0.000000
vn 0.073797 0.997273 0.000000
vn 0.024608 0.999697 0.000000
vn 0.024608 0.999697 0.000000
vn -0.000000 1.000000 0.000000
vn 0.000000 1.000000 0.000000
vn -0.024545 0.999699 0.000000
vn -0.024545 0.999699 0.000000
vn -0.073553 0.997291 0.000000
vn -0.073553 0.997291 0.000000
vn -0.122405 0.992480 0.000000
vn -0.122405 0.992480 0.000000
vn -0.170974 0.985276 0.000000
vn -0.170974 0.985276 0.000000
vn -0.219088 0.975705 0.000000
vn -0.219088 0.975705 0.000000
vn -0.266731 0.963771 0.000000
vn -0.266731 0.963771 0.000000
vn -0.313671 0.949532 0.000000
vn -0.313671 0.949532 0.000000
vn -0.359884 0.932997 0.000000
vn -0.359884 0.932997 0.000000
vn -0.405260 0.914201 0.000000
vn -0.405260 0.914201 0.000000
vn -0.449612 0.893224 0.000000
vn -0.449612 0.893224 0.000000
vn -0.492898 0.870087 0.000000
vn -0.492898 0.870087 0.000000
vn -0.534997 0.844854 0.000000
vn -0.534997 0.844854 0.000000
vn -0.575797 0.817593 0.000000
vn -0.575797 0.817593 0.000000
vn -0.615230 0.788348 0.000000
vn -0.615230 0.788348 0.000000
vn -0.653188 0.757195 0.000000
vn -0.653188 0.757195 0.000000
vn -0.689524 0.724263 0.000000
vn -0.689524 0.724263 0.000000
vn -0.724249 0.689539 0.000000
vn -0.724249 0.689539 0.000000
vn -0.757216 0.653164 0.000000
vn -0.788346 0.615232 0.000000
vn -0.757216 0.653164 0.000000
vn -0.788346 0.615232 0.000000
vn -0.817583 0.575811 0.000000
vn -0.817583 0.575811 0.000000
vn -0.844840 0.535020 0.000000
vn -0.844840 0.535020 0.000000
vn -0.870100 0.492875 0.000000
vn -0.893230 0.449600 0.000000
vn -0.870100 0.492875 0.000000
vn -0.893230 0.449600 0.000000
vn -0.914201 0.405261 0.000000
vn -0.914201 0.405261 0.000000
vn -0.932998 0.359881 0.000000
vn -0.949530 0.313676 0.000000
vn -0.932998 0.359881 0.000000
vn -0.949530 0.313676 0.000000
vn -0.963770 0.266734 0.000000
vn -0.963770 0.266734 0.000000
vn -0.975700 0.219109 0.000000
vn -0.975700 0.219109 0.000000
vn -0.985284 0.170924 0.000000
vn -0.992478 0.122424 0.000000
vn -0.985284 0.170924 0.000000
vn -0.992478 0.122424 0.000000
vn -0.997291 0.073554 0.000000
vn -0.997291 0.073554 0.000000
vn -0.999698 0.024560 0.000000
vn -0.999698 0.024560 0.000000
vn -1.000000 0.000000 0.000000
vn -1.000000 0.000000 0.000000
vn -0.999698 -0.024560 -0.000000
vn -0.999698 -0.024560 0.000000
vn -0.997291 -0.073554 0.000000
vn -0.997291 -0.073554 -0.000000
vn -0.992478 -0.122426 0.000000
vn -0.992478 -0.122426 -0.000000
vn -0.985285 -0.170921 0.000000
vn -0.985285 -0.170921 -0.000000
vn -0.975700 -0.219109 0.000000
vn -0.975700 -0.219109 -0.000000
vn -0.963770 -0.266734 0.000000
vn -0.963770 -0.266734 -0.000000
vn -0.949529 -0.313680 0.000000
vn -0.949529 -0.313680 -0.000000
vn -0.933000 -0.359876 0.000000
vn -0.933000 -0.359876 -0.000000
vn -0.914201 -0.405261 -0.000000
vn -0.914201 -0.405261 0.000000
vn -0.893230 -0.449600 0.000000
vn -0.893230 -0.449600 -0.000000
vn -0.870100 -0.492875 0.000000
vn -0.870100 -0.492875 -0.000000
vn -0.844840 -0.535020 0.000000
vn -0.844840 -0.535020 -0.000000
vn -0.817583 -0.575811 0.000000
vn -0.817583 -0.575811 -0.000000
vn -0.788346 -0.615232 0.000000
vn -0.788346 -0.615232 -0.000000
vn -0.757216 -0.653164 0.000000
vn -0.757216 -0.653164 -0.000000
vn -0.724249 -0.689539 0.000000
vn -0.724249 -0.689539 -0.000000
vn -0.689515 -0.724271 0.000000
vn -0.689515 -0.724271 -0.000000
vn -0.653188 -0.757195 0.000000
vn -0.653188 -0.757195 -0.000000
vn -0.615240 -0.788340 0.000000
vn -0.575797 -0.817593 0.000000
vn -0.615240 -0.788340 -0.000000
vn -0.575797 -0.817593 0.000000
vn -0.534997 -0.844854 0.000000
vn -0.534997 -0.844854 -0.000000
vn -0.492898 -0.870087 0.000000
vn -0.492898 -0.870087 -0.000000
vn -0.449612 -0.893224 0.000000
vn -0.449612 -0.893224 -0.000000
vn -0.405247 -0.914207 0.000000
vn -0.359898 -0.932992 0.000000
vn -0.405247 -0.914207 -0.000000
vn -0.359898 -0.932992 0.000000
vn -0.313671 -0.949532 0.000000
vn -0.313671 -0.949532 -0.000000
vn -0.266717 -0.963775 0.000000
vn -0.266717 -0.963775 -0.000000
vn -0.219102 -0.975702 0.000000
vn -0.170959 -0.985278 0.000000
vn -0.219102 -0.975702 -0.000000
vn -0.170959 -0.985278 0.000000
vn -0.122405 -0.992480 0.000000
vn -0.073569 -0.997290 0.000000
vn -0.122405 -0.992480 -0.000000
vn -0.073569 -0.997290 0.000000
vn -0.024545 -0.999699 0.000000
vn -0.024545 -0.999699 -0.000000
vn 0.999689 0.024926 0.000000
vn 0.999689 0.024926 0.000000
vn 0.997204 0.074730 0.000000
vn 0.997204 0.074730 0.000000
vn 0.992241 0.124332 0.000000
vn 0.992241 0.124332 0.000000
vn 0.984808 0.173645 0.000000
vn 0.984808 0.173645 0.000000
vn 0.974931 0.222509 0.000000
vn 0.974931 0.222509 0.000000
vn 0.962613 0.270879 0.000000
vn 0.947933 0.318470 -0.000000
vn 0.962613 0.270879 0.000000
vn 0.947933 0.318470 0.000000
vn 0.930870 0.365349 0.000000
vn 0.930870 0.365349 0.000000
vn 0.911517 0.411261 0.000000
vn 0.911517 0.411261 0.000000
vn 0.889865 0.456223 0.000000
vn 0.889865 0.456223 0.000000
vn 0.866023 0.500004 0.000000
vn 0.866023 0.500004 0.000000
vn 0.840027 0.542545 0.000000
vn 0.840027 0.542545 0.000000
vn 0.811924 0.583764 0.000000
vn 0.811924 0.583764 0.000000
vn 0.781855 0.623460 0.000000
vn 0.781855 0.623460 0.000000
vn 0.749774 0.661694 0.000000
vn 0.749774 0.661694 0.000000
vn 0.715875 0.698229 0.000000
vn 0.715875 0.698229 0.000000
vn 0.680156 0.733068 0.000000
vn 0.680156 0.733068 0.000000
vn 0.642793 0.766040 0.000000
vn 0.642793 0.766040 0.000000
vn 0.603808 0.797130 0.000000
vn 0.563315 0.826242 -0.000000
vn 0.603808 0.797130 0.000000
vn 0.521440 0.853288 -0.000000
vn 0.563315 0.826242 0.000000
vn 0.521440 0.853288 0.000000
vn 0.478252 0.878223 0.000000
vn 0.478252 0.878223 0.000000
vn 0.433877 0.900972 0.000000
vn 0.433877 0.900972 0.000000
vn 0.388446 0.921471 0.000000
vn 0.388446 0.921471 0.000000
vn 0.342030 0.939689 0.000000
vn 0.342030 0.939689 0.000000
vn 0.294743 0.955577 0.000000
vn 0.294743 0.955577 0.000000
vn 0.246761 0.969076 0.000000
vn 0.246761 0.969076 0.000000
vn 0.198128 0.980176 0.000000
vn 0.198128 0.980176 0.000000
vn 0.149067 0.988827 0.000000
vn 0.149067 0.988827 0.000000
vn 0.099557 0.995032 0.000000
vn 0.099557 0.995032 0.000000
vn 0.049851 0.998757 0.000000
vn 0.049851 0.998757 0.000000
vn 0.000000 1.000000 0.000000
vn -0.049851 0.998757 0.000000
vn -0.000000 1.000000 0.000000
vn -0.049851 0.998757 0.000000
vn -0.099557 0.995032 0.000000
vn -0.099557 0.995032 0.000000
vn -0.149067 0.988827 0.000000
vn -0.149067 0.988827 0.000000
vn -0.198128 0.980176 0.000000
vn -0.198128 0.980176 0.000000
vn -0.246761 0.969076 0.000000
vn -0.246761 0.969076 0.000000
vn -0.294743 0.955577 0.000000
vn -0.294743 0.955577 0.000000
vn -0.342030 0.939689 0.000000
vn -0.342030 0.939689 0.000000
vn -0.388446 0.921471 0.000000
vn -0.388446 0.921471 0.000000
vn -0.433877 0.900972 0.000000
vn -0.433877 0.900972 0.000000
vn -0.478252 0.878223 0.000000
vn -0.478252 0.878223 0.000000
vn -0.521440 0.853288 0.000000
vn -0.521440 0.853288 0.000000
vn -0.563315 0.826242 0.000000
vn -0.563315 0.826242 0.000000
vn -0.603808 0.797130 0.000000
vn -0.603808 0.797130 0.000000
vn -0.642793 0.766040 0.000000
vn -0.642793 0.766040 0.000000
vn -0.680156 0.733068 0.000000
vn -0.680156 0.733068 0.000000
vn -0.715875 0.698229 0.000000
vn -0.715875 0.698229 0.000000
vn -0.749774 0.661694 0.000000
vn -0.749774 0.661694 0.000000
vn -0.781855 0.623460 0.000000
vn -0.781855 0.623460 0.000000
vn -0.811924 0.583764 0.000000
vn -0.811924 0.583764 0.000000
vn -0.840027 0.542545 0.000000
vn -0.840027 0.542545 0.000000
vn -0.866023 0.500004 0.000000
vn -0.866023 0.500004 0.000000
vn -0.889865 0.456223 0.000000
vn -0.889865 0.456223 0.000000
vn -0.911517 0.411261 0.000000
vn -0.911517 0.411261 0.000000
vn -0.930870 0.365349 0.000000
vn -0.930870 0.365349 0.000000
vn -0.947933 0.318470 0.000000
vn -0.947933 0.318470 0.000000
vn -0.962613 0.270879 0.000000
vn -0.962613 0.270879 0.000000
vn -0.974931 0.222509 0.000000
vn -0.974931 0.222509 0.000000
vn -0.984808 0.173645 0.000000
vn -0.984808 0.173645 0.000000
vn -0.992241 0.124332 0.000000
vn -0.992241 0.124332 0.000000
vn -0.997204 0.074730 0.000000
vn -0.997204 0.074730 0.000000
vn -0.999689 0.024926 0.000000
vn -0.999689 0.024926 0.000000
vn -0.999689 -0.024926 -0.000000
vn -0.999689 -0.024926 0.000000
vn -0.997204 -0.074730 -0.000000
vn -0.997204 -0.074730 0.000000
vn -0.992241 -0.124332 -0.000000
vn -0.992241 -0.124332 0.000000
vn -0.984808 -0.173645 -0.000000
vn -0.984808 -0.173645 0.000000
vn -0.974931 -0.222509 -0.000000
vn -0.974931 -0.222509 0.000000
vn -0.962613 -0.270879 -0.000000
vn -0.962613 -0.270879 0.000000
vn -0.947933 -0.318470 -0.000000
vn -0.947933 -0.318470 0.000000
vn -0.930870 -0.365349 -0.000000
vn -0.930870 -0.365349 0.000000
vn -0.911517 -0.411261 -0.000000
vn -0.911517 -0.411261 0.000000
vn -0.889865 -0.456223 -0.000000
vn -0.889865 -0.456223 0.000000
vn -0.866023 -0.500004 0.000000
vn -0.866023 -0.500004 0.000000
vn -0.840027 -0.542545 -0.000000
vn -0.840027 -0.542545 0.000000
vn -0.811924 -0.583764 -0.000000
vn -0.811924 -0.583764 0.000000
vn -0.781855 -0.623460 -0.000000
vn -0.781855 -0.623460 0.000000
vn -0.749774 -0.661694 -0.000000
vn -0.749774 -0.661694 0.000000
vn -0.715875 -0.698229 -0.000000
vn -0.715875 -0.698229 0.000000
vn -0.680156 -0.733068 -0.000000
vn -0.680156 -0.733068 0.000000
vn -0.642793 -0.766040 -0.000000
vn -0.642793 -0.766040 0.000000
vn -0.603808 -0.797130 -0.000000
vn -0.603808 -0.797130 0.000000
vn -0.563315 -0.826242 0.000000
vn -0.563315 -0.826242 -0.000000
vn -0.521440 -0.853288 0.000000
vn -0.521440 -0.853288 -0.000000
vn -0.478252 -0.878223 0.000000
vn -0.478252 -0.878223 -0.000000
vn -0.433877 -0.900972 0.000000
vn -0.433877 -0.900972 -0.000000
vn -0.388446 -0.921471 0.000000
vn -0.388446 -0.921471 -0.000000
vn -0.342030 -0.939689 -0.000000
vn -0.342030 -0.939689 0.000000
vn -0.294743 -0.955577 -0.000000
vn -0.294743 -0.955577 0.000000
vn -0.246761 -0.969076 -0.000000
vn -0.246761 -0.969076 0.000000
vn -0.198128 -0.980176 -0.000000
vn -0.198128 -0.980176 0.000000
vn -0.149067 -0.988827 -0.000000
vn -0.149067 -0.988827 0.000000
vn -0.099557 -0.995032 -0.000000
vn -0.099557 -0.995032 0.000000
vn -0.049851 -0.998757 -0.000000
vn -0.049851 -0.998757 0.000000
vn -0.000000 -1.000000 -0.000000
vn 0.000000 -1.000000 0.000000
vn 0.049851 -0.998757 0.000000
vn 0.049851 -0.998757 0.000000
vn 0.099557 -0.995032 0.000000
vn 0.099557 -0.995032 0.000000
vn 0.149067 -0.988827 0.000000
vn 0.149067 -0.988827 0.000000
vn 0.198128 -0.980176 0.000000
vn 0.198128 -0.980176 0.000000
vn 0.246761 -0.969076 0.000000
vn 0.246761 -0.969076 0.000000
vn 0.294743 -0.955577 0.000000
vn 0.294743 -0.955577 0.000000
vn 0.342030 -0.939689 0.000000
vn 0.342030 -0.939689 0.000000
vn 0.388446 -0.921471 0.000000
vn 0.388446 -0.921471 0.000000
vn 0.433877 -0.900972 0.000000
vn 0.433877 -0.900972 0.000000
vn 0.478252 -0.878223 0.000000
vn 0.478252 -0.878223 0.000000
vn 0.521440 -0.853288 0.000000
vn 0.521440 -0.853288 0.000000
vn 0.563315 -0.826242 0.000000
vn 0.563315 -0.826242 0.000000
vn 0.603808 -0.797130 0.000000
vn 0.603808 -0.797130 0.000000
vn 0.642793 -0.766040 0.000000
vn 0.642793 -0.766040 0.000000
vn 0.680156 -0.733068 0.000000
vn 0.680156 -0.733068 0.000000
vn 0.715875 -0.698229 0.000000
vn 0.715875 -0.698229 0.000000
vn 0.749774 -0.661694 0.000000
vn 0.749774 -0.661694 0.000000
vn 0.781855 -0.623460 0.000000
vn 0.781855 -0.623460 0.000000
vn 0.811924 -0.583764 0.000000
vn 0.811924 -0.583764 0.000000
vn 0.840027 -0.542545 0.000000
vn 0.840027 -0.542545 0.000000
vn 0.866023 -0.500004 0.000000
vn 0.866023 -0.500004 0.000000
vn 0.889865 -0.456223 0.000000
vn 0.889865 -0.456223 0.000000
vn 0.911517 -0.411261 0.000000
vn 0.911517 -0.411261 0.000000
vn 0.930870 -0.365349 0.000000
vn 0.930870 -0.365349 0.000000
vn 0.947933 -0.318470 0.000000
vn 0.947933 -0.318470 0.000000
vn 0.962613 -0.270879 0.000000
vn 0.962613 -0.270879 0.000000
vn 0.974931 -0.222509 0.000000
vn 0.974931 -0.222509 0.000000
vn 0.984808 -0.173645 0.000000
vn 0.984808 -0.173645 0.000000
vn 0.992241 -0.124332 0.000000
vn 0.992241 -0.124332 0.000000
vn 0.997204 -0.074730 0.000000
vn 0.997204 -0.074730 0.000000
vn 0.999689 -0.024926 0.000000
vn 0.999689 -0.024926 0.000000
vn -0.000000 -1.000000 -0.000000
vn 0.000000 -1.000000 0.000000
vn 1.000000 0.000000 0.000000
vn 1.000000 0.000000 0.000000
vn -0.999699 0.024528 0.000000
vn -0.999699 0.024528 0.000000
vn -0.997289 0.073585 0.000000
vn -0.997289 0.073585 0.000000
vn -0.992482 0.122393 0.000000
vn -0.992482 0.122393 0.000000
vn -0.985274 0.170984 0.000000
vn -0.985274 0.170984 0.000000
vn -0.975707 0.219079 0.000000
vn -0.975707 0.219079 0.000000
vn -0.963770 0.266734 0.000000
vn -0.963770 0.266734 0.000000
vn -0.949529 0.313680 0.000000
vn -0.949529 0.313680 0.000000
vn -0.933000 0.359876 0.000000
vn -0.933000 0.359876 0.000000
vn -0.914201 0.405261 0.000000
vn -0.914201 0.405261 0.000000
vn -0.893230 0.449600 0.000000
vn -0.893230 0.449600 0.000000
vn -0.870087 0.492898 0.000000
vn -0.870087 0.492898 0.000000
vn -0.844854 0.534997 0.000000
vn -0.844854 0.534997 0.000000
vn -0.817583 0.575811 0.000000
vn -0.817583 0.575811 0.000000
vn -0.788346 0.615232 0.000000
vn -0.788346 0.615232 0.000000
vn -0.757216 0.653164 0.000000
vn -0.757216 0.653164 0.000000
vn -0.724233 0.689555 0.000000
vn -0.724233 0.689555 0.000000
vn -0.689547 0.724241 0.000000
vn -0.653173 0.757209 0.000000
vn -0.689547 0.724241 0.000000
vn -0.653173 0.757209 0.000000
vn -0.615225 0.788352 0.000000
vn -0.615225 0.788352 0.000000
vn -0.575811 0.817583 0.000000
vn -0.575811 0.817583 0.000000
vn -0.534997 0.844854 0.000000
vn -0.534997 0.844854 0.000000
vn -0.492911 0.870080 0.000000
vn -0.492911 0.870080 0.000000
vn -0.449600 0.893230 0.000000
vn -0.449600 0.893230 0.000000
vn -0.405235 0.914212 0.000000
vn -0.405235 0.914212 0.000000
vn -0.359908 0.932988 0.000000
vn -0.359908 0.932988 0.000000
vn -0.313680 0.949529 0.000000
vn -0.266701 0.963779 0.000000
vn -0.313680 0.949529 0.000000
vn -0.266701 0.963779 0.000000
vn -0.219109 0.975700 0.000000
vn -0.219109 0.975700 0.000000
vn -0.170954 0.985279 0.000000
vn -0.170954 0.985279 0.000000
vn -0.122424 0.992478 0.000000
vn -0.073556 0.997291 0.000000
vn -0.122424 0.992478 0.000000
vn -0.073556 0.997291 0.000000
vn -0.024544 0.999699 0.000000
vn -0.024544 0.999699 0.000000
vn -0.000000 0.000000 -1.000000
vn 0.000000 0.000000 -1.000000
vn -0.000000 0.000000 -1.000000
vn 0.000000 0.000000 -1.000000
vn 0.000000 0.000000 -1.000000
vn -0.000000 0.000000 -1.000000
vn 0.000000 0.000000 -1.000000
vn -0.000000 0.000000 -1.000000
vn 0.000000 0.000000 -1.000000
vn -0.000000 0.000000 -1.000000
vn 0.000000 0.000000 -1.000000
vn -0.000000 0.000000 -1.000000
vn -0.000000 0.000000 -1.000000
vn -0.000000 0.000000 -1.000000
vn -0.000000 0.000000 -1.000000
vn 0.000000 0.000000 -1.000000
vn 0.000000 0.000000 -1.000000
vn 0.000000 0.000000 -1.000000
vn 0.000000 0.000000 -1.000000
vn -0.000000 0.000000 -1.000000
vn 0.000000 0.000000 -1.000000
vn -0.000000 0.000000 -1.000000
vn -0.000000 0.000000 -1.000000
vn 0.000000 0.000000 -1.000000
vn 0.000000 0.000000 -1.000000
vn -0.000000 0.000000 -1.000000
vn -0.000000 0.000000 -1.000000
vn 0.000000 0.000000 -1.000000
vn -0.000000 0.000000 -1.000000
vn 0.000000 0.000000 -1.000000
vn 0.000000 0.000000 -1.000000
vn -0.000000 0.000000 -1.000000
vn -0.000000 0.000000 -1.000000
vn -0.000000 0.000000 -1.000000
vn 0.000000 0.000000 -1.000000
vn 0.000000 0.000000 -1.000000
vn -0.000000 0.000000 -1.000000
vn 0.000000 0.000000 -1.000000
vn 0.000000 0.000000 -1.000000
vn -0.000000 0.000000 -1.000000
vn 0.000000 0.000000 -1.000000
vn -0.000000 0.000000 -1.000000
vn -0.000000 0.000000 -1.000000
vn 0.000000 0.000000 -1.000000
vn -0.000000 0.000000 -1.000000
vn 0.000000 0.000000 -1.000000
vn 0.000000 0.000000 -1.000000
vn -0.000000 0.000000 -1.000000
vn -0.000000 0.000000 -1.000000
vn 0.000000 0.000000 -1.000000
vn -0.000000 0.000000 -1.000000
vn -0.000000 0.000000 -1.000000
vn 0.000000 0.000000 -1.000000
vn 0.000000 0.000000 -1.000000
vn -0.000000 0.000000 -1.000000
vn 0.000000 0.000000 -1.000000
vn 0.000000 0.000000 -1.000000
vn -0.000000 0.000000 -1.000000
vn -0.000000 0.000000 -1.000000
vn 0.000000 0.000000 -1.000000
vn 0.000000 0.000000 -1.000000
vn 0.000000 0.000000 -1.000000
vn -0.000000 0.000000 -1.000000
vn 0.000000 0.000000 -1.000000
vn 0.000000 0.000000 -1.000000
vn -0.000000 0.000000 -1.000000
vn 0.000000 0.000000 -1.000000
vn -0.000000 0.000000 -1.000000
vn 0.000000 0.000000 -1.000000
vn -0.000000 0.000000 -1.000000
vn 0.000000 -0.000000 -1.000000
vn 0.000000 -0.000000 -1.000000
vn -0.000000 0.000000 -1.000000
vn 0.000000 0.000000 -1.000000
vn 0.000000 0.000000 -1.000000
vn -0.000000 0.000000 -1.000000
vn 0.000000 0.000000 -1.000000
vn 0.000000 0.000000 -1.000000
vn -0.000000 0.000000 -1.000000
vn 0.000000 -0.000000 -1.000000
vn 0.000000 0.000000 -1.000000
vn 0.000000 0.000000 -1.000000
vn 0.000000 -0.000000 -1.000000
vn -0.000000 0.000000 -1.000000
vn 0.000000 0.000000 -1.000000
vn 0.000000 0.000000 -1.000000
vn 0.000000 -0.000000 -1.000000
vn -0.000000 0.000000 -1.000000
vn 0.000000 0.000000 -1.000000
vn 0.000000 0.000000 -1.000000
vn 0.000000 -0.000000 -1.000000
vn -0.000000 0.000000 -1.000000
vn 0.000000 0.000000 -1.000000
vn 0.000000 0.000000 -1.000000
vn -0.000000 0.000000 -1.000000
vn 0.000000 -0.000000 -1.000000
vn 0.000000 0.000000 -1.000000
vn 0.000000 0.000000 -1.000000
vn -0.000000 0.000000 -1.000000
vn 0.000000 -0.000000 -1.000000
vn 0.000000 0.000000 -1.000000
vn 0.000000 0.000000 -1.000000
vn 0.000000 -0.000000 -1.000000
vn -0.000000 0.000000 -1.000000
vn 0.000000 0.000000 -1.000000
vn 0.000000 0.000000 -1.000000
vn 0.000000 -0.000000 -1.000000
vn -0.000000 0.000000 -1.000000
vn 0.000000 0.000000 -1.000000
vn 0.000000 0.000000 -1.000000
vn 0.000000 -0.000000 -1.000000
vn -0.000000 0.000000 -1.000000
vn 0.000000 0.000000 -1.000000
vn 0.000000 0.000000 -1.000000
vn 0.000000 -0.000000 -1.000000
vn -0.000000 0.000000 -1.000000
vn 0.000000 0.000000 -1.000000
vn 0.000000 0.000000 -1.000000
vn 0.000000 -0.000000 -1.000000
vn -0.000000 0.000000 -1.000000
vn 0.000000 0.000000 -1.000000
vn 0.000000 0.000000 -1.000000
vn 0.000000 -0.000000 -1.000000
vn -0.000000 0.000000 -1.000000
vn 0.000000 0.000000 -1.000000
vn -0.000000 0.000000 -1.000000
vn 0.000000 0.000000 -1.000000
vn 0.000000 0.000000 -1.000000
vn -0.000000 0.000000 -1.000000
vn 0.000000 -0.000000 -1.000000
vn -0.000000 0.000000 -1.000000
vn 0.000000 0.000000 -1.000000
vn 0.000000 -0.000000 -1.000000
vn -0.000000 0.000000 -1.000000
vn 0.000000 0.000000 -1.000000
vn 0.000000 0.000000 -1.000000
vn 0.000000 -0.000000 -1.000000
vn 0.000000 -0.000000 -1.000000
vn -0.000000 0.000000 -1.000000
vn 0.000000 0.000000 -1.000000
vn 0.000000 0.000000 -1.000000
vn -0.000000 0.000000 -1.000000
vn 0.000000 0.000000 -1.000000
vn 0.000000 0.000000 -1.000000
vn 0.000000 0.000000 -1.000000
vn 0.000000 -0.000000 -1.000000
vn -0.000000 0.000000 -1.000000
vn 0.000000 0.000000 -1.000000
vn 0.000000 0.000000 -1.000000
vn 0.000000 -0.000000 -1.000000
vn -0.000000 0.000000 -1.000000
vn 0.000000 0.000000 -1.000000
vn 0.000000 -0.000000 -1.000000
vn -0.000000 0.000000 -1.000000
vn 0.000000 0.000000 -1.000000
vn 0.000000 0.000000 -1.000000
vn 0.000000 -0.000000 -1.000000
vn -0.000000 0.000000 -1.000000
vn 0.000000 0.000000 -1.000000
vn 0.000000 0.000000 -1.000000
vn 0.000000 -0.000000 -1.000000
vn -0.000000 0.000000 -1.000000
vn 0.000000 0.000000 -1.000000
vn 0.000000 0.000000 -1.000000
vn 0.000000 -0.000000 -1.000000
vn -0.000000 0.000000 -1.000000
vn 0.000000 0.000000 -1.000000
vn 0.000000 0.000000 -1.000000
vn 0.000000 -0.000000 -1.000000
vn 0.000000 -0.000000 -1.000000
vn -0.000000 0.000000 -1.000000
vn 0.000000 0.000000 -1.000000
vn 0.000000 0.000000 -1.000000
vn -0.000000 0.000000 -1.000000
vn 0.000000 0.000000 -1.000000
vn 0.000000 0.000000 -1.000000
vn 0.000000 -0.000000 -1.000000
vn -0.000000 0.000000 -1.000000
vn 0.000000 0.000000 -1.000000
vn 0.000000 0.000000 -1.000000
vn 0.000000 -0.000000 -1.000000
vn -0.000000 0.000000 -1.000000
vn 0.000000 0.000000 -1.000000
vn -0.000000 0.000000 -1.000000
vn 0.000000 0.000000 -1.000000
vn -0.000000 0.000000 -1.000000
vn 0.000000 0.000000 -1.000000
vn -0.000000 0.000000 -1.000000
vn 0.000000 0.000000 -1.000000
vn -0.000000 0.000000 -1.000000
vn 0.000000 0.000000 -1.000000
vn 0.000000 0.000000 -1.000000
vn -0.000000 0.000000 -1.000000
vn -0.000000 0.000000 -1.000000
vn 0.000000 0.000000 -1.000000
vn -0.000000 0.000000 -1.000000
vn -0.000000 0.000000 -1.000000
vn 0.000000 0.000000 -1.000000
vn -0.000000 0.000000 -1.000000
vn 0.000000 0.000000 -1.000000
vn -0.000000 0.000000 -1.000000
vn 0.000000 0.000000 -1.000000
vn 0.000000 0.000000 -1.000000
vn -0.000000 0.000000 -1.000000
vn -0.000000 0.000000 -1.000000
vn -0.000000 0.000000 -1.000000
vn 0.000000 0.000000 -1.000000
vn 0.000000 0.000000 -1.000000
vn -0.000000 0.000000 -1.000000
vn -0.000000 0.000000 -1.000000
vn 0.000000 0.000000 -1.000000
vn 0.000000 0.000000 -1.000000
vn -0.000000 0.000000 -1.000000
vn 0.000000 0.000000 -1.000000
vn 0.000000 0.000000 -1.000000
vn -0.000000 0.000000 -1.000000
vn 0.000000 0.000000 -1.000000
vn -0.000000 0.000000 -1.000000
vn -0.000000 0.000000 -1.000000
vn 0.000000 0.000000 -1.000000
vn -0.000000 0.000000 -1.000000
vn 0.000000 0.000000 -1.000000
vn 0.000000 0.000000 -1.000000
vn -0.000000 0.000000 -1.000000
vn 0.000000 0.000000 -1.000000
vn -0.000000 0.000000 -1.000000
vn 0.000000 0.000000 -1.000000
vn -0.000000 0.000000 -1.000000
vn 0.000000 0.000000 -1.000000
vn -0.000000 0.000000 -1.000000
vn 0.000000 0.000000 -1.000000
vn -0.000000 0.000000 -1.000000
vn -0.000000 0.000000 -1.000000
vn -0.000000 0.000000 -1.000000
vn 0.000000 0.000000 -1.000000
vn 0.000000 0.000000 -1.000000
vn -0.000000 0.000000 -1.000000
vn 0.000000 0.000000 -1.000000
vn 0.000000 0.000000 -1.000000
vn -0.000000 0.000000 -1.000000
vn -0.000000 0.000000 -1.000000
vn 0.000000 0.000000 -1.000000
vn -0.000000 0.000000 -1.000000
vn -0.000000 0.000000 -1.000000
vn 0.000000 0.000000 -1.000000
vn -0.000000 0.000000 -1.000000
vn 0.000000 0.000000 -1.000000
vn 0.000000 0.000000 -1.000000
vn -0.000000 0.000000 -1.000000
vn -0.000000 0.000000 -1.000000
vn 0.000000 0.000000 -1.000000
vn 0.000000 0.000000 -1.000000
vn 0.000000 0.000000 -1.000000
vn -0.000000 0.000000 -1.000000
vn 0.000000 0.000000 -1.000000
vn 0.000000 0.000000 -1.000000
vn 0.000000 0.000000 -1.000000
vn 0.000000 0.000000 -1.000000
vn 0.000000 0.000000 -1.000000
vn 0.000000 0.000000 -1.000000
vn 0.000000 0.000000 -1.000000
vn 0.000000 0.000000 -1.000000
vn 0.000000 0.000000 -1.000000
vn 0.000000 0.000000 -1.000000
vn 0.000000 0.000000 -1.000000
vn 0.000000 0.000000 -1.000000
vn 0.000000 0.000000 -1.000000
vn 0.000000 0.000000 -1.000000
vn 0.000000 0.000000 -1.000000
vn 0.000000 0.000000 -1.000000
vn 0.000000 0.000000 -1.000000
vn 0.000000 0.000000 -1.000000
vn 0.000000 0.000000 -1.000000
vn 0.000000 0.000000 -1.000000
vn 0.000000 0.000000 -1.000000
vn 0.000000 0.000000 -1.000000
vn 0.000000 0.000000 -1.000000
vn 0.000000 0.000000 -1.000000
vn 0.000000 0.000000 -1.000000
vn 0.000000 0.000000 -1.000000
vn 0.000000 0.000000 -1.000000
vn 0.000000 0.000000 -1.000000
vn 0.000000 0.000000 -1.000000
vn 0.000000 0.000000 -1.000000
vn 0.000000 -0.000000 -1.000000
vn 0.000000 -0.000000 -1.000000
vn 0.000000 -0.000000 -1.000000
vn 0.000000 -0.000000 -1.000000
vn 0.000000 -0.000000 -1.000000
vn 0.000000 -0.000000 -1.000000
vn 0.000000 -0.000000 -1.000000
vn 0.000000 -0.000000 -1.000000
vn 0.000000 -0.000000 -1.000000
vn 0.000000 -0.000000 -1.000000
vn 0.000000 -0.000000 -1.000000
vn 0.000000 -0.000000 -1.000000
vn 0.000000 -0.000000 -1.000000
vn 0.000000 -0.000000 -1.000000
vn 0.000000 -0.000000 -1.000000
vn 0.000000 -0.000000 -1.000000
vn 0.000000 0.000000 -1.000000
vn 0.000000 0.000000 -1.000000
vn 0.000000 0.000000 -1.000000
vn 0.000000 0.000000 -1.000000
vn 0.000000 0.000000 -1.000000
vn 0.000000 0.000000 -1.000000
vn 0.000000 0.000000 -1.000000
vn 0.000000 0.000000 -1.000000
vn 0.000000 0.000000 -1.000000
vn 0.000000 0.000000 -1.000000
vn 0.000000 0.000000 -1.000000
vn 0.000000 0.000000 -1.000000
vn 0.000000 0.000000 -1.000000
vn 0.000000 0.000000 -1.000000
vn 0.000000 0.000000 -1.000000
vn 0.000000 0.000000 -1.000000
vn 0.706989 -0.017603 -0.707006
vn 0.706989 -0.017623 -0.707005
vn 0.706989 0.017603 -0.707006
vn 0.706989 0.017623 -0.707005
vn 0.705241 -0.052879 -0.706993
vn 0.701732 -0.087942 -0.706993
vn 0.702554 -0.035032 -0.710767
vn 0.696471 -0.122788 -0.707002
vn 0.689472 -0.157408 -0.707002
vn 0.695579 -0.104855 -0.710757
vn 0.680783 -0.191541 -0.706998
vn 0.670395 -0.225220 -0.706998
vn 0.681682 -0.173589 -0.710758
vn 0.706675 -0.035289 -0.706658
vn 0.706657 -0.035237 -0.706678
vn 0.658338 -0.258343 -0.707000
vn 0.644625 -0.290877 -0.707000
vn 0.661020 -0.240568 -0.710760
vn 0.699637 -0.105467 -0.706671
vn 0.699633 -0.105447 -0.706679
vn 0.629320 -0.322686 -0.706986
vn 0.612498 -0.353575 -0.706987
vn 0.633774 -0.305206 -0.710760
vn 0.685677 -0.174606 -0.706654
vn 0.685671 -0.174561 -0.706671
vn 0.706659 -0.035249 -0.706676
vn 0.706670 -0.035289 -0.706662
vn 0.594067 -0.383732 -0.706989
vn 0.574251 -0.412797 -0.706989
vn 0.600235 -0.366798 -0.710759
vn 0.664881 -0.241973 -0.706670
vn 0.664882 -0.242017 -0.706654
vn 0.699652 -0.105430 -0.706662
vn 0.699656 -0.105451 -0.706655
vn 0.552886 -0.440996 -0.706994
vn 0.530291 -0.467923 -0.706994
vn 0.560714 -0.424748 -0.710767
vn 0.637471 -0.306999 -0.706670
vn 0.637471 -0.306987 -0.706675
vn 0.685676 -0.174604 -0.706656
vn 0.685672 -0.174561 -0.706670
vn 0.706675 -0.035260 -0.706659
vn 0.708583 -0.035355 -0.704741
vn 0.705226 -0.052869 -0.707009
vn 0.701730 -0.087813 -0.707010
vn 0.706673 -0.035250 -0.706662
vn 0.506264 -0.493820 -0.706993
vn 0.481047 -0.518416 -0.706993
vn 0.515665 -0.478443 -0.710762
vn 0.603738 -0.368933 -0.706675
vn 0.603737 -0.368938 -0.706673
vn 0.664863 -0.242010 -0.706674
vn 0.664863 -0.242024 -0.706670
vn 0.701550 -0.105750 -0.704730
vn 0.696451 -0.122889 -0.707003
vn 0.689479 -0.157374 -0.707002
vn 0.699648 -0.105463 -0.706662
vn 0.699643 -0.105428 -0.706672
vn 0.454578 -0.541757 -0.707006
vn 0.427021 -0.563734 -0.707006
vn 0.465429 -0.527437 -0.710764
vn 0.563995 -0.427234 -0.706669
vn 0.563997 -0.427226 -0.706672
vn 0.637470 -0.306999 -0.706671
vn 0.637471 -0.306990 -0.706674
vn 0.687528 -0.175070 -0.704738
vn 0.680784 -0.191529 -0.707000
vn 0.670386 -0.225240 -0.707000
vn 0.685661 -0.174600 -0.706671
vn 0.685661 -0.174595 -0.706672
vn 0.398387 -0.584325 -0.707002
vn 0.368752 -0.603465 -0.707002
vn 0.410632 -0.571132 -0.710767
vn 0.518680 -0.481240 -0.706668
vn 0.518681 -0.481236 -0.706669
vn 0.603753 -0.368915 -0.706671
vn 0.603748 -0.368939 -0.706663
vn 0.664879 -0.241975 -0.706671
vn 0.658344 -0.258329 -0.707000
vn 0.644605 -0.290922 -0.707000
vn 0.664876 -0.242029 -0.706656
vn 0.666687 -0.242633 -0.704739
vn 0.338243 -0.621080 -0.707002
vn 0.306833 -0.637183 -0.707002
vn 0.351719 -0.609191 -0.710761
vn 0.413040 -0.574482 -0.706660
vn 0.468158 -0.530529 -0.706659
vn 0.468169 -0.530507 -0.706668
vn 0.564004 -0.427230 -0.706664
vn 0.518686 -0.481240 -0.706664
vn 0.564004 -0.427231 -0.706664
vn 0.639199 -0.307841 -0.704740
vn 0.629334 -0.322628 -0.707001
vn 0.612495 -0.353553 -0.707001
vn 0.637484 -0.306997 -0.706660
vn 0.637481 -0.307013 -0.706655
vn 0.274695 -0.651692 -0.706994
vn 0.241890 -0.664567 -0.706993
vn 0.289316 -0.641184 -0.710760
vn 0.413025 -0.574486 -0.706665
vn 0.518674 -0.481246 -0.706668
vn 0.563998 -0.427225 -0.706672
vn 0.603752 -0.368914 -0.706672
vn 0.594092 -0.383694 -0.706989
vn 0.574190 -0.412885 -0.706988
vn 0.605383 -0.369960 -0.704727
vn 0.603741 -0.368956 -0.706660
vn 0.224030 -0.666808 -0.710758
vn 0.208447 -0.675802 -0.706994
vn 0.174512 -0.685350 -0.706994
vn 0.353779 -0.612752 -0.706665
vn 0.353776 -0.612755 -0.706664
vn 0.468150 -0.530524 -0.706668
vn 0.468163 -0.530501 -0.706676
vn 0.565556 -0.428365 -0.704734
vn 0.564024 -0.427205 -0.706663
vn 0.552936 -0.440926 -0.706998
vn 0.530256 -0.467955 -0.706999
vn 0.140146 -0.693189 -0.707000
vn 0.105395 -0.699317 -0.706999
vn 0.156525 -0.685802 -0.710757
vn 0.290992 -0.644941 -0.706664
vn 0.291005 -0.644928 -0.706671
vn 0.413045 -0.574457 -0.706677
vn 0.413025 -0.574486 -0.706665
vn 0.468154 -0.530529 -0.706662
vn 0.518680 -0.481247 -0.706663
vn 0.506212 -0.493847 -0.707011
vn 0.481051 -0.518388 -0.707010
vn 0.518678 -0.481250 -0.706662
vn 0.520087 -0.482552 -0.704737
vn 0.070407 -0.703710 -0.706991
vn 0.035281 -0.706342 -0.706991
vn 0.087478 -0.697977 -0.710757
vn 0.157438 -0.689802 -0.706672
vn 0.225337 -0.670699 -0.706673
vn 0.225334 -0.670702 -0.706671
vn 0.353775 -0.612746 -0.706672
vn 0.353760 -0.612763 -0.706665
vn 0.468161 -0.530526 -0.706659
vn 0.454584 -0.541760 -0.707000
vn 0.427044 -0.563723 -0.707000
vn 0.469427 -0.531961 -0.704738
vn 0.000000 -0.707216 -0.706997
vn -0.035277 -0.706336 -0.706997
vn 0.017536 -0.703217 -0.710759
vn 0.157469 -0.689807 -0.706661
vn 0.291008 -0.644926 -0.706672
vn 0.290992 -0.644941 -0.706665
vn 0.413053 -0.574467 -0.706665
vn 0.413042 -0.574481 -0.706660
vn 0.414162 -0.576039 -0.704734
vn 0.398369 -0.584337 -0.707003
vn 0.368744 -0.603470 -0.707002
vn -0.070414 -0.703706 -0.706993
vn -0.105396 -0.699322 -0.706994
vn -0.052570 -0.701473 -0.710754
vn 0.087989 -0.702052 -0.706669
vn 0.017639 -0.707324 -0.706669
vn 0.087970 -0.702063 -0.706661
vn 0.225338 -0.670713 -0.706659
vn 0.225354 -0.670700 -0.706666
vn 0.157469 -0.689807 -0.706661
vn 0.353760 -0.612763 -0.706665
vn 0.353761 -0.612762 -0.706665
vn 0.338216 -0.621094 -0.707003
vn 0.306902 -0.637149 -0.707003
vn 0.354720 -0.614424 -0.704739
vn -0.140147 -0.693197 -0.706992
vn -0.174513 -0.685353 -0.706991
vn -0.122147 -0.692751 -0.710758
vn 0.017644 -0.707326 -0.706667
vn 0.157454 -0.689805 -0.706666
vn 0.291011 -0.644933 -0.706664
vn 0.291807 -0.646684 -0.704733
vn 0.291015 -0.644930 -0.706665
vn 0.274680 -0.651690 -0.707002
vn 0.241853 -0.664573 -0.707001
vn 0.225355 -0.670703 -0.706663
vn -0.208446 -0.675800 -0.706997
vn -0.241889 -0.664564 -0.706997
vn -0.190529 -0.677146 -0.710755
vn -0.052877 -0.705564 -0.706670
vn -0.052885 -0.705567 -0.706667
vn 0.087969 -0.702054 -0.706669
vn 0.087963 -0.702057 -0.706667
vn 0.225962 -0.672519 -0.704741
vn 0.208486 -0.675782 -0.707002
vn 0.174505 -0.685344 -0.707002
vn 0.225352 -0.670703 -0.706664
vn -0.256998 -0.654809 -0.710758
vn -0.274692 -0.651686 -0.707000
vn -0.306834 -0.637184 -0.707000
vn -0.122860 -0.696792 -0.706673
vn -0.122871 -0.696794 -0.706669
vn 0.017651 -0.707324 -0.706670
vn 0.017644 -0.707326 -0.706667
vn -0.052885 -0.705567 -0.706667
vn 0.157863 -0.691682 -0.704737
vn 0.140138 -0.693190 -0.707000
vn 0.105445 -0.699309 -0.707000
vn 0.157454 -0.689802 -0.706670
vn 0.157436 -0.689811 -0.706664
vn -0.338243 -0.621080 -0.707001
vn -0.368752 -0.603466 -0.707001
vn -0.320914 -0.625959 -0.710766
vn -0.191623 -0.681097 -0.706674
vn -0.191641 -0.681099 -0.706667
vn -0.052874 -0.705572 -0.706663
vn 0.088202 -0.703973 -0.704729
vn 0.087963 -0.702055 -0.706669
vn 0.070402 -0.703708 -0.706992
vn 0.035248 -0.706343 -0.706991
vn 0.087962 -0.702055 -0.706669
vn 0.017651 -0.707324 -0.706670
vn -0.398390 -0.584330 -0.706996
vn -0.427027 -0.563742 -0.706996
vn -0.381628 -0.590912 -0.710763
vn -0.258501 -0.658639 -0.706663
vn -0.258490 -0.658639 -0.706667
vn -0.122866 -0.696800 -0.706664
vn -0.191626 -0.681109 -0.706661
vn -0.122872 -0.696801 -0.706662
vn 0.017661 -0.707326 -0.706667
vn 0.017709 -0.709254 -0.704730
vn 0.000000 -0.707216 -0.706997
vn -0.035240 -0.706338 -0.706997
vn -0.438594 -0.549960 -0.710759
vn -0.454581 -0.541761 -0.707001
vn -0.481041 -0.518410 -0.707001
vn -0.322798 -0.629634 -0.706656
vn -0.322780 -0.629636 -0.706663
vn -0.191642 -0.681098 -0.706667
vn -0.052889 -0.705567 -0.706667
vn -0.052873 -0.705563 -0.706672
vn -0.070417 -0.703708 -0.706992
vn -0.105447 -0.699318 -0.706991
vn -0.053033 -0.707491 -0.704729
vn -0.491160 -0.503573 -0.710758
vn -0.506261 -0.493816 -0.706997
vn -0.530252 -0.467961 -0.706997
vn -0.383890 -0.594363 -0.706655
vn -0.383861 -0.594369 -0.706666
vn -0.258496 -0.658637 -0.706667
vn -0.258490 -0.658637 -0.706669
vn -0.122869 -0.696791 -0.706672
vn -0.140138 -0.693195 -0.706995
vn -0.174506 -0.685350 -0.706995
vn -0.122865 -0.696791 -0.706673
vn -0.191640 -0.681092 -0.706673
vn -0.123205 -0.698696 -0.704731
vn -0.552917 -0.440948 -0.706999
vn -0.574244 -0.412792 -0.706998
vn -0.538859 -0.452163 -0.710760
vn -0.441161 -0.553179 -0.706661
vn -0.441147 -0.553183 -0.706666
vn -0.322777 -0.629629 -0.706670
vn -0.322776 -0.629629 -0.706671
vn -0.191635 -0.681096 -0.706672
vn -0.208487 -0.675787 -0.706997
vn -0.192159 -0.682958 -0.704730
vn -0.241854 -0.664576 -0.706997
vn -0.581219 -0.396251 -0.710753
vn -0.594057 -0.383726 -0.707001
vn -0.612486 -0.353568 -0.707001
vn -0.494036 -0.506518 -0.706660
vn -0.494033 -0.506519 -0.706661
vn -0.383884 -0.594353 -0.706666
vn -0.441147 -0.553183 -0.706666
vn -0.383869 -0.594357 -0.706671
vn -0.259193 -0.660435 -0.704730
vn -0.322777 -0.629629 -0.706670
vn -0.258486 -0.658634 -0.706673
vn -0.258495 -0.658633 -0.706671
vn -0.274684 -0.651698 -0.706992
vn -0.306845 -0.637187 -0.706993
vn -0.617776 -0.336428 -0.710753
vn -0.629308 -0.322680 -0.707000
vn -0.644625 -0.290876 -0.707001
vn -0.542011 -0.454808 -0.706664
vn -0.542017 -0.454805 -0.706662
vn -0.441156 -0.553170 -0.706672
vn -0.322778 -0.629627 -0.706671
vn -0.338281 -0.621059 -0.707002
vn -0.368744 -0.603470 -0.707002
vn -0.323661 -0.631349 -0.704729
vn -0.648197 -0.273219 -0.710769
vn -0.658336 -0.258342 -0.707003
vn -0.670391 -0.225219 -0.707002
vn -0.584610 -0.398563 -0.706668
vn -0.584619 -0.398557 -0.706664
vn -0.494022 -0.506504 -0.706679
vn -0.494045 -0.506493 -0.706671
vn -0.542002 -0.454793 -0.706680
vn -0.383868 -0.594355 -0.706673
vn -0.441155 -0.553169 -0.706673
vn -0.383874 -0.594354 -0.706671
vn -0.398373 -0.584342 -0.706996
vn -0.426972 -0.563782 -0.706997
vn -0.384921 -0.595974 -0.704734
vn -0.672183 -0.207342 -0.710760
vn -0.680784 -0.191542 -0.706997
vn -0.689476 -0.157409 -0.706998
vn -0.621374 -0.338387 -0.706674
vn -0.621388 -0.338376 -0.706667
vn -0.542005 -0.454785 -0.706683
vn -0.454654 -0.541690 -0.707009
vn -0.480975 -0.518461 -0.707009
vn -0.442328 -0.554709 -0.704729
vn -0.494053 -0.506502 -0.706660
vn -0.441129 -0.553206 -0.706660
vn -0.696480 -0.122789 -0.706992
vn -0.701732 -0.087942 -0.706992
vn -0.689479 -0.139406 -0.710763
vn -0.652006 -0.274824 -0.706654
vn -0.651966 -0.274865 -0.706675
vn -0.584585 -0.398571 -0.706683
vn -0.621384 -0.338374 -0.706671
vn -0.584611 -0.398552 -0.706673
vn -0.494058 -0.506493 -0.706662
vn -0.495400 -0.507869 -0.704733
vn -0.506299 -0.493777 -0.706998
vn -0.530257 -0.467956 -0.706997
vn -0.699942 -0.070024 -0.710758
vn -0.705228 -0.052878 -0.707006
vn -0.706989 -0.017603 -0.707006
vn -0.676136 -0.208522 -0.706653
vn -0.676111 -0.208553 -0.706667
vn -0.621376 -0.338425 -0.706654
vn -0.542028 -0.454791 -0.706661
vn -0.542019 -0.454797 -0.706664
vn -0.543502 -0.456028 -0.704730
vn -0.552939 -0.440929 -0.706994
vn -0.574184 -0.412881 -0.706995
vn -0.703433 0.000000 -0.710762
vn -0.706989 0.017603 -0.707006
vn -0.705228 0.052878 -0.707006
vn -0.693516 -0.140223 -0.706663
vn -0.693509 -0.140234 -0.706668
vn -0.651972 -0.274867 -0.706669
vn -0.652000 -0.274836 -0.706655
vn -0.621373 -0.338424 -0.706658
vn -0.584586 -0.398602 -0.706665
vn -0.586181 -0.399689 -0.704728
vn -0.594085 -0.383690 -0.706997
vn -0.612499 -0.353555 -0.706997
vn -0.584606 -0.398585 -0.706658
vn -0.699942 0.070024 -0.710758
vn -0.701732 0.087942 -0.706992
vn -0.696480 0.122789 -0.706992
vn -0.704039 -0.070434 -0.706660
vn -0.704035 -0.070440 -0.706663
vn -0.676124 -0.208518 -0.706666
vn -0.676118 -0.208526 -0.706669
vn -0.621385 -0.338365 -0.706675
vn -0.623080 -0.339288 -0.704738
vn -0.629334 -0.322628 -0.707000
vn -0.644603 -0.290922 -0.707001
vn -0.689476 0.157409 -0.706998
vn -0.680784 0.191542 -0.706997
vn -0.689479 0.139406 -0.710763
vn -0.707554 0.000000 -0.706660
vn -0.707554 0.000000 -0.706660
vn -0.693500 -0.140233 -0.706678
vn -0.693518 -0.140201 -0.706666
vn -0.651981 -0.274833 -0.706674
vn -0.676116 -0.208526 -0.706672
vn -0.651983 -0.274829 -0.706673
vn -0.653765 -0.275585 -0.704730
vn -0.658344 -0.258329 -0.707000
vn -0.670387 -0.225240 -0.707000
vn -0.672183 0.207342 -0.710760
vn -0.670391 0.225219 -0.707002
vn -0.658336 0.258342 -0.707003
vn -0.704038 0.070441 -0.706660
vn -0.704036 0.070434 -0.706663
vn -0.704021 -0.070439 -0.706677
vn -0.704019 -0.070444 -0.706679
vn -0.707537 0.000000 -0.706676
vn -0.676115 -0.208539 -0.706668
vn -0.693517 -0.140200 -0.706667
vn -0.677956 -0.209107 -0.704733
vn -0.680787 -0.191529 -0.706998
vn -0.689484 -0.157375 -0.706997
vn -0.648197 0.273219 -0.710769
vn -0.644625 0.290876 -0.707001
vn -0.629308 0.322680 -0.707000
vn -0.693512 0.140222 -0.706668
vn -0.693514 0.140235 -0.706663
vn -0.707537 0.000000 -0.706676
vn -0.704021 0.070439 -0.706677
vn -0.693518 -0.140221 -0.706661
vn -0.695399 -0.140601 -0.704736
vn -0.696462 -0.122892 -0.706993
vn -0.701728 -0.087967 -0.706994
vn -0.617776 0.336428 -0.710753
vn -0.612486 0.353568 -0.707001
vn -0.594057 0.383726 -0.707001
vn -0.676122 0.208517 -0.706668
vn -0.676125 0.208557 -0.706654
vn -0.704019 0.070444 -0.706679
vn -0.705953 -0.070646 -0.704726
vn -0.704038 -0.070446 -0.706660
vn -0.707554 0.000000 -0.706660
vn -0.704035 -0.070454 -0.706662
vn -0.705238 -0.052715 -0.707008
vn -0.706988 -0.017623 -0.707006
vn -0.581219 0.396251 -0.710753
vn -0.574244 0.412792 -0.706998
vn -0.552917 0.440948 -0.706999
vn -0.651986 0.274873 -0.706653
vn -0.651988 0.274817 -0.706674
vn -0.693510 0.140235 -0.706666
vn -0.693506 0.140198 -0.706679
vn -0.707554 0.000000 -0.706660
vn -0.709462 0.000000 -0.704743
vn -0.706988 0.017623 -0.707006
vn -0.705238 0.052715 -0.707008
vn -0.538859 0.452163 -0.710760
vn -0.530252 0.467961 -0.706997
vn -0.506261 0.493816 -0.706997
vn -0.584610 0.398563 -0.706668
vn -0.621379 0.338391 -0.706668
vn -0.621382 0.338372 -0.706675
vn -0.676121 0.208527 -0.706666
vn -0.676121 0.208517 -0.706669
vn -0.701728 0.087967 -0.706994
vn -0.696462 0.122892 -0.706993
vn -0.704036 0.070446 -0.706662
vn -0.704037 0.070454 -0.706660
vn -0.705953 0.070646 -0.704726
vn -0.491160 0.503573 -0.710758
vn -0.481041 0.518410 -0.707001
vn -0.454581 0.541761 -0.707001
vn -0.584619 0.398557 -0.706664
vn -0.651984 0.274872 -0.706656
vn -0.621398 0.338381 -0.706656
vn -0.651986 0.274831 -0.706670
vn -0.689484 0.157375 -0.706997
vn -0.680787 0.191529 -0.706998
vn -0.695399 0.140601 -0.704736
vn -0.693518 0.140221 -0.706661
vn -0.693517 0.140200 -0.706667
vn -0.676119 0.208527 -0.706668
vn -0.427027 0.563742 -0.706996
vn -0.398390 0.584330 -0.706996
vn -0.438594 0.549960 -0.710759
vn -0.542015 0.454803 -0.706664
vn -0.542013 0.454809 -0.706662
vn -0.621360 0.338417 -0.706673
vn -0.670387 0.225240 -0.707000
vn -0.658344 0.258329 -0.707000
vn -0.677956 0.209107 -0.704733
vn -0.676111 0.208538 -0.706672
vn -0.368752 0.603466 -0.707001
vn -0.338243 0.621080 -0.707001
vn -0.381628 0.590912 -0.710763
vn -0.494035 0.506517 -0.706662
vn -0.494034 0.506520 -0.706660
vn -0.584603 0.398546 -0.706682
vn -0.584595 0.398578 -0.706672
vn -0.644603 0.290922 -0.707001
vn -0.629334 0.322628 -0.707000
vn -0.653765 0.275585 -0.704730
vn -0.651982 0.274829 -0.706674
vn -0.651982 0.274833 -0.706673
vn -0.320914 0.625959 -0.710766
vn -0.306834 0.637184 -0.707000
vn -0.274692 0.651686 -0.707000
vn -0.441158 0.553175 -0.706666
vn -0.383861 0.594369 -0.706666
vn -0.441151 0.553188 -0.706661
vn -0.542005 0.454785 -0.706683
vn -0.542002 0.454793 -0.706680
vn -0.612499 0.353555 -0.706997
vn -0.594085 0.383690 -0.706997
vn -0.621373 0.338424 -0.706658
vn -0.584606 0.398585 -0.706658
vn -0.621385 0.338365 -0.706675
vn -0.623080 0.339288 -0.704738
vn -0.256998 0.654809 -0.710758
vn -0.241889 0.664564 -0.706997
vn -0.208446 0.675800 -0.706997
vn -0.383890 0.594363 -0.706655
vn -0.494028 0.506509 -0.706672
vn -0.494039 0.506487 -0.706680
vn -0.574184 0.412881 -0.706995
vn -0.552939 0.440929 -0.706994
vn -0.586181 0.399689 -0.704728
vn -0.584586 0.398602 -0.706665
vn -0.190529 0.677146 -0.710755
vn -0.174513 0.685353 -0.706991
vn -0.140147 0.693197 -0.706992
vn -0.322795 0.629628 -0.706662
vn -0.322783 0.629642 -0.706655
vn -0.258501 0.658639 -0.706663
vn -0.441147 0.553183 -0.706666
vn -0.441156 0.553170 -0.706672
vn -0.542026 0.454789 -0.706665
vn -0.530257 0.467956 -0.706997
vn -0.506299 0.493777 -0.706998
vn -0.543502 0.456028 -0.704730
vn -0.494051 0.506500 -0.706662
vn -0.542022 0.454799 -0.706661
vn -0.122147 0.692751 -0.710758
vn -0.105396 0.699322 -0.706994
vn -0.070414 0.703706 -0.706993
vn -0.258490 0.658639 -0.706667
vn -0.191641 0.681099 -0.706667
vn -0.383872 0.594361 -0.706666
vn -0.383881 0.594349 -0.706671
vn -0.480975 0.518461 -0.707009
vn -0.454654 0.541690 -0.707009
vn -0.494060 0.506495 -0.706659
vn -0.495400 0.507869 -0.704733
vn -0.052570 0.701473 -0.710754
vn -0.035277 0.706336 -0.706997
vn 0.000000 0.707216 -0.706997
vn -0.191623 0.681097 -0.706674
vn -0.322777 0.629628 -0.706671
vn -0.322776 0.629629 -0.706670
vn -0.441129 0.553206 -0.706660
vn -0.383868 0.594355 -0.706673
vn -0.441155 0.553169 -0.706673
vn -0.426972 0.563782 -0.706997
vn -0.398373 0.584342 -0.706996
vn -0.442328 0.554709 -0.704729
vn 0.035281 0.706342 -0.706991
vn 0.070407 0.703710 -0.706991
vn 0.017536 0.703217 -0.710759
vn -0.122860 0.696795 -0.706669
vn -0.122870 0.696790 -0.706673
vn -0.052877 0.705564 -0.706670
vn -0.258490 0.658639 -0.706667
vn -0.258495 0.658634 -0.706669
vn -0.368744 0.603470 -0.707002
vn -0.338281 0.621059 -0.707002
vn -0.384921 0.595974 -0.704734
vn -0.383874 0.594354 -0.706671
vn 0.105395 0.699317 -0.706999
vn 0.140146 0.693189 -0.707000
vn 0.087478 0.697977 -0.710757
vn -0.052885 0.705567 -0.706667
vn 0.017639 0.707326 -0.706667
vn -0.191642 0.681098 -0.706667
vn -0.191626 0.681109 -0.706661
vn -0.306845 0.637187 -0.706993
vn -0.274684 0.651698 -0.706992
vn -0.323661 0.631349 -0.704729
vn -0.322778 0.629627 -0.706671
vn -0.322777 0.629629 -0.706670
vn -0.258495 0.658633 -0.706671
vn 0.174512 0.685350 -0.706994
vn 0.208447 0.675802 -0.706994
vn 0.156525 0.685802 -0.710757
vn 0.017644 0.707324 -0.706669
vn 0.087989 0.702052 -0.706669
vn -0.122871 0.696799 -0.706664
vn -0.122867 0.696802 -0.706662
vn -0.191641 0.681094 -0.706672
vn -0.258486 0.658634 -0.706673
vn -0.241854 0.664576 -0.706997
vn -0.259193 0.660435 -0.704730
vn -0.208487 0.675787 -0.706997
vn 0.241890 0.664567 -0.706993
vn 0.274695 0.651692 -0.706994
vn 0.224030 0.666808 -0.710758
vn 0.087970 0.702063 -0.706661
vn -0.052885 0.705567 -0.706667
vn -0.052874 0.705572 -0.706663
vn -0.174506 0.685350 -0.706995
vn -0.140138 0.693195 -0.706995
vn -0.191634 0.681094 -0.706674
vn -0.192159 0.682958 -0.704730
vn 0.306833 0.637183 -0.707002
vn 0.338243 0.621080 -0.707002
vn 0.289316 0.641184 -0.710760
vn 0.157438 0.689802 -0.706672
vn 0.157469 0.689807 -0.706661
vn 0.017644 0.707324 -0.706669
vn 0.017651 0.707326 -0.706667
vn -0.105447 0.699318 -0.706991
vn -0.070417 0.703708 -0.706992
vn -0.122865 0.696792 -0.706672
vn -0.123205 0.698696 -0.704731
vn -0.052873 0.705563 -0.706672
vn -0.122869 0.696790 -0.706673
vn 0.368752 0.603465 -0.707002
vn 0.398387 0.584325 -0.707002
vn 0.351719 0.609191 -0.710761
vn 0.225338 0.670700 -0.706671
vn 0.225333 0.670700 -0.706673
vn 0.291005 0.644928 -0.706671
vn 0.087969 0.702056 -0.706667
vn 0.087963 0.702055 -0.706669
vn -0.035240 0.706338 -0.706997
vn 0.000000 0.707216 -0.706997
vn -0.053033 0.707491 -0.704729
vn -0.052889 0.705567 -0.706667
vn 0.427021 0.563734 -0.707006
vn 0.454578 0.541757 -0.707006
vn 0.410632 0.571132 -0.710767
vn 0.290992 0.644941 -0.706664
vn 0.353776 0.612755 -0.706664
vn 0.157454 0.689805 -0.706666
vn 0.157469 0.689807 -0.706661
vn 0.017661 0.707326 -0.706667
vn 0.035248 0.706343 -0.706991
vn 0.070402 0.703708 -0.706992
vn 0.017709 0.709254 -0.704730
vn 0.017651 0.707324 -0.706670
vn 0.465429 0.527437 -0.710764
vn 0.481047 0.518416 -0.706993
vn 0.506264 0.493820 -0.706993
vn 0.353779 0.612752 -0.706665
vn 0.225356 0.670707 -0.706659
vn 0.225336 0.670707 -0.706666
vn 0.088202 0.703973 -0.704729
vn 0.087962 0.702055 -0.706669
vn 0.105445 0.699309 -0.707000
vn 0.140138 0.693190 -0.707000
vn 0.087963 0.702055 -0.706669
vn 0.515665 0.478443 -0.710762
vn 0.530291 0.467923 -0.706994
vn 0.552886 0.440996 -0.706994
vn 0.413025 0.574486 -0.706665
vn 0.413040 0.574482 -0.706660
vn 0.291011 0.644933 -0.706664
vn 0.353775 0.612746 -0.706672
vn 0.290989 0.644935 -0.706671
vn 0.157455 0.689807 -0.706664
vn 0.225355 0.670702 -0.706664
vn 0.157435 0.689805 -0.706670
vn 0.157863 0.691682 -0.704737
vn 0.174505 0.685344 -0.707002
vn 0.208486 0.675782 -0.707002
vn 0.574251 0.412797 -0.706989
vn 0.594067 0.383732 -0.706989
vn 0.560714 0.424748 -0.710767
vn 0.518680 0.481240 -0.706668
vn 0.468175 0.530514 -0.706659
vn 0.468152 0.530523 -0.706668
vn 0.353760 0.612763 -0.706665
vn 0.225962 0.672519 -0.704741
vn 0.225352 0.670704 -0.706663
vn 0.241853 0.664573 -0.707001
vn 0.274680 0.651690 -0.707002
vn 0.612498 0.353575 -0.706987
vn 0.629320 0.322686 -0.706986
vn 0.600235 0.366798 -0.710759
vn 0.518681 0.481236 -0.706669
vn 0.413019 0.574477 -0.706676
vn 0.413053 0.574467 -0.706665
vn 0.468163 0.530501 -0.706676
vn 0.306902 0.637149 -0.707003
vn 0.338216 0.621094 -0.707003
vn 0.291016 0.644931 -0.706663
vn 0.291011 0.644932 -0.706665
vn 0.291807 0.646684 -0.704733
vn 0.644625 0.290877 -0.707000
vn 0.658338 0.258343 -0.707000
vn 0.633774 0.305206 -0.710760
vn 0.564000 0.427228 -0.706669
vn 0.563993 0.427232 -0.706672
vn 0.603737 0.368938 -0.706673
vn 0.468150 0.530524 -0.706668
vn 0.518683 0.481237 -0.706668
vn 0.354720 0.614424 -0.704739
vn 0.368744 0.603470 -0.707002
vn 0.398369 0.584337 -0.707003
vn 0.353762 0.612763 -0.706664
vn 0.353760 0.612763 -0.706665
vn 0.670395 0.225220 -0.706998
vn 0.680783 0.191541 -0.706998
vn 0.661020 0.240568 -0.710760
vn 0.637471 0.306987 -0.706675
vn 0.603737 0.368933 -0.706675
vn 0.518677 0.481249 -0.706663
vn 0.427044 0.563723 -0.707000
vn 0.454584 0.541760 -0.707000
vn 0.413055 0.574471 -0.706660
vn 0.413039 0.574477 -0.706665
vn 0.414162 0.576039 -0.704734
vn 0.689472 0.157408 -0.707002
vn 0.696471 0.122788 -0.707002
vn 0.681682 0.173589 -0.710758
vn 0.637471 0.306999 -0.706670
vn 0.564004 0.427231 -0.706664
vn 0.564004 0.427230 -0.706664
vn 0.481051 0.518388 -0.707010
vn 0.506212 0.493847 -0.707011
vn 0.469427 0.531961 -0.704738
vn 0.468161 0.530526 -0.706659
vn 0.468154 0.530529 -0.706662
vn 0.702554 0.035032 -0.710767
vn 0.695579 0.104855 -0.710757
vn 0.701732 0.087942 -0.706993
vn 0.705241 0.052879 -0.706993
vn 0.664895 0.241978 -0.706655
vn 0.664866 0.242011 -0.706671
vn 0.685677 0.174606 -0.706654
vn 0.603741 0.368935 -0.706671
vn 0.603761 0.368919 -0.706662
vn 0.637470 0.306999 -0.706671
vn 0.518681 0.481247 -0.706662
vn 0.530256 0.467955 -0.706999
vn 0.552936 0.440926 -0.706998
vn 0.520087 0.482552 -0.704737
vn 0.518677 0.481249 -0.706663
vn 0.685671 0.174561 -0.706671
vn 0.637471 0.306990 -0.706674
vn 0.564024 0.427205 -0.706663
vn 0.574190 0.412885 -0.706988
vn 0.594092 0.383694 -0.706989
vn 0.563998 0.427225 -0.706672
vn 0.565556 0.428365 -0.704734
vn 0.699631 0.105466 -0.706678
vn 0.706675 0.035289 -0.706658
vn 0.706657 0.035237 -0.706678
vn 0.699641 0.105449 -0.706671
vn 0.664858 0.242022 -0.706674
vn 0.664867 0.242012 -0.706670
vn 0.603729 0.368949 -0.706673
vn 0.612495 0.353553 -0.707001
vn 0.629334 0.322628 -0.707001
vn 0.603762 0.368920 -0.706661
vn 0.605383 0.369960 -0.704727
vn 0.685685 0.174565 -0.706657
vn 0.685661 0.174600 -0.706671
vn 0.639199 0.307841 -0.704740
vn 0.637476 0.307011 -0.706660
vn 0.644605 0.290922 -0.707000
vn 0.658344 0.258329 -0.707000
vn 0.637488 0.306998 -0.706655
vn 0.699649 0.105450 -0.706662
vn 0.706670 0.035289 -0.706662
vn 0.706659 0.035249 -0.706676
vn 0.699659 0.105431 -0.706655
vn 0.666687 0.242633 -0.704739
vn 0.664895 0.241980 -0.706654
vn 0.670386 0.225240 -0.707000
vn 0.680784 0.191529 -0.707000
vn 0.664863 0.242024 -0.706670
vn 0.685660 0.174600 -0.706672
vn 0.685663 0.174595 -0.706670
vn 0.687528 0.175070 -0.704738
vn 0.689479 0.157374 -0.707002
vn 0.696451 0.122889 -0.707003
vn 0.706675 0.035260 -0.706659
vn 0.706673 0.035250 -0.706662
vn 0.699652 0.105430 -0.706662
vn 0.699637 0.105462 -0.706672
vn 0.701550 0.105750 -0.704730
vn 0.701730 0.087813 -0.707010
vn 0.705226 0.052869 -0.707009
vn 0.708583 0.035355 -0.704741
vn 0.999689 -0.024918 0.000000
vn 0.999689 -0.024918 0.000000
vn 0.997202 -0.074757 0.000000
vn 0.997202 -0.074757 0.000000
vn 0.992261 -0.124169 0.000000
vn 0.992261 -0.124169 0.000000
vn 0.984787 -0.173767 0.000000
vn 0.984787 -0.173767 0.000000
vn 0.974926 -0.222528 0.000000
vn 0.974926 -0.222528 0.000000
vn 0.962630 -0.270822 0.000000
vn 0.962630 -0.270822 0.000000
vn 0.947926 -0.318489 0.000000
vn 0.947926 -0.318489 0.000000
vn 0.930899 -0.365277 0.000000
vn 0.930899 -0.365277 0.000000
vn 0.911471 -0.411364 0.000000
vn 0.911471 -0.411364 0.000000
vn 0.889879 -0.456197 0.000000
vn 0.889879 -0.456197 0.000000
vn 0.866069 -0.499924 0.000000
vn 0.866069 -0.499924 0.000000
vn 0.840033 -0.542535 0.000000
vn 0.840033 -0.542535 0.000000
vn 0.811891 -0.583809 0.000000
vn 0.811891 -0.583809 0.000000
vn 0.781849 -0.623468 0.000000
vn 0.781849 -0.623468 0.000000
vn 0.749780 -0.661687 0.000000
vn 0.749780 -0.661687 0.000000
vn 0.715795 -0.698310 0.000000
vn 0.715795 -0.698310 0.000000
vn 0.680216 -0.733011 0.000000
vn 0.680216 -0.733011 0.000000
vn 0.642782 -0.766049 0.000000
vn 0.642782 -0.766049 0.000000
vn 0.603841 -0.797105 0.000000
vn 0.603841 -0.797105 0.000000
vn 0.563296 -0.826255 0.000000
vn 0.563296 -0.826255 0.000000
vn 0.521406 -0.853309 0.000000
vn 0.521406 -0.853309 0.000000
vn 0.478239 -0.878229 0.000000
vn 0.478239 -0.878229 0.000000
vn 0.433960 -0.900932 0.000000
vn 0.433960 -0.900932 0.000000
vn 0.388399 -0.921491 0.000000
vn 0.388399 -0.921491 0.000000
vn 0.341980 -0.939707 0.000000
vn 0.341980 -0.939707 0.000000
vn 0.294800 -0.955559 0.000000
vn 0.294800 -0.955559 0.000000
vn 0.246750 -0.969079 0.000000
vn 0.246750 -0.969079 0.000000
vn 0.198155 -0.980171 0.000000
vn 0.198155 -0.980171 0.000000
vn 0.149099 -0.988822 0.000000
vn 0.149099 -0.988822 0.000000
vn 0.099547 -0.995033 0.000000
vn 0.049839 -0.998757 0.000000
vn 0.099547 -0.995033 0.000000
vn 0.049839 -0.998757 0.000000
vn 0.000000 -1.000000 0.000000
vn -0.049829 -0.998758 -0.000000
vn 0.000000 -1.000000 0.000000
vn -0.099569 -0.995031 -0.000000
vn -0.049829 -0.998758 0.000000
vn -0.099569 -0.995031 0.000000
vn -0.149099 -0.988822 0.000000
vn -0.198155 -0.980171 -0.000000
vn -0.149099 -0.988822 0.000000
vn -0.246750 -0.969079 -0.000000
vn -0.198155 -0.980171 0.000000
vn -0.246750 -0.969079 0.000000
vn -0.294800 -0.955559 0.000000
vn -0.294800 -0.955559 0.000000
vn -0.341980 -0.939707 0.000000
vn -0.341980 -0.939707 0.000000
vn -0.388399 -0.921491 -0.000000
vn -0.388399 -0.921491 0.000000
vn -0.433875 -0.900973 0.000000
vn -0.433875 -0.900973 0.000000
vn -0.478331 -0.878179 0.000000
vn -0.478331 -0.878179 0.000000
vn -0.521406 -0.853309 0.000000
vn -0.521406 -0.853309 0.000000
vn -0.563296 -0.826255 -0.000000
vn -0.563296 -0.826255 0.000000
vn -0.603736 -0.797185 0.000000
vn -0.603736 -0.797185 0.000000
vn -0.642890 -0.765959 0.000000
vn -0.642890 -0.765959 0.000000
vn -0.680107 -0.733113 -0.000000
vn -0.680107 -0.733113 0.000000
vn -0.715905 -0.698198 0.000000
vn -0.715905 -0.698198 0.000000
vn -0.749780 -0.661687 0.000000
vn -0.749780 -0.661687 0.000000
vn -0.781849 -0.623468 0.000000
vn -0.811891 -0.583809 -0.000000
vn -0.781849 -0.623468 0.000000
vn -0.811891 -0.583809 0.000000
vn -0.840033 -0.542535 0.000000
vn -0.840033 -0.542535 0.000000
vn -0.866069 -0.499924 0.000000
vn -0.866069 -0.499924 0.000000
vn -0.889879 -0.456197 0.000000
vn -0.889879 -0.456197 0.000000
vn -0.911471 -0.411364 0.000000
vn -0.911471 -0.411364 0.000000
vn -0.930899 -0.365277 0.000000
vn -0.930899 -0.365277 0.000000
vn -0.947926 -0.318489 0.000000
vn -0.947926 -0.318489 0.000000
vn -0.962630 -0.270822 0.000000
vn -0.962630 -0.270822 0.000000
vn -0.974926 -0.222528 0.000000
vn -0.974926 -0.222528 0.000000
vn -0.984787 -0.173767 0.000000
vn -0.984787 -0.173767 0.000000
vn -0.992234 -0.124384 0.000000
vn -0.997218 -0.074540 -0.000000
vn -0.992234 -0.124384 0.000000
vn -0.997218 -0.074540 0.000000
vn -0.999689 -0.024918 0.000000
vn -0.999689 -0.024918 0.000000
vn -0.999689 0.024918 0.000000
vn -0.999689 0.024918 0.000000
vn -0.997218 0.074540 0.000000
vn -0.997218 0.074540 0.000000
vn -0.992234 0.124384 0.000000
vn -0.992234 0.124384 0.000000
vn -0.984787 0.173767 0.000000
vn -0.984787 0.173767 0.000000
vn -0.974926 0.222528 0.000000
vn -0.974926 0.222528 0.000000
vn -0.962630 0.270822 0.000000
vn -0.962630 0.270822 0.000000
vn -0.947926 0.318489 0.000000
vn -0.947926 0.318489 0.000000
vn -0.930899 0.365277 0.000000
vn -0.930899 0.365277 0.000000
vn -0.911471 0.411364 0.000000
vn -0.911471 0.411364 0.000000
vn -0.889879 0.456197 0.000000
vn -0.889879 0.456197 0.000000
vn -0.866069 0.499924 0.000000
vn -0.866069 0.499924 0.000000
vn -0.840033 0.542535 0.000000
vn -0.840033 0.542535 0.000000
vn -0.811891 0.583809 0.000000
vn -0.811891 0.583809 0.000000
vn -0.781849 0.623468 0.000000
vn -0.781849 0.623468 0.000000
vn -0.749780 0.661687 0.000000
vn -0.749780 0.661687 0.000000
vn -0.715905 0.698198 0.000000
vn -0.715905 0.698198 0.000000
vn -0.680107 0.733113 0.000000
vn -0.680107 0.733113 0.000000
vn -0.642890 0.765959 0.000000
vn -0.642890 0.765959 0.000000
vn -0.603736 0.797185 0.000000
vn -0.603736 0.797185 0.000000
vn -0.563296 0.826255 0.000000
vn -0.563296 0.826255 0.000000
vn -0.521406 0.853309 0.000000
vn -0.521406 0.853309 0.000000
vn -0.478331 0.878179 0.000000
vn -0.478331 0.878179 0.000000
vn -0.433875 0.900973 0.000000
vn -0.433875 0.900973 0.000000
vn -0.388399 0.921491 0.000000
vn -0.388399 0.921491 0.000000
vn -0.341980 0.939707 0.000000
vn -0.341980 0.939707 0.000000
vn -0.294800 0.955559 0.000000
vn -0.294800 0.955559 0.000000
vn -0.246750 0.969079 0.000000
vn -0.246750 0.969079 0.000000
vn -0.198155 0.980171 0.000000
vn -0.198155 0.980171 0.000000
vn -0.149099 0.988822 0.000000
vn -0.149099 0.988822 0.000000
vn -0.099569 0.995031 0.000000
vn -0.099569 0.995031 0.000000
vn -0.049829 0.998758 0.000000
vn -0.049829 0.998758 0.000000
vn 0.000000 1.000000 -0.000000
vn 0.000000 1.000000 0.000000
vn 0.049839 0.998757 -0.000000
vn 0.049839 0.998757 0.000000
vn 0.099547 0.995033 -0.000000
vn 0.099547 0.995033 0.000000
vn 0.149099 0.988822 -0.000000
vn 0.149099 0.988822 0.000000
vn 0.198155 0.980171 -0.000000
vn 0.198155 0.980171 0.000000
vn 0.246750 0.969079 0.000000
vn 0.246750 0.969079 -0.000000
vn 0.294800 0.955559 0.000000
vn 0.294800 0.955559 -0.000000
vn 0.341980 0.939707 0.000000
vn 0.341980 0.939707 -0.000000
vn 0.388399 0.921491 0.000000
vn 0.388399 0.921491 -0.000000
vn 0.433960 0.900932 0.000000
vn 0.433960 0.900932 -0.000000
vn 0.478239 0.878229 0.000000
vn 0.478239 0.878229 -0.000000
vn 0.521406 0.853309 0.000000
vn 0.521406 0.853309 -0.000000
vn 0.563296 0.826255 0.000000
vn 0.563296 0.826255 -0.000000
vn 0.603841 0.797105 0.000000
vn 0.603841 0.797105 -0.000000
vn 0.642782 0.766049 0.000000
vn 0.642782 0.766049 -0.000000
vn 0.680216 0.733011 0.000000
vn 0.680216 0.733011 -0.000000
vn 0.715795 0.698310 0.000000
vn 0.715795 0.698310 -0.000000
vn 0.749780 0.661687 0.000000
vn 0.749780 0.661687 -0.000000
vn 0.781849 0.623468 -0.000000
vn 0.781849 0.623468 0.000000
vn 0.811891 0.583809 -0.000000
vn 0.811891 0.583809 0.000000
vn 0.840033 0.542535 -0.000000
vn 0.840033 0.542535 0.000000
vn 0.866069 0.499924 0.000000
vn 0.866069 0.499924 0.000000
vn 0.889879 0.456197 0.000000
vn 0.889879 0.456197 0.000000
vn 0.911471 0.411364 0.000000
vn 0.930899 0.365277 0.000000
vn 0.911471 0.411364 -0.000000
vn 0.947926 0.318489 0.000000
vn 0.930899 0.365277 0.000000
vn 0.947926 0.318489 0.000000
vn 0.962630 0.270822 0.000000
vn 0.962630 0.270822 -0.000000
vn 0.974926 0.222528 0.000000
vn 0.984787 0.173767 0.000000
vn 0.974926 0.222528 -0.000000
vn 0.984787 0.173767 0.000000
vn 0.992261 0.124169 0.000000
vn 0.992261 0.124169 -0.000000
vn 0.997202 0.074757 0.000000
vn 0.997202 0.074757 -0.000000
vn 0.999689 0.024918 0.000000
vn 0.999689 0.024918 -0.000000
vn 0.000000 0.000000 -1.000000
vn 0.000000 0.000000 -1.000000
vn 0.000000 0.000000 -1.000000
vn -0.000000 -0.000000 -1.000000
vn -0.000000 -0.000000 -1.000000
vn -0.000000 -0.000000 -1.000000
vn 0.000000 0.000000 -1.000000
vn 0.000000 0.000000 -1.000000
vn 0.000000 0.000000 -1.000000
vn 0.000000 0.000000 -1.000000
vn -0.000000 -0.000000 -1.000000
vn 0.000000 0.000000 -1.000000
vn 0.000000 0.000000 -1.000000
vn 0.000000 0.000000 -1.000000
vn 0.000000 0.000000 -1.000000
vn -0.000000 0.000000 -1.000000
vn 0.000000 0.000000 -1.000000
vn -0.000000 0.000000 -1.000000
vn -0.000000 0.000000 -1.000000
vn -0.000000 0.000000 -1.000000
vn -0.000000 0.000000 -1.000000
vn -0.000000 0.000000 -1.000000
vn -0.000000 0.000000 -1.000000
vn -0.000000 0.000000 -1.000000
vn -0.000000 0.000000 -1.000000
vn -0.000000 0.000000 -1.000000
vn -0.000000 0.000000 -1.000000
vn 0.000000 0.000000 -1.000000
vn 0.000000 0.000000 -1.000000
vn 0.000000 0.000000 -1.000000
vn 0.000000 0.000000 -1.000000
vn 0.000000 0.000000 -1.000000
vn -0.000000 0.000000 -1.000000
vn 0.000000 0.000000 -1.000000
vn 0.000000 0.000000 -1.000000
vn -0.000000 0.000000 -1.000000
vn -0.000000 0.000000 -1.000000
vn -0.000000 0.000000 -1.000000
vn -0.000000 0.000000 -1.000000
vn 0.000000 0.000000 -1.000000
vn 0.000000 0.000000 -1.000000
vn -0.000000 0.000000 -1.000000
vn -0.000000 0.000000 -1.000000
vn -0.000000 0.000000 -1.000000
vn 0.000000 0.000000 -1.000000
vn 0.000000 0.000000 -1.000000
vn 0.000000 0.000000 -1.000000
vn 0.000000 0.000000 -1.000000
vn -0.000000 0.000000 -1.000000
vn -0.000000 0.000000 -1.000000
vn -0.000000 0.000000 -1.000000
vn -0.000000 0.000000 -1.000000
vn -0.000000 0.000000 -1.000000
vn -0.000000 0.000000 -1.000000
vn -0.000000 0.000000 -1.000000
vn -0.000000 0.000000 -1.000000
vn -0.000000 0.000000 -1.000000
vn -0.000000 0.000000 -1.000000
vn -0.000000 0.000000 -1.000000
vn -0.000000 0.000000 -1.000000
vn -0.000000 -0.000000 -1.000000
vn -0.000000 -0.000000 -1.000000
vn -0.000000 0.000000 -1.000000
vn -0.000000 0.000000 -1.000000
vn -0.000000 0.000000 -1.000000
vn 0.000000 0.000000 -1.000000
vn 0.000000 0.000000 -1.000000
vn -0.000000 0.000000 -1.000000
vn -0.000000 0.000000 -1.000000
vn 0.000000 0.000000 -1.000000
vn 0.000000 0.000000 -1.000000
vn 0.000000 0.000000 -1.000000
vn 0.000000 0.000000 -1.000000
vn 0.000000 0.000000 -1.000000
vn -0.000000 0.000000 -1.000000
vn -0.000000 0.000000 -1.000000
vn -0.000000 0.000000 -1.000000
vn -0.000000 -0.000000 -1.000000
vn -0.000000 0.000000 -1.000000
vn -0.000000 0.000000 -1.000000
vn -0.000000 0.000000 -1.000000
vn -0.000000 0.000000 -1.000000
vn 0.000000 0.000000 -1.000000
vn 0.000000 0.000000 -1.000000
vn 0.000000 0.000000 -1.000000
vn 0.000000 0.000000 -1.000000
vn 0.000000 0.000000 -1.000000
vn 0.000000 0.000000 -1.000000
vn 0.000000 0.000000 -1.000000
vn 0.000000 0.000000 -1.000000
vn 0.000000 0.000000 -1.000000
vn 0.000000 0.000000 -1.000000
vn 0.000000 0.000000 -1.000000
vn 0.000000 0.000000 -1.000000
vn 0.000000 0.000000 -1.000000
vn 0.000000 0.000000 -1.000000
vn 0.000000 0.000000 -1.000000
vn 0.000000 0.000000 -1.000000
vn 0.000000 0.000000 -1.000000
vn 0.000000 0.000000 -1.000000
vn 0.000000 0.000000 -1.000000
vn 0.000000 0.000000 -1.000000
vn 0.000000 0.000000 -1.000000
vn 0.000000 0.000000 -1.000000
vn 0.000000 0.000000 -1.000000
vn 0.000000 0.000000 -1.000000
vn 0.000000 0.000000 -1.000000
vn 0.000000 0.000000 -1.000000
vn 0.000000 0.000000 -1.000000
vn 0.000000 0.000000 -1.000000
vn 0.000000 0.000000 -1.000000
vn 0.000000 0.000000 -1.000000
vn 0.000000 0.000000 -1.000000
vn 0.000000 -0.000000 -1.000000
vn 0.000000 0.000000 -1.000000
vn 0.000000 0.000000 -1.000000
vn 0.000000 0.000000 -1.000000
vn 0.000000 0.000000 -1.000000
vn 0.000000 0.000000 -1.000000
vn 0.000000 -0.000000 -1.000000
vn 0.000000 0.000000 -1.000000
vn 0.000000 0.000000 -1.000000
vn 0.000000 0.000000 -1.000000
vn 0.000000 -0.000000 -1.000000
f 1//1 2//1 3//1
f 3//2 2//2 4//2
f 3//3 5//3 6//3
f 4//4 5//4 3//4
f 1//5 7//5 2//5
f 8//6 7//6 1//6
f 5//7 9//7 6//7
f 6//8 9//8 10//8
f 8//9 11//9 7//9
f 12//10 11//10 8//10
f 9//11 13//11 10//11
f 14//12 13//12 15//12
f 10//13 13//13 14//13
f 16//14 17//14 12//14
f 18//15 17//15 16//15
f 12//16 17//16 11//16
f 13//17 19//17 15//17
f 18//18 20//18 17//18
f 19//19 21//19 15//19
f 15//20 21//20 22//20
f 18//21 23//21 20//21
f 24//22 23//22 18//22
f 22//23 25//23 26//23
f 21//24 25//24 22//24
f 24//25 27//25 23//25
f 28//26 27//26 24//26
f 26//27 29//27 30//27
f 25//28 29//28 26//28
f 31//29 32//29 28//29
f 28//30 32//30 27//30
f 29//31 33//31 30//31
f 34//32 33//32 35//32
f 30//33 33//33 34//33
f 36//34 37//34 31//34
f 31//35 37//35 32//35
f 33//36 38//36 35//36
f 39//37 40//37 36//37
f 36//38 40//38 37//38
f 38//39 41//39 35//39
f 35//40 41//40 42//40
f 39//41 43//41 40//41
f 44//42 43//42 39//42
f 42//43 45//43 46//43
f 41//44 45//44 42//44
f 47//45 48//45 44//45
f 44//46 48//46 43//46
f 45//47 49//47 46//47
f 46//48 49//48 50//48
f 51//49 52//49 47//49
f 47//50 52//50 48//50
f 53//51 52//51 51//51
f 50//52 54//52 55//52
f 49//53 54//53 50//53
f 53//54 56//54 52//54
f 55//55 57//55 58//55
f 54//56 57//56 55//56
f 53//57 59//57 56//57
f 60//58 59//58 53//58
f 58//59 61//59 62//59
f 57//60 61//60 58//60
f 63//61 64//61 60//61
f 60//62 64//62 59//62
f 62//63 65//63 66//63
f 61//64 65//64 62//64
f 67//65 68//65 63//65
f 63//66 68//66 64//66
f 66//67 69//67 70//67
f 65//68 69//68 66//68
f 71//69 72//69 67//69
f 67//70 72//70 68//70
f 73//71 74//71 75//71
f 70//72 74//72 73//72
f 69//73 74//73 70//73
f 71//74 76//74 72//74
f 77//75 76//75 71//75
f 74//76 78//76 75//76
f 77//77 79//77 76//77
f 80//78 79//78 77//78
f 78//79 81//79 75//79
f 75//80 81//80 82//80
f 80//81 83//81 79//81
f 84//82 83//82 80//82
f 82//83 85//83 86//83
f 81//84 85//84 82//84
f 84//85 87//85 83//85
f 88//86 87//86 84//86
f 86//87 89//87 90//87
f 85//88 89//88 86//88
f 88//89 91//89 87//89
f 92//90 91//90 88//90
f 90//91 93//91 94//91
f 89//92 93//92 90//92
f 92//93 95//93 91//93
f 96//94 95//94 92//94
f 93//95 97//95 94//95
f 94//96 97//96 98//96
f 96//97 99//97 95//97
f 100//98 99//98 96//98
f 97//99 101//99 98//99
f 98//100 101//100 102//100
f 100//101 103//101 99//101
f 104//102 103//102 100//102
f 102//103 105//103 106//103
f 101//104 105//104 102//104
f 104//105 107//105 103//105
f 108//106 107//106 104//106
f 106//107 109//107 110//107
f 105//108 109//108 106//108
f 108//109 111//109 107//109
f 112//110 111//110 108//110
f 110//111 113//111 114//111
f 109//112 113//112 110//112
f 112//113 115//113 111//113
f 116//114 115//114 112//114
f 114//115 117//115 118//115
f 113//116 117//116 114//116
f 119//117 120//117 116//117
f 116//118 120//118 115//118
f 118//119 121//119 122//119
f 117//120 121//120 118//120
f 123//121 124//121 119//121
f 119//122 124//122 120//122
f 122//123 125//123 126//123
f 121//124 125//124 122//124
f 123//125 127//125 124//125
f 123//126 128//126 127//126
f 129//127 130//127 125//127
f 125//128 130//128 126//128
f 129//129 131//129 130//129
f 127//130 132//130 133//130
f 128//131 132//131 127//131
f 131//132 134//132 130//132
f 133//133 135//133 136//133
f 132//134 135//134 133//134
f 131//135 137//135 134//135
f 138//136 137//136 131//136
f 136//137 139//137 140//137
f 140//138 139//138 141//138
f 135//139 139//139 136//139
f 138//140 142//140 137//140
f 143//141 142//141 138//141
f 139//142 144//142 141//142
f 145//143 146//143 147//143
f 147//144 146//144 143//144
f 143//145 146//145 142//145
f 141//146 148//146 149//146
f 144//147 148//147 141//147
f 145//148 150//148 146//148
f 151//149 150//149 145//149
f 149//150 152//150 153//150
f 148//151 152//151 149//151
f 151//152 154//152 150//152
f 153//153 155//153 156//153
f 152//154 155//154 153//154
f 151//155 157//155 154//155
f 158//156 157//156 151//156
f 156//157 159//157 160//157
f 155//158 159//158 156//158
f 161//159 162//159 158//159
f 158//160 162//160 157//160
f 160//161 163//161 164//161
f 159//162 163//162 160//162
f 165//163 166//163 161//163
f 161//164 166//164 162//164
f 164//165 167//165 168//165
f 163//166 167//166 164//166
f 169//167 170//167 165//167
f 165//168 170//168 166//168
f 168//169 171//169 172//169
f 172//170 171//170 173//170
f 167//171 171//171 168//171
f 174//172 175//172 169//172
f 169//173 175//173 170//173
f 171//174 176//174 173//174
f 174//175 177//175 175//175
f 178//176 177//176 174//176
f 173//177 179//177 180//177
f 176//178 179//178 173//178
f 181//179 182//179 178//179
f 178//180 182//180 177//180
f 180//181 183//181 184//181
f 179//182 183//182 180//182
f 185//183 186//183 181//183
f 181//184 186//184 182//184
f 184//185 187//185 188//185
f 183//186 187//186 184//186
f 189//187 190//187 185//187
f 185//188 190//188 186//188
f 191//189 190//189 189//189
f 188//190 192//190 193//190
f 187//191 192//191 188//191
f 194//192 195//192 191//192
f 191//193 195//193 190//193
f 193//194 196//194 197//194
f 192//195 196//195 193//195
f 194//196 198//196 195//196
f 197//197 199//197 200//197
f 196//198 199//198 197//198
f 201//199 202//199 194//199
f 194//200 202//200 198//200
f 200//201 203//201 204//201
f 199//202 203//202 200//202
f 201//203 205//203 202//203
f 206//204 205//204 201//204
f 204//205 207//205 208//205
f 208//206 207//206 209//206
f 203//207 207//207 204//207
f 206//208 210//208 205//208
f 211//209 210//209 206//209
f 209//210 212//210 213//210
f 207//211 212//211 209//211
f 211//212 214//212 210//212
f 215//213 214//213 211//213
f 212//214 216//214 213//214
f 215//215 217//215 214//215
f 218//216 217//216 215//216
f 216//217 219//217 213//217
f 213//218 219//218 220//218
f 220//219 219//219 221//219
f 218//220 222//220 217//220
f 223//221 222//221 218//221
f 219//222 224//222 221//222
f 223//223 225//223 222//223
f 226//224 225//224 223//224
f 224//225 227//225 221//225
f 221//226 227//226 228//226
f 226//227 229//227 225//227
f 230//228 229//228 226//228
f 227//229 231//229 228//229
f 228//230 231//230 232//230
f 230//231 233//231 229//231
f 234//232 233//232 235//232
f 235//233 233//233 230//233
f 232//234 236//234 237//234
f 231//235 236//235 232//235
f 234//236 238//236 233//236
f 237//237 239//237 240//237
f 236//238 239//238 237//238
f 234//239 241//239 238//239
f 242//240 241//240 234//240
f 240//241 243//241 244//241
f 239//242 243//242 240//242
f 245//243 246//243 247//243
f 247//244 246//244 242//244
f 242//245 246//245 241//245
f 244//246 248//246 249//246
f 243//247 248//247 244//247
f 245//248 250//248 246//248
f 249//249 251//249 252//249
f 252//250 251//250 245//250
f 245//251 251//251 250//251
f 248//252 251//252 249//252
f 253//253 189//253 185//253
f 254//254 255//254 256//254
f 253//255 191//255 189//255
f 255//256 257//256 256//256
f 258//257 185//257 181//257
f 258//258 181//258 178//258
f 258//259 253//259 185//259
f 259//260 178//260 174//260
f 259//261 174//261 169//261
f 259//262 258//262 178//262
f 260//263 169//263 165//263
f 260//264 165//264 161//264
f 260//265 259//265 169//265
f 261//266 262//266 253//266
f 261//267 253//267 258//267
f 263//268 161//268 158//268
f 263//269 158//269 151//269
f 263//270 260//270 161//270
f 264//271 258//271 259//271
f 264//272 261//272 258//272
f 265//273 151//273 145//273
f 265//274 145//274 147//274
f 265//275 263//275 151//275
f 266//276 259//276 260//276
f 266//277 264//277 259//277
f 267//278 268//278 262//278
f 267//279 262//279 261//279
f 269//280 147//280 143//280
f 269//281 143//281 138//281
f 269//282 265//282 147//282
f 270//283 260//283 263//283
f 270//284 266//284 260//284
f 271//285 267//285 261//285
f 271//286 261//286 264//286
f 272//287 138//287 131//287
f 272//288 131//288 129//288
f 272//289 269//289 138//289
f 273//290 270//290 263//290
f 273//291 263//291 265//291
f 274//292 264//292 266//292
f 274//293 271//293 264//293
f 275//294 256//294 268//294
f 275//295 254//295 256//295
f 275//296 276//296 254//296
f 275//297 277//297 276//297
f 275//298 268//298 267//298
f 278//299 129//299 125//299
f 278//300 125//300 121//300
f 278//301 272//301 129//301
f 279//302 273//302 265//302
f 279//303 265//303 269//303
f 280//304 266//304 270//304
f 280//305 274//305 266//305
f 281//306 277//306 275//306
f 281//307 282//307 277//307
f 281//308 283//308 282//308
f 281//309 275//309 267//309
f 281//310 267//310 271//310
f 284//311 121//311 117//311
f 284//312 117//312 113//312
f 284//313 278//313 121//313
f 285//314 269//314 272//314
f 285//315 279//315 269//315
f 286//316 270//316 273//316
f 286//317 280//317 270//317
f 287//318 283//318 281//318
f 287//319 288//319 283//319
f 287//320 289//320 288//320
f 287//321 271//321 274//321
f 287//322 281//322 271//322
f 290//323 113//323 109//323
f 290//324 109//324 105//324
f 290//325 284//325 113//325
f 291//326 285//326 272//326
f 291//327 272//327 278//327
f 292//328 286//328 273//328
f 292//329 273//329 279//329
f 293//330 287//330 274//330
f 293//331 294//331 289//331
f 293//332 295//332 294//332
f 293//333 274//333 280//333
f 293//334 289//334 287//334
f 296//335 105//335 101//335
f 296//336 101//336 97//336
f 296//337 290//337 105//337
f 297//338 291//338 278//338
f 297//339 278//339 284//339
f 298//340 292//340 279//340
f 298//341 279//341 285//341
f 299//342 295//342 293//342
f 299//343 300//343 295//343
f 299//344 301//344 300//344
f 299//345 280//345 286//345
f 299//346 293//346 280//346
f 302//347 97//347 93//347
f 302//348 93//348 89//348
f 302//349 296//349 97//349
f 303//350 297//350 284//350
f 303//351 284//351 290//351
f 304//352 298//352 285//352
f 304//353 291//353 297//353
f 304//354 285//354 291//354
f 305//355 286//355 292//355
f 305//356 306//356 301//356
f 305//357 307//357 306//357
f 305//358 301//358 299//358
f 305//359 299//359 286//359
f 308//360 302//360 89//360
f 308//361 89//361 85//361
f 308//362 85//362 81//362
f 309//363 303//363 290//363
f 309//364 290//364 296//364
f 310//365 304//365 297//365
f 311//366 292//366 298//366
f 311//367 312//367 307//367
f 311//368 313//368 312//368
f 311//369 307//369 305//369
f 311//370 305//370 292//370
f 314//371 81//371 78//371
f 314//372 78//372 74//372
f 314//373 308//373 81//373
f 315//374 296//374 302//374
f 315//375 302//375 308//375
f 315//376 309//376 296//376
f 316//377 310//377 297//377
f 316//378 297//378 303//378
f 317//379 311//379 298//379
f 317//380 318//380 313//380
f 317//381 319//381 318//381
f 317//382 313//382 311//382
f 317//383 298//383 304//383
f 320//384 74//384 69//384
f 320//385 69//385 65//385
f 320//386 314//386 74//386
f 321//387 315//387 308//387
f 322//388 316//388 303//388
f 322//389 303//389 309//389
f 323//390 317//390 304//390
f 323//391 304//391 310//391
f 323//392 324//392 319//392
f 323//393 325//393 324//393
f 323//394 319//394 317//394
f 326//395 65//395 61//395
f 326//396 61//396 57//396
f 326//397 320//397 65//397
f 327//398 321//398 308//398
f 327//399 314//399 320//399
f 327//400 308//400 314//400
f 328//401 309//401 315//401
f 328//402 322//402 309//402
f 329//403 323//403 310//403
f 329//404 330//404 325//404
f 329//405 331//405 330//405
f 329//406 325//406 323//406
f 329//407 310//407 316//407
f 332//408 57//408 54//408
f 332//409 54//409 49//409
f 332//410 326//410 57//410
f 333//411 327//411 320//411
f 334//412 315//412 321//412
f 334//413 328//413 315//413
f 335//414 331//414 329//414
f 335//415 329//415 316//415
f 335//416 322//416 328//416
f 335//417 336//417 331//417
f 335//418 337//418 336//418
f 335//419 316//419 322//419
f 338//420 332//420 49//420
f 338//421 49//421 45//421
f 338//422 45//422 41//422
f 339//423 320//423 326//423
f 339//424 333//424 320//424
f 340//425 334//425 321//425
f 340//426 321//426 327//426
f 341//427 337//427 335//427
f 341//428 335//428 328//428
f 341//429 342//429 337//429
f 341//430 343//430 342//430
f 344//431 338//431 41//431
f 344//432 41//432 38//432
f 344//433 38//433 33//433
f 345//434 326//434 332//434
f 345//435 339//435 326//435
f 345//436 332//436 338//436
f 346//437 340//437 327//437
f 346//438 327//438 333//438
f 347//439 343//439 341//439
f 347//440 348//440 343//440
f 347//441 349//441 348//441
f 347//442 341//442 328//442
f 347//443 328//443 334//443
f 350//444 344//444 33//444
f 350//445 33//445 29//445
f 350//446 29//446 25//446
f 351//447 345//447 338//447
f 352//448 333//448 339//448
f 352//449 339//449 345//449
f 352//450 346//450 333//450
f 353//451 349//451 347//451
f 353//452 354//452 349//452
f 353//453 355//453 354//453
f 353//454 334//454 340//454
f 353//455 347//455 334//455
f 356//456 350//456 25//456
f 356//457 25//457 21//457
f 356//458 21//458 19//458
f 357//459 351//459 338//459
f 357//460 338//460 344//460
f 358//461 352//461 345//461
f 359//462 355//462 353//462
f 359//463 353//463 340//463
f 359//464 360//464 355//464
f 359//465 361//465 360//465
f 359//466 340//466 346//466
f 362//467 356//467 19//467
f 362//468 19//468 13//468
f 362//469 13//469 9//469
f 363//470 357//470 344//470
f 363//471 344//471 350//471
f 364//472 358//472 345//472
f 364//473 345//473 351//473
f 365//474 361//474 359//474
f 365//475 346//475 352//475
f 365//476 366//476 361//476
f 365//477 367//477 366//477
f 365//478 359//478 346//478
f 368//479 362//479 9//479
f 368//480 9//480 5//480
f 368//481 5//481 4//481
f 369//482 363//482 350//482
f 369//483 350//483 356//483
f 370//484 364//484 351//484
f 370//485 351//485 357//485
f 370//486 357//486 363//486
f 371//487 352//487 358//487
f 371//488 372//488 367//488
f 371//489 373//489 372//489
f 371//490 367//490 365//490
f 371//491 365//491 352//491
f 374//492 368//492 4//492
f 374//493 4//493 2//493
f 374//494 2//494 7//494
f 375//495 369//495 356//495
f 375//496 356//496 362//496
f 376//497 370//497 363//497
f 376//498 363//498 369//498
f 377//499 358//499 364//499
f 377//500 378//500 373//500
f 377//501 379//501 378//501
f 377//502 371//502 358//502
f 377//503 373//503 371//503
f 380//504 7//504 11//504
f 380//505 11//505 17//505
f 380//506 374//506 7//506
f 381//507 362//507 368//507
f 381//508 375//508 362//508
f 382//509 376//509 369//509
f 383//510 364//510 370//510
f 383//511 379//511 377//511
f 383//512 384//512 379//512
f 383//513 385//513 384//513
f 383//514 377//514 364//514
f 386//515 380//515 17//515
f 386//516 17//516 20//516
f 386//517 20//517 23//517
f 387//518 381//518 368//518
f 387//519 368//519 374//519
f 388//520 369//520 375//520
f 388//521 382//521 369//521
f 389//522 383//522 370//522
f 389//523 370//523 376//523
f 389//524 385//524 383//524
f 389//525 376//525 382//525
f 389//526 390//526 385//526
f 389//527 391//527 390//527
f 392//528 386//528 23//528
f 392//529 23//529 27//529
f 392//530 27//530 32//530
f 393//531 374//531 380//531
f 393//532 387//532 374//532
f 394//533 381//533 387//533
f 394//534 375//534 381//534
f 394//535 388//535 375//535
f 395//536 396//536 391//536
f 395//537 389//537 382//537
f 395//538 397//538 396//538
f 395//539 391//539 389//539
f 398//540 392//540 32//540
f 398//541 32//541 37//541
f 398//542 37//542 40//542
f 399//543 393//543 380//543
f 399//544 380//544 386//544
f 400//545 394//545 387//545
f 401//546 382//546 388//546
f 401//547 395//547 382//547
f 401//548 402//548 397//548
f 401//549 403//549 402//549
f 401//550 397//550 395//550
f 404//551 40//551 43//551
f 404//552 43//552 48//552
f 404//553 398//553 40//553
f 405//554 386//554 392//554
f 405//555 399//555 386//555
f 406//556 387//556 393//556
f 406//557 393//557 399//557
f 406//558 400//558 387//558
f 407//559 401//559 388//559
f 407//560 408//560 403//560
f 407//561 409//561 408//561
f 407//562 403//562 401//562
f 407//563 388//563 394//563
f 407//564 394//564 400//564
f 410//565 48//565 52//565
f 410//566 52//566 56//566
f 410//567 404//567 48//567
f 411//568 405//568 392//568
f 411//569 392//569 398//569
f 412//570 406//570 399//570
f 413//571 409//571 407//571
f 413//572 407//572 400//572
f 413//573 414//573 409//573
f 413//574 415//574 414//574
f 416//575 410//575 56//575
f 416//576 56//576 59//576
f 416//577 59//577 64//577
f 417//578 404//578 410//578
f 417//579 411//579 398//579
f 417//580 398//580 404//580
f 418//581 405//581 411//581
f 418//582 399//582 405//582
f 418//583 412//583 399//583
f 419//584 400//584 406//584
f 419//585 415//585 413//585
f 419//586 420//586 415//586
f 419//587 421//587 420//587
f 419//588 413//588 400//588
f 422//589 416//589 64//589
f 422//590 64//590 68//590
f 422//591 68//591 72//591
f 423//592 417//592 410//592
f 424//593 418//593 411//593
f 425//594 419//594 406//594
f 425//595 406//595 412//595
f 425//596 421//596 419//596
f 425//597 426//597 421//597
f 425//598 427//598 426//598
f 428//599 422//599 72//599
f 428//600 72//600 76//600
f 428//601 76//601 79//601
f 429//602 410//602 416//602
f 429//603 423//603 410//603
f 430//604 424//604 411//604
f 430//605 411//605 417//605
f 431//606 412//606 418//606
f 431//607 425//607 412//607
f 431//608 427//608 425//608
f 431//609 432//609 427//609
f 431//610 433//610 432//610
f 434//611 79//611 83//611
f 434//612 83//612 87//612
f 434//613 428//613 79//613
f 435//614 429//614 416//614
f 435//615 416//615 422//615
f 436//616 423//616 429//616
f 436//617 417//617 423//617
f 436//618 430//618 417//618
f 437//619 431//619 418//619
f 437//620 418//620 424//620
f 437//621 433//621 431//621
f 437//622 438//622 433//622
f 437//623 439//623 438//623
f 440//624 434//624 87//624
f 440//625 87//625 91//625
f 440//626 91//626 95//626
f 441//627 435//627 422//627
f 441//628 422//628 428//628
f 442//629 436//629 429//629
f 443//630 437//630 424//630
f 443//631 424//631 430//631
f 443//632 439//632 437//632
f 443//633 444//633 439//633
f 443//634 445//634 444//634
f 446//635 95//635 99//635
f 446//636 99//636 103//636
f 446//637 440//637 95//637
f 447//638 428//638 434//638
f 447//639 441//639 428//639
f 448//640 429//640 435//640
f 448//641 442//641 429//641
f 448//642 435//642 441//642
f 449//643 430//643 436//643
f 449//644 443//644 430//644
f 449//645 445//645 443//645
f 449//646 450//646 445//646
f 449//647 451//647 450//647
f 452//648 103//648 107//648
f 452//649 107//649 111//649
f 452//650 446//650 103//650
f 453//651 434//651 440//651
f 453//652 447//652 434//652
f 454//653 448//653 441//653
f 455//654 451//654 449//654
f 455//655 449//655 436//655
f 455//656 436//656 442//656
f 455//657 456//657 451//657
f 455//658 457//658 456//658
f 458//659 452//659 111//659
f 458//660 111//660 115//660
f 458//661 115//661 120//661
f 459//662 440//662 446//662
f 459//663 453//663 440//663
f 460//664 441//664 447//664
f 460//665 454//665 441//665
f 461//666 442//666 448//666
f 461//667 455//667 442//667
f 461//668 457//668 455//668
f 461//669 462//669 457//669
f 461//670 463//670 462//670
f 464//671 458//671 120//671
f 464//672 120//672 124//672
f 464//673 124//673 127//673
f 465//674 459//674 446//674
f 465//675 446//675 452//675
f 466//676 460//676 447//676
f 466//677 447//677 453//677
f 466//678 453//678 459//678
f 467//679 468//679 463//679
f 467//680 469//680 468//680
f 467//681 461//681 448//681
f 467//682 448//682 454//682
f 467//683 454//683 460//683
f 467//684 463//684 461//684
f 470//685 464//685 127//685
f 470//686 127//686 133//686
f 470//687 133//687 136//687
f 471//688 452//688 458//688
f 471//689 458//689 464//689
f 471//690 465//690 452//690
f 472//691 466//691 459//691
f 473//692 474//692 469//692
f 473//693 475//693 474//693
f 473//694 469//694 467//694
f 473//695 467//695 460//695
f 476//696 470//696 136//696
f 476//697 136//697 140//697
f 476//698 140//698 141//698
f 477//699 471//699 464//699
f 478//700 459//700 465//700
f 478//701 472//701 459//701
f 479//702 480//702 475//702
f 479//703 481//703 480//703
f 479//704 473//704 460//704
f 479//705 460//705 466//705
f 479//706 475//706 473//706
f 482//707 476//707 141//707
f 482//708 141//708 149//708
f 482//709 149//709 153//709
f 483//710 470//710 476//710
f 483//711 477//711 464//711
f 483//712 464//712 470//712
f 484//713 465//713 471//713
f 484//714 478//714 465//714
f 485//715 486//715 481//715
f 485//716 487//716 486//716
f 485//717 479//717 466//717
f 485//718 466//718 472//718
f 485//719 481//719 479//719
f 488//720 482//720 153//720
f 488//721 153//721 156//721
f 488//722 156//722 160//722
f 489//723 483//723 476//723
f 490//724 471//724 477//724
f 490//725 484//725 471//725
f 491//726 492//726 487//726
f 491//727 493//727 492//727
f 491//728 487//728 485//728
f 491//729 478//729 484//729
f 491//730 472//730 478//730
f 491//731 485//731 472//731
f 494//732 488//732 160//732
f 494//733 160//733 164//733
f 494//734 164//734 168//734
f 495//735 476//735 482//735
f 495//736 489//736 476//736
f 496//737 477//737 483//737
f 496//738 490//738 477//738
f 497//739 498//739 493//739
f 497//740 499//740 498//740
f 497//741 493//741 491//741
f 497//742 484//742 490//742
f 497//743 491//743 484//743
f 500//744 494//744 168//744
f 500//745 168//745 172//745
f 500//746 172//746 173//746
f 501//747 488//747 494//747
f 501//748 482//748 488//748
f 501//749 495//749 482//749
f 502//750 496//750 483//750
f 502//751 483//751 489//751
f 503//752 497//752 490//752
f 503//753 504//753 499//753
f 503//754 505//754 504//754
f 503//755 499//755 497//755
f 506//756 500//756 173//756
f 506//757 173//757 180//757
f 506//758 180//758 184//758
f 507//759 501//759 494//759
f 507//760 494//760 500//760
f 508//761 502//761 489//761
f 508//762 489//762 495//762
f 509//763 510//763 505//763
f 509//764 511//764 510//764
f 509//765 503//765 490//765
f 509//766 490//766 496//766
f 509//767 505//767 503//767
f 512//768 506//768 184//768
f 512//769 184//769 188//769
f 512//770 188//770 193//770
f 513//771 507//771 500//771
f 514//772 508//772 495//772
f 514//773 495//773 501//773
f 515//774 496//774 502//774
f 515//775 509//775 496//775
f 515//776 516//776 511//776
f 515//777 517//777 516//777
f 515//778 511//778 509//778
f 515//779 502//779 508//779
f 518//780 193//780 197//780
f 518//781 197//781 200//781
f 518//782 512//782 193//782
f 519//783 513//783 500//783
f 519//784 500//784 506//784
f 520//785 514//785 501//785
f 520//786 501//786 507//786
f 521//787 522//787 517//787
f 521//788 523//788 522//788
f 521//789 517//789 515//789
f 521//790 515//790 508//790
f 524//791 200//791 204//791
f 524//792 204//792 208//792
f 524//793 518//793 200//793
f 525//794 512//794 518//794
f 525//795 519//795 506//795
f 525//796 506//796 512//796
f 526//797 507//797 513//797
f 526//798 520//798 507//798
f 527//799 508//799 514//799
f 527//800 528//800 523//800
f 527//801 529//801 528//801
f 527//802 521//802 508//802
f 527//803 523//803 521//803
f 530//804 208//804 209//804
f 530//805 209//805 213//805
f 530//806 524//806 208//806
f 531//807 525//807 518//807
f 532//808 513//808 519//808
f 532//809 526//809 513//809
f 533//810 529//810 527//810
f 533//811 520//811 526//811
f 533//812 514//812 520//812
f 533//813 534//813 529//813
f 533//814 535//814 534//814
f 533//815 527//815 514//815
f 536//816 213//816 220//816
f 536//817 220//817 221//817
f 536//818 530//818 213//818
f 537//819 518//819 524//819
f 537//820 531//820 518//820
f 538//821 532//821 519//821
f 538//822 519//822 525//822
f 539//823 540//823 535//823
f 539//824 541//824 540//824
f 539//825 535//825 533//825
f 539//826 533//826 526//826
f 539//827 526//827 532//827
f 542//828 221//828 228//828
f 542//829 228//829 232//829
f 542//830 536//830 221//830
f 543//831 524//831 530//831
f 543//832 537//832 524//832
f 543//833 530//833 536//833
f 544//834 525//834 531//834
f 544//835 538//835 525//835
f 545//836 546//836 541//836
f 545//837 547//837 546//837
f 545//838 541//838 539//838
f 545//839 532//839 538//839
f 545//840 539//840 532//840
f 548//841 232//841 237//841
f 548//842 237//842 240//842
f 548//843 542//843 232//843
f 549//844 543//844 536//844
f 550//845 544//845 531//845
f 550//846 531//846 537//846
f 551//847 552//847 547//847
f 551//848 553//848 552//848
f 551//849 547//849 545//849
f 551//850 538//850 544//850
f 551//851 545//851 538//851
f 554//852 240//852 244//852
f 554//853 244//853 249//853
f 554//854 548//854 240//854
f 555//855 549//855 536//855
f 555//856 536//856 542//856
f 556//857 550//857 537//857
f 556//858 537//858 543//858
f 557//859 551//859 544//859
f 557//860 558//860 553//860
f 557//861 559//861 558//861
f 557//862 553//862 551//862
f 560//863 554//863 249//863
f 560//864 249//864 252//864
f 560//865 252//865 245//865
f 561//866 542//866 548//866
f 561//867 548//867 554//867
f 561//868 555//868 542//868
f 562//869 543//869 549//869
f 562//870 556//870 543//870
f 563//871 564//871 559//871
f 563//872 565//872 564//872
f 563//873 544//873 550//873
f 563//874 557//874 544//874
f 563//875 559//875 557//875
f 566//876 560//876 245//876
f 566//877 245//877 247//877
f 566//878 247//878 242//878
f 567//879 554//879 560//879
f 567//880 561//880 554//880
f 568//881 555//881 561//881
f 568//882 562//882 549//882
f 568//883 549//883 555//883
f 569//884 565//884 563//884
f 569//885 556//885 562//885
f 569//886 563//886 550//886
f 569//887 570//887 565//887
f 569//888 571//888 570//888
f 569//889 550//889 556//889
f 572//890 242//890 234//890
f 572//891 234//891 235//891
f 572//892 566//892 242//892
f 573//893 567//893 560//893
f 574//894 568//894 561//894
f 574//895 561//895 567//895
f 575//896 571//896 569//896
f 575//897 562//897 568//897
f 575//898 576//898 571//898
f 575//899 577//899 576//899
f 575//900 569//900 562//900
f 578//901 572//901 235//901
f 578//902 235//902 230//902
f 578//903 230//903 226//903
f 579//904 560//904 566//904
f 579//905 573//905 560//905
f 580//906 567//906 573//906
f 580//907 574//907 567//907
f 581//908 575//908 568//908
f 581//909 582//909 577//909
f 581//910 583//910 582//910
f 581//911 577//911 575//911
f 584//912 226//912 223//912
f 584//913 223//913 218//913
f 584//914 578//914 226//914
f 585//915 566//915 572//915
f 585//916 572//916 578//916
f 585//917 579//917 566//917
f 586//918 580//918 573//918
f 587//919 588//919 583//919
f 587//920 589//920 588//920
f 587//921 583//921 581//921
f 587//922 581//922 568//922
f 587//923 568//923 574//923
f 590//924 218//924 215//924
f 590//925 215//925 211//925
f 590//926 584//926 218//926
f 591//927 585//927 578//927
f 592//928 573//928 579//928
f 592//929 586//929 573//929
f 592//930 579//930 585//930
f 593//931 594//931 589//931
f 593//932 595//932 594//932
f 593//933 587//933 574//933
f 593//934 574//934 580//934
f 593//935 589//935 587//935
f 596//936 211//936 206//936
f 596//937 206//937 201//937
f 596//938 590//938 211//938
f 597//939 591//939 578//939
f 597//940 578//940 584//940
f 597//941 584//941 590//941
f 598//942 585//942 591//942
f 598//943 592//943 585//943
f 599//944 595//944 593//944
f 599//945 600//945 595//945
f 599//946 601//946 600//946
f 599//947 580//947 586//947
f 599//948 593//948 580//948
f 602//949 596//949 201//949
f 602//950 201//950 194//950
f 602//951 194//951 191//951
f 602//952 191//952 253//952
f 603//953 590//953 596//953
f 603//954 597//954 590//954
f 604//955 598//955 591//955
f 605//956 599//956 586//956
f 605//957 601//957 599//957
f 605//958 606//958 601//958
f 605//959 607//959 606//959
f 605//960 586//960 592//960
f 608//961 603//961 596//961
f 609//962 591//962 597//962
f 609//963 597//963 603//963
f 609//964 604//964 591//964
f 610//965 605//965 592//965
f 610//966 611//966 607//966
f 610//967 612//967 611//967
f 610//968 607//968 605//968
f 610//969 592//969 598//969
f 613//970 602//970 253//970
f 613//971 608//971 596//971
f 613//972 253//972 262//972
f 613//973 596//973 602//973
f 614//974 609//974 603//974
f 615//975 598//975 604//975
f 615//976 612//976 610//976
f 615//977 610//977 598//977
f 615//978 616//978 612//978
f 615//979 617//979 616//979
f 618//980 608//980 613//980
f 618//981 614//981 603//981
f 618//982 603//982 608//982
f 619//983 604//983 609//983
f 619//984 615//984 604//984
f 619//985 617//985 615//985
f 619//986 620//986 617//986
f 619//987 621//987 620//987
f 622//988 613//988 262//988
f 622//989 262//989 268//989
f 622//990 618//990 613//990
f 623//991 609//991 614//991
f 623//992 619//992 609//992
f 623//993 621//993 619//993
f 623//994 624//994 621//994
f 623//995 625//995 624//995
f 626//996 614//996 618//996
f 626//997 623//997 614//997
f 626//998 625//998 623//998
f 626//999 627//999 625//999
f 626//1000 628//1000 627//1000
f 629//1001 268//1001 256//1001
f 629//1002 622//1002 268//1002
f 629//1003 618//1003 622//1003
f 629//1004 626//1004 618//1004
f 629//1005 628//1005 626//1005
f 629//1006 630//1006 628//1006
f 629//1007 257//1007 630//1007
f 629//1008 256//1008 257//1008
f 631//1009 632//1009 190//1009
f 631//1010 190//1010 195//1010
f 633//1011 195//1011 198//1011
f 633//1012 631//1012 195//1012
f 634//1013 198//1013 202//1013
f 634//1014 633//1014 198//1014
f 635//1015 202//1015 205//1015
f 635//1016 634//1016 202//1016
f 636//1017 205//1017 210//1017
f 636//1018 635//1018 205//1018
f 637//1019 210//1019 214//1019
f 637//1020 636//1020 210//1020
f 638//1021 214//1021 217//1021
f 638//1022 637//1022 214//1022
f 639//1023 217//1023 222//1023
f 639//1024 638//1024 217//1024
f 640//1025 222//1025 225//1025
f 640//1026 639//1026 222//1026
f 641//1027 225//1027 229//1027
f 641//1028 640//1028 225//1028
f 642//1029 229//1029 233//1029
f 642//1030 641//1030 229//1030
f 643//1031 642//1031 233//1031
f 643//1032 233//1032 238//1032
f 644//1033 643//1033 238//1033
f 644//1034 238//1034 241//1034
f 645//1035 644//1035 241//1035
f 645//1036 241//1036 246//1036
f 646//1037 645//1037 246//1037
f 646//1038 246//1038 250//1038
f 647//1039 646//1039 250//1039
f 647//1040 250//1040 251//1040
f 648//1041 251//1041 248//1041
f 648//1042 647//1042 251//1042
f 649//1043 248//1043 243//1043
f 649//1044 648//1044 248//1044
f 650//1045 649//1045 243//1045
f 650//1046 243//1046 239//1046
f 651//1047 239//1047 236//1047
f 651//1048 650//1048 239//1048
f 652//1049 236//1049 231//1049
f 652//1050 651//1050 236//1050
f 653//1051 231//1051 227//1051
f 653//1052 652//1052 231//1052
f 654//1053 227//1053 224//1053
f 654//1054 653//1054 227//1054
f 655//1055 224//1055 219//1055
f 655//1056 654//1056 224//1056
f 656//1057 219//1057 216//1057
f 656//1058 655//1058 219//1058
f 657//1059 216//1059 212//1059
f 657//1060 656//1060 216//1060
f 658//1061 212//1061 207//1061
f 658//1062 657//1062 212//1062
f 659//1063 207//1063 203//1063
f 659//1064 658//1064 207//1064
f 660//1065 203//1065 199//1065
f 660//1066 659//1066 203//1066
f 661//1067 199//1067 196//1067
f 661//1068 660//1068 199//1068
f 662//1069 196//1069 192//1069
f 662//1070 661//1070 196//1070
f 663//1071 192//1071 187//1071
f 663//1072 662//1072 192//1072
f 664//1073 662//1073 663//1073
f 665//1074 187//1074 183//1074
f 665//1075 663//1075 187//1075
f 666//1076 183//1076 179//1076
f 666//1077 665//1077 183//1077
f 667//1078 179//1078 176//1078
f 667//1079 666//1079 179//1079
f 668//1080 667//1080 176//1080
f 668//1081 176//1081 171//1081
f 669//1082 171//1082 167//1082
f 669//1083 668//1083 171//1083
f 670//1084 669//1084 167//1084
f 670//1085 167//1085 163//1085
f 671//1086 670//1086 163//1086
f 671//1087 163//1087 159//1087
f 672//1088 159//1088 155//1088
f 672//1089 671//1089 159//1089
f 673//1090 155//1090 152//1090
f 673//1091 672//1091 155//1091
f 674//1092 152//1092 148//1092
f 674//1093 673//1093 152//1093
f 675//1094 148//1094 144//1094
f 675//1095 674//1095 148//1095
f 676//1096 144//1096 139//1096
f 676//1097 675//1097 144//1097
f 677//1098 139//1098 135//1098
f 677//1099 676//1099 139//1099
f 678//1100 677//1100 135//1100
f 678//1101 135//1101 132//1101
f 679//1102 678//1102 132//1102
f 679//1103 132//1103 128//1103
f 680//1104 679//1104 128//1104
f 680//1105 128//1105 123//1105
f 681//1106 680//1106 123//1106
f 681//1107 123//1107 119//1107
f 682//1108 681//1108 119//1108
f 682//1109 119//1109 116//1109
f 683//1110 682//1110 116//1110
f 683//1111 116//1111 112//1111
f 684//1112 683//1112 112//1112
f 684//1113 112//1113 108//1113
f 685//1114 684//1114 108//1114
f 685//1115 108//1115 104//1115
f 686//1116 685//1116 104//1116
f 686//1117 104//1117 100//1117
f 687//1118 686//1118 100//1118
f 687//1119 100//1119 96//1119
f 688//1120 687//1120 96//1120
f 688//1121 96//1121 92//1121
f 689//1122 92//1122 88//1122
f 689//1123 688//1123 92//1123
f 690//1124 88//1124 84//1124
f 690//1125 689//1125 88//1125
f 691//1126 84//1126 80//1126
f 691//1127 690//1127 84//1127
f 692//1128 80//1128 77//1128
f 692//1129 691//1129 80//1129
f 693//1130 77//1130 71//1130
f 693//1131 692//1131 77//1131
f 694//1132 693//1132 71//1132
f 694//1133 71//1133 67//1133
f 695//1134 694//1134 67//1134
f 695//1135 67//1135 63//1135
f 696//1136 695//1136 63//1136
f 696//1137 63//1137 60//1137
f 697//1138 696//1138 60//1138
f 697//1139 60//1139 53//1139
f 698//1140 697//1140 53//1140
f 698//1141 53//1141 51//1141
f 699//1142 698//1142 51//1142
f 699//1143 51//1143 47//1143
f 700//1144 699//1144 47//1144
f 700//1145 47//1145 44//1145
f 701//1146 700//1146 44//1146
f 701//1147 44//1147 39//1147
f 702//1148 701//1148 39//1148
f 702//1149 39//1149 36//1149
f 703//1150 702//1150 36//1150
f 703//1151 36//1151 31//1151
f 704//1152 703//1152 31//1152
f 704//1153 31//1153 28//1153
f 705//1154 704//1154 28//1154
f 705//1155 28//1155 24//1155
f 706//1156 705//1156 24//1156
f 706//1157 24//1157 18//1157
f 707//1158 706//1158 18//1158
f 707//1159 18//1159 16//1159
f 708//1160 707//1160 16//1160
f 708//1161 16//1161 12//1161
f 709//1162 708//1162 12//1162
f 709//1163 12//1163 8//1163
f 710//1164 8//1164 1//1164
f 710//1165 709//1165 8//1165
f 711//1166 1//1166 3//1166
f 711//1167 710//1167 1//1167
f 712//1168 3//1168 6//1168
f 712//1169 711//1169 3//1169
f 713//1170 6//1170 10//1170
f 713//1171 712//1171 6//1171
f 714//1172 10//1172 14//1172
f 714//1173 713//1173 10//1173
f 715//1174 14//1174 15//1174
f 715//1175 714//1175 14//1175
f 716//1176 15//1176 22//1176
f 716//1177 715//1177 15//1177
f 717//1178 22//1178 26//1178
f 717//1179 716//1179 22//1179
f 718//1180 717//1180 26//1180
f 718//1181 26//1181 30//1181
f 719//1182 718//1182 30//1182
f 719//1183 30//1183 34//1183
f 720//1184 719//1184 34//1184
f 720//1185 34//1185 35//1185
f 721//1186 720//1186 35//1186
f 721//1187 35//1187 42//1187
f 722//1188 721//1188 42//1188
f 722//1189 42//1189 46//1189
f 723//1190 722//1190 46//1190
f 723//1191 46//1191 50//1191
f 724//1192 723//1192 50//1192
f 724//1193 50//1193 55//1193
f 725//1194 724//1194 55//1194
f 725//1195 55//1195 58//1195
f 726//1196 725//1196 58//1196
f 726//1197 58//1197 62//1197
f 727//1198 726//1198 62//1198
f 727//1199 62//1199 66//1199
f 728//1200 727//1200 66//1200
f 728//1201 66//1201 70//1201
f 729//1202 728//1202 70//1202
f 729//1203 70//1203 73//1203
f 730//1204 729//1204 73//1204
f 730//1205 73//1205 75//1205
f 731//1206 75//1206 82//1206
f 731//1207 730//1207 75//1207
f 732//1208 82//1208 86//1208
f 732//1209 731//1209 82//1209
f 733//1210 86//1210 90//1210
f 733//1211 732//1211 86//1211
f 734//1212 90//1212 94//1212
f 734//1213 733//1213 90//1213
f 735//1214 94//1214 98//1214
f 735//1215 734//1215 94//1215
f 736//1216 98//1216 102//1216
f 736//1217 735//1217 98//1217
f 737//1218 102//1218 106//1218
f 737//1219 736//1219 102//1219
f 738//1220 106//1220 110//1220
f 738//1221 737//1221 106//1221
f 739//1222 110//1222 114//1222
f 739//1223 738//1223 110//1223
f 740//1224 114//1224 118//1224
f 740//1225 739//1225 114//1225
f 741//1226 118//1226 122//1226
f 741//1227 740//1227 118//1227
f 742//1228 122//1228 126//1228
f 742//1229 741//1229 122//1229
f 743//1230 126//1230 130//1230
f 743//1231 742//1231 126//1231
f 744//1232 743//1232 130//1232
f 744//1233 130//1233 134//1233
f 745//1234 744//1234 134//1234
f 745//1235 134//1235 137//1235
f 746//1236 745//1236 137//1236
f 746//1237 137//1237 142//1237
f 747//1238 746//1238 142//1238
f 747//1239 142//1239 146//1239
f 748//1240 747//1240 146//1240
f 748//1241 146//1241 150//1241
f 749//1242 748//1242 150//1242
f 749//1243 150//1243 154//1243
f 750//1244 749//1244 154//1244
f 750//1245 154//1245 157//1245
f 751//1246 157//1246 162//1246
f 751//1247 750//1247 157//1247
f 751//1248 752//1248 750//1248
f 753//1249 162//1249 166//1249
f 753//1250 751//1250 162//1250
f 754//1251 166//1251 170//1251
f 754//1252 753//1252 166//1252
f 755//1253 170//1253 175//1253
f 755//1254 754//1254 170//1254
f 756//1255 175//1255 177//1255
f 756//1256 755//1256 175//1256
f 757//1257 177//1257 182//1257
f 757//1258 756//1258 177//1258
f 758//1259 182//1259 186//1259
f 758//1260 757//1260 182//1260
f 759//1261 186//1261 190//1261
f 759//1262 758//1262 186//1262
f 632//1263 759//1263 190//1263
f 255//1264 254//1264 760//1264
f 760//1265 254//1265 761//1265
f 761//1266 276//1266 762//1266
f 254//1267 276//1267 761//1267
f 762//1268 277//1268 763//1268
f 276//1269 277//1269 762//1269
f 763//1270 282//1270 764//1270
f 277//1271 282//1271 763//1271
f 764//1272 283//1272 765//1272
f 282//1273 283//1273 764//1273
f 765//1274 288//1274 766//1274
f 283//1275 288//1275 765//1275
f 766//1276 289//1276 767//1276
f 288//1277 289//1277 766//1277
f 767//1278 294//1278 768//1278
f 289//1279 294//1279 767//1279
f 768//1280 295//1280 769//1280
f 294//1281 295//1281 768//1281
f 769//1282 300//1282 770//1282
f 295//1283 300//1283 769//1283
f 300//1284 301//1284 770//1284
f 770//1285 301//1285 771//1285
f 301//1286 306//1286 771//1286
f 771//1287 306//1287 772//1287
f 306//1288 307//1288 772//1288
f 772//1289 307//1289 773//1289
f 307//1290 312//1290 773//1290
f 773//1291 312//1291 774//1291
f 774//1292 313//1292 775//1292
f 312//1293 313//1293 774//1293
f 775//1294 318//1294 776//1294
f 313//1295 318//1295 775//1295
f 776//1296 319//1296 777//1296
f 318//1297 319//1297 776//1297
f 777//1298 324//1298 778//1298
f 319//1299 324//1299 777//1299
f 778//1300 325//1300 779//1300
f 324//1301 325//1301 778//1301
f 779//1302 330//1302 780//1302
f 325//1303 330//1303 779//1303
f 780//1304 331//1304 781//1304
f 330//1305 331//1305 780//1305
f 781//1306 336//1306 782//1306
f 331//1307 336//1307 781//1307
f 782//1308 337//1308 783//1308
f 336//1309 337//1309 782//1309
f 783//1310 342//1310 784//1310
f 337//1311 342//1311 783//1311
f 784//1312 343//1312 785//1312
f 342//1313 343//1313 784//1313
f 785//1314 348//1314 786//1314
f 343//1315 348//1315 785//1315
f 786//1316 349//1316 787//1316
f 348//1317 349//1317 786//1317
f 787//1318 354//1318 788//1318
f 349//1319 354//1319 787//1319
f 788//1320 355//1320 789//1320
f 354//1321 355//1321 788//1321
f 789//1322 360//1322 790//1322
f 790//1323 360//1323 791//1323
f 355//1324 360//1324 789//1324
f 360//1325 361//1325 791//1325
f 791//1326 366//1326 792//1326
f 792//1327 366//1327 793//1327
f 361//1328 366//1328 791//1328
f 793//1329 367//1329 794//1329
f 366//1330 367//1330 793//1330
f 367//1331 372//1331 794//1331
f 794//1332 373//1332 795//1332
f 795//1333 373//1333 796//1333
f 372//1334 373//1334 794//1334
f 796//1335 378//1335 797//1335
f 373//1336 378//1336 796//1336
f 378//1337 379//1337 797//1337
f 379//1338 384//1338 797//1338
f 797//1339 384//1339 798//1339
f 384//1340 385//1340 798//1340
f 798//1341 385//1341 799//1341
f 799//1342 385//1342 800//1342
f 385//1343 390//1343 800//1343
f 390//1344 391//1344 800//1344
f 800//1345 391//1345 801//1345
f 391//1346 396//1346 801//1346
f 801//1347 396//1347 802//1347
f 396//1348 397//1348 802//1348
f 802//1349 397//1349 803//1349
f 803//1350 397//1350 804//1350
f 397//1351 402//1351 804//1351
f 402//1352 403//1352 804//1352
f 804//1353 403//1353 805//1353
f 403//1354 408//1354 805//1354
f 805//1355 408//1355 806//1355
f 806//1356 408//1356 807//1356
f 408//1357 409//1357 807//1357
f 807//1358 414//1358 808//1358
f 409//1359 414//1359 807//1359
f 808//1360 415//1360 809//1360
f 414//1361 415//1361 808//1361
f 809//1362 420//1362 810//1362
f 810//1363 420//1363 811//1363
f 415//1364 420//1364 809//1364
f 420//1365 421//1365 811//1365
f 811//1366 426//1366 812//1366
f 421//1367 426//1367 811//1367
f 812//1368 427//1368 813//1368
f 426//1369 427//1369 812//1369
f 813//1370 432//1370 814//1370
f 427//1371 432//1371 813//1371
f 814//1372 433//1372 815//1372
f 432//1373 433//1373 814//1373
f 815//1374 438//1374 816//1374
f 433//1375 438//1375 815//1375
f 816//1376 439//1376 817//1376
f 438//1377 439//1377 816//1377
f 817//1378 444//1378 818//1378
f 439//1379 444//1379 817//1379
f 818//1380 445//1380 819//1380
f 444//1381 445//1381 818//1381
f 819//1382 450//1382 820//1382
f 445//1383 450//1383 819//1383
f 820//1384 451//1384 821//1384
f 821//1385 451//1385 822//1385
f 450//1386 451//1386 820//1386
f 451//1387 456//1387 822//1387
f 456//1388 457//1388 822//1388
f 822//1389 457//1389 823//1389
f 457//1390 462//1390 823//1390
f 823//1391 462//1391 824//1391
f 462//1392 463//1392 824//1392
f 824//1393 463//1393 825//1393
f 825//1394 463//1394 826//1394
f 463//1395 468//1395 826//1395
f 468//1396 469//1396 826//1396
f 826//1397 469//1397 827//1397
f 469//1398 474//1398 827//1398
f 827//1399 474//1399 828//1399
f 828//1400 474//1400 829//1400
f 474//1401 475//1401 829//1401
f 475//1402 480//1402 829//1402
f 829//1403 480//1403 830//1403
f 830//1404 480//1404 831//1404
f 480//1405 481//1405 831//1405
f 481//1406 486//1406 831//1406
f 831//1407 486//1407 832//1407
f 832//1408 486//1408 833//1408
f 486//1409 487//1409 833//1409
f 487//1410 492//1410 833//1410
f 833//1411 492//1411 834//1411
f 492//1412 493//1412 834//1412
f 834//1413 493//1413 835//1413
f 835//1414 493//1414 836//1414
f 493//1415 498//1415 836//1415
f 498//1416 499//1416 836//1416
f 836//1417 499//1417 837//1417
f 837//1418 499//1418 838//1418
f 499//1419 504//1419 838//1419
f 504//1420 505//1420 838//1420
f 838//1421 505//1421 839//1421
f 839//1422 505//1422 840//1422
f 505//1423 510//1423 840//1423
f 510//1424 511//1424 840//1424
f 840//1425 511//1425 841//1425
f 511//1426 516//1426 841//1426
f 841//1427 516//1427 842//1427
f 842//1428 517//1428 843//1428
f 516//1429 517//1429 842//1429
f 843//1430 522//1430 844//1430
f 517//1431 522//1431 843//1431
f 844//1432 523//1432 845//1432
f 522//1433 523//1433 844//1433
f 845//1434 528//1434 846//1434
f 523//1435 528//1435 845//1435
f 846//1436 529//1436 847//1436
f 528//1437 529//1437 846//1437
f 529//1438 534//1438 847//1438
f 847//1439 534//1439 848//1439
f 534//1440 535//1440 848//1440
f 848//1441 535//1441 849//1441
f 535//1442 540//1442 849//1442
f 849//1443 540//1443 850//1443
f 540//1444 541//1444 850//1444
f 850//1445 541//1445 851//1445
f 541//1446 546//1446 851//1446
f 851//1447 546//1447 852//1447
f 546//1448 547//1448 852//1448
f 852//1449 547//1449 853//1449
f 547//1450 552//1450 853//1450
f 853//1451 552//1451 854//1451
f 552//1452 553//1452 854//1452
f 854//1453 553//1453 855//1453
f 553//1454 558//1454 855//1454
f 855//1455 558//1455 856//1455
f 558//1456 559//1456 856//1456
f 856//1457 559//1457 857//1457
f 559//1458 564//1458 857//1458
f 857//1459 564//1459 858//1459
f 564//1460 565//1460 858//1460
f 858//1461 565//1461 859//1461
f 859//1462 570//1462 860//1462
f 565//1463 570//1463 859//1463
f 860//1464 571//1464 861//1464
f 570//1465 571//1465 860//1465
f 861//1466 576//1466 862//1466
f 571//1467 576//1467 861//1467
f 862//1468 577//1468 863//1468
f 576//1469 577//1469 862//1469
f 863//1470 582//1470 864//1470
f 577//1471 582//1471 863//1471
f 864//1472 583//1472 865//1472
f 582//1473 583//1473 864//1473
f 865//1474 588//1474 866//1474
f 583//1475 588//1475 865//1475
f 866//1476 589//1476 867//1476
f 588//1477 589//1477 866//1477
f 867//1478 594//1478 868//1478
f 589//1479 594//1479 867//1479
f 868//1480 595//1480 869//1480
f 594//1481 595//1481 868//1481
f 869//1482 600//1482 870//1482
f 595//1483 600//1483 869//1483
f 870//1484 601//1484 871//1484
f 600//1485 601//1485 870//1485
f 871//1486 606//1486 872//1486
f 601//1487 606//1487 871//1487
f 606//1488 607//1488 872//1488
f 872//1489 607//1489 873//1489
f 607//1490 611//1490 873//1490
f 873//1491 611//1491 874//1491
f 611//1492 612//1492 874//1492
f 874//1493 612//1493 875//1493
f 875//1494 612//1494 876//1494
f 612//1495 616//1495 876//1495
f 876//1496 616//1496 877//1496
f 616//1497 617//1497 877//1497
f 877//1498 620//1498 878//1498
f 878//1499 620//1499 879//1499
f 617//1500 620//1500 877//1500
f 879//1501 621//1501 880//1501
f 620//1502 621//1502 879//1502
f 621//1503 624//1503 880//1503
f 880//1504 625//1504 881//1504
f 624//1505 625//1505 880//1505
f 881//1506 627//1506 882//1506
f 882//1507 627//1507 883//1507
f 625//1508 627//1508 881//1508
f 627//1509 628//1509 883//1509
f 883//1510 630//1510 884//1510
f 628//1511 630//1511 883//1511
f 884//1512 257//1512 885//1512
f 630//1513 257//1513 884//1513
f 885//1514 255//1514 760//1514
f 257//1515 255//1515 885//1515
f 886//1516 887//1516 888//1516
f 886//1517 889//1517 887//1517
f 890//1518 889//1518 886//1518
f 887//1519 891//1519 888//1519
f 888//1520 891//1520 892//1520
f 890//1521 893//1521 889//1521
f 894//1522 893//1522 890//1522
f 892//1523 895//1523 896//1523
f 891//1524 895//1524 892//1524
f 894//1525 897//1525 893//1525
f 898//1526 897//1526 894//1526
f 895//1527 899//1527 896//1527
f 896//1528 899//1528 900//1528
f 898//1529 901//1529 897//1529
f 902//1530 901//1530 898//1530
f 899//1531 903//1531 900//1531
f 900//1532 903//1532 904//1532
f 902//1533 905//1533 901//1533
f 906//1534 905//1534 902//1534
f 903//1535 907//1535 904//1535
f 904//1536 907//1536 908//1536
f 906//1537 909//1537 905//1537
f 910//1538 909//1538 906//1538
f 908//1539 911//1539 912//1539
f 907//1540 911//1540 908//1540
f 910//1541 913//1541 909//1541
f 914//1542 913//1542 910//1542
f 911//1543 915//1543 912//1543
f 912//1544 915//1544 916//1544
f 917//1545 918//1545 914//1545
f 914//1546 918//1546 913//1546
f 915//1547 919//1547 916//1547
f 916//1548 919//1548 920//1548
f 921//1549 922//1549 917//1549
f 917//1550 922//1550 918//1550
f 919//1551 923//1551 920//1551
f 920//1552 923//1552 924//1552
f 925//1553 926//1553 921//1553
f 921//1554 926//1554 922//1554
f 923//1555 927//1555 924//1555
f 924//1556 927//1556 928//1556
f 929//1557 930//1557 925//1557
f 925//1558 930//1558 926//1558
f 927//1559 931//1559 928//1559
f 928//1560 931//1560 932//1560
f 933//1561 934//1561 929//1561
f 929//1562 934//1562 930//1562
f 931//1563 935//1563 932//1563
f 932//1564 935//1564 936//1564
f 933//1565 937//1565 934//1565
f 938//1566 937//1566 933//1566
f 935//1567 939//1567 936//1567
f 936//1568 939//1568 940//1568
f 938//1569 941//1569 937//1569
f 942//1570 941//1570 938//1570
f 939//1571 943//1571 940//1571
f 940//1572 943//1572 944//1572
f 942//1573 945//1573 941//1573
f 946//1574 945//1574 942//1574
f 943//1575 947//1575 944//1575
f 944//1576 947//1576 948//1576
f 946//1577 949//1577 945//1577
f 950//1578 949//1578 946//1578
f 947//1579 951//1579 948//1579
f 950//1580 952//1580 949//1580
f 951//1581 953//1581 948//1581
f 950//1582 954//1582 952//1582
f 953//1583 955//1583 948//1583
f 950//1584 956//1584 954//1584
f 955//1585 957//1585 948//1585
f 950//1586 958//1586 956//1586
f 957//1587 959//1587 948//1587
f 950//1588 960//1588 958//1588
f 959//1589 961//1589 948//1589
f 950//1590 962//1590 960//1590
f 961//1591 963//1591 948//1591
f 950//1592 964//1592 962//1592
f 963//1593 965//1593 948//1593
f 950//1594 966//1594 964//1594
f 965//1595 967//1595 948//1595
f 950//1596 968//1596 966//1596
f 967//1597 969//1597 948//1597
f 950//1598 970//1598 968//1598
f 950//1599 971//1599 970//1599
f 950//1600 972//1600 971//1600
f 950//1601 973//1601 972//1601
f 969//1602 974//1602 948//1602
f 975//1603 974//1603 969//1603
f 976//1604 974//1604 975//1604
f 977//1605 974//1605 976//1605
f 978//1606 974//1606 977//1606
f 979//1607 974//1607 978//1607
f 980//1608 974//1608 979//1608
f 980//1609 981//1609 974//1609
f 981//1610 982//1610 974//1610
f 982//1611 983//1611 974//1611
f 983//1612 984//1612 974//1612
f 984//1613 985//1613 974//1613
f 985//1614 986//1614 974//1614
f 986//1615 987//1615 974//1615
f 988//1616 989//1616 990//1616
f 991//1617 992//1617 988//1617
f 988//1618 992//1618 989//1618
f 990//1619 993//1619 994//1619
f 989//1620 993//1620 990//1620
f 995//1621 996//1621 991//1621
f 991//1622 996//1622 992//1622
f 993//1623 997//1623 994//1623
f 994//1624 997//1624 998//1624
f 997//1625 999//1625 998//1625
f 1000//1626 1001//1626 995//1626
f 995//1627 1001//1627 996//1627
f 998//1628 1002//1628 1003//1628
f 999//1629 1002//1629 998//1629
f 1004//1630 1005//1630 1000//1630
f 1000//1631 1005//1631 1001//1631
f 1003//1632 1006//1632 1007//1632
f 1002//1633 1006//1633 1003//1633
f 1004//1634 1008//1634 1005//1634
f 1007//1635 1009//1635 1010//1635
f 1006//1636 1009//1636 1007//1636
f 1011//1637 1012//1637 1004//1637
f 1004//1638 1012//1638 1008//1638
f 1009//1639 1013//1639 1010//1639
f 1010//1640 1013//1640 1014//1640
f 1015//1641 1016//1641 1011//1641
f 1011//1642 1016//1642 1012//1642
f 1013//1643 1017//1643 1014//1643
f 1014//1644 1017//1644 1018//1644
f 973//1645 1019//1645 1015//1645
f 1015//1646 1019//1646 1016//1646
f 1017//1647 1020//1647 1018//1647
f 1018//1648 1020//1648 1021//1648
f 950//1649 1022//1649 973//1649
f 973//1650 1022//1650 1019//1650
f 1020//1651 1023//1651 1021//1651
f 950//1652 1024//1652 1022//1652
f 1023//1653 1025//1653 1021//1653
f 1021//1654 1025//1654 1026//1654
f 950//1655 1027//1655 1024//1655
f 1028//1656 1029//1656 1030//1656
f 1030//1657 1029//1657 1031//1657
f 1031//1658 1029//1658 1032//1658
f 1032//1659 1029//1659 1033//1659
f 1033//1660 1029//1660 1034//1660
f 1034//1661 1029//1661 1035//1661
f 1035//1662 1029//1662 1036//1662
f 1036//1663 1029//1663 1037//1663
f 987//1664 1029//1664 974//1664
f 1037//1665 1029//1665 1038//1665
f 1038//1666 1029//1666 1039//1666
f 1039//1667 1029//1667 1040//1667
f 1040//1668 1029//1668 1041//1668
f 1041//1669 1029//1669 1042//1669
f 1042//1670 1029//1670 1043//1670
f 1043//1671 1029//1671 1044//1671
f 1045//1672 1029//1672 1046//1672
f 1047//1673 1029//1673 1045//1673
f 1048//1674 1029//1674 1047//1674
f 1049//1675 1029//1675 1048//1675
f 1050//1676 1029//1676 1049//1676
f 1051//1677 1029//1677 1050//1677
f 1052//1678 1029//1678 1051//1678
f 1053//1679 1029//1679 1052//1679
f 1054//1680 1029//1680 1053//1680
f 1055//1681 1029//1681 987//1681
f 1056//1682 1029//1682 1055//1682
f 1057//1683 1029//1683 1056//1683
f 1058//1684 1029//1684 1057//1684
f 1059//1685 1029//1685 1058//1685
f 1060//1686 1029//1686 1059//1686
f 1061//1687 1029//1687 1060//1687
f 1062//1688 1029//1688 1061//1688
f 1046//1689 1029//1689 1062//1689
f 974//1690 1029//1690 1028//1690
f 1025//1691 1063//1691 1026//1691
f 1026//1692 1063//1692 1064//1692
f 950//1693 1065//1693 1027//1693
f 1063//1694 1066//1694 1064//1694
f 1064//1695 1066//1695 1067//1695
f 950//1696 1068//1696 1065//1696
f 1066//1697 1069//1697 1067//1697
f 1067//1698 1069//1698 1070//1698
f 950//1699 1071//1699 1068//1699
f 1029//1700 1072//1700 1044//1700
f 1069//1701 1073//1701 1070//1701
f 1070//1702 1073//1702 1074//1702
f 950//1703 1075//1703 1071//1703
f 950//1704 1076//1704 1075//1704
f 1077//1705 1078//1705 1079//1705
f 1080//1706 1078//1706 1077//1706
f 1081//1707 1078//1707 1080//1707
f 1082//1708 1078//1708 1081//1708
f 1083//1709 1078//1709 1082//1709
f 1084//1710 1078//1710 1083//1710
f 1085//1711 1078//1711 1084//1711
f 1074//1712 1078//1712 1085//1712
f 1073//1713 1078//1713 1074//1713
f 1029//1714 1086//1714 1072//1714
f 1029//1715 1087//1715 1086//1715
f 1029//1716 1088//1716 1087//1716
f 1029//1717 1089//1717 1088//1717
f 1029//1718 1090//1718 1089//1718
f 1029//1719 1091//1719 1090//1719
f 950//1720 1092//1720 1076//1720
f 950//1721 1093//1721 1092//1721
f 950//1722 1094//1722 1093//1722
f 1029//1723 1095//1723 1091//1723
f 1054//1724 1096//1724 1029//1724
f 1097//1725 1096//1725 1054//1725
f 1098//1726 1096//1726 1097//1726
f 1078//1727 1096//1727 1079//1727
f 1099//1728 1096//1728 1098//1728
f 1100//1729 1096//1729 1099//1729
f 1101//1730 1096//1730 1100//1730
f 1102//1731 1096//1731 1101//1731
f 1103//1732 1096//1732 1102//1732
f 1104//1733 1096//1733 1103//1733
f 1105//1734 1096//1734 1104//1734
f 1106//1735 1096//1735 1105//1735
f 1107//1736 1096//1736 1106//1736
f 1079//1737 1096//1737 1107//1737
f 1108//1738 1109//1738 1110//1738
f 1110//1739 1109//1739 1111//1739
f 1112//1740 1109//1740 1113//1740
f 1113//1741 1109//1741 1114//1741
f 1114//1742 1109//1742 1115//1742
f 1115//1743 1109//1743 1116//1743
f 1116//1744 1109//1744 1117//1744
f 1117//1745 1109//1745 1108//1745
f 1111//1746 1118//1746 1119//1746
f 1109//1747 1118//1747 1111//1747
f 1118//1748 1120//1748 1119//1748
f 1119//1749 1121//1749 1122//1749
f 1120//1750 1121//1750 1119//1750
f 1122//1751 1123//1751 1124//1751
f 1121//1752 1123//1752 1122//1752
f 1123//1753 1125//1753 1124//1753
f 1124//1754 1126//1754 1127//1754
f 1125//1755 1126//1755 1124//1755
f 1126//1756 1128//1756 1127//1756
f 1127//1757 1129//1757 1130//1757
f 1128//1758 1129//1758 1127//1758
f 1129//1759 1131//1759 1130//1759
f 1130//1760 1132//1760 1133//1760
f 1131//1761 1132//1761 1130//1761
f 1133//1762 1134//1762 1135//1762
f 1132//1763 1134//1763 1133//1763
f 1134//1764 1136//1764 1135//1764
f 1135//1765 1137//1765 1138//1765
f 1136//1766 1137//1766 1135//1766
f 1138//1767 1139//1767 1140//1767
f 1137//1768 1139//1768 1138//1768
f 1139//1769 1141//1769 1140//1769
f 1140//1770 1142//1770 1143//1770
f 1141//1771 1142//1771 1140//1771
f 1143//1772 1144//1772 1145//1772
f 1142//1773 1144//1773 1143//1773
f 1144//1774 1146//1774 1145//1774
f 1145//1775 1147//1775 1148//1775
f 1146//1776 1147//1776 1145//1776
f 1148//1777 1149//1777 1150//1777
f 1147//1778 1149//1778 1148//1778
f 1149//1779 1151//1779 1150//1779
f 1150//1780 1152//1780 1153//1780
f 1151//1781 1152//1781 1150//1781
f 1153//1782 1154//1782 1155//1782
f 1155//1783 1154//1783 1156//1783
f 1152//1784 1154//1784 1153//1784
f 1157//1785 1158//1785 1159//1785
f 1160//1786 1161//1786 1162//1786
f 1159//1787 1161//1787 1160//1787
f 1158//1788 1161//1788 1159//1788
f 1163//1789 1164//1789 1157//1789
f 1165//1790 1164//1790 1163//1790
f 1157//1791 1164//1791 1158//1791
f 1162//1792 1166//1792 1167//1792
f 1161//1793 1166//1793 1162//1793
f 1168//1794 1169//1794 1165//1794
f 1165//1795 1169//1795 1164//1795
f 1166//1796 1170//1796 1167//1796
f 1171//1797 1170//1797 1172//1797
f 1167//1798 1170//1798 1171//1798
f 1168//1799 1173//1799 1169//1799
f 1174//1800 1173//1800 1168//1800
f 1170//1801 1175//1801 1172//1801
f 1172//1802 1175//1802 1176//1802
f 1174//1803 1177//1803 1173//1803
f 1178//1804 1177//1804 1174//1804
f 1179//1805 1177//1805 1178//1805
f 1175//1806 1180//1806 1176//1806
f 1181//1807 1180//1807 1182//1807
f 1176//1808 1180//1808 1181//1808
f 1179//1809 1183//1809 1177//1809
f 1184//1810 1183//1810 1179//1810
f 1180//1811 1185//1811 1182//1811
f 1182//1812 1185//1812 1186//1812
f 1184//1813 1187//1813 1183//1813
f 1188//1814 1187//1814 1184//1814
f 1185//1815 1189//1815 1186//1815
f 1190//1816 1189//1816 1191//1816
f 1186//1817 1189//1817 1190//1817
f 1188//1818 1192//1818 1187//1818
f 1193//1819 1192//1819 1188//1819
f 1194//1820 1192//1820 1193//1820
f 1189//1821 1195//1821 1191//1821
f 1191//1822 1195//1822 1196//1822
f 1194//1823 1197//1823 1192//1823
f 1198//1824 1197//1824 1194//1824
f 1195//1825 1199//1825 1196//1825
f 1198//1826 1200//1826 1197//1826
f 1201//1827 1200//1827 1198//1827
f 1199//1828 1202//1828 1196//1828
f 1201//1829 1203//1829 1200//1829
f 1204//1830 1203//1830 1201//1830
f 1202//1831 1205//1831 1196//1831
f 1204//1832 1206//1832 1203//1832
f 1207//1833 1206//1833 1204//1833
f 1205//1834 1208//1834 1196//1834
f 1207//1835 1209//1835 1206//1835
f 1210//1836 1209//1836 1207//1836
f 1208//1837 1211//1837 1196//1837
f 1210//1838 1212//1838 1209//1838
f 1213//1839 1212//1839 1210//1839
f 1211//1840 1214//1840 1196//1840
f 950//1841 1215//1841 1094//1841
f 1213//1842 1215//1842 1212//1842
f 1094//1843 1215//1843 1213//1843
f 1214//1844 1216//1844 1196//1844
f 950//1845 1217//1845 1215//1845
f 1216//1846 1218//1846 1196//1846
f 1218//1847 1219//1847 1196//1847
f 1220//1848 712//1848 1221//1848
f 1222//1849 711//1849 1220//1849
f 1220//1850 711//1850 712//1850
f 712//1851 713//1851 1221//1851
f 1221//1852 713//1852 1223//1852
f 1222//1853 710//1853 711//1853
f 1224//1854 710//1854 1222//1854
f 713//1855 714//1855 1223//1855
f 1223//1856 714//1856 1225//1856
f 1224//1857 709//1857 710//1857
f 1226//1858 709//1858 1224//1858
f 714//1859 715//1859 1225//1859
f 1225//1860 715//1860 1227//1860
f 1226//1861 708//1861 709//1861
f 1228//1862 708//1862 1226//1862
f 715//1863 716//1863 1227//1863
f 1227//1864 716//1864 1229//1864
f 1228//1865 707//1865 708//1865
f 1230//1866 707//1866 1228//1866
f 716//1867 717//1867 1229//1867
f 1229//1868 717//1868 1231//1868
f 1230//1869 706//1869 707//1869
f 1232//1870 706//1870 1230//1870
f 717//1871 718//1871 1231//1871
f 1231//1872 718//1872 1233//1872
f 1232//1873 705//1873 706//1873
f 1234//1874 705//1874 1232//1874
f 718//1875 719//1875 1233//1875
f 1233//1876 719//1876 1235//1876
f 1234//1877 704//1877 705//1877
f 1236//1878 704//1878 1234//1878
f 719//1879 720//1879 1235//1879
f 1235//1880 720//1880 1237//1880
f 1236//1881 703//1881 704//1881
f 1238//1882 703//1882 1236//1882
f 1237//1883 721//1883 1239//1883
f 720//1884 721//1884 1237//1884
f 1238//1885 702//1885 703//1885
f 1240//1886 702//1886 1238//1886
f 1239//1887 722//1887 1241//1887
f 721//1888 722//1888 1239//1888
f 1240//1889 701//1889 702//1889
f 1242//1890 701//1890 1240//1890
f 722//1891 723//1891 1241//1891
f 1241//1892 723//1892 1243//1892
f 1242//1893 700//1893 701//1893
f 1244//1894 700//1894 1242//1894
f 1243//1895 724//1895 1245//1895
f 723//1896 724//1896 1243//1896
f 1244//1897 699//1897 700//1897
f 1246//1898 699//1898 1244//1898
f 724//1899 725//1899 1245//1899
f 1245//1900 725//1900 1247//1900
f 1246//1901 698//1901 699//1901
f 1248//1902 698//1902 1246//1902
f 1247//1903 726//1903 1249//1903
f 725//1904 726//1904 1247//1904
f 1248//1905 697//1905 698//1905
f 1250//1906 697//1906 1248//1906
f 726//1907 727//1907 1249//1907
f 1249//1908 727//1908 1251//1908
f 1250//1909 696//1909 697//1909
f 1252//1910 696//1910 1250//1910
f 727//1911 728//1911 1251//1911
f 1253//1912 695//1912 1252//1912
f 1252//1913 695//1913 696//1913
f 728//1914 729//1914 1251//1914
f 1254//1915 694//1915 1253//1915
f 1253//1916 694//1916 695//1916
f 729//1917 730//1917 1251//1917
f 1254//1918 693//1918 694//1918
f 1255//1919 693//1919 1254//1919
f 1251//1920 731//1920 1154//1920
f 730//1921 731//1921 1251//1921
f 1256//1922 692//1922 1255//1922
f 1255//1923 692//1923 693//1923
f 731//1924 732//1924 1154//1924
f 1257//1925 691//1925 1256//1925
f 1256//1926 691//1926 692//1926
f 732//1927 733//1927 1154//1927
f 1258//1928 690//1928 1257//1928
f 1257//1929 690//1929 691//1929
f 733//1930 734//1930 1154//1930
f 1259//1931 689//1931 1258//1931
f 1258//1932 689//1932 690//1932
f 734//1933 735//1933 1154//1933
f 1154//1934 735//1934 1156//1934
f 1260//1935 688//1935 1259//1935
f 1259//1936 688//1936 689//1936
f 1156//1937 736//1937 1261//1937
f 735//1938 736//1938 1156//1938
f 1219//1939 687//1939 1260//1939
f 1260//1940 687//1940 688//1940
f 1261//1941 737//1941 1262//1941
f 736//1942 737//1942 1261//1942
f 1219//1943 686//1943 687//1943
f 737//1944 738//1944 1262//1944
f 1219//1945 685//1945 686//1945
f 1262//1946 739//1946 1263//1946
f 738//1947 739//1947 1262//1947
f 1219//1948 684//1948 685//1948
f 1263//1949 740//1949 1095//1949
f 739//1950 740//1950 1263//1950
f 1218//1951 683//1951 1219//1951
f 1219//1952 683//1952 684//1952
f 740//1953 741//1953 1095//1953
f 1218//1954 682//1954 683//1954
f 741//1955 742//1955 1095//1955
f 1218//1956 681//1956 682//1956
f 742//1957 743//1957 1095//1957
f 1218//1958 680//1958 681//1958
f 743//1959 744//1959 1095//1959
f 1218//1960 679//1960 680//1960
f 1095//1961 745//1961 1091//1961
f 744//1962 745//1962 1095//1962
f 1218//1963 678//1963 679//1963
f 745//1964 746//1964 1091//1964
f 1218//1965 677//1965 678//1965
f 1218//1966 676//1966 677//1966
f 1218//1967 675//1967 676//1967
f 1218//1968 674//1968 675//1968
f 1218//1969 673//1969 674//1969
f 1264//1970 1265//1970 1266//1970
f 1267//1971 1265//1971 1268//1971
f 1269//1972 1265//1972 1267//1972
f 1270//1973 1265//1973 1269//1973
f 1271//1974 1265//1974 1270//1974
f 1272//1975 1265//1975 1271//1975
f 1273//1976 1265//1976 1272//1976
f 1274//1977 1265//1977 1273//1977
f 1275//1978 1265//1978 1274//1978
f 1266//1979 1265//1979 1275//1979
f 1276//1980 1277//1980 1278//1980
f 1279//1981 1277//1981 1276//1981
f 1278//1982 1280//1982 1276//1982
f 1276//1983 1280//1983 1281//1983
f 1268//1984 1282//1984 1279//1984
f 1279//1985 1282//1985 1277//1985
f 1265//1986 1282//1986 1268//1986
f 1281//1987 1283//1987 1284//1987
f 1280//1988 1283//1988 1281//1988
f 1265//1989 1285//1989 1282//1989
f 1284//1990 1286//1990 1287//1990
f 1283//1991 1286//1991 1284//1991
f 1265//1992 1288//1992 1285//1992
f 1287//1993 1289//1993 1290//1993
f 1286//1994 1289//1994 1287//1994
f 1265//1995 1291//1995 1288//1995
f 1289//1996 1292//1996 1290//1996
f 1265//1997 1293//1997 1291//1997
f 1292//1998 1294//1998 1290//1998
f 1290//1999 1294//1999 1295//1999
f 1265//2000 1296//2000 1293//2000
f 1294//2001 1297//2001 1295//2001
f 1295//2002 1297//2002 1298//2002
f 1265//2003 1299//2003 1296//2003
f 1297//2004 1300//2004 1298//2004
f 1298//2005 1300//2005 1301//2005
f 1265//2006 1302//2006 1299//2006
f 1300//2007 1303//2007 1301//2007
f 1301//2008 1303//2008 1304//2008
f 1265//2009 1305//2009 1302//2009
f 1303//2010 1306//2010 1304//2010
f 1265//2011 1307//2011 1305//2011
f 1306//2012 1308//2012 1304//2012
f 1304//2013 1308//2013 1309//2013
f 1265//2014 1310//2014 1307//2014
f 1308//2015 1311//2015 1309//2015
f 1309//2016 1311//2016 1312//2016
f 1265//2017 1313//2017 1310//2017
f 1311//2018 1314//2018 1312//2018
f 1312//2019 1314//2019 1315//2019
f 1265//2020 1316//2020 1313//2020
f 1314//2021 1317//2021 1315//2021
f 1265//2022 1318//2022 1316//2022
f 1317//2023 1319//2023 1315//2023
f 1315//2024 1319//2024 1320//2024
f 1265//2025 1321//2025 1318//2025
f 1322//2026 1321//2026 1265//2026
f 1320//2027 1323//2027 1324//2027
f 1319//2028 1323//2028 1320//2028
f 1322//2029 1325//2029 1321//2029
f 1326//2030 1325//2030 1322//2030
f 1324//2031 1327//2031 1328//2031
f 1323//2032 1327//2032 1324//2032
f 1329//2033 1330//2033 1326//2033
f 1326//2034 1330//2034 1325//2034
f 1327//2035 1331//2035 1328//2035
f 1332//2036 1333//2036 1329//2036
f 1329//2037 1333//2037 1330//2037
f 1328//2038 1334//2038 1335//2038
f 1331//2039 1334//2039 1328//2039
f 1336//2040 1337//2040 1332//2040
f 1332//2041 1337//2041 1333//2041
f 1335//2042 1338//2042 1339//2042
f 1334//2043 1338//2043 1335//2043
f 1336//2044 1340//2044 1337//2044
f 1341//2045 1340//2045 1336//2045
f 1338//2046 1342//2046 1339//2046
f 1341//2047 1343//2047 1340//2047
f 1344//2048 1343//2048 1341//2048
f 1339//2049 1345//2049 1346//2049
f 1342//2050 1345//2050 1339//2050
f 1347//2051 1348//2051 1344//2051
f 1344//2052 1348//2052 1343//2052
f 1346//2053 1349//2053 1350//2053
f 1345//2054 1349//2054 1346//2054
f 1351//2055 1352//2055 1347//2055
f 1347//2056 1352//2056 1348//2056
f 1350//2057 1353//2057 1354//2057
f 1349//2058 1353//2058 1350//2058
f 1351//2059 1355//2059 1352//2059
f 1356//2060 1355//2060 1351//2060
f 1353//2061 1357//2061 1354//2061
f 1358//2062 1359//2062 1356//2062
f 1356//2063 1359//2063 1355//2063
f 1354//2064 1360//2064 1361//2064
f 1357//2065 1360//2065 1354//2065
f 1362//2066 1363//2066 1358//2066
f 1358//2067 1363//2067 1359//2067
f 1360//2068 1364//2068 1361//2068
f 1361//2069 1364//2069 1365//2069
f 1362//2070 1366//2070 1363//2070
f 1367//2071 1366//2071 1362//2071
f 1368//2072 1369//2072 1367//2072
f 1367//2073 1369//2073 1366//2073
f 1368//2074 1370//2074 1369//2074
f 1368//2075 1371//2075 1370//2075
f 1371//2076 1372//2076 1370//2076
f 1371//2077 1373//2077 1372//2077
f 1364//2078 1374//2078 1365//2078
f 1375//2079 1374//2079 1364//2079
f 1376//2080 1374//2080 1375//2080
f 1377//2081 1374//2081 1376//2081
f 1378//2082 1374//2082 1377//2082
f 1373//2083 1379//2083 1372//2083
f 1378//2084 1380//2084 1374//2084
f 1374//2085 1381//2085 1365//2085
f 1373//2086 1382//2086 1379//2086
f 1379//2087 1382//2087 1383//2087
f 1380//2088 1384//2088 1374//2088
f 1381//2089 1385//2089 1365//2089
f 1384//2090 1386//2090 1374//2090
f 1382//2091 1387//2091 1383//2091
f 1383//2092 1387//2092 1388//2092
f 1385//2093 1389//2093 1365//2093
f 1386//2094 1390//2094 1374//2094
f 1390//2095 1391//2095 1374//2095
f 1387//2096 1392//2096 1388//2096
f 1388//2097 1392//2097 1393//2097
f 1389//2098 1394//2098 1365//2098
f 1391//2099 1395//2099 1374//2099
f 1394//2100 1396//2100 1365//2100
f 1393//2101 1397//2101 1398//2101
f 1392//2102 1397//2102 1393//2102
f 1395//2103 1399//2103 1374//2103
f 1398//2104 1400//2104 1401//2104
f 1397//2105 1400//2105 1398//2105
f 1401//2106 1402//2106 1403//2106
f 1400//2107 1402//2107 1401//2107
f 1403//2108 1404//2108 1405//2108
f 1402//2109 1404//2109 1403//2109
f 1404//2110 1406//2110 1405//2110
f 1405//2111 1406//2111 1407//2111
f 1406//2112 1408//2112 1407//2112
f 1407//2113 1408//2113 1409//2113
f 1408//2114 1410//2114 1409//2114
f 1409//2115 1410//2115 1411//2115
f 1410//2116 1412//2116 1411//2116
f 1411//2117 1412//2117 1413//2117
f 1413//2118 1414//2118 1415//2118
f 1412//2119 1414//2119 1413//2119
f 1415//2120 1416//2120 1417//2120
f 1414//2121 1416//2121 1415//2121
f 1416//2122 1418//2122 1417//2122
f 1417//2123 1418//2123 1419//2123
f 1418//2124 1420//2124 1419//2124
f 1419//2125 1420//2125 1421//2125
f 1420//2126 1422//2126 1421//2126
f 1423//2127 1422//2127 1424//2127
f 1425//2128 1422//2128 1423//2128
f 1426//2129 1422//2129 1425//2129
f 1427//2130 1422//2130 1426//2130
f 1428//2131 1422//2131 1427//2131
f 1429//2132 1422//2132 1428//2132
f 1430//2133 1422//2133 1429//2133
f 1431//2134 1422//2134 1430//2134
f 1432//2135 1422//2135 1431//2135
f 1421//2136 1422//2136 1432//2136
f 1433//2137 1434//2137 1435//2137
f 1436//2138 1434//2138 1433//2138
f 1437//2139 1434//2139 1436//2139
f 1438//2140 1434//2140 1437//2140
f 1439//2141 1434//2141 1438//2141
f 1440//2142 1434//2142 1439//2142
f 1441//2143 1434//2143 1440//2143
f 1442//2144 1434//2144 1441//2144
f 1443//2145 1434//2145 1442//2145
f 1444//2146 1434//2146 1399//2146
f 1445//2147 1434//2147 1444//2147
f 1446//2148 1434//2148 1445//2148
f 1447//2149 1434//2149 1446//2149
f 1448//2150 1434//2150 1447//2150
f 1449//2151 1434//2151 1448//2151
f 1450//2152 1434//2152 1449//2152
f 1451//2153 1434//2153 1450//2153
f 1435//2154 1434//2154 1451//2154
f 1399//2155 1434//2155 1374//2155
f 1452//2156 1453//2156 1454//2156
f 1453//2157 1455//2157 1454//2157
f 1454//2158 1455//2158 1456//2158
f 1452//2159 1457//2159 1453//2159
f 1455//2160 1458//2160 1456//2160
f 1456//2161 1458//2161 1459//2161
f 1452//2162 1460//2162 1457//2162
f 1461//2163 1460//2163 1452//2163
f 1458//2164 1462//2164 1459//2164
f 1459//2165 1462//2165 1396//2165
f 1461//2166 1463//2166 1460//2166
f 1464//2167 1463//2167 1461//2167
f 1462//2168 1465//2168 1396//2168
f 1396//2169 1465//2169 1365//2169
f 1464//2170 1466//2170 1463//2170
f 1467//2171 1466//2171 1464//2171
f 1465//2172 1468//2172 1365//2172
f 1467//2173 1469//2173 1466//2173
f 1468//2174 1470//2174 1365//2174
f 1467//2175 1471//2175 1469//2175
f 1472//2176 1471//2176 1467//2176
f 1470//2177 1473//2177 1365//2177
f 1474//2178 1475//2178 1472//2178
f 1472//2179 1475//2179 1471//2179
f 1474//2180 1476//2180 1475//2180
f 1477//2181 1478//2181 1474//2181
f 1474//2182 1478//2182 1476//2182
f 1479//2183 1480//2183 1477//2183
f 1477//2184 1480//2184 1478//2184
f 1479//2185 1481//2185 1480//2185
f 1479//2186 1482//2186 1481//2186
f 1483//2187 1482//2187 1479//2187
f 1484//2188 1485//2188 1483//2188
f 1483//2189 1485//2189 1482//2189
f 1484//2190 1486//2190 1485//2190
f 1484//2191 1487//2191 1486//2191
f 1488//2192 1487//2192 1484//2192
f 1488//2193 1489//2193 1487//2193
f 1488//2194 1490//2194 1489//2194
f 1491//2195 1490//2195 1488//2195
f 1491//2196 1492//2196 1490//2196
f 1493//2197 1492//2197 1491//2197
f 1493//2198 1494//2198 1492//2198
f 1493//2199 1495//2199 1494//2199
f 1496//2200 1495//2200 1493//2200
f 1496//2201 1497//2201 1495//2201
f 1498//2202 1497//2202 1496//2202
f 1498//2203 1499//2203 1497//2203
f 1498//2204 1500//2204 1499//2204
f 1501//2205 1500//2205 1498//2205
f 1501//2206 1502//2206 1500//2206
f 1501//2207 1503//2207 1502//2207
f 1504//2208 1503//2208 1501//2208
f 1504//2209 1505//2209 1503//2209
f 1506//2210 1505//2210 1504//2210
f 1506//2211 1507//2211 1505//2211
f 1506//2212 1508//2212 1507//2212
f 1509//2213 1508//2213 1506//2213
f 1443//2214 1510//2214 1434//2214
f 1511//2215 1510//2215 1443//2215
f 1512//2216 1510//2216 1511//2216
f 1513//2217 1510//2217 1512//2217
f 1514//2218 1510//2218 1513//2218
f 1515//2219 1510//2219 1514//2219
f 1516//2220 1510//2220 1515//2220
f 1517//2221 1510//2221 1516//2221
f 1518//2222 1510//2222 1517//2222
f 1422//2223 1510//2223 1424//2223
f 1519//2224 1510//2224 1518//2224
f 1520//2225 1510//2225 1519//2225
f 1521//2226 1510//2226 1520//2226
f 1522//2227 1510//2227 1521//2227
f 1424//2228 1510//2228 1522//2228
f 1509//2229 1523//2229 1508//2229
f 1524//2230 1523//2230 1509//2230
f 1510//2231 1525//2231 1434//2231
f 1524//2232 1526//2232 1523//2232
f 1527//2233 1528//2233 1524//2233
f 1524//2234 1528//2234 1526//2234
f 1525//2235 1529//2235 1434//2235
f 1527//2236 1530//2236 1528//2236
f 1529//2237 1531//2237 1434//2237
f 1532//2238 1533//2238 1527//2238
f 1527//2239 1533//2239 1530//2239
f 1531//2240 1534//2240 1434//2240
f 1532//2241 1535//2241 1533//2241
f 1536//2242 1535//2242 1532//2242
f 1534//2243 1537//2243 1434//2243
f 1536//2244 1538//2244 1535//2244
f 1537//2245 1539//2245 1434//2245
f 1536//2246 1540//2246 1538//2246
f 1541//2247 1540//2247 1536//2247
f 1539//2248 1542//2248 1434//2248
f 1541//2249 1543//2249 1540//2249
f 1542//2250 1544//2250 1434//2250
f 1541//2251 1545//2251 1543//2251
f 1544//2252 1546//2252 1434//2252
f 1546//2253 1547//2253 1434//2253
f 1541//2254 1548//2254 1545//2254
f 1547//2255 1549//2255 1434//2255
f 1549//2256 1550//2256 1434//2256
f 1541//2257 1551//2257 1548//2257
f 1434//2258 1552//2258 1541//2258
f 1550//2259 1552//2259 1434//2259
f 1541//2260 1553//2260 1551//2260
f 1541//2261 1554//2261 1553//2261
f 1541//2262 1555//2262 1554//2262
f 1541//2263 1556//2263 1555//2263
f 1541//2264 1557//2264 1556//2264
f 1541//2265 1558//2265 1557//2265
f 1552//2266 1558//2266 1541//2266
f 1552//2267 1559//2267 1558//2267
f 1552//2268 1560//2268 1559//2268
f 1552//2269 1561//2269 1560//2269
f 1552//2270 1562//2270 1561//2270
f 1552//2271 1563//2271 1562//2271
f 1552//2272 1564//2272 1563//2272
f 1552//2273 1565//2273 1564//2273
f 1552//2274 1566//2274 1565//2274
f 1552//2275 1567//2275 1566//2275
f 1552//2276 1568//2276 1567//2276
f 1552//2277 1569//2277 1568//2277
f 1552//2278 1570//2278 1569//2278
f 1096//2279 1109//2279 1571//2279
f 1571//2280 1109//2280 1572//2280
f 1572//2281 1109//2281 1573//2281
f 1573//2282 1109//2282 1112//2282
f 950//2283 1265//2283 1264//2283
f 950//2284 1264//2284 1217//2284
f 750//2285 1091//2285 749//2285
f 749//2286 1091//2286 748//2286
f 748//2287 1091//2287 747//2287
f 747//2288 1091//2288 746//2288
f 1218//2289 663//2289 665//2289
f 1218//2290 665//2290 666//2290
f 1218//2291 666//2291 667//2291
f 1218//2292 667//2292 668//2292
f 1218//2293 668//2293 669//2293
f 1218//2294 669//2294 670//2294
f 1218//2295 670//2295 671//2295
f 1218//2296 671//2296 672//2296
f 1218//2297 672//2297 673//2297
f 1574//2298 1365//2298 1575//2298
f 1575//2299 1365//2299 1576//2299
f 1576//2300 1365//2300 1577//2300
f 1577//2301 1365//2301 1578//2301
f 1578//2302 1365//2302 1579//2302
f 1579//2303 1365//2303 1580//2303
f 1580//2304 1365//2304 1581//2304
f 1581//2305 1365//2305 1582//2305
f 1582//2306 1365//2306 1473//2306
f 1552//2307 1583//2307 1584//2307
f 1552//2308 1584//2308 1570//2308
f 1585//2309 664//2309 1218//2309
f 1218//2310 664//2310 663//2310
f 1586//2311 1587//2311 1588//2311
f 1589//2312 1590//2312 1587//2312
f 1589//2313 1587//2313 1586//2313
f 1591//2314 1588//2314 1592//2314
f 1591//2315 1586//2315 1588//2315
f 1593//2316 1590//2316 1589//2316
f 1593//2317 1594//2317 1590//2317
f 1595//2318 1592//2318 1596//2318
f 1595//2319 1591//2319 1592//2319
f 1597//2320 1594//2320 1593//2320
f 1597//2321 1598//2321 1594//2321
f 1599//2322 1596//2322 1600//2322
f 1599//2323 1595//2323 1596//2323
f 1601//2324 1598//2324 1597//2324
f 1601//2325 1602//2325 1598//2325
f 1603//2326 1600//2326 1604//2326
f 1603//2327 1599//2327 1600//2327
f 1605//2328 1602//2328 1601//2328
f 1605//2329 1606//2329 1602//2329
f 1607//2330 1604//2330 1608//2330
f 1607//2331 1603//2331 1604//2331
f 1609//2332 1606//2332 1605//2332
f 1609//2333 1610//2333 1606//2333
f 1611//2334 1608//2334 1612//2334
f 1611//2335 1607//2335 1608//2335
f 1613//2336 1610//2336 1609//2336
f 1613//2337 1614//2337 1610//2337
f 1615//2338 1612//2338 1616//2338
f 1615//2339 1611//2339 1612//2339
f 1617//2340 1614//2340 1613//2340
f 1617//2341 1618//2341 1614//2341
f 1619//2342 1616//2342 1620//2342
f 1619//2343 1615//2343 1616//2343
f 1621//2344 1618//2344 1617//2344
f 1621//2345 1622//2345 1618//2345
f 1623//2346 1619//2346 1620//2346
f 1623//2347 1620//2347 1624//2347
f 1625//2348 1626//2348 1622//2348
f 1625//2349 1622//2349 1621//2349
f 1627//2350 1623//2350 1624//2350
f 1627//2351 1624//2351 1628//2351
f 1629//2352 1626//2352 1625//2352
f 1629//2353 1630//2353 1626//2353
f 1631//2354 1628//2354 1632//2354
f 1631//2355 1627//2355 1628//2355
f 1633//2356 1634//2356 1630//2356
f 1633//2357 1630//2357 1629//2357
f 1635//2358 1631//2358 1632//2358
f 1635//2359 1632//2359 1636//2359
f 1637//2360 1638//2360 1634//2360
f 1637//2361 1634//2361 1633//2361
f 1639//2362 1635//2362 1636//2362
f 1639//2363 1636//2363 1640//2363
f 1641//2364 1638//2364 1637//2364
f 1641//2365 1642//2365 1638//2365
f 1643//2366 1639//2366 1640//2366
f 1643//2367 1640//2367 1644//2367
f 1645//2368 1646//2368 1642//2368
f 1645//2369 1642//2369 1641//2369
f 1647//2370 1644//2370 1648//2370
f 1647//2371 1643//2371 1644//2371
f 1649//2372 1650//2372 1646//2372
f 1649//2373 1646//2373 1645//2373
f 1651//2374 1647//2374 1648//2374
f 1652//2375 1650//2375 1649//2375
f 1653//2376 1651//2376 1648//2376
f 1654//2377 1650//2377 1652//2377
f 1655//2378 1653//2378 1648//2378
f 1656//2379 1650//2379 1654//2379
f 1657//2380 1655//2380 1648//2380
f 1658//2381 1650//2381 1656//2381
f 1659//2382 1657//2382 1648//2382
f 1660//2383 1650//2383 1658//2383
f 1661//2384 1659//2384 1648//2384
f 1662//2385 1650//2385 1660//2385
f 1663//2386 1661//2386 1648//2386
f 1664//2387 1650//2387 1662//2387
f 1665//2388 1663//2388 1648//2388
f 1666//2389 1650//2389 1664//2389
f 1667//2390 1665//2390 1648//2390
f 1668//2391 1650//2391 1666//2391
f 1669//2392 1667//2392 1648//2392
f 1670//2393 1650//2393 1668//2393
f 1671//2394 1650//2394 1670//2394
f 1672//2395 1650//2395 1671//2395
f 1673//2396 1650//2396 1672//2396
f 1674//2397 1675//2397 1669//2397
f 1674//2398 1676//2398 1675//2398
f 1674//2399 1677//2399 1676//2399
f 1674//2400 1678//2400 1677//2400
f 1674//2401 1679//2401 1678//2401
f 1674//2402 1680//2402 1679//2402
f 1674//2403 1669//2403 1648//2403
f 1681//2404 1680//2404 1674//2404
f 1682//2405 1681//2405 1674//2405
f 1683//2406 1682//2406 1674//2406
f 1684//2407 1683//2407 1674//2407
f 1685//2408 1684//2408 1674//2408
f 1686//2409 1685//2409 1674//2409
f 1687//2410 1686//2410 1674//2410
f 1687//2411 1674//2411 1688//2411
f 1687//2412 1688//2412 1689//2412
f 1690//2413 1687//2413 1689//2413
f 1690//2414 1689//2414 1691//2414
f 1690//2415 1691//2415 1692//2415
f 1690//2416 1692//2416 1693//2416
f 1694//2417 1690//2417 1693//2417
f 1694//2418 1693//2418 1695//2418
f 1696//2419 1694//2419 1695//2419
f 1697//2420 1694//2420 1696//2420
f 1698//2421 1697//2421 1696//2421
f 1699//2422 1697//2422 1698//2422
f 1700//2423 1697//2423 1699//2423
f 1701//2424 1697//2424 1700//2424
f 1701//2425 1702//2425 1697//2425
f 1703//2426 1702//2426 1701//2426
f 1704//2427 1702//2427 1703//2427
f 1705//2428 1706//2428 1702//2428
f 1705//2429 1702//2429 1704//2429
f 1707//2430 1708//2430 1709//2430
f 1710//2431 1708//2431 1707//2431
f 1710//2432 1711//2432 1708//2432
f 1712//2433 1707//2433 1709//2433
f 1712//2434 1709//2434 1713//2434
f 1714//2435 1715//2435 1711//2435
f 1714//2436 1711//2436 1710//2436
f 1716//2437 1713//2437 1717//2437
f 1716//2438 1712//2438 1713//2438
f 1718//2439 1716//2439 1717//2439
f 1719//2440 1720//2440 1715//2440
f 1719//2441 1715//2441 1714//2441
f 1721//2442 1717//2442 1722//2442
f 1721//2443 1718//2443 1717//2443
f 1723//2444 1720//2444 1719//2444
f 1723//2445 1724//2445 1720//2445
f 1725//2446 1722//2446 1726//2446
f 1725//2447 1721//2447 1722//2447
f 1727//2448 1724//2448 1723//2448
f 1728//2449 1725//2449 1726//2449
f 1728//2450 1726//2450 1729//2450
f 1730//2451 1724//2451 1727//2451
f 1730//2452 1731//2452 1724//2452
f 1732//2453 1706//2453 1705//2453
f 1733//2454 1728//2454 1729//2454
f 1733//2455 1729//2455 1734//2455
f 1735//2456 1731//2456 1730//2456
f 1735//2457 1736//2457 1731//2457
f 1737//2458 1733//2458 1734//2458
f 1737//2459 1734//2459 1738//2459
f 1739//2460 1736//2460 1735//2460
f 1739//2461 1673//2461 1736//2461
f 1740//2462 1737//2462 1738//2462
f 1740//2463 1738//2463 1741//2463
f 1742//2464 1673//2464 1739//2464
f 1742//2465 1650//2465 1673//2465
f 1743//2466 1740//2466 1741//2466
f 1744//2467 1650//2467 1742//2467
f 1745//2468 1743//2468 1741//2468
f 1745//2469 1741//2469 1746//2469
f 1747//2470 1650//2470 1744//2470
f 1748//2471 1706//2471 1732//2471
f 1749//2472 1745//2472 1746//2472
f 1749//2473 1746//2473 1750//2473
f 1751//2474 1650//2474 1747//2474
f 1752//2475 1749//2475 1750//2475
f 1752//2476 1750//2476 1753//2476
f 1754//2477 1650//2477 1751//2477
f 1755//2478 1752//2478 1753//2478
f 1755//2479 1753//2479 1756//2479
f 1757//2480 1650//2480 1754//2480
f 1758//2481 1706//2481 1748//2481
f 1759//2482 1756//2482 1760//2482
f 1759//2483 1755//2483 1756//2483
f 1761//2484 1650//2484 1757//2484
f 1762//2485 1763//2485 1764//2485
f 1762//2486 1765//2486 1763//2486
f 1762//2487 1766//2487 1765//2487
f 1762//2488 1767//2488 1766//2488
f 1762//2489 1768//2489 1767//2489
f 1762//2490 1769//2490 1768//2490
f 1762//2491 1770//2491 1769//2491
f 1762//2492 1771//2492 1770//2492
f 1762//2493 1772//2493 1771//2493
f 1762//2494 1773//2494 1772//2494
f 1762//2495 1760//2495 1773//2495
f 1762//2496 1759//2496 1760//2496
f 1774//2497 1650//2497 1761//2497
f 1775//2498 1706//2498 1758//2498
f 1775//2499 1776//2499 1706//2499
f 1777//2500 1776//2500 1775//2500
f 1778//2501 1776//2501 1777//2501
f 1779//2502 1776//2502 1778//2502
f 1780//2503 1781//2503 1776//2503
f 1780//2504 1776//2504 1779//2504
f 1782//2505 1783//2505 1784//2505
f 1782//2506 1785//2506 1783//2506
f 1782//2507 1786//2507 1785//2507
f 1782//2508 1787//2508 1781//2508
f 1782//2509 1784//2509 1787//2509
f 1782//2510 1781//2510 1780//2510
f 1788//2511 1650//2511 1774//2511
f 1789//2512 1650//2512 1788//2512
f 1790//2513 1650//2513 1789//2513
f 1791//2514 1792//2514 1786//2514
f 1791//2515 1793//2515 1792//2515
f 1791//2516 1794//2516 1793//2516
f 1791//2517 1795//2517 1794//2517
f 1791//2518 1796//2518 1795//2518
f 1791//2519 1797//2519 1796//2519
f 1791//2520 1798//2520 1797//2520
f 1791//2521 1799//2521 1798//2521
f 1791//2522 1800//2522 1799//2522
f 1791//2523 1786//2523 1782//2523
f 1791//2524 1801//2524 1800//2524
f 1791//2525 1802//2525 1801//2525
f 1791//2526 1803//2526 1802//2526
f 1791//2527 1804//2527 1803//2527
f 1791//2528 1805//2528 1804//2528
f 1791//2529 1764//2529 1805//2529
f 1791//2530 1762//2530 1764//2530
f 1806//2531 1791//2531 1782//2531
f 1807//2532 1806//2532 1782//2532
f 1808//2533 1807//2533 1782//2533
f 1809//2534 1808//2534 1782//2534
f 1810//2535 1809//2535 1782//2535
f 1811//2536 1810//2536 1782//2536
f 1812//2537 1811//2537 1782//2537
f 1813//2538 1812//2538 1782//2538
f 1814//2539 1813//2539 1782//2539
f 1815//2540 1814//2540 1782//2540
f 1816//2541 1815//2541 1782//2541
f 1817//2542 1816//2542 1782//2542
f 1818//2543 1817//2543 1782//2543
f 1819//2544 1818//2544 1782//2544
f 1820//2545 1819//2545 1782//2545
f 1821//2546 1820//2546 1782//2546
f 1822//2547 1821//2547 1782//2547
f 1823//2548 1822//2548 1782//2548
f 1824//2549 1823//2549 1782//2549
f 1825//2550 1824//2550 1782//2550
f 1826//2551 1825//2551 1782//2551
f 1827//2552 1826//2552 1782//2552
f 1828//2553 1827//2553 1782//2553
f 1829//2554 1830//2554 1831//2554
f 1832//2555 1830//2555 1829//2555
f 1832//2556 1833//2556 1830//2556
f 1832//2557 1834//2557 1833//2557
f 1835//2558 1829//2558 1831//2558
f 1835//2559 1836//2559 1837//2559
f 1835//2560 1831//2560 1836//2560
f 1838//2561 1835//2561 1837//2561
f 1838//2562 1837//2562 1839//2562
f 1840//2563 1841//2563 1834//2563
f 1840//2564 1834//2564 1832//2564
f 1842//2565 1838//2565 1839//2565
f 1842//2566 1843//2566 1844//2566
f 1842//2567 1839//2567 1843//2567
f 1845//2568 1846//2568 1841//2568
f 1845//2569 1841//2569 1840//2569
f 1847//2570 1842//2570 1844//2570
f 1847//2571 1844//2571 1848//2571
f 1849//2572 1850//2572 1846//2572
f 1849//2573 1851//2573 1850//2573
f 1849//2574 1846//2574 1845//2574
f 1852//2575 1847//2575 1848//2575
f 1852//2576 1853//2576 1854//2576
f 1852//2577 1848//2577 1853//2577
f 1855//2578 1851//2578 1849//2578
f 1855//2579 1856//2579 1851//2579
f 1857//2580 1852//2580 1854//2580
f 1857//2581 1854//2581 1858//2581
f 1859//2582 1860//2582 1856//2582
f 1859//2583 1856//2583 1855//2583
f 1861//2584 1857//2584 1858//2584
f 1861//2585 1862//2585 1863//2585
f 1861//2586 1858//2586 1862//2586
f 1864//2587 1860//2587 1859//2587
f 1864//2588 1865//2588 1860//2588
f 1864//2589 1866//2589 1865//2589
f 1867//2590 1863//2590 1868//2590
f 1867//2591 1861//2591 1863//2591
f 1869//2592 1866//2592 1864//2592
f 1869//2593 1870//2593 1866//2593
f 1871//2594 1867//2594 1868//2594
f 1872//2595 1870//2595 1869//2595
f 1872//2596 1873//2596 1870//2596
f 1874//2597 1871//2597 1868//2597
f 1875//2598 1873//2598 1872//2598
f 1875//2599 1876//2599 1873//2599
f 1877//2600 1874//2600 1868//2600
f 1878//2601 1876//2601 1875//2601
f 1878//2602 1879//2602 1876//2602
f 1880//2603 1877//2603 1868//2603
f 1881//2604 1879//2604 1878//2604
f 1881//2605 1882//2605 1879//2605
f 1883//2606 1880//2606 1868//2606
f 1884//2607 1882//2607 1881//2607
f 1884//2608 1885//2608 1882//2608
f 1886//2609 1883//2609 1868//2609
f 1887//2610 1885//2610 1884//2610
f 1887//2611 1650//2611 1790//2611
f 1887//2612 1790//2612 1885//2612
f 1888//2613 1886//2613 1868//2613
f 1889//2614 1650//2614 1887//2614
f 1585//2615 1888//2615 1868//2615
f 1890//2616 1585//2616 1868//2616
f 752//2617 1891//2617 1828//2617
f 752//2618 1892//2618 1891//2618
f 752//2619 1893//2619 1892//2619
f 752//2620 1894//2620 1893//2620
f 752//2621 1895//2621 1894//2621
f 752//2622 1896//2622 1895//2622
f 752//2623 1897//2623 1896//2623
f 752//2624 1898//2624 1897//2624
f 752//2625 1899//2625 1898//2625
f 752//2626 1900//2626 1899//2626
f 752//2627 1901//2627 1900//2627
f 752//2628 1902//2628 1901//2628
f 752//2629 1903//2629 1902//2629
f 752//2630 1904//2630 1903//2630
f 752//2631 1905//2631 1904//2631
f 752//2632 1906//2632 1905//2632
f 752//2633 1907//2633 1906//2633
f 752//2634 1908//2634 1907//2634
f 752//2635 1909//2635 1908//2635
f 752//2636 1910//2636 1909//2636
f 752//2637 1911//2637 1910//2637
f 752//2638 1828//2638 1782//2638
f 754//2639 751//2639 753//2639
f 755//2640 751//2640 754//2640
f 756//2641 751//2641 755//2641
f 756//2642 752//2642 751//2642
f 758//2643 752//2643 756//2643
f 758//2644 756//2644 757//2644
f 664//2645 1912//2645 1913//2645
f 664//2646 1914//2646 1912//2646
f 664//2647 1890//2647 1914//2647
f 664//2648 1585//2648 1890//2648
f 664//2649 1915//2649 1911//2649
f 664//2650 1911//2650 752//2650
f 664//2651 1916//2651 1915//2651
f 664//2652 1917//2652 1916//2652
f 664//2653 1918//2653 1917//2653
f 664//2654 1919//2654 1918//2654
f 664//2655 1920//2655 1919//2655
f 664//2656 1921//2656 1920//2656
f 664//2657 1922//2657 1921//2657
f 664//2658 1923//2658 1922//2658
f 664//2659 1924//2659 1923//2659
f 664//2660 1925//2660 1924//2660
f 664//2661 1926//2661 1925//2661
f 664//2662 1927//2662 1926//2662
f 664//2663 1928//2663 1927//2663
f 664//2664 1929//2664 1928//2664
f 664//2665 1930//2665 1929//2665
f 664//2666 1931//2666 1930//2666
f 664//2667 1913//2667 1931//2667
f 660//2668 661//2668 662//2668
f 635//2669 631//2669 633//2669
f 635//2670 633//2670 634//2670
f 635//2671 758//2671 759//2671
f 635//2672 759//2672 632//2672
f 635//2673 632//2673 631//2673
f 636//2674 758//2674 635//2674
f 657//2675 658//2675 659//2675
f 657//2676 659//2676 660//2676
f 657//2677 662//2677 664//2677
f 657//2678 660//2678 662//2678
f 656//2679 664//2679 752//2679
f 656//2680 657//2680 664//2680
f 639//2681 636//2681 637//2681
f 639//2682 637//2682 638//2682
f 639//2683 758//2683 636//2683
f 640//2684 758//2684 639//2684
f 653//2685 654//2685 655//2685
f 642//2686 758//2686 640//2686
f 642//2687 640//2687 641//2687
f 652//2688 653//2688 655//2688
f 652//2689 655//2689 656//2689
f 643//2690 758//2690 642//2690
f 649//2691 650//2691 651//2691
f 649//2692 651//2692 652//2692
f 646//2693 758//2693 643//2693
f 646//2694 643//2694 644//2694
f 646//2695 644//2695 645//2695
f 647//2696 656//2696 752//2696
f 647//2697 648//2697 649//2697
f 647//2698 652//2698 656//2698
f 647//2699 649//2699 652//2699
f 647//2700 758//2700 646//2700
f 647//2701 752//2701 758//2701
f 1932//2702 1933//2702 1934//2702
f 1932//2703 1935//2703 1936//2703
f 1932//2704 1937//2704 1935//2704
f 1932//2705 1938//2705 1937//2705
f 1932//2706 1939//2706 1938//2706
f 1932//2707 1940//2707 1939//2707
f 1932//2708 1941//2708 1940//2708
f 1932//2709 1942//2709 1941//2709
f 1932//2710 1943//2710 1942//2710
f 1932//2711 1934//2711 1943//2711
f 1944//2712 1945//2712 1946//2712
f 1944//2713 1947//2713 1945//2713
f 1948//2714 1945//2714 1949//2714
f 1948//2715 1946//2715 1945//2715
f 1950//2716 1932//2716 1936//2716
f 1950//2717 1936//2717 1947//2717
f 1950//2718 1947//2718 1944//2718
f 1951//2719 1949//2719 1952//2719
f 1951//2720 1948//2720 1949//2720
f 1953//2721 1932//2721 1950//2721
f 1954//2722 1952//2722 1955//2722
f 1954//2723 1951//2723 1952//2723
f 1956//2724 1932//2724 1953//2724
f 1957//2725 1955//2725 1958//2725
f 1957//2726 1954//2726 1955//2726
f 1959//2727 1932//2727 1956//2727
f 1960//2728 1957//2728 1958//2728
f 1961//2729 1932//2729 1959//2729
f 1962//2730 1960//2730 1958//2730
f 1962//2731 1958//2731 1963//2731
f 1964//2732 1932//2732 1961//2732
f 1965//2733 1962//2733 1963//2733
f 1965//2734 1963//2734 1966//2734
f 1967//2735 1932//2735 1964//2735
f 1968//2736 1965//2736 1966//2736
f 1968//2737 1966//2737 1969//2737
f 1970//2738 1932//2738 1967//2738
f 1971//2739 1968//2739 1969//2739
f 1971//2740 1969//2740 1972//2740
f 1973//2741 1932//2741 1970//2741
f 1974//2742 1971//2742 1972//2742
f 1975//2743 1932//2743 1973//2743
f 1976//2744 1974//2744 1972//2744
f 1976//2745 1972//2745 1977//2745
f 1978//2746 1932//2746 1975//2746
f 1979//2747 1976//2747 1977//2747
f 1979//2748 1977//2748 1980//2748
f 1981//2749 1932//2749 1978//2749
f 1982//2750 1979//2750 1980//2750
f 1982//2751 1980//2751 1983//2751
f 1984//2752 1932//2752 1981//2752
f 1985//2753 1982//2753 1983//2753
f 1986//2754 1932//2754 1984//2754
f 1987//2755 1985//2755 1983//2755
f 1987//2756 1983//2756 1988//2756
f 1989//2757 1990//2757 1932//2757
f 1989//2758 1932//2758 1986//2758
f 1991//2759 1987//2759 1988//2759
f 1991//2760 1988//2760 1992//2760
f 1993//2761 1994//2761 1990//2761
f 1993//2762 1990//2762 1989//2762
f 1995//2763 1991//2763 1992//2763
f 1995//2764 1992//2764 1996//2764
f 1997//2765 1998//2765 1994//2765
f 1997//2766 1994//2766 1993//2766
f 1999//2767 1995//2767 1996//2767
f 2000//2768 2001//2768 1998//2768
f 2000//2769 1998//2769 1997//2769
f 2002//2770 1996//2770 2003//2770
f 2002//2771 1999//2771 1996//2771
f 2004//2772 2005//2772 2001//2772
f 2004//2773 2001//2773 2000//2773
f 2006//2774 2003//2774 2007//2774
f 2006//2775 2002//2775 2003//2775
f 2008//2776 2009//2776 2005//2776
f 2008//2777 2005//2777 2004//2777
f 2010//2778 2006//2778 2007//2778
f 2011//2779 2012//2779 2009//2779
f 2011//2780 2009//2780 2008//2780
f 2013//2781 2007//2781 2014//2781
f 2013//2782 2010//2782 2007//2782
f 2015//2783 2016//2783 2012//2783
f 2015//2784 2012//2784 2011//2784
f 2017//2785 2013//2785 2014//2785
f 2017//2786 2014//2786 2018//2786
f 2019//2787 2020//2787 2016//2787
f 2019//2788 2016//2788 2015//2788
f 2021//2789 2018//2789 2022//2789
f 2021//2790 2017//2790 2018//2790
f 2023//2791 2024//2791 2020//2791
f 2023//2792 2020//2792 2019//2792
f 2025//2793 2021//2793 2022//2793
f 2026//2794 2027//2794 2024//2794
f 2026//2795 2024//2795 2023//2795
f 2028//2796 2025//2796 2022//2796
f 2028//2797 2022//2797 2029//2797
f 2030//2798 2027//2798 2026//2798
f 2030//2799 2031//2799 2027//2799
f 2032//2800 2028//2800 2029//2800
f 2032//2801 2029//2801 2033//2801
f 2034//2802 2031//2802 2030//2802
f 2034//2803 2035//2803 2031//2803
f 2036//2804 2032//2804 2033//2804
f 2037//2805 2038//2805 2035//2805
f 2037//2806 2035//2806 2034//2806
f 2039//2807 2036//2807 2033//2807
f 2040//2808 2038//2808 2037//2808
f 2041//2809 2038//2809 2040//2809
f 2042//2810 2039//2810 2033//2810
f 2043//2811 2041//2811 2040//2811
f 2044//2812 2042//2812 2033//2812
f 2045//2813 2041//2813 2043//2813
f 2046//2814 2045//2814 2043//2814
f 2047//2815 2044//2815 2033//2815
f 2048//2816 2046//2816 2049//2816
f 2048//2817 2045//2817 2046//2817
f 2050//2818 2047//2818 2033//2818
f 2051//2819 2050//2819 2033//2819
f 2052//2820 2049//2820 2053//2820
f 2052//2821 2048//2821 2049//2821
f 2054//2822 2051//2822 2033//2822
f 2055//2823 2054//2823 2033//2823
f 2056//2824 2053//2824 2057//2824
f 2056//2825 2052//2825 2053//2825
f 2058//2826 2055//2826 2033//2826
f 2059//2827 2057//2827 2060//2827
f 2059//2828 2056//2828 2057//2828
f 2061//2829 2058//2829 2033//2829
f 2062//2830 2061//2830 2033//2830
f 2063//2831 2060//2831 2064//2831
f 2063//2832 2059//2832 2060//2832
f 2065//2833 2064//2833 2066//2833
f 2065//2834 2063//2834 2064//2834
f 2067//2835 2066//2835 2068//2835
f 2067//2836 2065//2836 2066//2836
f 2069//2837 2067//2837 2068//2837
f 2069//2838 2068//2838 2070//2838
f 2071//2839 2069//2839 2070//2839
f 2071//2840 2070//2840 2072//2840
f 2073//2841 2071//2841 2072//2841
f 2073//2842 2072//2842 2074//2842
f 2075//2843 2074//2843 2076//2843
f 2075//2844 2073//2844 2074//2844
f 2077//2845 2075//2845 2076//2845
f 2077//2846 2076//2846 2078//2846
f 2079//2847 2078//2847 2080//2847
f 2079//2848 2077//2848 2078//2848
f 2081//2849 2080//2849 2082//2849
f 2081//2850 2079//2850 2080//2850
f 2083//2851 2082//2851 2084//2851
f 2083//2852 2081//2852 2082//2852
f 2085//2853 2086//2853 2087//2853
f 2085//2854 2088//2854 2086//2854
f 2085//2855 2089//2855 2088//2855
f 2085//2856 2090//2856 2089//2856
f 2085//2857 2091//2857 2090//2857
f 2085//2858 2092//2858 2091//2858
f 2085//2859 2093//2859 2092//2859
f 2085//2860 2094//2860 2093//2860
f 2085//2861 2095//2861 2094//2861
f 2085//2862 2084//2862 2095//2862
f 2085//2863 2083//2863 2084//2863
f 2096//2864 2097//2864 2062//2864
f 2096//2865 2098//2865 2097//2865
f 2096//2866 2099//2866 2098//2866
f 2096//2867 2062//2867 2033//2867
f 2100//2868 2101//2868 2102//2868
f 2103//2869 2100//2869 2104//2869
f 2105//2870 2101//2870 2100//2870
f 2105//2871 2100//2871 2103//2871
f 2105//2872 2096//2872 2101//2872
f 2106//2873 2096//2873 2105//2873
f 2107//2874 2106//2874 2108//2874
f 2109//2875 2107//2875 2110//2875
f 2109//2876 2106//2876 2107//2876
f 2109//2877 2096//2877 2106//2877
f 2111//2878 2109//2878 2112//2878
f 2111//2879 2096//2879 2109//2879
f 2113//2880 2114//2880 2115//2880
f 2113//2881 2116//2881 2114//2881
f 2113//2882 2117//2882 2116//2882
f 2113//2883 2118//2883 2117//2883
f 2113//2884 2119//2884 2118//2884
f 2113//2885 2120//2885 2119//2885
f 2113//2886 2121//2886 2120//2886
f 2113//2887 2122//2887 2121//2887
f 2113//2888 2123//2888 2122//2888
f 2113//2889 2124//2889 2123//2889
f 2113//2890 2125//2890 2124//2890
f 2113//2891 2126//2891 2125//2891
f 2113//2892 2087//2892 2126//2892
f 2113//2893 2085//2893 2087//2893
f 2127//2894 2113//2894 2115//2894
f 2128//2895 2115//2895 2129//2895
f 2128//2896 2127//2896 2115//2896
f 2130//2897 2111//2897 2131//2897
f 2130//2898 2131//2898 2132//2898
f 2130//2899 2096//2899 2111//2899
f 2133//2900 2128//2900 2129//2900
f 2134//2901 2130//2901 2135//2901
f 2134//2902 2096//2902 2130//2902
f 2136//2903 2129//2903 2137//2903
f 2136//2904 2133//2904 2129//2904
f 2138//2905 2096//2905 2134//2905
f 2139//2906 2136//2906 2137//2906
f 2140//2907 2096//2907 2138//2907
f 2141//2908 2139//2908 2137//2908
f 2142//2909 2096//2909 2140//2909
f 2143//2910 2141//2910 2137//2910
f 2143//2911 2137//2911 2144//2911
f 2145//2912 2143//2912 2144//2912
f 2146//2913 2145//2913 2144//2913
f 2147//2914 2142//2914 2148//2914
f 2147//2915 2096//2915 2142//2915
f 2149//2916 2146//2916 2144//2916
f 2149//2917 2144//2917 2150//2917
f 2151//2918 2096//2918 2147//2918
f 2152//2919 2149//2919 2150//2919
f 2153//2920 2152//2920 2150//2920
f 2154//2921 2155//2921 2099//2921
f 2154//2922 2156//2922 2155//2922
f 2154//2923 2157//2923 2156//2923
f 2154//2924 2158//2924 2157//2924
f 2154//2925 2159//2925 2158//2925
f 2154//2926 2099//2926 2096//2926
f 2154//2927 2153//2927 2150//2927
f 2154//2928 2160//2928 2159//2928
f 2154//2929 2161//2929 2160//2929
f 2154//2930 2162//2930 2161//2930
f 2154//2931 2163//2931 2162//2931
f 2154//2932 2150//2932 2163//2932
f 2164//2933 2096//2933 2151//2933
f 2165//2934 2096//2934 2164//2934
f 2166//2935 2165//2935 2167//2935
f 2166//2936 2096//2936 2165//2936
f 2168//2937 2096//2937 2166//2937
f 2169//2938 2096//2938 2168//2938
f 2170//2939 2096//2939 2169//2939
f 2171//2940 2096//2940 2170//2940
f 2172//2941 2171//2941 2173//2941
f 2174//2942 2171//2942 2172//2942
f 2175//2943 2096//2943 2171//2943
f 2175//2944 2171//2944 2174//2944
f 2176//2945 2096//2945 2175//2945
f 2177//2946 2096//2946 2176//2946
f 2177//2947 2176//2947 2178//2947
f 2177//2948 2178//2948 2179//2948
f 2180//2949 2096//2949 2177//2949
f 2181//2950 2096//2950 2180//2950
f 2181//2951 2180//2951 2182//2951
f 2181//2952 2182//2952 2183//2952
f 2184//2953 2096//2953 2181//2953
f 2185//2954 2154//2954 2096//2954
f 2186//2955 2096//2955 2184//2955
f 2186//2956 2184//2956 2187//2956
f 2188//2957 2189//2957 2185//2957
f 2190//2958 2185//2958 2096//2958
f 2190//2959 2096//2959 2186//2959
f 2190//2960 2188//2960 2185//2960
f 1932//2961 1650//2961 1933//2961
f 1933//2962 1650//2962 1889//2962
f 752//2963 1782//2963 750//2963
f 750//2964 1782//2964 1091//2964
f 808//2965 806//2965 807//2965
f 808//2966 804//2966 806//2966
f 806//2967 804//2967 805//2967
f 809//2968 811//2968 808//2968
f 810//2969 811//2969 809//2969
f 812//2970 813//2970 811//2970
f 808//2971 801//2971 804//2971
f 803//2972 801//2972 802//2972
f 804//2973 801//2973 803//2973
f 801//2974 799//2974 800//2974
f 815//2975 816//2975 814//2975
f 801//2976 798//2976 799//2976
f 801//2977 797//2977 798//2977
f 797//2978 795//2978 796//2978
f 795//2979 793//2979 794//2979
f 792//2980 790//2980 791//2980
f 793//2981 790//2981 792//2981
f 819//2982 829//2982 818//2982
f 820//2983 829//2983 819//2983
f 821//2984 829//2984 820//2984
f 822//2985 829//2985 821//2985
f 823//2986 829//2986 822//2986
f 824//2987 829//2987 823//2987
f 825//2988 829//2988 824//2988
f 826//2989 829//2989 825//2989
f 827//2990 829//2990 826//2990
f 828//2991 829//2991 827//2991
f 786//2992 784//2992 785//2992
f 787//2993 784//2993 786//2993
f 788//2994 784//2994 787//2994
f 789//2995 784//2995 788//2995
f 790//2996 784//2996 789//2996
f 832//2997 833//2997 831//2997
f 783//2998 781//2998 782//2998
f 784//2999 781//2999 783//2999
f 830//3000 835//3000 829//3000
f 831//3001 835//3001 830//3001
f 834//3002 835//3002 833//3002
f 833//3003 835//3003 831//3003
f 781//3004 779//3004 780//3004
f 781//3005 778//3005 779//3005
f 836//3006 838//3006 835//3006
f 837//3007 838//3007 836//3007
f 838//3008 839//3008 835//3008
f 777//3009 775//3009 776//3009
f 775//3010 773//3010 774//3010
f 778//3011 773//3011 777//3011
f 777//3012 773//3012 775//3012
f 839//3013 842//3013 835//3013
f 840//3014 842//3014 839//3014
f 841//3015 842//3015 840//3015
f 835//3016 845//3016 829//3016
f 811//3017 845//3017 808//3017
f 808//3018 845//3018 801//3018
f 813//3019 845//3019 811//3019
f 814//3020 845//3020 813//3020
f 817//3021 845//3021 816//3021
f 818//3022 845//3022 817//3022
f 816//3023 845//3023 814//3023
f 842//3024 845//3024 835//3024
f 801//3025 845//3025 797//3025
f 797//3026 845//3026 795//3026
f 843//3027 845//3027 842//3027
f 844//3028 845//3028 843//3028
f 829//3029 845//3029 818//3029
f 770//3030 768//3030 769//3030
f 771//3031 768//3031 770//3031
f 846//3032 848//3032 845//3032
f 847//3033 848//3033 846//3033
f 768//3034 766//3034 767//3034
f 766//3035 764//3035 765//3035
f 772//3036 764//3036 771//3036
f 771//3037 764//3037 768//3037
f 768//3038 764//3038 766//3038
f 845//3039 853//3039 795//3039
f 848//3040 853//3040 845//3040
f 795//3041 853//3041 793//3041
f 793//3042 853//3042 790//3042
f 849//3043 853//3043 848//3043
f 850//3044 853//3044 849//3044
f 851//3045 853//3045 850//3045
f 852//3046 853//3046 851//3046
f 762//3047 760//3047 761//3047
f 763//3048 760//3048 762//3048
f 854//3049 855//3049 853//3049
f 764//3050 885//3050 763//3050
f 763//3051 885//3051 760//3051
f 885//3052 883//3052 884//3052
f 885//3053 882//3053 883//3053
f 857//3054 859//3054 856//3054
f 858//3055 859//3055 857//3055
f 855//3056 860//3056 853//3056
f 859//3057 860//3057 856//3057
f 856//3058 860//3058 855//3058
f 882//3059 880//3059 881//3059
f 880//3060 878//3060 879//3060
f 885//3061 878//3061 882//3061
f 882//3062 878//3062 880//3062
f 878//3063 876//3063 877//3063
f 861//3064 865//3064 860//3064
f 862//3065 865//3065 861//3065
f 863//3066 865//3066 862//3066
f 864//3067 865//3067 863//3067
f 860//3068 866//3068 853//3068
f 790//3069 866//3069 784//3069
f 865//3070 866//3070 860//3070
f 853//3071 866//3071 790//3071
f 876//3072 874//3072 875//3072
f 874//3073 872//3073 873//3073
f 878//3074 872//3074 876//3074
f 876//3075 872//3075 874//3075
f 867//3076 869//3076 866//3076
f 868//3077 869//3077 867//3077
f 773//3078 869//3078 772//3078
f 784//3079 869//3079 781//3079
f 781//3080 869//3080 778//3080
f 866//3081 869//3081 784//3081
f 778//3082 869//3082 773//3082
f 872//3083 870//3083 871//3083
f 764//3084 870//3084 885//3084
f 885//3085 870//3085 878//3085
f 869//3086 870//3086 772//3086
f 878//3087 870//3087 872//3087
f 772//3088 870//3088 764//3088
f 2085//3089 2113//3089 1422//3089
f 1422//3090 2113//3090 1510//3090
f 2153//3091 2154//3091 1552//3091
f 2153//3092 1552//3092 1550//3092
f 2152//3093 1550//3093 1549//3093
f 2152//3094 2153//3094 1550//3094
f 2149//3095 1549//3095 1547//3095
f 2149//3096 2152//3096 1549//3096
f 2146//3097 1547//3097 1546//3097
f 2146//3098 2149//3098 1547//3098
f 2145//3099 1546//3099 1544//3099
f 2145//3100 2146//3100 1546//3100
f 2143//3101 1544//3101 1542//3101
f 2143//3102 2145//3102 1544//3102
f 2141//3103 1542//3103 1539//3103
f 2141//3104 2143//3104 1542//3104
f 2139//3105 1539//3105 1537//3105
f 2139//3106 2141//3106 1539//3106
f 2136//3107 1537//3107 1534//3107
f 2136//3108 2139//3108 1537//3108
f 2133//3109 1534//3109 1531//3109
f 2133//3110 2136//3110 1534//3110
f 2128//3111 1531//3111 1529//3111
f 2128//3112 2133//3112 1531//3112
f 2127//3113 1529//3113 1525//3113
f 2127//3114 2128//3114 1529//3114
f 2113//3115 1525//3115 1510//3115
f 2113//3116 2127//3116 1525//3116
f 2154//3117 2185//3117 1583//3117
f 2154//3118 1583//3118 1552//3118
f 2173//3119 2191//3119 2192//3119
f 2173//3120 2171//3120 2191//3120
f 2172//3121 2192//3121 2193//3121
f 2172//3122 2173//3122 2192//3122
f 2174//3123 2193//3123 2194//3123
f 2174//3124 2172//3124 2193//3124
f 2175//3125 2194//3125 2195//3125
f 2175//3126 2174//3126 2194//3126
f 2176//3127 2195//3127 2196//3127
f 2176//3128 2175//3128 2195//3128
f 2178//3129 2196//3129 2197//3129
f 2178//3130 2176//3130 2196//3130
f 2179//3131 2197//3131 2198//3131
f 2179//3132 2178//3132 2197//3132
f 2177//3133 2198//3133 2199//3133
f 2177//3134 2179//3134 2198//3134
f 2180//3135 2199//3135 2200//3135
f 2180//3136 2177//3136 2199//3136
f 2182//3137 2200//3137 2201//3137
f 2182//3138 2180//3138 2200//3138
f 2183//3139 2201//3139 2202//3139
f 2183//3140 2182//3140 2201//3140
f 2181//3141 2183//3141 2202//3141
f 2181//3142 2202//3142 2203//3142
f 2184//3143 2203//3143 2204//3143
f 2184//3144 2181//3144 2203//3144
f 2187//3145 2184//3145 2204//3145
f 2187//3146 2204//3146 2205//3146
f 2186//3147 2205//3147 2206//3147
f 2186//3148 2187//3148 2205//3148
f 2190//3149 2206//3149 2207//3149
f 2190//3150 2186//3150 2206//3150
f 2188//3151 2207//3151 2208//3151
f 2188//3152 2190//3152 2207//3152
f 2189//3153 2208//3153 2209//3153
f 2189//3154 2188//3154 2208//3154
f 1583//3155 2209//3155 2210//3155
f 1583//3156 2189//3156 2209//3156
f 2185//3157 2189//3157 1583//3157
f 1584//3158 2210//3158 2211//3158
f 1584//3159 1583//3159 2210//3159
f 1570//3160 2211//3160 2212//3160
f 1570//3161 1584//3161 2211//3161
f 1569//3162 2212//3162 2213//3162
f 1569//3163 1570//3163 2212//3163
f 1568//3164 1569//3164 2213//3164
f 1568//3165 2213//3165 2214//3165
f 1567//3166 1568//3166 2214//3166
f 1567//3167 2214//3167 2215//3167
f 1566//3168 1567//3168 2215//3168
f 1566//3169 2215//3169 2216//3169
f 1565//3170 1566//3170 2216//3170
f 1565//3171 2216//3171 2217//3171
f 1564//3172 1565//3172 2217//3172
f 1564//3173 2217//3173 2218//3173
f 1563//3174 1564//3174 2218//3174
f 1563//3175 2218//3175 2219//3175
f 1562//3176 1563//3176 2219//3176
f 1562//3177 2219//3177 2220//3177
f 1561//3178 1562//3178 2220//3178
f 1561//3179 2220//3179 2221//3179
f 1560//3180 1561//3180 2221//3180
f 1560//3181 2221//3181 2222//3181
f 1559//3182 1560//3182 2222//3182
f 1559//3183 2222//3183 2223//3183
f 1558//3184 2223//3184 2224//3184
f 1558//3185 1559//3185 2223//3185
f 1557//3186 2224//3186 2225//3186
f 1557//3187 1558//3187 2224//3187
f 1556//3188 2225//3188 2226//3188
f 1556//3189 1557//3189 2225//3189
f 1555//3190 2226//3190 2227//3190
f 1555//3191 1556//3191 2226//3191
f 1554//3192 1555//3192 2227//3192
f 1554//3193 2227//3193 2228//3193
f 1553//3194 1554//3194 2228//3194
f 1553//3195 2228//3195 2229//3195
f 1551//3196 1553//3196 2229//3196
f 1551//3197 2229//3197 2230//3197
f 1548//3198 1551//3198 2230//3198
f 1548//3199 2230//3199 2231//3199
f 1545//3200 1548//3200 2231//3200
f 1545//3201 2231//3201 2232//3201
f 1543//3202 1545//3202 2232//3202
f 1543//3203 2232//3203 2233//3203
f 1540//3204 1543//3204 2233//3204
f 1540//3205 2233//3205 2234//3205
f 1538//3206 1540//3206 2234//3206
f 1538//3207 2234//3207 2235//3207
f 1535//3208 1538//3208 2235//3208
f 1535//3209 2235//3209 2236//3209
f 1533//3210 1535//3210 2236//3210
f 1533//3211 2236//3211 2237//3211
f 1530//3212 1533//3212 2237//3212
f 1530//3213 2237//3213 2238//3213
f 1528//3214 1530//3214 2238//3214
f 1528//3215 2238//3215 2239//3215
f 1526//3216 1528//3216 2239//3216
f 1526//3217 2239//3217 2240//3217
f 1523//3218 1526//3218 2240//3218
f 1523//3219 2240//3219 2241//3219
f 1508//3220 1523//3220 2241//3220
f 1508//3221 2241//3221 2242//3221
f 1507//3222 1508//3222 2242//3222
f 1507//3223 2242//3223 2243//3223
f 1505//3224 2243//3224 2244//3224
f 1505//3225 1507//3225 2243//3225
f 1503//3226 2244//3226 2245//3226
f 1503//3227 1505//3227 2244//3227
f 1502//3228 2245//3228 2246//3228
f 1502//3229 1503//3229 2245//3229
f 1500//3230 2246//3230 2247//3230
f 1500//3231 1502//3231 2246//3231
f 1499//3232 2247//3232 2248//3232
f 1499//3233 1500//3233 2247//3233
f 1497//3234 2248//3234 2249//3234
f 1497//3235 1499//3235 2248//3235
f 1495//3236 2249//3236 2250//3236
f 1495//3237 1497//3237 2249//3237
f 1494//3238 2250//3238 2251//3238
f 1494//3239 1495//3239 2250//3239
f 1492//3240 2251//3240 2252//3240
f 1492//3241 1494//3241 2251//3241
f 1490//3242 1492//3242 2252//3242
f 1490//3243 2252//3243 2253//3243
f 1489//3244 1490//3244 2253//3244
f 1489//3245 2253//3245 2254//3245
f 1487//3246 1489//3246 2254//3246
f 1487//3247 2254//3247 2255//3247
f 1486//3248 1487//3248 2255//3248
f 1486//3249 2255//3249 2256//3249
f 1485//3250 1486//3250 2256//3250
f 1485//3251 2256//3251 2257//3251
f 1482//3252 1485//3252 2257//3252
f 1482//3253 2257//3253 2258//3253
f 1481//3254 1482//3254 2258//3254
f 1481//3255 2258//3255 2259//3255
f 1480//3256 1481//3256 2259//3256
f 1480//3257 2259//3257 2260//3257
f 1478//3258 1480//3258 2260//3258
f 1478//3259 2260//3259 2261//3259
f 1476//3260 1478//3260 2261//3260
f 1476//3261 2261//3261 2262//3261
f 1475//3262 1476//3262 2262//3262
f 1475//3263 2262//3263 2263//3263
f 1471//3264 2263//3264 2264//3264
f 1471//3265 1475//3265 2263//3265
f 1469//3266 1471//3266 2264//3266
f 1469//3267 2264//3267 2265//3267
f 1466//3268 2265//3268 2266//3268
f 1466//3269 1469//3269 2265//3269
f 1463//3270 2266//3270 2267//3270
f 1463//3271 1466//3271 2266//3271
f 1460//3272 2267//3272 2268//3272
f 1460//3273 1463//3273 2267//3273
f 1457//3274 2268//3274 2269//3274
f 1457//3275 1460//3275 2268//3275
f 1453//3276 2269//3276 2270//3276
f 1453//3277 1457//3277 2269//3277
f 1455//3278 2270//3278 2271//3278
f 1455//3279 1453//3279 2270//3279
f 1458//3280 2271//3280 2272//3280
f 1458//3281 1455//3281 2271//3281
f 1462//3282 2272//3282 2273//3282
f 1462//3283 1458//3283 2272//3283
f 1465//3284 2273//3284 2274//3284
f 1465//3285 1462//3285 2273//3285
f 1468//3286 2274//3286 2275//3286
f 1468//3287 1465//3287 2274//3287
f 1470//3288 2275//3288 2276//3288
f 1470//3289 1468//3289 2275//3289
f 1473//3290 1470//3290 2276//3290
f 1473//3291 2276//3291 2277//3291
f 1582//3292 1473//3292 2277//3292
f 1582//3293 2277//3293 2278//3293
f 1581//3294 1582//3294 2278//3294
f 1581//3295 2278//3295 2279//3295
f 1580//3296 1581//3296 2279//3296
f 1580//3297 2279//3297 2280//3297
f 1579//3298 1580//3298 2280//3298
f 1579//3299 2280//3299 2281//3299
f 1578//3300 1579//3300 2281//3300
f 1578//3301 2281//3301 2282//3301
f 1577//3302 1578//3302 2282//3302
f 1577//3303 2282//3303 2283//3303
f 1576//3304 2283//3304 2284//3304
f 1576//3305 1577//3305 2283//3305
f 1575//3306 2284//3306 2285//3306
f 1575//3307 1576//3307 2284//3307
f 1574//3308 2285//3308 2286//3308
f 1574//3309 1575//3309 2285//3309
f 2101//3310 2286//3310 2287//3310
f 2101//3311 1574//3311 2286//3311
f 2101//3312 2096//3312 1574//3312
f 2102//3313 2287//3313 2288//3313
f 2102//3314 2101//3314 2287//3314
f 2100//3315 2288//3315 2289//3315
f 2100//3316 2102//3316 2288//3316
f 2104//3317 2289//3317 2290//3317
f 2104//3318 2100//3318 2289//3318
f 2103//3319 2290//3319 2291//3319
f 2103//3320 2104//3320 2290//3320
f 2105//3321 2291//3321 2292//3321
f 2105//3322 2103//3322 2291//3322
f 2106//3323 2292//3323 2293//3323
f 2106//3324 2105//3324 2292//3324
f 2108//3325 2293//3325 2294//3325
f 2108//3326 2106//3326 2293//3326
f 2107//3327 2294//3327 2295//3327
f 2107//3328 2108//3328 2294//3328
f 2110//3329 2295//3329 2296//3329
f 2110//3330 2107//3330 2295//3330
f 2109//3331 2296//3331 2297//3331
f 2109//3332 2110//3332 2296//3332
f 2112//3333 2297//3333 2298//3333
f 2112//3334 2109//3334 2297//3334
f 2111//3335 2298//3335 2299//3335
f 2111//3336 2112//3336 2298//3336
f 2131//3337 2299//3337 2300//3337
f 2131//3338 2111//3338 2299//3338
f 2132//3339 2300//3339 2301//3339
f 2132//3340 2131//3340 2300//3340
f 2130//3341 2132//3341 2301//3341
f 2130//3342 2301//3342 2302//3342
f 2135//3343 2130//3343 2302//3343
f 2135//3344 2302//3344 2303//3344
f 2134//3345 2303//3345 2304//3345
f 2134//3346 2135//3346 2303//3346
f 2138//3347 2304//3347 2305//3347
f 2138//3348 2134//3348 2304//3348
f 2140//3349 2305//3349 2306//3349
f 2140//3350 2138//3350 2305//3350
f 2142//3351 2306//3351 2307//3351
f 2142//3352 2140//3352 2306//3352
f 2148//3353 2307//3353 2308//3353
f 2148//3354 2142//3354 2307//3354
f 2147//3355 2308//3355 2309//3355
f 2147//3356 2148//3356 2308//3356
f 2151//3357 2309//3357 2310//3357
f 2151//3358 2147//3358 2309//3358
f 2164//3359 2310//3359 2311//3359
f 2164//3360 2151//3360 2310//3360
f 2165//3361 2311//3361 2312//3361
f 2165//3362 2164//3362 2311//3362
f 2167//3363 2312//3363 2313//3363
f 2167//3364 2165//3364 2312//3364
f 2166//3365 2313//3365 2314//3365
f 2166//3366 2167//3366 2313//3366
f 2168//3367 2166//3367 2314//3367
f 2168//3368 2314//3368 2315//3368
f 2169//3369 2168//3369 2315//3369
f 2169//3370 2315//3370 2316//3370
f 2170//3371 2169//3371 2316//3371
f 2170//3372 2316//3372 2191//3372
f 2171//3373 2170//3373 2191//3373
f 2096//3374 2033//3374 1574//3374
f 1574//3375 2033//3375 1365//3375
f 2033//3376 2029//3376 1365//3376
f 1365//3377 2029//3377 1361//3377
f 1361//3378 2022//3378 1354//3378
f 2029//3379 2022//3379 1361//3379
f 1354//3380 2018//3380 1350//3380
f 2022//3381 2018//3381 1354//3381
f 1350//3382 2014//3382 1346//3382
f 2018//3383 2014//3383 1350//3383
f 1346//3384 2007//3384 1339//3384
f 2014//3385 2007//3385 1346//3385
f 1339//3386 2003//3386 1335//3386
f 2007//3387 2003//3387 1339//3387
f 1335//3388 1996//3388 1328//3388
f 2003//3389 1996//3389 1335//3389
f 1328//3390 1992//3390 1324//3390
f 1996//3391 1992//3391 1328//3391
f 1992//3392 1988//3392 1324//3392
f 1324//3393 1988//3393 1320//3393
f 1320//3394 1983//3394 1315//3394
f 1988//3395 1983//3395 1320//3395
f 1315//3396 1980//3396 1312//3396
f 1983//3397 1980//3397 1315//3397
f 1312//3398 1977//3398 1309//3398
f 1980//3399 1977//3399 1312//3399
f 1309//3400 1972//3400 1304//3400
f 1977//3401 1972//3401 1309//3401
f 1304//3402 1969//3402 1301//3402
f 1972//3403 1969//3403 1304//3403
f 1301//3404 1966//3404 1298//3404
f 1969//3405 1966//3405 1301//3405
f 1298//3406 1963//3406 1295//3406
f 1966//3407 1963//3407 1298//3407
f 1295//3408 1958//3408 1290//3408
f 1963//3409 1958//3409 1295//3409
f 1290//3410 1955//3410 1287//3410
f 1287//3411 1955//3411 1284//3411
f 1958//3412 1955//3412 1290//3412
f 1955//3413 1952//3413 1284//3413
f 1284//3414 1949//3414 1281//3414
f 1952//3415 1949//3415 1284//3415
f 1281//3416 1945//3416 1276//3416
f 1949//3417 1945//3417 1281//3417
f 1276//3418 1947//3418 1279//3418
f 1279//3419 1947//3419 1268//3419
f 1945//3420 1947//3420 1276//3420
f 1947//3421 1936//3421 1268//3421
f 1936//3422 1935//3422 1268//3422
f 1268//3423 1935//3423 1267//3423
f 1267//3424 1935//3424 1269//3424
f 1269//3425 1937//3425 1270//3425
f 1935//3426 1937//3426 1269//3426
f 1937//3427 1938//3427 1270//3427
f 1270//3428 1939//3428 1271//3428
f 1938//3429 1939//3429 1270//3429
f 1271//3430 1940//3430 1272//3430
f 1939//3431 1940//3431 1271//3431
f 1272//3432 1941//3432 1273//3432
f 1273//3433 1941//3433 1274//3433
f 1940//3434 1941//3434 1272//3434
f 1941//3435 1942//3435 1274//3435
f 1274//3436 1943//3436 1275//3436
f 1942//3437 1943//3437 1274//3437
f 1275//3438 1934//3438 1266//3438
f 1943//3439 1934//3439 1275//3439
f 1934//3440 1933//3440 1266//3440
f 1266//3441 1933//3441 1264//3441
f 1933//3442 1889//3442 1264//3442
f 1264//3443 1889//3443 1217//3443
f 1217//3444 1887//3444 1215//3444
f 1889//3445 1887//3445 1217//3445
f 1215//3446 1884//3446 1212//3446
f 1887//3447 1884//3447 1215//3447
f 1212//3448 1881//3448 1209//3448
f 1884//3449 1881//3449 1212//3449
f 1209//3450 1878//3450 1206//3450
f 1881//3451 1878//3451 1209//3451
f 1206//3452 1875//3452 1203//3452
f 1878//3453 1875//3453 1206//3453
f 1203//3454 1872//3454 1200//3454
f 1875//3455 1872//3455 1203//3455
f 1200//3456 1869//3456 1197//3456
f 1872//3457 1869//3457 1200//3457
f 1869//3458 1864//3458 1197//3458
f 1197//3459 1864//3459 1192//3459
f 1192//3460 1859//3460 1187//3460
f 1864//3461 1859//3461 1192//3461
f 1187//3462 1855//3462 1183//3462
f 1859//3463 1855//3463 1187//3463
f 1183//3464 1849//3464 1177//3464
f 1855//3465 1849//3465 1183//3465
f 1177//3466 1845//3466 1173//3466
f 1849//3467 1845//3467 1177//3467
f 1173//3468 1840//3468 1169//3468
f 1845//3469 1840//3469 1173//3469
f 1169//3470 1832//3470 1164//3470
f 1840//3471 1832//3471 1169//3471
f 1164//3472 1829//3472 1158//3472
f 1832//3473 1829//3473 1164//3473
f 1158//3474 1835//3474 1161//3474
f 1829//3475 1835//3475 1158//3475
f 1161//3476 1838//3476 1166//3476
f 1835//3477 1838//3477 1161//3477
f 1166//3478 1842//3478 1170//3478
f 1170//3479 1842//3479 1175//3479
f 1838//3480 1842//3480 1166//3480
f 1842//3481 1847//3481 1175//3481
f 1175//3482 1852//3482 1180//3482
f 1847//3483 1852//3483 1175//3483
f 1180//3484 1857//3484 1185//3484
f 1852//3485 1857//3485 1180//3485
f 1185//3486 1861//3486 1189//3486
f 1857//3487 1861//3487 1185//3487
f 1189//3488 1867//3488 1195//3488
f 1195//3489 1867//3489 1199//3489
f 1861//3490 1867//3490 1189//3490
f 1867//3491 1871//3491 1199//3491
f 1199//3492 1874//3492 1202//3492
f 1871//3493 1874//3493 1199//3493
f 1202//3494 1877//3494 1205//3494
f 1874//3495 1877//3495 1202//3495
f 1205//3496 1880//3496 1208//3496
f 1208//3497 1880//3497 1211//3497
f 1877//3498 1880//3498 1205//3498
f 1880//3499 1883//3499 1211//3499
f 1211//3500 1886//3500 1214//3500
f 1214//3501 1886//3501 1216//3501
f 1883//3502 1886//3502 1211//3502
f 1886//3503 1888//3503 1216//3503
f 1216//3504 1585//3504 1218//3504
f 1888//3505 1585//3505 1216//3505
f 1688//3506 1674//3506 974//3506
f 1688//3507 974//3507 1028//3507
f 1689//3508 1028//3508 1030//3508
f 1689//3509 1688//3509 1028//3509
f 1691//3510 1030//3510 1031//3510
f 1691//3511 1689//3511 1030//3511
f 1692//3512 1031//3512 1032//3512
f 1692//3513 1691//3513 1031//3513
f 1693//3514 1032//3514 1033//3514
f 1693//3515 1692//3515 1032//3515
f 1695//3516 1033//3516 1034//3516
f 1695//3517 1693//3517 1033//3517
f 1696//3518 1034//3518 1035//3518
f 1696//3519 1695//3519 1034//3519
f 1698//3520 1035//3520 1036//3520
f 1698//3521 1696//3521 1035//3521
f 1699//3522 1036//3522 1037//3522
f 1699//3523 1698//3523 1036//3523
f 1700//3524 1037//3524 1038//3524
f 1700//3525 1699//3525 1037//3525
f 1701//3526 1038//3526 1039//3526
f 1701//3527 1700//3527 1038//3527
f 1703//3528 1701//3528 1039//3528
f 1703//3529 1039//3529 1040//3529
f 1704//3530 1703//3530 1040//3530
f 1704//3531 1040//3531 1041//3531
f 1705//3532 1704//3532 1041//3532
f 1705//3533 1041//3533 1042//3533
f 1732//3534 1705//3534 1042//3534
f 1732//3535 1042//3535 1043//3535
f 1748//3536 1732//3536 1043//3536
f 1748//3537 1043//3537 1044//3537
f 1758//3538 1044//3538 1072//3538
f 1758//3539 1748//3539 1044//3539
f 1775//3540 1758//3540 1072//3540
f 1775//3541 1072//3541 1086//3541
f 1777//3542 1086//3542 1087//3542
f 1777//3543 1775//3543 1086//3543
f 1778//3544 1087//3544 1088//3544
f 1778//3545 1777//3545 1087//3545
f 1779//3546 1088//3546 1089//3546
f 1779//3547 1778//3547 1088//3547
f 1780//3548 1089//3548 1090//3548
f 1780//3549 1090//3549 1091//3549
f 1780//3550 1779//3550 1089//3550
f 1782//3551 1780//3551 1091//3551
f 1674//3552 1648//3552 948//3552
f 1674//3553 948//3553 974//3553
f 1646//3554 1650//3554 950//3554
f 1646//3555 950//3555 946//3555
f 1642//3556 946//3556 942//3556
f 1642//3557 1646//3557 946//3557
f 1638//3558 942//3558 938//3558
f 1638//3559 1642//3559 942//3559
f 1634//3560 938//3560 933//3560
f 1634//3561 1638//3561 938//3561
f 1630//3562 933//3562 929//3562
f 1630//3563 1634//3563 933//3563
f 1626//3564 929//3564 925//3564
f 1626//3565 1630//3565 929//3565
f 1622//3566 925//3566 921//3566
f 1622//3567 1626//3567 925//3567
f 1618//3568 921//3568 917//3568
f 1618//3569 1622//3569 921//3569
f 1614//3570 1618//3570 917//3570
f 1614//3571 917//3571 914//3571
f 1610//3572 914//3572 910//3572
f 1610//3573 1614//3573 914//3573
f 1606//3574 910//3574 906//3574
f 1606//3575 1610//3575 910//3575
f 1602//3576 906//3576 902//3576
f 1602//3577 1606//3577 906//3577
f 1598//3578 902//3578 898//3578
f 1598//3579 1602//3579 902//3579
f 1594//3580 898//3580 894//3580
f 1594//3581 1598//3581 898//3581
f 1590//3582 894//3582 890//3582
f 1590//3583 1594//3583 894//3583
f 1587//3584 890//3584 886//3584
f 1587//3585 1590//3585 890//3585
f 1588//3586 886//3586 888//3586
f 1588//3587 1587//3587 886//3587
f 1592//3588 888//3588 892//3588
f 1592//3589 1588//3589 888//3589
f 1596//3590 892//3590 896//3590
f 1596//3591 896//3591 900//3591
f 1596//3592 1592//3592 892//3592
f 1600//3593 1596//3593 900//3593
f 1604//3594 900//3594 904//3594
f 1604//3595 1600//3595 900//3595
f 1608//3596 904//3596 908//3596
f 1608//3597 1604//3597 904//3597
f 1612//3598 908//3598 912//3598
f 1612//3599 1608//3599 908//3599
f 1616//3600 912//3600 916//3600
f 1616//3601 916//3601 920//3601
f 1616//3602 1612//3602 912//3602
f 1620//3603 1616//3603 920//3603
f 1624//3604 920//3604 924//3604
f 1624//3605 1620//3605 920//3605
f 1628//3606 924//3606 928//3606
f 1628//3607 1624//3607 924//3607
f 1632//3608 928//3608 932//3608
f 1632//3609 932//3609 936//3609
f 1632//3610 1628//3610 928//3610
f 1636//3611 1632//3611 936//3611
f 1640//3612 936//3612 940//3612
f 1640//3613 940//3613 944//3613
f 1640//3614 1636//3614 936//3614
f 1644//3615 1640//3615 944//3615
f 1648//3616 944//3616 948//3616
f 1648//3617 1644//3617 944//3617
f 1650//3618 1932//3618 1265//3618
f 1650//3619 1265//3619 950//3619
f 2083//3620 2085//3620 1422//3620
f 2083//3621 1422//3621 1420//3621
f 2081//3622 1420//3622 1418//3622
f 2081//3623 2083//3623 1420//3623
f 2079//3624 1418//3624 1416//3624
f 2079//3625 2081//3625 1418//3625
f 2077//3626 1416//3626 1414//3626
f 2077//3627 2079//3627 1416//3627
f 2075//3628 1414//3628 1412//3628
f 2075//3629 2077//3629 1414//3629
f 2073//3630 1412//3630 1410//3630
f 2073//3631 2075//3631 1412//3631
f 2071//3632 1410//3632 1408//3632
f 2071//3633 2073//3633 1410//3633
f 2069//3634 1408//3634 1406//3634
f 2069//3635 2071//3635 1408//3635
f 2067//3636 2069//3636 1406//3636
f 2067//3637 1406//3637 1404//3637
f 2065//3638 1404//3638 1402//3638
f 2065//3639 2067//3639 1404//3639
f 2063//3640 1402//3640 1400//3640
f 2063//3641 2065//3641 1402//3641
f 2059//3642 1400//3642 1397//3642
f 2059//3643 2063//3643 1400//3643
f 2056//3644 1397//3644 1392//3644
f 2056//3645 2059//3645 1397//3645
f 2052//3646 1392//3646 1387//3646
f 2052//3647 2056//3647 1392//3647
f 2048//3648 1387//3648 1382//3648
f 2048//3649 2052//3649 1387//3649
f 2045//3650 1382//3650 1373//3650
f 2045//3651 2048//3651 1382//3651
f 2041//3652 1373//3652 1371//3652
f 2041//3653 2045//3653 1373//3653
f 2038//3654 1371//3654 1368//3654
f 2038//3655 1368//3655 1367//3655
f 2038//3656 2041//3656 1371//3656
f 2035//3657 2038//3657 1367//3657
f 2031//3658 1367//3658 1362//3658
f 2031//3659 2035//3659 1367//3659
f 2027//3660 1362//3660 1358//3660
f 2027//3661 2031//3661 1362//3661
f 2024//3662 1358//3662 1356//3662
f 2024//3663 1356//3663 1351//3663
f 2024//3664 2027//3664 1358//3664
f 2020//3665 2024//3665 1351//3665
f 2016//3666 2020//3666 1351//3666
f 2016//3667 1351//3667 1347//3667
f 2016//3668 1347//3668 1344//3668
f 2012//3669 1344//3669 1341//3669
f 2012//3670 2016//3670 1344//3670
f 2009//3671 2012//3671 1341//3671
f 2005//3672 1341//3672 1336//3672
f 2005//3673 2009//3673 1341//3673
f 2001//3674 1336//3674 1332//3674
f 2001//3675 2005//3675 1336//3675
f 1998//3676 1332//3676 1329//3676
f 1998//3677 1329//3677 1326//3677
f 1998//3678 2001//3678 1332//3678
f 1994//3679 1998//3679 1326//3679
f 1990//3680 1326//3680 1322//3680
f 1990//3681 1994//3681 1326//3681
f 1932//3682 1322//3682 1265//3682
f 1932//3683 1990//3683 1322//3683
f 1784//3684 1783//3684 1046//3684
f 1046//3685 1783//3685 1045//3685
f 1045//3686 1785//3686 1047//3686
f 1783//3687 1785//3687 1045//3687
f 1047//3688 1786//3688 1048//3688
f 1785//3689 1786//3689 1047//3689
f 1048//3690 1792//3690 1049//3690
f 1786//3691 1792//3691 1048//3691
f 1049//3692 1793//3692 1050//3692
f 1792//3693 1793//3693 1049//3693
f 1050//3694 1794//3694 1051//3694
f 1051//3695 1794//3695 1052//3695
f 1793//3696 1794//3696 1050//3696
f 1794//3697 1795//3697 1052//3697
f 1052//3698 1796//3698 1053//3698
f 1795//3699 1796//3699 1052//3699
f 1053//3700 1797//3700 1054//3700
f 1796//3701 1797//3701 1053//3701
f 1054//3702 1798//3702 1097//3702
f 1797//3703 1798//3703 1054//3703
f 1798//3704 1799//3704 1097//3704
f 1097//3705 1799//3705 1098//3705
f 1799//3706 1800//3706 1098//3706
f 1098//3707 1800//3707 1099//3707
f 1800//3708 1801//3708 1099//3708
f 1099//3709 1801//3709 1100//3709
f 1801//3710 1802//3710 1100//3710
f 1100//3711 1802//3711 1101//3711
f 1101//3712 1803//3712 1102//3712
f 1802//3713 1803//3713 1101//3713
f 1102//3714 1804//3714 1103//3714
f 1803//3715 1804//3715 1102//3715
f 1103//3716 1805//3716 1104//3716
f 1804//3717 1805//3717 1103//3717
f 1104//3718 1764//3718 1105//3718
f 1805//3719 1764//3719 1104//3719
f 1105//3720 1763//3720 1106//3720
f 1106//3721 1763//3721 1107//3721
f 1764//3722 1763//3722 1105//3722
f 1107//3723 1765//3723 1079//3723
f 1763//3724 1765//3724 1107//3724
f 1765//3725 1766//3725 1079//3725
f 1079//3726 1767//3726 1077//3726
f 1766//3727 1767//3727 1079//3727
f 1077//3728 1768//3728 1080//3728
f 1767//3729 1768//3729 1077//3729
f 1080//3730 1769//3730 1081//3730
f 1768//3731 1769//3731 1080//3731
f 1081//3732 1770//3732 1082//3732
f 1769//3733 1770//3733 1081//3733
f 1082//3734 1771//3734 1083//3734
f 1770//3735 1771//3735 1082//3735
f 1083//3736 1772//3736 1084//3736
f 1771//3737 1772//3737 1083//3737
f 1084//3738 1773//3738 1085//3738
f 1772//3739 1773//3739 1084//3739
f 1085//3740 1760//3740 1074//3740
f 1773//3741 1760//3741 1085//3741
f 1074//3742 1756//3742 1070//3742
f 1760//3743 1756//3743 1074//3743
f 1070//3744 1753//3744 1067//3744
f 1756//3745 1753//3745 1070//3745
f 1067//3746 1750//3746 1064//3746
f 1064//3747 1750//3747 1026//3747
f 1753//3748 1750//3748 1067//3748
f 1750//3749 1746//3749 1026//3749
f 1026//3750 1741//3750 1021//3750
f 1746//3751 1741//3751 1026//3751
f 1021//3752 1738//3752 1018//3752
f 1741//3753 1738//3753 1021//3753
f 1018//3754 1734//3754 1014//3754
f 1738//3755 1734//3755 1018//3755
f 1014//3756 1729//3756 1010//3756
f 1734//3757 1729//3757 1014//3757
f 1729//3758 1726//3758 1010//3758
f 1010//3759 1726//3759 1007//3759
f 1726//3760 1722//3760 1007//3760
f 1007//3761 1722//3761 1003//3761
f 1722//3762 1717//3762 1003//3762
f 1003//3763 1717//3763 998//3763
f 1717//3764 1713//3764 998//3764
f 998//3765 1713//3765 994//3765
f 994//3766 1713//3766 990//3766
f 1713//3767 1709//3767 990//3767
f 1709//3768 1708//3768 990//3768
f 990//3769 1708//3769 988//3769
f 1708//3770 1711//3770 988//3770
f 988//3771 1711//3771 991//3771
f 1711//3772 1715//3772 991//3772
f 991//3773 1715//3773 995//3773
f 1715//3774 1720//3774 995//3774
f 995//3775 1720//3775 1000//3775
f 1720//3776 1724//3776 1000//3776
f 1000//3777 1724//3777 1004//3777
f 1004//3778 1731//3778 1011//3778
f 1724//3779 1731//3779 1004//3779
f 1011//3780 1736//3780 1015//3780
f 1731//3781 1736//3781 1011//3781
f 1015//3782 1673//3782 973//3782
f 1736//3783 1673//3783 1015//3783
f 973//3784 1672//3784 972//3784
f 1673//3785 1672//3785 973//3785
f 972//3786 1671//3786 971//3786
f 1672//3787 1671//3787 972//3787
f 971//3788 1670//3788 970//3788
f 1671//3789 1670//3789 971//3789
f 970//3790 1668//3790 968//3790
f 1670//3791 1668//3791 970//3791
f 968//3792 1666//3792 966//3792
f 1668//3793 1666//3793 968//3793
f 966//3794 1664//3794 964//3794
f 1666//3795 1664//3795 966//3795
f 964//3796 1662//3796 962//3796
f 1664//3797 1662//3797 964//3797
f 962//3798 1660//3798 960//3798
f 1662//3799 1660//3799 962//3799
f 960//3800 1658//3800 958//3800
f 1660//3801 1658//3801 960//3801
f 958//3802 1656//3802 956//3802
f 1658//3803 1656//3803 958//3803
f 956//3804 1654//3804 954//3804
f 1656//3805 1654//3805 956//3805
f 1654//3806 1652//3806 954//3806
f 954//3807 1652//3807 952//3807
f 1652//3808 1649//3808 952//3808
f 952//3809 1649//3809 949//3809
f 1649//3810 1645//3810 949//3810
f 949//3811 1645//3811 945//3811
f 1645//3812 1641//3812 945//3812
f 945//3813 1641//3813 941//3813
f 1641//3814 1637//3814 941//3814
f 941//3815 1637//3815 937//3815
f 1637//3816 1633//3816 937//3816
f 937//3817 1633//3817 934//3817
f 1633//3818 1629//3818 934//3818
f 934//3819 1629//3819 930//3819
f 1629//3820 1625//3820 930//3820
f 930//3821 1625//3821 926//3821
f 1625//3822 1621//3822 926//3822
f 926//3823 1621//3823 922//3823
f 1621//3824 1617//3824 922//3824
f 922//3825 1617//3825 918//3825
f 1617//3826 1613//3826 918//3826
f 918//3827 1613//3827 913//3827
f 1613//3828 1609//3828 913//3828
f 913//3829 1609//3829 909//3829
f 909//3830 1609//3830 905//3830
f 1609//3831 1605//3831 905//3831
f 1605//3832 1601//3832 905//3832
f 905//3833 1601//3833 901//3833
f 1601//3834 1597//3834 901//3834
f 901//3835 1597//3835 897//3835
f 1597//3836 1593//3836 897//3836
f 897//3837 1593//3837 893//3837
f 1593//3838 1589//3838 893//3838
f 893//3839 1589//3839 889//3839
f 1589//3840 1586//3840 889//3840
f 889//3841 1586//3841 887//3841
f 1586//3842 1591//3842 887//3842
f 887//3843 1591//3843 891//3843
f 1591//3844 1595//3844 891//3844
f 891//3845 1595//3845 895//3845
f 1595//3846 1599//3846 895//3846
f 895//3847 1599//3847 899//3847
f 899//3848 1603//3848 903//3848
f 1599//3849 1603//3849 899//3849
f 903//3850 1607//3850 907//3850
f 1603//3851 1607//3851 903//3851
f 907//3852 1611//3852 911//3852
f 1607//3853 1611//3853 907//3853
f 911//3854 1615//3854 915//3854
f 1611//3855 1615//3855 911//3855
f 915//3856 1619//3856 919//3856
f 1615//3857 1619//3857 915//3857
f 1619//3858 1623//3858 919//3858
f 919//3859 1623//3859 923//3859
f 1623//3860 1627//3860 923//3860
f 923//3861 1627//3861 927//3861
f 1627//3862 1631//3862 927//3862
f 927//3863 1631//3863 931//3863
f 1631//3864 1635//3864 931//3864
f 931//3865 1635//3865 935//3865
f 1635//3866 1639//3866 935//3866
f 935//3867 1639//3867 939//3867
f 1639//3868 1643//3868 939//3868
f 939//3869 1643//3869 943//3869
f 1643//3870 1647//3870 943//3870
f 943//3871 1647//3871 947//3871
f 1647//3872 1651//3872 947//3872
f 947//3873 1651//3873 951//3873
f 1651//3874 1653//3874 951//3874
f 951//3875 1653//3875 953//3875
f 1653//3876 1655//3876 953//3876
f 953//3877 1655//3877 955//3877
f 1655//3878 1657//3878 955//3878
f 955//3879 1657//3879 957//3879
f 1657//3880 1659//3880 957//3880
f 957//3881 1659//3881 959//3881
f 959//3882 1661//3882 961//3882
f 1659//3883 1661//3883 959//3883
f 961//3884 1663//3884 963//3884
f 1661//3885 1663//3885 961//3885
f 963//3886 1665//3886 965//3886
f 1663//3887 1665//3887 963//3887
f 965//3888 1667//3888 967//3888
f 1665//3889 1667//3889 965//3889
f 967//3890 1669//3890 969//3890
f 1667//3891 1669//3891 967//3891
f 969//3892 1675//3892 975//3892
f 1669//3893 1675//3893 969//3893
f 975//3894 1676//3894 976//3894
f 1675//3895 1676//3895 975//3895
f 976//3896 1677//3896 977//3896
f 1676//3897 1677//3897 976//3897
f 977//3898 1678//3898 978//3898
f 1677//3899 1678//3899 977//3899
f 978//3900 1679//3900 979//3900
f 1678//3901 1679//3901 978//3901
f 979//3902 1680//3902 980//3902
f 1679//3903 1680//3903 979//3903
f 980//3904 1681//3904 981//3904
f 1680//3905 1681//3905 980//3905
f 981//3906 1682//3906 982//3906
f 1681//3907 1682//3907 981//3907
f 1682//3908 1683//3908 982//3908
f 982//3909 1683//3909 983//3909
f 1683//3910 1684//3910 983//3910
f 983//3911 1684//3911 984//3911
f 1684//3912 1685//3912 984//3912
f 984//3913 1685//3913 985//3913
f 1685//3914 1686//3914 985//3914
f 985//3915 1686//3915 986//3915
f 986//3916 1687//3916 987//3916
f 1686//3917 1687//3917 986//3917
f 987//3918 1690//3918 1055//3918
f 1687//3919 1690//3919 987//3919
f 1055//3920 1694//3920 1056//3920
f 1690//3921 1694//3921 1055//3921
f 1056//3922 1697//3922 1057//3922
f 1694//3923 1697//3923 1056//3923
f 1057//3924 1702//3924 1058//3924
f 1697//3925 1702//3925 1057//3925
f 1058//3926 1706//3926 1059//3926
f 1702//3927 1706//3927 1058//3927
f 1059//3928 1776//3928 1060//3928
f 1706//3929 1776//3929 1059//3929
f 1060//3930 1781//3930 1061//3930
f 1776//3931 1781//3931 1060//3931
f 1061//3932 1787//3932 1062//3932
f 1781//3933 1787//3933 1061//3933
f 1062//3934 1784//3934 1046//3934
f 1787//3935 1784//3935 1062//3935
f 1095//3936 1029//3936 2317//3936
f 1095//3937 2317//3937 2318//3937
f 1096//3938 1571//3938 2319//3938
f 2319//3939 1571//3939 2320//3939
f 2320//3940 1572//3940 2321//3940
f 1571//3941 1572//3941 2320//3941
f 2321//3942 1573//3942 2322//3942
f 1572//3943 1573//3943 2321//3943
f 2322//3944 1112//3944 2323//3944
f 1573//3945 1112//3945 2322//3945
f 2323//3946 1113//3946 2324//3946
f 1112//3947 1113//3947 2323//3947
f 2324//3948 1114//3948 2325//3948
f 1113//3949 1114//3949 2324//3949
f 2325//3950 1115//3950 2326//3950
f 1114//3951 1115//3951 2325//3951
f 2326//3952 1116//3952 2327//3952
f 1115//3953 1116//3953 2326//3953
f 1116//3954 1117//3954 2327//3954
f 2327//3955 1117//3955 2328//3955
f 2328//3956 1108//3956 2329//3956
f 1117//3957 1108//3957 2328//3957
f 2329//3958 1110//3958 2330//3958
f 1108//3959 1110//3959 2329//3959
f 2330//3960 1111//3960 2331//3960
f 1110//3961 1111//3961 2330//3961
f 2331//3962 1119//3962 2332//3962
f 1111//3963 1119//3963 2331//3963
f 2332//3964 1122//3964 2333//3964
f 1119//3965 1122//3965 2332//3965
f 2333//3966 1124//3966 2334//3966
f 1122//3967 1124//3967 2333//3967
f 2334//3968 1127//3968 2335//3968
f 1124//3969 1127//3969 2334//3969
f 2335//3970 1130//3970 2336//3970
f 1127//3971 1130//3971 2335//3971
f 2336//3972 1133//3972 2337//3972
f 1130//3973 1133//3973 2336//3973
f 2337//3974 1135//3974 2338//3974
f 2338//3975 1135//3975 2339//3975
f 1133//3976 1135//3976 2337//3976
f 1135//3977 1138//3977 2339//3977
f 2339//3978 1140//3978 2340//3978
f 1138//3979 1140//3979 2339//3979
f 2340//3980 1143//3980 2341//3980
f 1140//3981 1143//3981 2340//3981
f 2341//3982 1145//3982 2342//3982
f 1143//3983 1145//3983 2341//3983
f 2342//3984 1148//3984 2343//3984
f 2343//3985 1148//3985 2344//3985
f 1145//3986 1148//3986 2342//3986
f 1148//3987 1150//3987 2344//3987
f 2344//3988 1153//3988 2345//3988
f 1150//3989 1153//3989 2344//3989
f 2345//3990 1155//3990 2346//3990
f 1153//3991 1155//3991 2345//3991
f 2346//3992 1156//3992 2347//3992
f 2347//3993 1156//3993 2348//3993
f 1155//3994 1156//3994 2346//3994
f 1156//3995 1261//3995 2348//3995
f 2348//3996 1262//3996 2349//3996
f 2349//3997 1262//3997 2350//3997
f 1261//3998 1262//3998 2348//3998
f 1262//3999 1263//3999 2350//3999
f 2350//4000 1095//4000 2318//4000
f 1263//4001 1095//4001 2350//4001
f 1029//4002 1096//4002 2317//4002
f 2317//4003 1096//4003 2319//4003
f 1762//4004 1096//4004 1078//4004
f 1096//4005 1791//4005 1109//4005
f 1762//4006 1791//4006 1096//4006
f 1791//4007 1806//4007 1109//4007
f 1109//4008 1806//4008 1118//4008
f 1118//4009 1807//4009 1120//4009
f 1806//4010 1807//4010 1118//4010
f 1120//4011 1808//4011 1121//4011
f 1807//4012 1808//4012 1120//4012
f 1121//4013 1809//4013 1123//4013
f 1808//4014 1809//4014 1121//4014
f 1123//4015 1810//4015 1125//4015
f 1809//4016 1810//4016 1123//4016
f 1125//4017 1811//4017 1126//4017
f 1810//4018 1811//4018 1125//4018
f 1126//4019 1812//4019 1128//4019
f 1811//4020 1812//4020 1126//4020
f 1128//4021 1813//4021 1129//4021
f 1812//4022 1813//4022 1128//4022
f 1129//4023 1814//4023 1131//4023
f 1813//4024 1814//4024 1129//4024
f 1131//4025 1815//4025 1132//4025
f 1814//4026 1815//4026 1131//4026
f 1132//4027 1816//4027 1134//4027
f 1815//4028 1816//4028 1132//4028
f 1816//4029 1817//4029 1134//4029
f 1134//4030 1817//4030 1136//4030
f 1817//4031 1818//4031 1136//4031
f 1136//4032 1818//4032 1137//4032
f 1818//4033 1819//4033 1137//4033
f 1137//4034 1819//4034 1139//4034
f 1819//4035 1820//4035 1139//4035
f 1139//4036 1820//4036 1141//4036
f 1820//4037 1821//4037 1141//4037
f 1141//4038 1821//4038 1142//4038
f 1142//4039 1822//4039 1144//4039
f 1821//4040 1822//4040 1142//4040
f 1822//4041 1823//4041 1144//4041
f 1144//4042 1823//4042 1146//4042
f 1146//4043 1824//4043 1147//4043
f 1823//4044 1824//4044 1146//4044
f 1147//4045 1825//4045 1149//4045
f 1824//4046 1825//4046 1147//4046
f 1149//4047 1826//4047 1151//4047
f 1825//4048 1826//4048 1149//4048
f 1151//4049 1827//4049 1152//4049
f 1152//4050 1827//4050 1154//4050
f 1826//4051 1827//4051 1151//4051
f 1827//4052 1828//4052 1154//4052
f 1828//4053 1891//4053 1154//4053
f 1154//4054 1891//4054 1251//4054
f 1891//4055 1892//4055 1251//4055
f 1251//4056 1892//4056 1249//4056
f 1249//4057 1893//4057 1247//4057
f 1892//4058 1893//4058 1249//4058
f 1893//4059 1894//4059 1247//4059
f 1247//4060 1894//4060 1245//4060
f 1894//4061 1895//4061 1245//4061
f 1245//4062 1895//4062 1243//4062
f 1243//4063 1896//4063 1241//4063
f 1895//4064 1896//4064 1243//4064
f 1241//4065 1897//4065 1239//4065
f 1896//4066 1897//4066 1241//4066
f 1897//4067 1898//4067 1239//4067
f 1239//4068 1898//4068 1237//4068
f 1237//4069 1899//4069 1235//4069
f 1898//4070 1899//4070 1237//4070
f 1235//4071 1900//4071 1233//4071
f 1899//4072 1900//4072 1235//4072
f 1233//4073 1901//4073 1231//4073
f 1900//4074 1901//4074 1233//4074
f 1231//4075 1902//4075 1229//4075
f 1901//4076 1902//4076 1231//4076
f 1229//4077 1903//4077 1227//4077
f 1902//4078 1903//4078 1229//4078
f 1227//4079 1904//4079 1225//4079
f 1903//4080 1904//4080 1227//4080
f 1225//4081 1905//4081 1223//4081
f 1223//4082 1905//4082 1221//4082
f 1904//4083 1905//4083 1225//4083
f 1905//4084 1906//4084 1221//4084
f 1221//4085 1907//4085 1220//4085
f 1906//4086 1907//4086 1221//4086
f 1220//4087 1908//4087 1222//4087
f 1222//4088 1908//4088 1224//4088
f 1907//4089 1908//4089 1220//4089
f 1224//4090 1909//4090 1226//4090
f 1908//4091 1909//4091 1224//4091
f 1909//4092 1910//4092 1226//4092
f 1226//4093 1911//4093 1228//4093
f 1910//4094 1911//4094 1226//4094
f 1228//4095 1915//4095 1230//4095
f 1911//4096 1915//4096 1228//4096
f 1230//4097 1916//4097 1232//4097
f 1915//4098 1916//4098 1230//4098
f 1232//4099 1917//4099 1234//4099
f 1234//4100 1917//4100 1236//4100
f 1916//4101 1917//4101 1232//4101
f 1917//4102 1918//4102 1236//4102
f 1236//4103 1919//4103 1238//4103
f 1238//4104 1919//4104 1240//4104
f 1918//4105 1919//4105 1236//4105
f 1919//4106 1920//4106 1240//4106
f 1240//4107 1921//4107 1242//4107
f 1920//4108 1921//4108 1240//4108
f 1242//4109 1922//4109 1244//4109
f 1244//4110 1922//4110 1246//4110
f 1921//4111 1922//4111 1242//4111
f 1922//4112 1923//4112 1246//4112
f 1246//4113 1923//4113 1248//4113
f 1923//4114 1924//4114 1248//4114
f 1924//4115 1925//4115 1248//4115
f 1248//4116 1925//4116 1250//4116
f 1250//4117 1925//4117 1252//4117
f 1925//4118 1926//4118 1252//4118
f 1926//4119 1927//4119 1252//4119
f 1252//4120 1927//4120 1253//4120
f 1927//4121 1928//4121 1253//4121
f 1253//4122 1928//4122 1254//4122
f 1928//4123 1929//4123 1254//4123
f 1254//4124 1929//4124 1255//4124
f 1929//4125 1930//4125 1255//4125
f 1255//4126 1930//4126 1256//4126
f 1930//4127 1931//4127 1256//4127
f 1256//4128 1931//4128 1257//4128
f 1257//4129 1931//4129 1258//4129
f 1931//4130 1913//4130 1258//4130
f 1258//4131 1912//4131 1259//4131
f 1913//4132 1912//4132 1258//4132
f 1259//4133 1914//4133 1260//4133
f 1912//4134 1914//4134 1259//4134
f 1914//4135 1890//4135 1260//4135
f 1260//4136 1890//4136 1219//4136
f 1890//4137 1868//4137 1219//4137
f 1219//4138 1868//4138 1196//4138
f 1868//4139 1863//4139 1196//4139
f 1196//4140 1863//4140 1191//4140
f 1191//4141 1862//4141 1190//4141
f 1863//4142 1862//4142 1191//4142
f 1190//4143 1858//4143 1186//4143
f 1862//4144 1858//4144 1190//4144
f 1186//4145 1854//4145 1182//4145
f 1858//4146 1854//4146 1186//4146
f 1182//4147 1853//4147 1181//4147
f 1854//4148 1853//4148 1182//4148
f 1181//4149 1848//4149 1176//4149
f 1853//4150 1848//4150 1181//4150
f 1176//4151 1844//4151 1172//4151
f 1848//4152 1844//4152 1176//4152
f 1172//4153 1843//4153 1171//4153
f 1844//4154 1843//4154 1172//4154
f 1843//4155 1839//4155 1171//4155
f 1171//4156 1839//4156 1167//4156
f 1167//4157 1837//4157 1162//4157
f 1839//4158 1837//4158 1167//4158
f 1162//4159 1836//4159 1160//4159
f 1837//4160 1836//4160 1162//4160
f 1160//4161 1831//4161 1159//4161
f 1836//4162 1831//4162 1160//4162
f 1159//4163 1830//4163 1157//4163
f 1831//4164 1830//4164 1159//4164
f 1157//4165 1833//4165 1163//4165
f 1830//4166 1833//4166 1157//4166
f 1163//4167 1834//4167 1165//4167
f 1833//4168 1834//4168 1163//4168
f 1165//4169 1841//4169 1168//4169
f 1834//4170 1841//4170 1165//4170
f 1168//4171 1846//4171 1174//4171
f 1841//4172 1846//4172 1168//4172
f 1174//4173 1850//4173 1178//4173
f 1178//4174 1850//4174 1179//4174
f 1846//4175 1850//4175 1174//4175
f 1850//4176 1851//4176 1179//4176
f 1179//4177 1856//4177 1184//4177
f 1851//4178 1856//4178 1179//4178
f 1184//4179 1860//4179 1188//4179
f 1856//4180 1860//4180 1184//4180
f 1188//4181 1865//4181 1193//4181
f 1193//4182 1865//4182 1194//4182
f 1860//4183 1865//4183 1188//4183
f 1865//4184 1866//4184 1194//4184
f 1866//4185 1870//4185 1194//4185
f 1194//4186 1870//4186 1198//4186
f 1198//4187 1870//4187 1201//4187
f 1201//4188 1873//4188 1204//4188
f 1870//4189 1873//4189 1201//4189
f 1873//4190 1876//4190 1204//4190
f 1204//4191 1879//4191 1207//4191
f 1876//4192 1879//4192 1204//4192
f 1207//4193 1882//4193 1210//4193
f 1879//4194 1882//4194 1207//4194
f 1210//4195 1885//4195 1213//4195
f 1213//4196 1885//4196 1094//4196
f 1882//4197 1885//4197 1210//4197
f 1885//4198 1790//4198 1094//4198
f 1094//4199 1789//4199 1093//4199
f 1790//4200 1789//4200 1094//4200
f 1093//4201 1788//4201 1092//4201
f 1789//4202 1788//4202 1093//4202
f 1788//4203 1774//4203 1092//4203
f 1092//4204 1774//4204 1076//4204
f 1774//4205 1761//4205 1076//4205
f 1076//4206 1761//4206 1075//4206
f 1075//4207 1757//4207 1071//4207
f 1761//4208 1757//4208 1075//4208
f 1071//4209 1754//4209 1068//4209
f 1757//4210 1754//4210 1071//4210
f 1068//4211 1751//4211 1065//4211
f 1754//4212 1751//4212 1068//4212
f 1065//4213 1747//4213 1027//4213
f 1751//4214 1747//4214 1065//4214
f 1027//4215 1744//4215 1024//4215
f 1747//4216 1744//4216 1027//4216
f 1024//4217 1742//4217 1022//4217
f 1744//4218 1742//4218 1024//4218
f 1022//4219 1739//4219 1019//4219
f 1742//4220 1739//4220 1022//4220
f 1739//4221 1735//4221 1019//4221
f 1019//4222 1735//4222 1016//4222
f 1016//4223 1730//4223 1012//4223
f 1735//4224 1730//4224 1016//4224
f 1012//4225 1727//4225 1008//4225
f 1730//4226 1727//4226 1012//4226
f 1008//4227 1723//4227 1005//4227
f 1727//4228 1723//4228 1008//4228
f 1005//4229 1719//4229 1001//4229
f 1723//4230 1719//4230 1005//4230
f 1001//4231 1714//4231 996//4231
f 1719//4232 1714//4232 1001//4232
f 996//4233 1710//4233 992//4233
f 1714//4234 1710//4234 996//4234
f 992//4235 1707//4235 989//4235
f 1710//4236 1707//4236 992//4236
f 989//4237 1712//4237 993//4237
f 1707//4238 1712//4238 989//4238
f 993//4239 1716//4239 997//4239
f 1712//4240 1716//4240 993//4240
f 997//4241 1718//4241 999//4241
f 999//4242 1718//4242 1002//4242
f 1716//4243 1718//4243 997//4243
f 1718//4244 1721//4244 1002//4244
f 1002//4245 1725//4245 1006//4245
f 1721//4246 1725//4246 1002//4246
f 1006//4247 1728//4247 1009//4247
f 1725//4248 1728//4248 1006//4248
f 1009//4249 1733//4249 1013//4249
f 1728//4250 1733//4250 1009//4250
f 1013//4251 1737//4251 1017//4251
f 1017//4252 1737//4252 1020//4252
f 1733//4253 1737//4253 1013//4253
f 1737//4254 1740//4254 1020//4254
f 1020//4255 1743//4255 1023//4255
f 1740//4256 1743//4256 1020//4256
f 1023//4257 1745//4257 1025//4257
f 1743//4258 1745//4258 1023//4258
f 1025//4259 1749//4259 1063//4259
f 1063//4260 1749//4260 1066//4260
f 1745//4261 1749//4261 1025//4261
f 1749//4262 1752//4262 1066//4262
f 1066//4263 1755//4263 1069//4263
f 1069//4264 1755//4264 1073//4264
f 1752//4265 1755//4265 1066//4265
f 1755//4266 1759//4266 1073//4266
f 1073//4267 1762//4267 1078//4267
f 1759//4268 1762//4268 1073//4268
f 2159//4269 2160//4269 1435//4269
f 1435//4270 2160//4270 1433//4270
f 1433//4271 2161//4271 1436//4271
f 2160//4272 2161//4272 1433//4272
f 1436//4273 2162//4273 1437//4273
f 2161//4274 2162//4274 1436//4274
f 1437//4275 2163//4275 1438//4275
f 2162//4276 2163//4276 1437//4276
f 1438//4277 2150//4277 1439//4277
f 2163//4278 2150//4278 1438//4278
f 1439//4279 2144//4279 1440//4279
f 1440//4280 2144//4280 1441//4280
f 2150//4281 2144//4281 1439//4281
f 2144//4282 2137//4282 1441//4282
f 1441//4283 2129//4283 1442//4283
f 2137//4284 2129//4284 1441//4284
f 1442//4285 2115//4285 1443//4285
f 2129//4286 2115//4286 1442//4286
f 1443//4287 2114//4287 1511//4287
f 2115//4288 2114//4288 1443//4288
f 2114//4289 2116//4289 1511//4289
f 1511//4290 2116//4290 1512//4290
f 2116//4291 2117//4291 1512//4291
f 1512//4292 2117//4292 1513//4292
f 2117//4293 2118//4293 1513//4293
f 1513//4294 2118//4294 1514//4294
f 2118//4295 2119//4295 1514//4295
f 1514//4296 2119//4296 1515//4296
f 1515//4297 2120//4297 1516//4297
f 2119//4298 2120//4298 1515//4298
f 1516//4299 2121//4299 1517//4299
f 2120//4300 2121//4300 1516//4300
f 1517//4301 2122//4301 1518//4301
f 2121//4302 2122//4302 1517//4302
f 1518//4303 2123//4303 1519//4303
f 2122//4304 2123//4304 1518//4304
f 1519//4305 2124//4305 1520//4305
f 1520//4306 2124//4306 1521//4306
f 2123//4307 2124//4307 1519//4307
f 1521//4308 2125//4308 1522//4308
f 2124//4309 2125//4309 1521//4309
f 2125//4310 2126//4310 1522//4310
f 1522//4311 2087//4311 1424//4311
f 2126//4312 2087//4312 1522//4312
f 1424//4313 2086//4313 1423//4313
f 2087//4314 2086//4314 1424//4314
f 1423//4315 2088//4315 1425//4315
f 2086//4316 2088//4316 1423//4316
f 1425//4317 2089//4317 1426//4317
f 2088//4318 2089//4318 1425//4318
f 1426//4319 2090//4319 1427//4319
f 2089//4320 2090//4320 1426//4320
f 1427//4321 2091//4321 1428//4321
f 2090//4322 2091//4322 1427//4322
f 1428//4323 2092//4323 1429//4323
f 2091//4324 2092//4324 1428//4324
f 1429//4325 2093//4325 1430//4325
f 2092//4326 2093//4326 1429//4326
f 1430//4327 2094//4327 1431//4327
f 2093//4328 2094//4328 1430//4328
f 1431//4329 2095//4329 1432//4329
f 2094//4330 2095//4330 1431//4330
f 1432//4331 2084//4331 1421//4331
f 1421//4332 2084//4332 1419//4332
f 2095//4333 2084//4333 1432//4333
f 2084//4334 2082//4334 1419//4334
f 1419//4335 2080//4335 1417//4335
f 2082//4336 2080//4336 1419//4336
f 1417//4337 2078//4337 1415//4337
f 2080//4338 2078//4338 1417//4338
f 1415//4339 2076//4339 1413//4339
f 2078//4340 2076//4340 1415//4340
f 1413//4341 2074//4341 1411//4341
f 2076//4342 2074//4342 1413//4342
f 2074//4343 2072//4343 1411//4343
f 1411//4344 2072//4344 1409//4344
f 2072//4345 2070//4345 1409//4345
f 1409//4346 2070//4346 1407//4346
f 2070//4347 2068//4347 1407//4347
f 1407//4348 2068//4348 1405//4348
f 2068//4349 2066//4349 1405//4349
f 1405//4350 2066//4350 1403//4350
f 1403//4351 2066//4351 1401//4351
f 2066//4352 2064//4352 1401//4352
f 2064//4353 2060//4353 1401//4353
f 1401//4354 2060//4354 1398//4354
f 2060//4355 2057//4355 1398//4355
f 1398//4356 2057//4356 1393//4356
f 2057//4357 2053//4357 1393//4357
f 1393//4358 2053//4358 1388//4358
f 2053//4359 2049//4359 1388//4359
f 1388//4360 2049//4360 1383//4360
f 2049//4361 2046//4361 1383//4361
f 1383//4362 2046//4362 1379//4362
f 1379//4363 2043//4363 1372//4363
f 2046//4364 2043//4364 1379//4364
f 1372//4365 2040//4365 1370//4365
f 2043//4366 2040//4366 1372//4366
f 1370//4367 2037//4367 1369//4367
f 2040//4368 2037//4368 1370//4368
f 1369//4369 2034//4369 1366//4369
f 2037//4370 2034//4370 1369//4370
f 1366//4371 2030//4371 1363//4371
f 2034//4372 2030//4372 1366//4372
f 1363//4373 2026//4373 1359//4373
f 2030//4374 2026//4374 1363//4374
f 1359//4375 2023//4375 1355//4375
f 2026//4376 2023//4376 1359//4376
f 1355//4377 2019//4377 1352//4377
f 2023//4378 2019//4378 1355//4378
f 1352//4379 2015//4379 1348//4379
f 2019//4380 2015//4380 1352//4380
f 1348//4381 2011//4381 1343//4381
f 2015//4382 2011//4382 1348//4382
f 1343//4383 2008//4383 1340//4383
f 2011//4384 2008//4384 1343//4384
f 1340//4385 2004//4385 1337//4385
f 2008//4386 2004//4386 1340//4386
f 1337//4387 2000//4387 1333//4387
f 2004//4388 2000//4388 1337//4388
f 1333//4389 1997//4389 1330//4389
f 2000//4390 1997//4390 1333//4390
f 1997//4391 1993//4391 1330//4391
f 1330//4392 1993//4392 1325//4392
f 1993//4393 1989//4393 1325//4393
f 1325//4394 1989//4394 1321//4394
f 1989//4395 1986//4395 1321//4395
f 1321//4396 1986//4396 1318//4396
f 1986//4397 1984//4397 1318//4397
f 1318//4398 1984//4398 1316//4398
f 1984//4399 1981//4399 1316//4399
f 1316//4400 1981//4400 1313//4400
f 1981//4401 1978//4401 1313//4401
f 1313//4402 1978//4402 1310//4402
f 1978//4403 1975//4403 1310//4403
f 1310//4404 1975//4404 1307//4404
f 1975//4405 1973//4405 1307//4405
f 1307//4406 1973//4406 1305//4406
f 1973//4407 1970//4407 1305//4407
f 1305//4408 1970//4408 1302//4408
f 1970//4409 1967//4409 1302//4409
f 1302//4410 1967//4410 1299//4410
f 1967//4411 1964//4411 1299//4411
f 1299//4412 1964//4412 1296//4412
f 1964//4413 1961//4413 1296//4413
f 1296//4414 1961//4414 1293//4414
f 1293//4415 1961//4415 1291//4415
f 1961//4416 1959//4416 1291//4416
f 1959//4417 1956//4417 1291//4417
f 1291//4418 1956//4418 1288//4418
f 1956//4419 1953//4419 1288//4419
f 1288//4420 1953//4420 1285//4420
f 1953//4421 1950//4421 1285//4421
f 1285//4422 1950//4422 1282//4422
f 1950//4423 1944//4423 1282//4423
f 1282//4424 1944//4424 1277//4424
f 1944//4425 1946//4425 1277//4425
f 1277//4426 1946//4426 1278//4426
f 1946//4427 1948//4427 1278//4427
f 1278//4428 1948//4428 1280//4428
f 1948//4429 1951//4429 1280//4429
f 1280//4430 1951//4430 1283//4430
f 1951//4431 1954//4431 1283//4431
f 1283//4432 1954//4432 1286//4432
f 1286//4433 1957//4433 1289//4433
f 1954//4434 1957//4434 1286//4434
f 1289//4435 1960//4435 1292//4435
f 1957//4436 1960//4436 1289//4436
f 1292//4437 1962//4437 1294//4437
f 1960//4438 1962//4438 1292//4438
f 1294//4439 1965//4439 1297//4439
f 1962//4440 1965//4440 1294//4440
f 1297//4441 1968//4441 1300//4441
f 1965//4442 1968//4442 1297//4442
f 1968//4443 1971//4443 1300//4443
f 1300//4444 1971//4444 1303//4444
f 1971//4445 1974//4445 1303//4445
f 1303//4446 1974//4446 1306//4446
f 1974//4447 1976//4447 1306//4447
f 1306//4448 1976//4448 1308//4448
f 1976//4449 1979//4449 1308//4449
f 1308//4450 1979//4450 1311//4450
f 1979//4451 1982//4451 1311//4451
f 1311//4452 1982//4452 1314//4452
f 1982//4453 1985//4453 1314//4453
f 1314//4454 1985//4454 1317//4454
f 1985//4455 1987//4455 1317//4455
f 1317//4456 1987//4456 1319//4456
f 1987//4457 1991//4457 1319//4457
f 1319//4458 1991//4458 1323//4458
f 1991//4459 1995//4459 1323//4459
f 1323//4460 1995//4460 1327//4460
f 1995//4461 1999//4461 1327//4461
f 1327//4462 1999//4462 1331//4462
f 1999//4463 2002//4463 1331//4463
f 1331//4464 2002//4464 1334//4464
f 2002//4465 2006//4465 1334//4465
f 1334//4466 2006//4466 1338//4466
f 1338//4467 2010//4467 1342//4467
f 2006//4468 2010//4468 1338//4468
f 1342//4469 2013//4469 1345//4469
f 2010//4470 2013//4470 1342//4470
f 1345//4471 2017//4471 1349//4471
f 2013//4472 2017//4472 1345//4472
f 1349//4473 2021//4473 1353//4473
f 2017//4474 2021//4474 1349//4474
f 1353//4475 2025//4475 1357//4475
f 2021//4476 2025//4476 1353//4476
f 1357//4477 2028//4477 1360//4477
f 2025//4478 2028//4478 1357//4478
f 1360//4479 2032//4479 1364//4479
f 2028//4480 2032//4480 1360//4480
f 1364//4481 2036//4481 1375//4481
f 2032//4482 2036//4482 1364//4482
f 1375//4483 2039//4483 1376//4483
f 2036//4484 2039//4484 1375//4484
f 1376//4485 2042//4485 1377//4485
f 2039//4486 2042//4486 1376//4486
f 1377//4487 2044//4487 1378//4487
f 2042//4488 2044//4488 1377//4488
f 1378//4489 2047//4489 1380//4489
f 2044//4490 2047//4490 1378//4490
f 1380//4491 2050//4491 1384//4491
f 2047//4492 2050//4492 1380//4492
f 2050//4493 2051//4493 1384//4493
f 1384//4494 2051//4494 1386//4494
f 2051//4495 2054//4495 1386//4495
f 1386//4496 2054//4496 1390//4496
f 2054//4497 2055//4497 1390//4497
f 1390//4498 2055//4498 1391//4498
f 2055//4499 2058//4499 1391//4499
f 1391//4500 2058//4500 1395//4500
f 1395//4501 2061//4501 1399//4501
f 2058//4502 2061//4502 1395//4502
f 1399//4503 2062//4503 1444//4503
f 2061//4504 2062//4504 1399//4504
f 1444//4505 2097//4505 1445//4505
f 2062//4506 2097//4506 1444//4506
f 1445//4507 2098//4507 1446//4507
f 2097//4508 2098//4508 1445//4508
f 1446//4509 2099//4509 1447//4509
f 2098//4510 2099//4510 1446//4510
f 1447//4511 2155//4511 1448//4511
f 2099//4512 2155//4512 1447//4512
f 1448//4513 2156//4513 1449//4513
f 2155//4514 2156//4514 1448//4514
f 1449//4515 2157//4515 1450//4515
f 2156//4516 2157//4516 1449//4516
f 1450//4517 2158//4517 1451//4517
f 2157//4518 2158//4518 1450//4518
f 1451//4519 2159//4519 1435//4519
f 2158//4520 2159//4520 1451//4520
f 1434//4521 1541//4521 2351//4521
f 2351//4522 1541//4522 2352//4522
f 1374//4523 1434//4523 2351//4523
f 1374//4524 2351//4524 2353//4524
f 1541//4525 1536//4525 2352//4525
f 2352//4526 1536//4526 2354//4526
f 2354//4527 1532//4527 2355//4527
f 1536//4528 1532//4528 2354//4528
f 2355//4529 1527//4529 2356//4529
f 1532//4530 1527//4530 2355//4530
f 2356//4531 1524//4531 2357//4531
f 1527//4532 1524//4532 2356//4532
f 2357//4533 1509//4533 2358//4533
f 1524//4534 1509//4534 2357//4534
f 2358//4535 1506//4535 2359//4535
f 1509//4536 1506//4536 2358//4536
f 2359//4537 1504//4537 2360//4537
f 1506//4538 1504//4538 2359//4538
f 2360//4539 1501//4539 2361//4539
f 1504//4540 1501//4540 2360//4540
f 1501//4541 1498//4541 2361//4541
f 2361//4542 1498//4542 2362//4542
f 2362//4543 1496//4543 2363//4543
f 1498//4544 1496//4544 2362//4544
f 2363//4545 1493//4545 2364//4545
f 1496//4546 1493//4546 2363//4546
f 2364//4547 1491//4547 2365//4547
f 1493//4548 1491//4548 2364//4548
f 2365//4549 1488//4549 2366//4549
f 1491//4550 1488//4550 2365//4550
f 2366//4551 1484//4551 2367//4551
f 1488//4552 1484//4552 2366//4552
f 2367//4553 1483//4553 2368//4553
f 1484//4554 1483//4554 2367//4554
f 2368//4555 1479//4555 2369//4555
f 1483//4556 1479//4556 2368//4556
f 2369//4557 1477//4557 2370//4557
f 2370//4558 1477//4558 2371//4558
f 1479//4559 1477//4559 2369//4559
f 1477//4560 1474//4560 2371//4560
f 2371//4561 1472//4561 2372//4561
f 1474//4562 1472//4562 2371//4562
f 2372//4563 1467//4563 2373//4563
f 1472//4564 1467//4564 2372//4564
f 2373//4565 1464//4565 2374//4565
f 1467//4566 1464//4566 2373//4566
f 2374//4567 1461//4567 2375//4567
f 1464//4568 1461//4568 2374//4568
f 2375//4569 1452//4569 2376//4569
f 1461//4570 1452//4570 2375//4570
f 2376//4571 1454//4571 2377//4571
f 1452//4572 1454//4572 2376//4572
f 2377//4573 1456//4573 2378//4573
f 1454//4574 1456//4574 2377//4574
f 2378//4575 1459//4575 2379//4575
f 2379//4576 1459//4576 2380//4576
f 1456//4577 1459//4577 2378//4577
f 1459//4578 1396//4578 2380//4578
f 2380//4579 1394//4579 2381//4579
f 1396//4580 1394//4580 2380//4580
f 2381//4581 1389//4581 2382//4581
f 1394//4582 1389//4582 2381//4582
f 2382//4583 1385//4583 2383//4583
f 2383//4584 1385//4584 2384//4584
f 1389//4585 1385//4585 2382//4585
f 1385//4586 1381//4586 2384//4586
f 2384//4587 1374//4587 2353//4587
f 1381//4588 1374//4588 2384//4588
f 2269//4589 2385//4589 2270//4589
f 2270//4590 2385//4590 2386//4590
f 2270//4591 2387//4591 2271//4591
f 2386//4592 2387//4592 2270//4592
f 2269//4593 2388//4593 2385//4593
f 2268//4594 2388//4594 2269//4594
f 2387//4595 2389//4595 2271//4595
f 2271//4596 2389//4596 2272//4596
f 2268//4597 2390//4597 2388//4597
f 2267//4598 2390//4598 2268//4598
f 2389//4599 2391//4599 2272//4599
f 2273//4600 2391//4600 2274//4600
f 2272//4601 2391//4601 2273//4601
f 2266//4602 2392//4602 2267//4602
f 2265//4603 2392//4603 2266//4603
f 2267//4604 2392//4604 2390//4604
f 2391//4605 2393//4605 2274//4605
f 2265//4606 2394//4606 2392//4606
f 2393//4607 2395//4607 2274//4607
f 2274//4608 2395//4608 2275//4608
f 2265//4609 2396//4609 2394//4609
f 2264//4610 2396//4610 2265//4610
f 2275//4611 2397//4611 2276//4611
f 2395//4612 2397//4612 2275//4612
f 2264//4613 2398//4613 2396//4613
f 2263//4614 2398//4614 2264//4614
f 2276//4615 2399//4615 2277//4615
f 2397//4616 2399//4616 2276//4616
f 2262//4617 2400//4617 2263//4617
f 2263//4618 2400//4618 2398//4618
f 2399//4619 2401//4619 2277//4619
f 2278//4620 2401//4620 2279//4620
f 2277//4621 2401//4621 2278//4621
f 2261//4622 2402//4622 2262//4622
f 2262//4623 2402//4623 2400//4623
f 2401//4624 2403//4624 2279//4624
f 2260//4625 2404//4625 2261//4625
f 2261//4626 2404//4626 2402//4626
f 2403//4627 2405//4627 2279//4627
f 2279//4628 2405//4628 2280//4628
f 2260//4629 2406//4629 2404//4629
f 2259//4630 2406//4630 2260//4630
f 2280//4631 2407//4631 2281//4631
f 2405//4632 2407//4632 2280//4632
f 2258//4633 2408//4633 2259//4633
f 2259//4634 2408//4634 2406//4634
f 2407//4635 2409//4635 2281//4635
f 2281//4636 2409//4636 2282//4636
f 2257//4637 2410//4637 2258//4637
f 2258//4638 2410//4638 2408//4638
f 2256//4639 2410//4639 2257//4639
f 2282//4640 2411//4640 2283//4640
f 2409//4641 2411//4641 2282//4641
f 2256//4642 2412//4642 2410//4642
f 2283//4643 2413//4643 2284//4643
f 2411//4644 2413//4644 2283//4644
f 2256//4645 2414//4645 2412//4645
f 2255//4646 2414//4646 2256//4646
f 2284//4647 2415//4647 2285//4647
f 2413//4648 2415//4648 2284//4648
f 2254//4649 2416//4649 2255//4649
f 2255//4650 2416//4650 2414//4650
f 2285//4651 2417//4651 2286//4651
f 2415//4652 2417//4652 2285//4652
f 2253//4653 2418//4653 2254//4653
f 2254//4654 2418//4654 2416//4654
f 2286//4655 2419//4655 2287//4655
f 2417//4656 2419//4656 2286//4656
f 2252//4657 2420//4657 2253//4657
f 2253//4658 2420//4658 2418//4658
f 2288//4659 2421//4659 2289//4659
f 2287//4660 2421//4660 2288//4660
f 2419//4661 2421//4661 2287//4661
f 2252//4662 2422//4662 2420//4662
f 2251//4663 2422//4663 2252//4663
f 2421//4664 2423//4664 2289//4664
f 2251//4665 2424//4665 2422//4665
f 2250//4666 2424//4666 2251//4666
f 2423//4667 2425//4667 2289//4667
f 2289//4668 2425//4668 2290//4668
f 2250//4669 2426//4669 2424//4669
f 2249//4670 2426//4670 2250//4670
f 2290//4671 2427//4671 2291//4671
f 2425//4672 2427//4672 2290//4672
f 2249//4673 2428//4673 2426//4673
f 2248//4674 2428//4674 2249//4674
f 2291//4675 2429//4675 2292//4675
f 2427//4676 2429//4676 2291//4676
f 2248//4677 2430//4677 2428//4677
f 2247//4678 2430//4678 2248//4678
f 2292//4679 2431//4679 2293//4679
f 2429//4680 2431//4680 2292//4680
f 2247//4681 2432//4681 2430//4681
f 2246//4682 2432//4682 2247//4682
f 2431//4683 2433//4683 2293//4683
f 2293//4684 2433//4684 2294//4684
f 2246//4685 2434//4685 2432//4685
f 2245//4686 2434//4686 2246//4686
f 2433//4687 2435//4687 2294//4687
f 2294//4688 2435//4688 2295//4688
f 2245//4689 2436//4689 2434//4689
f 2244//4690 2436//4690 2245//4690
f 2295//4691 2437//4691 2296//4691
f 2435//4692 2437//4692 2295//4692
f 2244//4693 2438//4693 2436//4693
f 2243//4694 2438//4694 2244//4694
f 2296//4695 2439//4695 2297//4695
f 2437//4696 2439//4696 2296//4696
f 2243//4697 2440//4697 2438//4697
f 2242//4698 2440//4698 2243//4698
f 2297//4699 2441//4699 2298//4699
f 2439//4700 2441//4700 2297//4700
f 2242//4701 2442//4701 2440//4701
f 2241//4702 2442//4702 2242//4702
f 2298//4703 2443//4703 2299//4703
f 2441//4704 2443//4704 2298//4704
f 2240//4705 2444//4705 2241//4705
f 2241//4706 2444//4706 2442//4706
f 2299//4707 2445//4707 2300//4707
f 2443//4708 2445//4708 2299//4708
f 2239//4709 2446//4709 2240//4709
f 2240//4710 2446//4710 2444//4710
f 2300//4711 2447//4711 2301//4711
f 2445//4712 2447//4712 2300//4712
f 2239//4713 2448//4713 2446//4713
f 2239//4714 2238//4714 2448//4714
f 2449//4715 2302//4715 2447//4715
f 2447//4716 2302//4716 2301//4716
f 2449//4717 2450//4717 2302//4717
f 2448//4718 2237//4718 2451//4718
f 2238//4719 2237//4719 2448//4719
f 2450//4720 2303//4720 2302//4720
f 2451//4721 2236//4721 2452//4721
f 2237//4722 2236//4722 2451//4722
f 2450//4723 2304//4723 2303//4723
f 2453//4724 2304//4724 2450//4724
f 2452//4725 2235//4725 2454//4725
f 2454//4726 2235//4726 2455//4726
f 2236//4727 2235//4727 2452//4727
f 2453//4728 2305//4728 2304//4728
f 2456//4729 2305//4729 2453//4729
f 2235//4730 2234//4730 2455//4730
f 2457//4731 2306//4731 2458//4731
f 2458//4732 2306//4732 2456//4732
f 2456//4733 2306//4733 2305//4733
f 2455//4734 2233//4734 2459//4734
f 2234//4735 2233//4735 2455//4735
f 2457//4736 2307//4736 2306//4736
f 2460//4737 2307//4737 2457//4737
f 2459//4738 2232//4738 2461//4738
f 2233//4739 2232//4739 2459//4739
f 2460//4740 2308//4740 2307//4740
f 2461//4741 2231//4741 2462//4741
f 2232//4742 2231//4742 2461//4742
f 2460//4743 2309//4743 2308//4743
f 2463//4744 2309//4744 2460//4744
f 2462//4745 2230//4745 2464//4745
f 2231//4746 2230//4746 2462//4746
f 2465//4747 2310//4747 2463//4747
f 2463//4748 2310//4748 2309//4748
f 2464//4749 2229//4749 2466//4749
f 2230//4750 2229//4750 2464//4750
f 2467//4751 2311//4751 2465//4751
f 2465//4752 2311//4752 2310//4752
f 2466//4753 2228//4753 2468//4753
f 2229//4754 2228//4754 2466//4754
f 2469//4755 2312//4755 2467//4755
f 2467//4756 2312//4756 2311//4756
f 2468//4757 2227//4757 2470//4757
f 2470//4758 2227//4758 2471//4758
f 2228//4759 2227//4759 2468//4759
f 2472//4760 2313//4760 2469//4760
f 2469//4761 2313//4761 2312//4761
f 2227//4762 2226//4762 2471//4762
f 2472//4763 2314//4763 2313//4763
f 2473//4764 2314//4764 2472//4764
f 2471//4765 2225//4765 2474//4765
f 2226//4766 2225//4766 2471//4766
f 2475//4767 2315//4767 2473//4767
f 2473//4768 2315//4768 2314//4768
f 2474//4769 2224//4769 2476//4769
f 2225//4770 2224//4770 2474//4770
f 2477//4771 2316//4771 2475//4771
f 2475//4772 2316//4772 2315//4772
f 2476//4773 2223//4773 2478//4773
f 2224//4774 2223//4774 2476//4774
f 2479//4775 2191//4775 2477//4775
f 2477//4776 2191//4776 2316//4776
f 2480//4777 2191//4777 2479//4777
f 2478//4778 2222//4778 2481//4778
f 2223//4779 2222//4779 2478//4779
f 2482//4780 2192//4780 2480//4780
f 2480//4781 2192//4781 2191//4781
f 2481//4782 2221//4782 2483//4782
f 2222//4783 2221//4783 2481//4783
f 2482//4784 2193//4784 2192//4784
f 2483//4785 2220//4785 2484//4785
f 2221//4786 2220//4786 2483//4786
f 2485//4787 2194//4787 2482//4787
f 2482//4788 2194//4788 2193//4788
f 2484//4789 2219//4789 2486//4789
f 2220//4790 2219//4790 2484//4790
f 2485//4791 2195//4791 2194//4791
f 2487//4792 2195//4792 2485//4792
f 2486//4793 2218//4793 2488//4793
f 2488//4794 2218//4794 2489//4794
f 2219//4795 2218//4795 2486//4795
f 2487//4796 2196//4796 2195//4796
f 2490//4797 2196//4797 2487//4797
f 2489//4798 2217//4798 2491//4798
f 2218//4799 2217//4799 2489//4799
f 2490//4800 2197//4800 2196//4800
f 2492//4801 2197//4801 2490//4801
f 2217//4802 2216//4802 2491//4802
f 2492//4803 2198//4803 2197//4803
f 2493//4804 2198//4804 2492//4804
f 2216//4805 2215//4805 2491//4805
f 2491//4806 2215//4806 2494//4806
f 2494//4807 2215//4807 2495//4807
f 2493//4808 2199//4808 2198//4808
f 2496//4809 2199//4809 2493//4809
f 2215//4810 2214//4810 2495//4810
f 2496//4811 2200//4811 2199//4811
f 2497//4812 2200//4812 2496//4812
f 2214//4813 2213//4813 2495//4813
f 2495//4814 2213//4814 2498//4814
f 2497//4815 2201//4815 2200//4815
f 2499//4816 2201//4816 2497//4816
f 2213//4817 2212//4817 2498//4817
f 2498//4818 2212//4818 2500//4818
f 2499//4819 2202//4819 2201//4819
f 2501//4820 2202//4820 2502//4820
f 2502//4821 2202//4821 2499//4821
f 2500//4822 2211//4822 2503//4822
f 2212//4823 2211//4823 2500//4823
f 2501//4824 2203//4824 2202//4824
f 2503//4825 2210//4825 2504//4825
f 2211//4826 2210//4826 2503//4826
f 2501//4827 2204//4827 2203//4827
f 2505//4828 2204//4828 2501//4828
f 2504//4829 2209//4829 2506//4829
f 2210//4830 2209//4830 2504//4830
f 2507//4831 2205//4831 2508//4831
f 2508//4832 2205//4832 2505//4832
f 2505//4833 2205//4833 2204//4833
f 2506//4834 2208//4834 2509//4834
f 2209//4835 2208//4835 2506//4835
f 2507//4836 2206//4836 2205//4836
f 2509//4837 2207//4837 2510//4837
f 2510//4838 2207//4838 2507//4838
f 2507//4839 2207//4839 2206//4839
f 2208//4840 2207//4840 2509//4840
f 2319//4841 2320//4841 2317//4841
f 2317//4842 2350//4842 2318//4842
f 2320//4843 2321//4843 2317//4843
f 2317//4844 2349//4844 2350//4844
f 2321//4845 2322//4845 2317//4845
f 2317//4846 2348//4846 2349//4846
f 2322//4847 2323//4847 2317//4847
f 2317//4848 2347//4848 2348//4848
f 2323//4849 2324//4849 2317//4849
f 2317//4850 2346//4850 2347//4850
f 2324//4851 2325//4851 2317//4851
f 2317//4852 2345//4852 2346//4852
f 2325//4853 2326//4853 2317//4853
f 2317//4854 2344//4854 2345//4854
f 2326//4855 2327//4855 2317//4855
f 2317//4856 2343//4856 2344//4856
f 2327//4857 2328//4857 2317//4857
f 2317//4858 2342//4858 2343//4858
f 2328//4859 2329//4859 2317//4859
f 2317//4860 2341//4860 2342//4860
f 2329//4861 2330//4861 2317//4861
f 2317//4862 2340//4862 2341//4862
f 2330//4863 2331//4863 2317//4863
f 2317//4864 2339//4864 2340//4864
f 2331//4865 2332//4865 2317//4865
f 2317//4866 2338//4866 2339//4866
f 2332//4867 2333//4867 2317//4867
f 2317//4868 2337//4868 2338//4868
f 2333//4869 2334//4869 2317//4869
f 2317//4870 2336//4870 2337//4870
f 2334//4871 2335//4871 2317//4871
f 2317//4872 2335//4872 2336//4872
f 2370//4873 2351//4873 2369//4873
f 2371//4874 2351//4874 2370//4874
f 2372//4875 2351//4875 2371//4875
f 2373//4876 2351//4876 2372//4876
f 2374//4877 2351//4877 2373//4877
f 2375//4878 2351//4878 2374//4878
f 2376//4879 2351//4879 2375//4879
f 2377//4880 2351//4880 2376//4880
f 2378//4881 2351//4881 2377//4881
f 2379//4882 2351//4882 2378//4882
f 2380//4883 2351//4883 2379//4883
f 2381//4884 2351//4884 2380//4884
f 2382//4885 2351//4885 2381//4885
f 2383//4886 2351//4886 2382//4886
f 2384//4887 2351//4887 2383//4887
f 2353//4888 2351//4888 2384//4888
f 2351//4889 2368//4889 2369//4889
f 2351//4890 2367//4890 2368//4890
f 2351//4891 2366//4891 2367//4891
f 2351//4892 2365//4892 2366//4892
f 2351//4893 2364//4893 2365//4893
f 2351//4894 2363//4894 2364//4894
f 2351//4895 2362//4895 2363//4895
f 2351//4896 2361//4896 2362//4896
f 2351//4897 2360//4897 2361//4897
f 2351//4898 2359//4898 2360//4898
f 2351//4899 2358//4899 2359//4899
f 2351//4900 2357//4900 2358//4900
f 2351//4901 2356//4901 2357//4901
f 2351//4902 2355//4902 2356//4902
f 2351//4903 2354//4903 2355//4903
f 2351//4904 2352//4904 2354//4904
f 2511//4905 2479//4905 2477//4905
f 2512//4906 2513//4906 2514//4906
f 2511//4907 2480//4907 2479//4907
f 2513//4908 2515//4908 2514//4908
f 2516//4909 2477//4909 2475//4909
f 2516//4910 2475//4910 2473//4910
f 2516//4911 2511//4911 2477//4911
f 2517//4912 2473//4912 2472//4912
f 2517//4913 2472//4913 2469//4913
f 2517//4914 2516//4914 2473//4914
f 2518//4915 2469//4915 2467//4915
f 2518//4916 2467//4916 2465//4916
f 2518//4917 2517//4917 2469//4917
f 2519//4918 2520//4918 2511//4918
f 2519//4919 2511//4919 2516//4919
f 2521//4920 2465//4920 2463//4920
f 2521//4921 2463//4921 2460//4921
f 2521//4922 2518//4922 2465//4922
f 2522//4923 2516//4923 2517//4923
f 2522//4924 2519//4924 2516//4924
f 2523//4925 2460//4925 2457//4925
f 2523//4926 2457//4926 2458//4926
f 2523//4927 2521//4927 2460//4927
f 2524//4928 2517//4928 2518//4928
f 2524//4929 2522//4929 2517//4929
f 2525//4930 2526//4930 2520//4930
f 2525//4931 2520//4931 2519//4931
f 2527//4932 2458//4932 2456//4932
f 2527//4933 2456//4933 2453//4933
f 2527//4934 2523//4934 2458//4934
f 2528//4935 2518//4935 2521//4935
f 2528//4936 2524//4936 2518//4936
f 2529//4937 2525//4937 2519//4937
f 2529//4938 2519//4938 2522//4938
f 2530//4939 2453//4939 2450//4939
f 2530//4940 2450//4940 2449//4940
f 2530//4941 2527//4941 2453//4941
f 2531//4942 2528//4942 2521//4942
f 2531//4943 2521//4943 2523//4943
f 2532//4944 2529//4944 2522//4944
f 2532//4945 2522//4945 2524//4945
f 2533//4946 2514//4946 2526//4946
f 2533//4947 2512//4947 2514//4947
f 2533//4948 2534//4948 2512//4948
f 2533//4949 2535//4949 2534//4949
f 2533//4950 2526//4950 2525//4950
f 2536//4951 2449//4951 2447//4951
f 2536//4952 2447//4952 2445//4952
f 2536//4953 2530//4953 2449//4953
f 2537//4954 2531//4954 2523//4954
f 2537//4955 2523//4955 2527//4955
f 2538//4956 2524//4956 2528//4956
f 2538//4957 2532//4957 2524//4957
f 2539//4958 2535//4958 2533//4958
f 2539//4959 2540//4959 2535//4959
f 2539//4960 2541//4960 2540//4960
f 2539//4961 2533//4961 2525//4961
f 2539//4962 2525//4962 2529//4962
f 2542//4963 2445//4963 2443//4963
f 2542//4964 2443//4964 2441//4964
f 2542//4965 2536//4965 2445//4965
f 2543//4966 2527//4966 2530//4966
f 2543//4967 2537//4967 2527//4967
f 2544//4968 2528//4968 2531//4968
f 2544//4969 2538//4969 2528//4969
f 2545//4970 2541//4970 2539//4970
f 2545//4971 2546//4971 2541//4971
f 2545//4972 2547//4972 2546//4972
f 2545//4973 2529//4973 2532//4973
f 2545//4974 2539//4974 2529//4974
f 2548//4975 2441//4975 2439//4975
f 2548//4976 2439//4976 2437//4976
f 2548//4977 2542//4977 2441//4977
f 2549//4978 2530//4978 2536//4978
f 2549//4979 2543//4979 2530//4979
f 2550//4980 2544//4980 2531//4980
f 2550//4981 2531//4981 2537//4981
f 2551//4982 2545//4982 2532//4982
f 2551//4983 2552//4983 2547//4983
f 2551//4984 2553//4984 2552//4984
f 2551//4985 2532//4985 2538//4985
f 2551//4986 2547//4986 2545//4986
f 2554//4987 2437//4987 2435//4987
f 2554//4988 2435//4988 2433//4988
f 2554//4989 2548//4989 2437//4989
f 2555//4990 2542//4990 2548//4990
f 2555//4991 2536//4991 2542//4991
f 2555//4992 2549//4992 2536//4992
f 2556//4993 2550//4993 2537//4993
f 2556//4994 2543//4994 2549//4994
f 2556//4995 2537//4995 2543//4995
f 2557//4996 2553//4996 2551//4996
f 2557//4997 2558//4997 2553//4997
f 2557//4998 2559//4998 2558//4998
f 2557//4999 2538//4999 2544//4999
f 2557//5000 2551//5000 2538//5000
f 2560//5001 2433//5001 2431//5001
f 2560//5002 2431//5002 2429//5002
f 2560//5003 2554//5003 2433//5003
f 2561//5004 2555//5004 2548//5004
f 2562//5005 2556//5005 2549//5005
f 2563//5006 2550//5006 2556//5006
f 2563//5007 2544//5007 2550//5007
f 2563//5008 2564//5008 2559//5008
f 2563//5009 2565//5009 2564//5009
f 2563//5010 2559//5010 2557//5010
f 2563//5011 2557//5011 2544//5011
f 2566//5012 2560//5012 2429//5012
f 2566//5013 2429//5013 2427//5013
f 2566//5014 2427//5014 2425//5014
f 2567//5015 2561//5015 2548//5015
f 2567//5016 2548//5016 2554//5016
f 2568//5017 2562//5017 2549//5017
f 2568//5018 2549//5018 2555//5018
f 2569//5019 2565//5019 2563//5019
f 2569//5020 2563//5020 2556//5020
f 2569//5021 2570//5021 2565//5021
f 2569//5022 2571//5022 2570//5022
f 2572//5023 2425//5023 2423//5023
f 2572//5024 2423//5024 2421//5024
f 2572//5025 2566//5025 2425//5025
f 2573//5026 2567//5026 2554//5026
f 2573//5027 2554//5027 2560//5027
f 2574//5028 2568//5028 2555//5028
f 2574//5029 2555//5029 2561//5029
f 2575//5030 2562//5030 2568//5030
f 2575//5031 2569//5031 2556//5031
f 2575//5032 2576//5032 2571//5032
f 2575//5033 2577//5033 2576//5033
f 2575//5034 2556//5034 2562//5034
f 2575//5035 2571//5035 2569//5035
f 2578//5036 2421//5036 2419//5036
f 2578//5037 2419//5037 2417//5037
f 2578//5038 2572//5038 2421//5038
f 2579//5039 2566//5039 2572//5039
f 2579//5040 2560//5040 2566//5040
f 2579//5041 2573//5041 2560//5041
f 2580//5042 2561//5042 2567//5042
f 2580//5043 2574//5043 2561//5043
f 2581//5044 2575//5044 2568//5044
f 2581//5045 2582//5045 2577//5045
f 2581//5046 2583//5046 2582//5046
f 2581//5047 2577//5047 2575//5047
f 2584//5048 2417//5048 2415//5048
f 2584//5049 2415//5049 2413//5049
f 2584//5050 2578//5050 2417//5050
f 2585//5051 2579//5051 2572//5051
f 2586//5052 2580//5052 2567//5052
f 2586//5053 2567//5053 2573//5053
f 2587//5054 2568//5054 2574//5054
f 2587//5055 2581//5055 2568//5055
f 2587//5056 2583//5056 2581//5056
f 2587//5057 2588//5057 2583//5057
f 2587//5058 2589//5058 2588//5058
f 2590//5059 2413//5059 2411//5059
f 2590//5060 2411//5060 2409//5060
f 2590//5061 2584//5061 2413//5061
f 2591//5062 2572//5062 2578//5062
f 2591//5063 2578//5063 2584//5063
f 2591//5064 2585//5064 2572//5064
f 2592//5065 2573//5065 2579//5065
f 2592//5066 2586//5066 2573//5066
f 2592//5067 2579//5067 2585//5067
f 2593//5068 2574//5068 2580//5068
f 2593//5069 2587//5069 2574//5069
f 2593//5070 2594//5070 2589//5070
f 2593//5071 2595//5071 2594//5071
f 2593//5072 2589//5072 2587//5072
f 2596//5073 2409//5073 2407//5073
f 2596//5074 2407//5074 2405//5074
f 2596//5075 2590//5075 2409//5075
f 2597//5076 2591//5076 2584//5076
f 2598//5077 2592//5077 2585//5077
f 2599//5078 2580//5078 2586//5078
f 2599//5079 2595//5079 2593//5079
f 2599//5080 2593//5080 2580//5080
f 2599//5081 2600//5081 2595//5081
f 2599//5082 2601//5082 2600//5082
f 2599//5083 2586//5083 2592//5083
f 2602//5084 2405//5084 2403//5084
f 2602//5085 2403//5085 2401//5085
f 2602//5086 2596//5086 2405//5086
f 2603//5087 2584//5087 2590//5087
f 2603//5088 2597//5088 2584//5088
f 2604//5089 2585//5089 2591//5089
f 2604//5090 2598//5090 2585//5090
f 2605//5091 2601//5091 2599//5091
f 2605//5092 2606//5092 2601//5092
f 2605//5093 2607//5093 2606//5093
f 2605//5094 2599//5094 2592//5094
f 2608//5095 2602//5095 2401//5095
f 2608//5096 2401//5096 2399//5096
f 2608//5097 2399//5097 2397//5097
f 2609//5098 2590//5098 2596//5098
f 2609//5099 2603//5099 2590//5099
f 2610//5100 2604//5100 2591//5100
f 2610//5101 2591//5101 2597//5101
f 2610//5102 2597//5102 2603//5102
f 2611//5103 2607//5103 2605//5103
f 2611//5104 2612//5104 2607//5104
f 2611//5105 2613//5105 2612//5105
f 2611//5106 2592//5106 2598//5106
f 2611//5107 2605//5107 2592//5107
f 2614//5108 2397//5108 2395//5108
f 2614//5109 2395//5109 2393//5109
f 2614//5110 2608//5110 2397//5110
f 2615//5111 2609//5111 2596//5111
f 2615//5112 2596//5112 2602//5112
f 2616//5113 2610//5113 2603//5113
f 2617//5114 2613//5114 2611//5114
f 2617//5115 2598//5115 2604//5115
f 2617//5116 2618//5116 2613//5116
f 2617//5117 2619//5117 2618//5117
f 2617//5118 2611//5118 2598//5118
f 2617//5119 2604//5119 2610//5119
f 2620//5120 2393//5120 2391//5120
f 2620//5121 2391//5121 2389//5121
f 2620//5122 2614//5122 2393//5122
f 2621//5123 2602//5123 2608//5123
f 2621//5124 2615//5124 2602//5124
f 2622//5125 2616//5125 2603//5125
f 2622//5126 2609//5126 2615//5126
f 2622//5127 2603//5127 2609//5127
f 2623//5128 2617//5128 2610//5128
f 2623//5129 2619//5129 2617//5129
f 2623//5130 2624//5130 2619//5130
f 2623//5131 2625//5131 2624//5131
f 2626//5132 2620//5132 2389//5132
f 2626//5133 2389//5133 2387//5133
f 2626//5134 2387//5134 2386//5134
f 2627//5135 2608//5135 2614//5135
f 2627//5136 2621//5136 2608//5136
f 2628//5137 2622//5137 2615//5137
f 2629//5138 2623//5138 2610//5138
f 2629//5139 2610//5139 2616//5139
f 2629//5140 2630//5140 2625//5140
f 2629//5141 2631//5141 2630//5141
f 2629//5142 2625//5142 2623//5142
f 2632//5143 2626//5143 2386//5143
f 2632//5144 2386//5144 2385//5144
f 2632//5145 2385//5145 2388//5145
f 2633//5146 2627//5146 2614//5146
f 2633//5147 2614//5147 2620//5147
f 2634//5148 2628//5148 2615//5148
f 2634//5149 2615//5149 2621//5149
f 2635//5150 2629//5150 2616//5150
f 2635//5151 2636//5151 2631//5151
f 2635//5152 2637//5152 2636//5152
f 2635//5153 2616//5153 2622//5153
f 2635//5154 2622//5154 2628//5154
f 2635//5155 2631//5155 2629//5155
f 2638//5156 2388//5156 2390//5156
f 2638//5157 2390//5157 2392//5157
f 2638//5158 2632//5158 2388//5158
f 2639//5159 2620//5159 2626//5159
f 2639//5160 2633//5160 2620//5160
f 2640//5161 2634//5161 2621//5161
f 2640//5162 2621//5162 2627//5162
f 2641//5163 2635//5163 2628//5163
f 2641//5164 2642//5164 2637//5164
f 2641//5165 2637//5165 2635//5165
f 2641//5166 2643//5166 2642//5166
f 2644//5167 2638//5167 2392//5167
f 2644//5168 2392//5168 2394//5168
f 2644//5169 2394//5169 2396//5169
f 2645//5170 2639//5170 2626//5170
f 2645//5171 2626//5171 2632//5171
f 2646//5172 2627//5172 2633//5172
f 2646//5173 2633//5173 2639//5173
f 2646//5174 2640//5174 2627//5174
f 2647//5175 2643//5175 2641//5175
f 2647//5176 2634//5176 2640//5176
f 2647//5177 2641//5177 2628//5177
f 2647//5178 2628//5178 2634//5178
f 2647//5179 2648//5179 2643//5179
f 2647//5180 2649//5180 2648//5180
f 2650//5181 2644//5181 2396//5181
f 2650//5182 2396//5182 2398//5182
f 2650//5183 2398//5183 2400//5183
f 2651//5184 2632//5184 2638//5184
f 2651//5185 2645//5185 2632//5185
f 2652//5186 2646//5186 2639//5186
f 2653//5187 2647//5187 2640//5187
f 2653//5188 2654//5188 2649//5188
f 2653//5189 2655//5189 2654//5189
f 2653//5190 2649//5190 2647//5190
f 2656//5191 2650//5191 2400//5191
f 2656//5192 2400//5192 2402//5192
f 2656//5193 2402//5193 2404//5193
f 2657//5194 2638//5194 2644//5194
f 2657//5195 2651//5195 2638//5195
f 2658//5196 2639//5196 2645//5196
f 2658//5197 2652//5197 2639//5197
f 2658//5198 2645//5198 2651//5198
f 2659//5199 2640//5199 2646//5199
f 2659//5200 2646//5200 2652//5200
f 2659//5201 2653//5201 2640//5201
f 2659//5202 2660//5202 2655//5202
f 2659//5203 2661//5203 2660//5203
f 2659//5204 2655//5204 2653//5204
f 2662//5205 2656//5205 2404//5205
f 2662//5206 2404//5206 2406//5206
f 2662//5207 2406//5207 2408//5207
f 2663//5208 2644//5208 2650//5208
f 2663//5209 2657//5209 2644//5209
f 2664//5210 2658//5210 2651//5210
f 2665//5211 2666//5211 2661//5211
f 2665//5212 2667//5212 2666//5212
f 2665//5213 2661//5213 2659//5213
f 2665//5214 2652//5214 2658//5214
f 2665//5215 2659//5215 2652//5215
f 2668//5216 2408//5216 2410//5216
f 2668//5217 2410//5217 2412//5217
f 2668//5218 2662//5218 2408//5218
f 2669//5219 2650//5219 2656//5219
f 2669//5220 2663//5220 2650//5220
f 2670//5221 2664//5221 2651//5221
f 2670//5222 2657//5222 2663//5222
f 2670//5223 2651//5223 2657//5223
f 2671//5224 2665//5224 2658//5224
f 2671//5225 2667//5225 2665//5225
f 2671//5226 2672//5226 2667//5226
f 2671//5227 2673//5227 2672//5227
f 2674//5228 2668//5228 2412//5228
f 2674//5229 2412//5229 2414//5229
f 2674//5230 2414//5230 2416//5230
f 2675//5231 2669//5231 2656//5231
f 2675//5232 2656//5232 2662//5232
f 2676//5233 2670//5233 2663//5233
f 2677//5234 2671//5234 2658//5234
f 2677//5235 2658//5235 2664//5235
f 2677//5236 2673//5236 2671//5236
f 2677//5237 2678//5237 2673//5237
f 2677//5238 2679//5238 2678//5238
f 2680//5239 2674//5239 2416//5239
f 2680//5240 2416//5240 2418//5240
f 2680//5241 2418//5241 2420//5241
f 2681//5242 2662//5242 2668//5242
f 2681//5243 2675//5243 2662//5243
f 2682//5244 2663//5244 2669//5244
f 2682//5245 2676//5245 2663//5245
f 2683//5246 2670//5246 2676//5246
f 2683//5247 2677//5247 2664//5247
f 2683//5248 2679//5248 2677//5248
f 2683//5249 2684//5249 2679//5249
f 2683//5250 2685//5250 2684//5250
f 2683//5251 2664//5251 2670//5251
f 2686//5252 2680//5252 2420//5252
f 2686//5253 2420//5253 2422//5253
f 2686//5254 2422//5254 2424//5254
f 2687//5255 2668//5255 2674//5255
f 2687//5256 2681//5256 2668//5256
f 2688//5257 2669//5257 2675//5257
f 2688//5258 2682//5258 2669//5258
f 2689//5259 2683//5259 2676//5259
f 2689//5260 2685//5260 2683//5260
f 2689//5261 2690//5261 2685//5261
f 2689//5262 2691//5262 2690//5262
f 2692//5263 2424//5263 2426//5263
f 2692//5264 2426//5264 2428//5264
f 2692//5265 2686//5265 2424//5265
f 2693//5266 2674//5266 2680//5266
f 2693//5267 2687//5267 2674//5267
f 2694//5268 2675//5268 2681//5268
f 2694//5269 2688//5269 2675//5269
f 2695//5270 2689//5270 2676//5270
f 2695//5271 2682//5271 2688//5271
f 2695//5272 2676//5272 2682//5272
f 2695//5273 2691//5273 2689//5273
f 2695//5274 2696//5274 2691//5274
f 2695//5275 2697//5275 2696//5275
f 2698//5276 2692//5276 2428//5276
f 2698//5277 2428//5277 2430//5277
f 2698//5278 2430//5278 2432//5278
f 2699//5279 2693//5279 2680//5279
f 2699//5280 2680//5280 2686//5280
f 2700//5281 2681//5281 2687//5281
f 2700//5282 2694//5282 2681//5282
f 2700//5283 2687//5283 2693//5283
f 2701//5284 2695//5284 2688//5284
f 2701//5285 2688//5285 2694//5285
f 2701//5286 2697//5286 2695//5286
f 2701//5287 2702//5287 2697//5287
f 2701//5288 2703//5288 2702//5288
f 2704//5289 2698//5289 2432//5289
f 2704//5290 2432//5290 2434//5290
f 2704//5291 2434//5291 2436//5291
f 2705//5292 2686//5292 2692//5292
f 2705//5293 2699//5293 2686//5293
f 2706//5294 2700//5294 2693//5294
f 2706//5295 2693//5295 2699//5295
f 2707//5296 2701//5296 2694//5296
f 2707//5297 2703//5297 2701//5297
f 2707//5298 2708//5298 2703//5298
f 2707//5299 2709//5299 2708//5299
f 2710//5300 2704//5300 2436//5300
f 2710//5301 2436//5301 2438//5301
f 2710//5302 2438//5302 2440//5302
f 2711//5303 2705//5303 2692//5303
f 2711//5304 2692//5304 2698//5304
f 2712//5305 2706//5305 2699//5305
f 2713//5306 2709//5306 2707//5306
f 2713//5307 2694//5307 2700//5307
f 2713//5308 2700//5308 2706//5308
f 2713//5309 2707//5309 2694//5309
f 2713//5310 2714//5310 2709//5310
f 2713//5311 2715//5311 2714//5311
f 2716//5312 2710//5312 2440//5312
f 2716//5313 2440//5313 2442//5313
f 2716//5314 2442//5314 2444//5314
f 2717//5315 2711//5315 2698//5315
f 2717//5316 2698//5316 2704//5316
f 2718//5317 2699//5317 2705//5317
f 2718//5318 2712//5318 2699//5318
f 2719//5319 2713//5319 2706//5319
f 2719//5320 2715//5320 2713//5320
f 2719//5321 2720//5321 2715//5321
f 2719//5322 2721//5322 2720//5322
f 2722//5323 2716//5323 2444//5323
f 2722//5324 2444//5324 2446//5324
f 2722//5325 2446//5325 2448//5325
f 2723//5326 2710//5326 2716//5326
f 2723//5327 2704//5327 2710//5327
f 2723//5328 2717//5328 2704//5328
f 2724//5329 2718//5329 2705//5329
f 2724//5330 2705//5330 2711//5330
f 2725//5331 2726//5331 2721//5331
f 2725//5332 2727//5332 2726//5332
f 2725//5333 2706//5333 2712//5333
f 2725//5334 2719//5334 2706//5334
f 2725//5335 2721//5335 2719//5335
f 2728//5336 2722//5336 2448//5336
f 2728//5337 2448//5337 2451//5337
f 2728//5338 2451//5338 2452//5338
f 2729//5339 2723//5339 2716//5339
f 2730//5340 2711//5340 2717//5340
f 2730//5341 2717//5341 2723//5341
f 2730//5342 2724//5342 2711//5342
f 2731//5343 2732//5343 2727//5343
f 2731//5344 2733//5344 2732//5344
f 2731//5345 2727//5345 2725//5345
f 2731//5346 2725//5346 2712//5346
f 2731//5347 2712//5347 2718//5347
f 2731//5348 2718//5348 2724//5348
f 2734//5349 2452//5349 2454//5349
f 2734//5350 2454//5350 2455//5350
f 2734//5351 2728//5351 2452//5351
f 2735//5352 2729//5352 2716//5352
f 2735//5353 2716//5353 2722//5353
f 2736//5354 2730//5354 2723//5354
f 2737//5355 2738//5355 2733//5355
f 2737//5356 2739//5356 2738//5356
f 2737//5357 2733//5357 2731//5357
f 2737//5358 2731//5358 2724//5358
f 2740//5359 2455//5359 2459//5359
f 2740//5360 2459//5360 2461//5360
f 2740//5361 2734//5361 2455//5361
f 2741//5362 2735//5362 2722//5362
f 2741//5363 2722//5363 2728//5363
f 2742//5364 2723//5364 2729//5364
f 2742//5365 2736//5365 2723//5365
f 2743//5366 2744//5366 2739//5366
f 2743//5367 2745//5367 2744//5367
f 2743//5368 2739//5368 2737//5368
f 2743//5369 2724//5369 2730//5369
f 2743//5370 2737//5370 2724//5370
f 2746//5371 2740//5371 2461//5371
f 2746//5372 2461//5372 2462//5372
f 2746//5373 2462//5373 2464//5373
f 2747//5374 2728//5374 2734//5374
f 2747//5375 2734//5375 2740//5375
f 2747//5376 2741//5376 2728//5376
f 2748//5377 2742//5377 2729//5377
f 2748//5378 2729//5378 2735//5378
f 2749//5379 2750//5379 2745//5379
f 2749//5380 2751//5380 2750//5380
f 2749//5381 2730//5381 2736//5381
f 2749//5382 2736//5382 2742//5382
f 2749//5383 2743//5383 2730//5383
f 2749//5384 2745//5384 2743//5384
f 2752//5385 2746//5385 2464//5385
f 2752//5386 2464//5386 2466//5386
f 2752//5387 2466//5387 2468//5387
f 2753//5388 2747//5388 2740//5388
f 2754//5389 2735//5389 2741//5389
f 2754//5390 2748//5390 2735//5390
f 2755//5391 2756//5391 2751//5391
f 2755//5392 2757//5392 2756//5392
f 2755//5393 2751//5393 2749//5393
f 2755//5394 2749//5394 2742//5394
f 2758//5395 2752//5395 2468//5395
f 2758//5396 2468//5396 2470//5396
f 2758//5397 2470//5397 2471//5397
f 2759//5398 2740//5398 2746//5398
f 2759//5399 2753//5399 2740//5399
f 2759//5400 2746//5400 2752//5400
f 2760//5401 2741//5401 2747//5401
f 2760//5402 2754//5402 2741//5402
f 2761//5403 2755//5403 2742//5403
f 2761//5404 2762//5404 2757//5404
f 2761//5405 2763//5405 2762//5405
f 2761//5406 2757//5406 2755//5406
f 2761//5407 2748//5407 2754//5407
f 2761//5408 2742//5408 2748//5408
f 2764//5409 2758//5409 2471//5409
f 2764//5410 2471//5410 2474//5410
f 2764//5411 2474//5411 2476//5411
f 2765//5412 2759//5412 2752//5412
f 2765//5413 2752//5413 2758//5413
f 2766//5414 2760//5414 2747//5414
f 2766//5415 2747//5415 2753//5415
f 2767//5416 2768//5416 2763//5416
f 2767//5417 2769//5417 2768//5417
f 2767//5418 2761//5418 2754//5418
f 2767//5419 2763//5419 2761//5419
f 2770//5420 2764//5420 2476//5420
f 2770//5421 2476//5421 2478//5421
f 2770//5422 2478//5422 2481//5422
f 2771//5423 2765//5423 2758//5423
f 2772//5424 2766//5424 2753//5424
f 2772//5425 2753//5425 2759//5425
f 2773//5426 2767//5426 2754//5426
f 2773//5427 2760//5427 2766//5427
f 2773//5428 2754//5428 2760//5428
f 2773//5429 2774//5429 2769//5429
f 2773//5430 2775//5430 2774//5430
f 2773//5431 2769//5431 2767//5431
f 2776//5432 2481//5432 2483//5432
f 2776//5433 2483//5433 2484//5433
f 2776//5434 2770//5434 2481//5434
f 2777//5435 2758//5435 2764//5435
f 2777//5436 2771//5436 2758//5436
f 2777//5437 2764//5437 2770//5437
f 2778//5438 2759//5438 2765//5438
f 2778//5439 2772//5439 2759//5439
f 2779//5440 2780//5440 2775//5440
f 2779//5441 2781//5441 2780//5441
f 2779//5442 2775//5442 2773//5442
f 2779//5443 2773//5443 2766//5443
f 2782//5444 2484//5444 2486//5444
f 2782//5445 2486//5445 2488//5445
f 2782//5446 2776//5446 2484//5446
f 2783//5447 2777//5447 2770//5447
f 2783//5448 2770//5448 2776//5448
f 2784//5449 2778//5449 2765//5449
f 2784//5450 2765//5450 2771//5450
f 2785//5451 2786//5451 2781//5451
f 2785//5452 2787//5452 2786//5452
f 2785//5453 2781//5453 2779//5453
f 2785//5454 2779//5454 2766//5454
f 2785//5455 2766//5455 2772//5455
f 2785//5456 2772//5456 2778//5456
f 2788//5457 2488//5457 2489//5457
f 2788//5458 2489//5458 2491//5458
f 2788//5459 2782//5459 2488//5459
f 2789//5460 2783//5460 2776//5460
f 2789//5461 2776//5461 2782//5461
f 2790//5462 2771//5462 2777//5462
f 2790//5463 2784//5463 2771//5463
f 2791//5464 2778//5464 2784//5464
f 2791//5465 2785//5465 2778//5465
f 2791//5466 2792//5466 2787//5466
f 2791//5467 2787//5467 2785//5467
f 2791//5468 2793//5468 2792//5468
f 2794//5469 2491//5469 2494//5469
f 2794//5470 2494//5470 2495//5470
f 2794//5471 2788//5471 2491//5471
f 2795//5472 2789//5472 2782//5472
f 2796//5473 2777//5473 2783//5473
f 2796//5474 2790//5474 2777//5474
f 2797//5475 2798//5475 2793//5475
f 2797//5476 2799//5476 2798//5476
f 2797//5477 2791//5477 2784//5477
f 2797//5478 2793//5478 2791//5478
f 2800//5479 2495//5479 2498//5479
f 2800//5480 2498//5480 2500//5480
f 2800//5481 2794//5481 2495//5481
f 2801//5482 2782//5482 2788//5482
f 2801//5483 2795//5483 2782//5483
f 2802//5484 2783//5484 2789//5484
f 2802//5485 2796//5485 2783//5485
f 2803//5486 2804//5486 2799//5486
f 2803//5487 2805//5487 2804//5487
f 2803//5488 2784//5488 2790//5488
f 2803//5489 2799//5489 2797//5489
f 2803//5490 2790//5490 2796//5490
f 2803//5491 2797//5491 2784//5491
f 2806//5492 2500//5492 2503//5492
f 2806//5493 2503//5493 2504//5493
f 2806//5494 2800//5494 2500//5494
f 2807//5495 2788//5495 2794//5495
f 2807//5496 2801//5496 2788//5496
f 2807//5497 2794//5497 2800//5497
f 2808//5498 2789//5498 2795//5498
f 2808//5499 2802//5499 2789//5499
f 2809//5500 2810//5500 2805//5500
f 2809//5501 2811//5501 2810//5501
f 2809//5502 2805//5502 2803//5502
f 2809//5503 2803//5503 2796//5503
f 2812//5504 2504//5504 2506//5504
f 2812//5505 2506//5505 2509//5505
f 2812//5506 2806//5506 2504//5506
f 2813//5507 2807//5507 2800//5507
f 2813//5508 2800//5508 2806//5508
f 2814//5509 2808//5509 2795//5509
f 2814//5510 2795//5510 2801//5510
f 2815//5511 2809//5511 2796//5511
f 2815//5512 2816//5512 2811//5512
f 2815//5513 2817//5513 2816//5513
f 2815//5514 2811//5514 2809//5514
f 2815//5515 2796//5515 2802//5515
f 2818//5516 2812//5516 2509//5516
f 2818//5517 2509//5517 2510//5517
f 2818//5518 2510//5518 2507//5518
f 2819//5519 2813//5519 2806//5519
f 2820//5520 2814//5520 2801//5520
f 2820//5521 2801//5521 2807//5521
f 2821//5522 2817//5522 2815//5522
f 2821//5523 2815//5523 2802//5523
f 2821//5524 2822//5524 2817//5524
f 2821//5525 2823//5525 2822//5525
f 2821//5526 2802//5526 2808//5526
f 2824//5527 2818//5527 2507//5527
f 2824//5528 2507//5528 2508//5528
f 2824//5529 2508//5529 2505//5529
f 2825//5530 2819//5530 2806//5530
f 2825//5531 2806//5531 2812//5531
f 2826//5532 2820//5532 2807//5532
f 2826//5533 2813//5533 2819//5533
f 2826//5534 2807//5534 2813//5534
f 2827//5535 2808//5535 2814//5535
f 2827//5536 2814//5536 2820//5536
f 2827//5537 2821//5537 2808//5537
f 2827//5538 2823//5538 2821//5538
f 2827//5539 2828//5539 2823//5539
f 2827//5540 2829//5540 2828//5540
f 2830//5541 2505//5541 2501//5541
f 2830//5542 2501//5542 2502//5542
f 2830//5543 2824//5543 2505//5543
f 2831//5544 2818//5544 2824//5544
f 2831//5545 2825//5545 2812//5545
f 2831//5546 2812//5546 2818//5546
f 2832//5547 2826//5547 2819//5547
f 2833//5548 2829//5548 2827//5548
f 2833//5549 2827//5549 2820//5549
f 2833//5550 2834//5550 2829//5550
f 2833//5551 2835//5551 2834//5551
f 2836//5552 2502//5552 2499//5552
f 2836//5553 2499//5553 2497//5553
f 2836//5554 2830//5554 2502//5554
f 2837//5555 2831//5555 2824//5555
f 2838//5556 2819//5556 2825//5556
f 2838//5557 2832//5557 2819//5557
f 2838//5558 2825//5558 2831//5558
f 2839//5559 2840//5559 2835//5559
f 2839//5560 2841//5560 2840//5560
f 2839//5561 2833//5561 2820//5561
f 2839//5562 2820//5562 2826//5562
f 2839//5563 2835//5563 2833//5563
f 2842//5564 2497//5564 2496//5564
f 2842//5565 2496//5565 2493//5565
f 2842//5566 2836//5566 2497//5566
f 2843//5567 2837//5567 2824//5567
f 2843//5568 2824//5568 2830//5568
f 2843//5569 2830//5569 2836//5569
f 2844//5570 2838//5570 2831//5570
f 2844//5571 2831//5571 2837//5571
f 2845//5572 2841//5572 2839//5572
f 2845//5573 2846//5573 2841//5573
f 2845//5574 2847//5574 2846//5574
f 2845//5575 2839//5575 2826//5575
f 2845//5576 2826//5576 2832//5576
f 2848//5577 2493//5577 2492//5577
f 2848//5578 2492//5578 2490//5578
f 2848//5579 2842//5579 2493//5579
f 2849//5580 2836//5580 2842//5580
f 2849//5581 2843//5581 2836//5581
f 2850//5582 2844//5582 2837//5582
f 2851//5583 2852//5583 2847//5583
f 2851//5584 2853//5584 2852//5584
f 2851//5585 2832//5585 2838//5585
f 2851//5586 2845//5586 2832//5586
f 2851//5587 2847//5587 2845//5587
f 2854//5588 2490//5588 2487//5588
f 2854//5589 2487//5589 2485//5589
f 2854//5590 2848//5590 2490//5590
f 2855//5591 2849//5591 2842//5591
f 2856//5592 2837//5592 2843//5592
f 2856//5593 2850//5593 2837//5593
f 2857//5594 2858//5594 2853//5594
f 2857//5595 2859//5595 2858//5595
f 2857//5596 2853//5596 2851//5596
f 2857//5597 2851//5597 2838//5597
f 2857//5598 2838//5598 2844//5598
f 2860//5599 2480//5599 2511//5599
f 2860//5600 2854//5600 2485//5600
f 2860//5601 2485//5601 2482//5601
f 2860//5602 2482//5602 2480//5602
f 2861//5603 2842//5603 2848//5603
f 2861//5604 2855//5604 2842//5604
f 2861//5605 2848//5605 2854//5605
f 2862//5606 2843//5606 2849//5606
f 2862//5607 2856//5607 2843//5607
f 2862//5608 2849//5608 2855//5608
f 2863//5609 2857//5609 2844//5609
f 2863//5610 2864//5610 2859//5610
f 2863//5611 2865//5611 2864//5611
f 2863//5612 2859//5612 2857//5612
f 2863//5613 2844//5613 2850//5613
f 2866//5614 2861//5614 2854//5614
f 2867//5615 2862//5615 2855//5615
f 2868//5616 2863//5616 2850//5616
f 2868//5617 2869//5617 2865//5617
f 2868//5618 2870//5618 2869//5618
f 2868//5619 2850//5619 2856//5619
f 2868//5620 2865//5620 2863//5620
f 2871//5621 2854//5621 2860//5621
f 2871//5622 2511//5622 2520//5622
f 2871//5623 2860//5623 2511//5623
f 2871//5624 2866//5624 2854//5624
f 2872//5625 2867//5625 2855//5625
f 2872//5626 2855//5626 2861//5626
f 2873//5627 2868//5627 2856//5627
f 2873//5628 2874//5628 2870//5628
f 2873//5629 2875//5629 2874//5629
f 2873//5630 2856//5630 2862//5630
f 2873//5631 2870//5631 2868//5631
f 2876//5632 2861//5632 2866//5632
f 2876//5633 2872//5633 2861//5633
f 2877//5634 2875//5634 2873//5634
f 2877//5635 2873//5635 2862//5635
f 2877//5636 2878//5636 2875//5636
f 2877//5637 2879//5637 2878//5637
f 2877//5638 2862//5638 2867//5638
f 2880//5639 2866//5639 2871//5639
f 2880//5640 2871//5640 2520//5640
f 2880//5641 2520//5641 2526//5641
f 2880//5642 2876//5642 2866//5642
f 2881//5643 2879//5643 2877//5643
f 2881//5644 2877//5644 2867//5644
f 2881//5645 2882//5645 2879//5645
f 2881//5646 2883//5646 2882//5646
f 2881//5647 2867//5647 2872//5647
f 2884//5648 2872//5648 2876//5648
f 2884//5649 2881//5649 2872//5649
f 2884//5650 2883//5650 2881//5650
f 2884//5651 2885//5651 2883//5651
f 2884//5652 2886//5652 2885//5652
f 2887//5653 2526//5653 2514//5653
f 2887//5654 2880//5654 2526//5654
f 2887//5655 2876//5655 2880//5655
f 2887//5656 2884//5656 2876//5656
f 2887//5657 2886//5657 2884//5657
f 2887//5658 2888//5658 2886//5658
f 2887//5659 2515//5659 2888//5659
f 2887//5660 2514//5660 2515//5660
f 2513//5661 2512//5661 2889//5661
f 2889//5662 2512//5662 2890//5662
f 2890//5663 2534//5663 2891//5663
f 2512//5664 2534//5664 2890//5664
f 2891//5665 2535//5665 2892//5665
f 2534//5666 2535//5666 2891//5666
f 2892//5667 2540//5667 2893//5667
f 2535//5668 2540//5668 2892//5668
f 2893//5669 2541//5669 2894//5669
f 2540//5670 2541//5670 2893//5670
f 2894//5671 2546//5671 2895//5671
f 2541//5672 2546//5672 2894//5672
f 2895//5673 2547//5673 2896//5673
f 2546//5674 2547//5674 2895//5674
f 2896//5675 2552//5675 2897//5675
f 2547//5676 2552//5676 2896//5676
f 2897//5677 2553//5677 2898//5677
f 2552//5678 2553//5678 2897//5678
f 2898//5679 2558//5679 2899//5679
f 2553//5680 2558//5680 2898//5680
f 2558//5681 2559//5681 2899//5681
f 2899//5682 2559//5682 2900//5682
f 2559//5683 2564//5683 2900//5683
f 2900//5684 2564//5684 2901//5684
f 2564//5685 2565//5685 2901//5685
f 2901//5686 2565//5686 2902//5686
f 2565//5687 2570//5687 2902//5687
f 2902//5688 2570//5688 2903//5688
f 2903//5689 2571//5689 2904//5689
f 2570//5690 2571//5690 2903//5690
f 2904//5691 2576//5691 2905//5691
f 2571//5692 2576//5692 2904//5692
f 2905//5693 2577//5693 2906//5693
f 2576//5694 2577//5694 2905//5694
f 2906//5695 2582//5695 2907//5695
f 2577//5696 2582//5696 2906//5696
f 2907//5697 2583//5697 2908//5697
f 2582//5698 2583//5698 2907//5698
f 2908//5699 2588//5699 2909//5699
f 2583//5700 2588//5700 2908//5700
f 2909//5701 2589//5701 2910//5701
f 2588//5702 2589//5702 2909//5702
f 2910//5703 2594//5703 2911//5703
f 2589//5704 2594//5704 2910//5704
f 2911//5705 2595//5705 2912//5705
f 2594//5706 2595//5706 2911//5706
f 2912//5707 2600//5707 2913//5707
f 2595//5708 2600//5708 2912//5708
f 2913//5709 2601//5709 2914//5709
f 2600//5710 2601//5710 2913//5710
f 2914//5711 2606//5711 2915//5711
f 2601//5712 2606//5712 2914//5712
f 2915//5713 2607//5713 2916//5713
f 2606//5714 2607//5714 2915//5714
f 2916//5715 2612//5715 2917//5715
f 2607//5716 2612//5716 2916//5716
f 2917//5717 2613//5717 2918//5717
f 2612//5718 2613//5718 2917//5718
f 2918//5719 2618//5719 2919//5719
f 2919//5720 2618//5720 2920//5720
f 2613//5721 2618//5721 2918//5721
f 2618//5722 2619//5722 2920//5722
f 2920//5723 2624//5723 2921//5723
f 2921//5724 2624//5724 2922//5724
f 2619//5725 2624//5725 2920//5725
f 2922//5726 2625//5726 2923//5726
f 2624//5727 2625//5727 2922//5727
f 2625//5728 2630//5728 2923//5728
f 2923//5729 2631//5729 2924//5729
f 2924//5730 2631//5730 2925//5730
f 2630//5731 2631//5731 2923//5731
f 2925//5732 2636//5732 2926//5732
f 2631//5733 2636//5733 2925//5733
f 2636//5734 2637//5734 2926//5734
f 2637//5735 2642//5735 2926//5735
f 2926//5736 2642//5736 2927//5736
f 2642//5737 2643//5737 2927//5737
f 2927//5738 2643//5738 2928//5738
f 2928//5739 2643//5739 2929//5739
f 2643//5740 2648//5740 2929//5740
f 2648//5741 2649//5741 2929//5741
f 2929//5742 2649//5742 2930//5742
f 2649//5743 2654//5743 2930//5743
f 2930//5744 2654//5744 2931//5744
f 2654//5745 2655//5745 2931//5745
f 2931//5746 2655//5746 2932//5746
f 2932//5747 2655//5747 2933//5747
f 2655//5748 2660//5748 2933//5748
f 2660//5749 2661//5749 2933//5749
f 2933//5750 2661//5750 2934//5750
f 2661//5751 2666//5751 2934//5751
f 2934//5752 2666//5752 2935//5752
f 2935//5753 2666//5753 2936//5753
f 2666//5754 2667//5754 2936//5754
f 2936//5755 2672//5755 2937//5755
f 2667//5756 2672//5756 2936//5756
f 2937//5757 2673//5757 2938//5757
f 2672//5758 2673//5758 2937//5758
f 2938//5759 2678//5759 2939//5759
f 2939//5760 2678//5760 2940//5760
f 2673//5761 2678//5761 2938//5761
f 2678//5762 2679//5762 2940//5762
f 2940//5763 2684//5763 2941//5763
f 2679//5764 2684//5764 2940//5764
f 2941//5765 2685//5765 2942//5765
f 2684//5766 2685//5766 2941//5766
f 2942//5767 2690//5767 2943//5767
f 2685//5768 2690//5768 2942//5768
f 2943//5769 2691//5769 2944//5769
f 2690//5770 2691//5770 2943//5770
f 2944//5771 2696//5771 2945//5771
f 2691//5772 2696//5772 2944//5772
f 2945//5773 2697//5773 2946//5773
f 2696//5774 2697//5774 2945//5774
f 2946//5775 2702//5775 2947//5775
f 2697//5776 2702//5776 2946//5776
f 2947//5777 2703//5777 2948//5777
f 2702//5778 2703//5778 2947//5778
f 2948//5779 2708//5779 2949//5779
f 2703//5780 2708//5780 2948//5780
f 2949//5781 2709//5781 2950//5781
f 2950//5782 2709//5782 2951//5782
f 2708//5783 2709//5783 2949//5783
f 2709//5784 2714//5784 2951//5784
f 2714//5785 2715//5785 2951//5785
f 2951//5786 2715//5786 2952//5786
f 2715//5787 2720//5787 2952//5787
f 2952//5788 2720//5788 2953//5788
f 2720//5789 2721//5789 2953//5789
f 2953//5790 2721//5790 2954//5790
f 2954//5791 2721//5791 2955//5791
f 2721//5792 2726//5792 2955//5792
f 2726//5793 2727//5793 2955//5793
f 2955//5794 2727//5794 2956//5794
f 2727//5795 2732//5795 2956//5795
f 2956//5796 2732//5796 2957//5796
f 2957//5797 2732//5797 2958//5797
f 2732//5798 2733//5798 2958//5798
f 2733//5799 2738//5799 2958//5799
f 2958//5800 2738//5800 2959//5800
f 2959//5801 2738//5801 2960//5801
f 2738//5802 2739//5802 2960//5802
f 2739//5803 2744//5803 2960//5803
f 2960//5804 2744//5804 2961//5804
f 2961//5805 2744//5805 2962//5805
f 2744//5806 2745//5806 2962//5806
f 2745//5807 2750//5807 2962//5807
f 2962//5808 2750//5808 2963//5808
f 2750//5809 2751//5809 2963//5809
f 2963//5810 2751//5810 2964//5810
f 2964//5811 2751//5811 2965//5811
f 2751//5812 2756//5812 2965//5812
f 2756//5813 2757//5813 2965//5813
f 2965//5814 2757//5814 2966//5814
f 2966//5815 2757//5815 2967//5815
f 2757//5816 2762//5816 2967//5816
f 2762//5817 2763//5817 2967//5817
f 2967//5818 2763//5818 2968//5818
f 2968//5819 2763//5819 2969//5819
f 2763//5820 2768//5820 2969//5820
f 2768//5821 2769//5821 2969//5821
f 2969//5822 2769//5822 2970//5822
f 2769//5823 2774//5823 2970//5823
f 2970//5824 2774//5824 2971//5824
f 2971//5825 2775//5825 2972//5825
f 2774//5826 2775//5826 2971//5826
f 2972//5827 2780//5827 2973//5827
f 2775//5828 2780//5828 2972//5828
f 2973//5829 2781//5829 2974//5829
f 2780//5830 2781//5830 2973//5830
f 2974//5831 2786//5831 2975//5831
f 2781//5832 2786//5832 2974//5832
f 2975//5833 2787//5833 2976//5833
f 2786//5834 2787//5834 2975//5834
f 2787//5835 2792//5835 2976//5835
f 2976//5836 2792//5836 2977//5836
f 2792//5837 2793//5837 2977//5837
f 2977//5838 2793//5838 2978//5838
f 2793//5839 2798//5839 2978//5839
f 2978//5840 2798//5840 2979//5840
f 2798//5841 2799//5841 2979//5841
f 2979//5842 2799//5842 2980//5842
f 2799//5843 2804//5843 2980//5843
f 2980//5844 2804//5844 2981//5844
f 2804//5845 2805//5845 2981//5845
f 2981//5846 2805//5846 2982//5846
f 2805//5847 2810//5847 2982//5847
f 2982//5848 2810//5848 2983//5848
f 2810//5849 2811//5849 2983//5849
f 2983//5850 2811//5850 2984//5850
f 2811//5851 2816//5851 2984//5851
f 2984//5852 2816//5852 2985//5852
f 2816//5853 2817//5853 2985//5853
f 2985//5854 2817//5854 2986//5854
f 2817//5855 2822//5855 2986//5855
f 2986//5856 2822//5856 2987//5856
f 2822//5857 2823//5857 2987//5857
f 2987//5858 2823//5858 2988//5858
f 2988//5859 2828//5859 2989//5859
f 2823//5860 2828//5860 2988//5860
f 2989//5861 2829//5861 2990//5861
f 2828//5862 2829//5862 2989//5862
f 2990//5863 2834//5863 2991//5863
f 2829//5864 2834//5864 2990//5864
f 2991//5865 2835//5865 2992//5865
f 2834//5866 2835//5866 2991//5866
f 2992//5867 2840//5867 2993//5867
f 2835//5868 2840//5868 2992//5868
f 2993//5869 2841//5869 2994//5869
f 2840//5870 2841//5870 2993//5870
f 2994//5871 2846//5871 2995//5871
f 2841//5872 2846//5872 2994//5872
f 2995//5873 2847//5873 2996//5873
f 2846//5874 2847//5874 2995//5874
f 2996//5875 2852//5875 2997//5875
f 2847//5876 2852//5876 2996//5876
f 2997//5877 2853//5877 2998//5877
f 2852//5878 2853//5878 2997//5878
f 2998//5879 2858//5879 2999//5879
f 2853//5880 2858//5880 2998//5880
f 2999//5881 2859//5881 3000//5881
f 2858//5882 2859//5882 2999//5882
f 3000//5883 2864//5883 3001//5883
f 2859//5884 2864//5884 3000//5884
f 2864//5885 2865//5885 3001//5885
f 3001//5886 2865//5886 3002//5886
f 2865//5887 2869//5887 3002//5887
f 3002//5888 2869//5888 3003//5888
f 2869//5889 2870//5889 3003//5889
f 3003//5890 2870//5890 3004//5890
f 3004//5891 2870//5891 3005//5891
f 2870//5892 2874//5892 3005//5892
f 3005//5893 2874//5893 3006//5893
f 2874//5894 2875//5894 3006//5894
f 3006//5895 2878//5895 3007//5895
f 3007//5896 2878//5896 3008//5896
f 2875//5897 2878//5897 3006//5897
f 3008//5898 2879//5898 3009//5898
f 2878//5899 2879//5899 3008//5899
f 2879//5900 2882//5900 3009//5900
f 3009//5901 2883//5901 3010//5901
f 2882//5902 2883//5902 3009//5902
f 3010//5903 2885//5903 3011//5903
f 3011//5904 2885//5904 3012//5904
f 2883//5905 2885//5905 3010//5905
f 2885//5906 2886//5906 3012//5906
f 3012//5907 2888//5907 3013//5907
f 2886//5908 2888//5908 3012//5908
f 3013//5909 2515//5909 3014//5909
f 2888//5910 2515//5910 3013//5910
f 3014//5911 2513//5911 2889//5911
f 2515//5912 2513//5912 3014//5912
f 2937//5913 2935//5913 2936//5913
f 2937//5914 2933//5914 2935//5914
f 2935//5915 2933//5915 2934//5915
f 2938//5916 2940//5916 2937//5916
f 2939//5917 2940//5917 2938//5917
f 2941//5918 2942//5918 2940//5918
f 2937//5919 2930//5919 2933//5919
f 2932//5920 2930//5920 2931//5920
f 2933//5921 2930//5921 2932//5921
f 2930//5922 2928//5922 2929//5922
f 2944//5923 2945//5923 2943//5923
f 2930//5924 2927//5924 2928//5924
f 2930//5925 2926//5925 2927//5925
f 2926//5926 2924//5926 2925//5926
f 2924//5927 2922//5927 2923//5927
f 2921//5928 2919//5928 2920//5928
f 2922//5929 2919//5929 2921//5929
f 2948//5930 2958//5930 2947//5930
f 2949//5931 2958//5931 2948//5931
f 2950//5932 2958//5932 2949//5932
f 2951//5933 2958//5933 2950//5933
f 2952//5934 2958//5934 2951//5934
f 2953//5935 2958//5935 2952//5935
f 2954//5936 2958//5936 2953//5936
f 2955//5937 2958//5937 2954//5937
f 2956//5938 2958//5938 2955//5938
f 2957//5939 2958//5939 2956//5939
f 2915//5940 2913//5940 2914//5940
f 2916//5941 2913//5941 2915//5941
f 2917//5942 2913//5942 2916//5942
f 2918//5943 2913//5943 2917//5943
f 2919//5944 2913//5944 2918//5944
f 2961//5945 2962//5945 2960//5945
f 2912//5946 2910//5946 2911//5946
f 2913//5947 2910//5947 2912//5947
f 2959//5948 2964//5948 2958//5948
f 2960//5949 2964//5949 2959//5949
f 2963//5950 2964//5950 2962//5950
f 2962//5951 2964//5951 2960//5951
f 2910//5952 2908//5952 2909//5952
f 2910//5953 2907//5953 2908//5953
f 2965//5954 2967//5954 2964//5954
f 2966//5955 2967//5955 2965//5955
f 2967//5956 2968//5956 2964//5956
f 2906//5957 2904//5957 2905//5957
f 2904//5958 2902//5958 2903//5958
f 2907//5959 2902//5959 2906//5959
f 2906//5960 2902//5960 2904//5960
f 2968//5961 2971//5961 2964//5961
f 2969//5962 2971//5962 2968//5962
f 2970//5963 2971//5963 2969//5963
f 2964//5964 2974//5964 2958//5964
f 2940//5965 2974//5965 2937//5965
f 2937//5966 2974//5966 2930//5966
f 2942//5967 2974//5967 2940//5967
f 2943//5968 2974//5968 2942//5968
f 2946//5969 2974//5969 2945//5969
f 2947//5970 2974//5970 2946//5970
f 2945//5971 2974//5971 2943//5971
f 2971//5972 2974//5972 2964//5972
f 2930//5973 2974//5973 2926//5973
f 2926//5974 2974//5974 2924//5974
f 2972//5975 2974//5975 2971//5975
f 2973//5976 2974//5976 2972//5976
f 2958//5977 2974//5977 2947//5977
f 2899//5978 2897//5978 2898//5978
f 2900//5979 2897//5979 2899//5979
f 2975//5980 2977//5980 2974//5980
f 2976//5981 2977//5981 2975//5981
f 2897//5982 2895//5982 2896//5982
f 2895//5983 2893//5983 2894//5983
f 2901//5984 2893//5984 2900//5984
f 2900//5985 2893//5985 2897//5985
f 2897//5986 2893//5986 2895//5986
f 2974//5987 2982//5987 2924//5987
f 2977//5988 2982//5988 2974//5988
f 2924//5989 2982//5989 2922//5989
f 2922//5990 2982//5990 2919//5990
f 2978//5991 2982//5991 2977//5991
f 2979//5992 2982//5992 2978//5992
f 2980//5993 2982//5993 2979//5993
f 2981//5994 2982//5994 2980//5994
f 2891//5995 2889//5995 2890//5995
f 2892//5996 2889//5996 2891//5996
f 2983//5997 2984//5997 2982//5997
f 2893//5998 3014//5998 2892//5998
f 2892//5999 3014//5999 2889//5999
f 3014//6000 3012//6000 3013//6000
f 3014//6001 3011//6001 3012//6001
f 2986//6002 2988//6002 2985//6002
f 2987//6003 2988//6003 2986//6003
f 2984//6004 2989//6004 2982//6004
f 2988//6005 2989//6005 2985//6005
f 2985//6006 2989//6006 2984//6006
f 3011//6007 3009//6007 3010//6007
f 3009//6008 3007//6008 3008//6008
f 3014//6009 3007//6009 3011//6009
f 3011//6010 3007//6010 3009//6010
f 3007//6011 3005//6011 3006//6011
f 2990//6012 2994//6012 2989//6012
f 2991//6013 2994//6013 2990//6013
f 2992//6014 2994//6014 2991//6014
f 2993//6015 2994//6015 2992//6015
f 2989//6016 2995//6016 2982//6016
f 2919//6017 2995//6017 2913//6017
f 2994//6018 2995//6018 2989//6018
f 2982//6019 2995//6019 2919//6019
f 3005//6020 3003//6020 3004//6020
f 3003//6021 3001//6021 3002//6021
f 3007//6022 3001//6022 3005//6022
f 3005//6023 3001//6023 3003//6023
f 2996//6024 2998//6024 2995//6024
f 2997//6025 2998//6025 2996//6025
f 2902//6026 2998//6026 2901//6026
f 2913//6027 2998//6027 2910//6027
f 2910//6028 2998//6028 2907//6028
f 2995//6029 2998//6029 2913//6029
f 2907//6030 2998//6030 2902//6030
f 3001//6031 2999//6031 3000//6031
f 2893//6032 2999//6032 3014//6032
f 3014//6033 2999//6033 3007//6033
f 2998//6034 2999//6034 2901//6034
f 3007//6035 2999//6035 3001//6035
f 2901//6036 2999//6036 2893//6036
