# Created by FreeCAD <https://www.freecad.org>
v 42.299999 -61.000000 19.000000
v 42.299999 -60.000000 19.600000
v 42.299999 -60.599998 19.000000
v 42.299999 -60.000000 20.000000
v 42.299999 -61.000000 36.000000
v 42.299999 -60.000000 36.000000
v 49.249489 -60.000000 19.600000
v 49.249489 -60.000000 20.000000
v 49.124783 -60.116367 19.483633
v 48.424809 -60.599998 19.000000
v 48.994556 -60.226521 19.373480
v 48.872887 -60.320129 19.279871
v 48.759972 -60.399742 19.200256
v 48.643997 -60.474838 19.125160
v 48.535530 -60.539398 19.060604
v 40.299999 -60.000000 36.000000
v 40.299999 -60.000000 20.000000
v 47.960392 -60.802044 19.000000
v 47.799690 -60.854195 19.000000
v 48.118389 -60.742199 19.000000
v 47.471680 -60.934944 19.000000
v 47.305134 -60.963356 19.000000
v 47.636658 -60.898529 19.000000
v 48.273315 -60.674797 19.000000
v 46.799999 -61.000000 19.000000
v 47.137409 -60.983700 19.000000
v 46.968903 -60.995922 19.000000
v 23.306805 -11.834665 36.000000
v 18.799999 -14.000000 36.000000
v 23.195766 -11.617302 36.000000
v 23.074245 -11.405617 36.000000
v 22.942539 -11.200114 36.000000
v 22.800961 -11.001284 36.000000
v 22.649853 -10.809600 36.000000
v 22.489559 -10.625520 36.000000
v 22.320484 -10.449480 36.000000
v 22.143017 -10.281902 36.000000
v 21.957577 -10.123185 36.000000
v 21.764614 -9.973707 36.000000
v 21.564594 -9.833823 36.000000
v 21.357975 -9.703869 36.000000
v 21.145267 -9.584152 36.000000
v 20.926968 -9.474958 36.000000
v 20.703602 -9.376549 36.000000
v 20.475697 -9.289158 36.000000
v 20.243801 -9.212993 36.000000
v 20.008457 -9.148235 36.000000
v 19.770245 -9.095040 36.000000
v 19.529713 -9.053535 36.000000
v 19.287441 -9.023817 36.000000
v 19.044010 -9.005958 36.000000
v 18.799999 -9.000000 36.000000
v 23.799999 -14.000000 36.000000
v 16.072460 -11.891464 36.000000
v 15.964536 -11.780813 36.000000
v 15.851224 -11.675678 36.000000
v 16.174740 -12.007359 36.000000
v 15.732816 -11.576323 36.000000
v 16.271107 -12.128206 36.000000
v 15.609609 -11.482992 36.000000
v 16.361340 -12.253708 36.000000
v 15.481893 -11.395920 36.000000
v 16.445202 -12.383551 36.000000
v 15.350003 -11.315321 36.000000
v 16.522488 -12.517413 36.000000
v 15.214253 -11.241398 36.000000
v 13.800000 -9.000000 36.000000
v 16.593006 -12.654961 36.000000
v 15.074986 -11.174332 36.000000
v 23.209606 -16.356983 36.000000
v 23.608967 -19.724741 36.000000
v 23.088642 -16.570515 36.000000
v 23.319942 -16.137775 36.000000
v 23.693501 -19.812759 36.000000
v 23.520229 -19.640951 36.000000
v 23.773647 -19.904800 36.000000
v 23.427509 -19.561592 36.000000
v 22.957348 -16.777851 36.000000
v 16.656574 -12.795853 36.000000
v 23.849201 -20.000643 36.000000
v 23.419399 -15.913417 36.000000
v 23.331028 -19.486853 36.000000
v 22.816036 -16.978497 36.000000
v 30.133999 -26.301046 36.000000
v 30.047001 -26.211712 36.000000
v 29.955662 -26.126825 36.000000
v 30.216434 -26.394608 36.000000
v 23.507717 -15.684449 36.000000
v 23.919994 -20.100058 36.000000
v 14.932561 -11.114291 36.000000
v 23.231014 -19.416912 36.000000
v 29.860203 -26.046600 36.000000
v 30.294094 -26.492163 36.000000
v 29.760860 -25.971233 36.000000
v 23.793980 -14.245338 36.000000
v 23.985844 -20.202808 36.000000
v 23.127712 -19.351934 36.000000
v 22.665051 -17.171967 36.000000
v 30.366802 -26.593470 36.000000
v 16.713047 -12.939737 36.000000
v 29.657879 -25.900915 36.000000
v 23.775921 -14.490086 36.000000
v 23.584698 -15.451424 36.000000
v 24.046604 -20.308651 36.000000
v 23.021358 -19.292076 36.000000
v 22.504757 -17.357796 36.000000
v 14.787313 -11.061425 36.000000
v 29.551525 -25.835819 36.000000
v 23.745884 -14.733652 36.000000
v 24.102123 -20.417334 36.000000
v 23.703922 -14.975451 36.000000
v 23.650158 -15.214901 36.000000
v 16.762272 -13.086259 36.000000
v 22.912205 -19.237480 36.000000
v 29.442059 -25.776106 36.000000
v 14.639607 -11.015865 36.000000
v 22.800526 -19.188274 36.000000
v 22.335537 -17.535534 36.000000
v 29.329746 -25.721928 36.000000
v 16.804142 -13.235052 36.000000
v 22.686573 -19.144579 36.000000
v 29.214878 -25.673414 36.000000
v 14.489812 -10.977723 36.000000
v 29.097729 -25.630690 36.000000
v 22.570621 -19.106497 36.000000
v 22.157795 -17.704756 36.000000
v 16.838535 -13.385747 36.000000
v 14.338307 -10.947096 36.000000
v 28.978596 -25.593861 36.000000
v 22.452953 -19.074118 36.000000
v 16.865376 -13.537969 36.000000
v 28.857777 -25.563017 36.000000
v 22.333843 -19.047520 36.000000
v 21.971966 -17.865053 36.000000
v 14.185468 -10.924059 36.000000
v 16.884594 -13.691339 36.000000
v 22.213581 -19.026768 36.000000
v 21.778492 -18.016037 36.000000
v 14.031667 -10.908669 36.000000
v 22.092442 -19.011909 36.000000
v 16.896145 -13.845478 36.000000
v 13.877286 -10.900964 36.000000
v 21.970730 -19.002979 36.000000
v 21.577854 -18.157349 36.000000
v 16.899998 -14.000000 36.000000
v 21.848721 -19.000000 36.000000
v 21.370510 -18.288643 36.000000
v 13.722714 -10.900964 36.000000
v 13.554662 -9.006023 36.000000
v 21.156986 -18.409607 36.000000
v 16.896145 -14.154522 36.000000
v 13.568334 -10.908669 36.000000
v 13.309911 -9.024076 36.000000
v 16.884594 -14.308661 36.000000
v 13.414533 -10.924059 36.000000
v 13.066350 -9.054118 36.000000
v 20.937778 -18.519947 36.000000
v 16.865376 -14.462031 36.000000
v 13.261693 -10.947096 36.000000
v 12.824552 -9.096074 36.000000
v 16.838535 -14.614253 36.000000
v 13.110188 -10.977723 36.000000
v 12.585103 -9.149844 36.000000
v 20.713413 -18.619398 36.000000
v 16.804142 -14.764948 36.000000
v 12.960393 -11.015865 36.000000
v 12.348577 -9.215299 36.000000
v 28.735569 -25.538237 36.000000
v 25.783733 -23.917334 36.000000
v 28.238972 -25.500746 36.000000
v 28.363667 -25.500811 36.000000
v 28.488209 -25.507095 36.000000
v 28.612270 -25.519581 36.000000
v 16.762272 -14.913741 36.000000
v 25.834286 -24.029551 36.000000
v 28.114429 -25.506897 36.000000
v 20.484447 -18.707720 36.000000
v 12.812688 -11.061425 36.000000
v 12.115552 -9.292280 36.000000
v 25.879253 -24.144119 36.000000
v 27.990345 -25.519251 36.000000
v 25.918530 -24.260761 36.000000
v 27.867039 -25.537777 36.000000
v 16.713047 -15.060263 36.000000
v 25.952023 -24.379196 36.000000
v 27.744801 -25.562429 36.000000
v 12.667439 -11.114291 36.000000
v 11.886586 -9.380603 36.000000
v 25.979641 -24.499136 36.000000
v 27.623951 -25.593145 36.000000
v 20.251423 -18.784702 36.000000
v 16.656574 -15.204148 36.000000
v 26.001324 -24.620289 36.000000
v 27.504780 -25.629848 36.000000
v 12.525014 -11.174332 36.000000
v 11.662221 -9.480054 36.000000
v 26.017017 -24.742363 36.000000
v 27.387585 -25.672449 36.000000
v 16.593006 -15.345039 36.000000
v 20.014896 -18.850157 36.000000
v 26.026684 -24.865061 36.000000
v 27.272663 -25.720839 36.000000
v 12.385747 -11.241398 36.000000
v 11.443013 -9.590394 36.000000
v 27.160297 -25.774900 36.000000
v 26.030300 -24.988087 36.000000
v 12.249997 -11.315321 36.000000
v 11.229489 -9.711357 36.000000
v 27.050762 -25.834496 36.000000
v 26.027851 -25.111141 36.000000
v 19.775448 -18.903927 36.000000
v 26.019360 -25.233925 36.000000
v 26.944340 -25.899481 36.000000
v 12.118108 -11.395920 36.000000
v 11.022145 -9.842652 36.000000
v 26.004826 -25.356142 36.000000
v 26.841290 -25.969690 36.000000
v 11.990392 -11.482992 36.000000
v 10.821507 -9.983963 36.000000
v 25.984303 -25.477497 36.000000
v 26.741863 -26.044950 36.000000
v 25.957829 -25.597694 36.000000
v 26.646320 -26.125076 36.000000
v 11.867185 -11.576323 36.000000
v 10.628034 -10.134948 36.000000
v 25.925472 -25.716444 36.000000
v 26.554890 -26.209864 36.000000
v 11.748776 -11.675678 36.000000
v 10.442204 -10.295244 36.000000
v 25.887302 -25.833456 36.000000
v 26.467800 -26.299107 36.000000
v 25.843433 -25.948448 36.000000
v 26.385265 -26.392582 36.000000
v 11.635465 -11.780813 36.000000
v 10.264462 -10.464466 36.000000
v 18.799999 -19.000000 36.000000
v 16.174740 -15.992641 36.000000
v 16.072460 -16.108536 36.000000
v 16.271107 -15.871794 36.000000
v 16.361340 -15.746292 36.000000
v 16.445202 -15.616449 36.000000
v 16.522488 -15.482588 36.000000
v 15.964536 -16.219187 36.000000
v 25.793949 -26.061140 36.000000
v 26.307499 -26.490055 36.000000
v 11.527539 -11.891464 36.000000
v 25.738979 -26.171263 36.000000
v 26.234684 -26.591284 36.000000
v 15.851224 -16.324322 36.000000
v 10.095243 -10.642205 36.000000
v 11.425260 -12.007359 36.000000
v 26.167011 -26.696018 36.000000
v 25.678654 -26.278545 36.000000
v 15.732816 -16.423677 36.000000
v 25.613125 -26.382729 36.000000
v 26.104649 -26.803997 36.000000
v 11.328893 -12.128206 36.000000
v 9.934949 -10.828033 36.000000
v 15.609609 -16.517008 36.000000
v 26.047741 -26.914951 36.000000
v 25.542553 -26.483561 36.000000
v 25.996441 -27.028605 36.000000
v 25.467098 -26.580797 36.000000
v 15.481893 -16.604080 36.000000
v 9.783963 -11.021503 36.000000
v 11.238660 -12.253708 36.000000
v 25.386951 -26.674202 36.000000
v 25.950871 -27.144674 36.000000
v 15.350003 -16.684679 36.000000
v 25.302303 -26.763550 36.000000
v 25.911144 -27.262873 36.000000
v 9.642652 -11.222149 36.000000
v 11.154798 -12.383551 36.000000
v 25.877361 -27.382904 36.000000
v 25.213360 -26.848623 36.000000
v 25.120335 -26.929216 36.000000
v 25.849598 -27.504471 36.000000
v 9.511357 -11.429486 36.000000
v 11.077512 -12.517413 36.000000
v 25.023457 -27.005133 36.000000
v 25.827938 -27.627270 36.000000
v 24.922962 -27.076189 36.000000
v 25.812428 -27.750998 36.000000
v 9.390393 -11.643017 36.000000
v 11.006993 -12.654961 36.000000
v 24.819096 -27.142214 36.000000
v 25.803112 -27.875343 36.000000
v 25.799999 -28.000000 36.000000
v 24.712101 -27.203047 36.000000
v 9.280057 -11.862225 36.000000
v 10.943425 -12.795853 36.000000
v 25.803013 -28.122669 36.000000
v 24.602245 -27.258539 36.000000
v 24.489788 -27.308558 36.000000
v 25.812038 -28.245043 36.000000
v 9.180600 -12.086583 36.000000
v 10.886952 -12.939737 36.000000
v 24.375004 -27.352982 36.000000
v 25.827061 -28.366827 36.000000
v 24.258175 -27.391703 36.000000
v 25.848034 -28.487726 36.000000
v 10.837728 -13.086259 36.000000
v 9.092282 -12.315551 36.000000
v 24.139584 -27.424625 36.000000
v 25.874920 -28.607450 36.000000
v 25.907650 -28.725712 36.000000
v 24.019512 -27.451674 36.000000
v 10.795857 -13.235052 36.000000
v 9.015302 -12.548576 36.000000
v 25.946140 -28.842226 36.000000
v 23.898258 -27.472778 36.000000
v 25.990299 -28.956709 36.000000
v 23.776112 -27.487888 36.000000
v 10.761464 -13.385747 36.000000
v 8.949841 -12.785099 36.000000
v 26.040028 -29.068888 36.000000
v 23.653370 -27.496971 36.000000
v 26.291981 -29.489248 36.000000
v 23.530323 -27.500000 36.000000
v 26.221325 -29.388926 36.000000
v 26.155674 -29.285257 36.000000
v 26.095196 -29.178492 36.000000
v 10.734624 -13.537969 36.000000
v 8.896077 -13.024549 36.000000
v 8.854115 -13.266348 36.000000
v 10.715405 -13.691339 36.000000
v 8.824079 -13.509914 36.000000
v 10.703855 -13.845478 36.000000
v 14.300000 -19.000000 36.000000
v 14.338307 -17.052904 36.000000
v 14.185468 -17.075941 36.000000
v 14.489812 -17.022276 36.000000
v 14.639607 -16.984135 36.000000
v 14.787313 -16.938576 36.000000
v 14.932561 -16.885708 36.000000
v 15.074986 -16.825668 36.000000
v 15.214253 -16.758602 36.000000
v 14.177327 -19.003012 36.000000
v 14.031667 -17.091331 36.000000
v 8.806020 -13.754662 36.000000
v 10.700002 -14.000000 36.000000
v 14.054959 -19.012039 36.000000
v 13.877286 -17.099037 36.000000
v 13.933171 -19.027060 36.000000
v 13.722714 -17.099037 36.000000
v 8.800000 -14.000000 36.000000
v 10.703855 -14.154522 36.000000
v 10.715405 -14.308661 36.000000
v 10.734624 -14.462031 36.000000
v 10.761464 -14.614253 36.000000
v 10.795857 -14.764948 36.000000
v 10.837728 -14.913741 36.000000
v 10.886952 -15.060263 36.000000
v 10.943425 -15.204148 36.000000
v 11.006993 -15.345039 36.000000
v 11.077512 -15.482588 36.000000
v 11.154798 -15.616449 36.000000
v 11.238660 -15.746292 36.000000
v 11.328893 -15.871794 36.000000
v 13.812276 -19.048037 36.000000
v 13.568334 -17.091331 36.000000
v 13.692548 -19.074923 36.000000
v 13.414533 -17.075941 36.000000
v 13.574292 -19.107649 36.000000
v 13.457776 -19.146139 36.000000
v 13.261693 -17.052904 36.000000
v 13.343289 -19.190302 36.000000
v 13.110188 -17.022276 36.000000
v 13.231114 -19.240026 36.000000
v 12.960393 -16.984135 36.000000
v 13.121511 -19.295197 36.000000
v 12.812688 -16.938576 36.000000
v 13.014745 -19.355679 36.000000
v 12.667439 -16.885708 36.000000
v 12.911077 -19.421326 36.000000
v 12.525014 -16.825668 36.000000
v 12.810750 -19.491982 36.000000
v 12.714017 -19.567474 36.000000
v 12.385747 -16.758602 36.000000
v 12.621106 -19.647623 36.000000
v 12.249997 -16.684679 36.000000
v 12.532231 -19.732233 36.000000
v 12.118108 -16.604080 36.000000
v 12.447621 -19.821102 36.000000
v 11.990392 -16.517008 36.000000
v 12.367475 -19.914017 36.000000
v 11.867185 -16.423677 36.000000
v 12.291982 -20.010752 36.000000
v 11.748776 -16.324322 36.000000
v 12.221326 -20.111074 36.000000
v 11.635465 -16.219187 36.000000
v 12.155675 -20.214743 36.000000
v 12.095197 -20.321508 36.000000
v 11.527539 -16.108536 36.000000
v 12.040029 -20.431112 36.000000
v 11.425260 -15.992641 36.000000
v 11.990300 -20.543291 36.000000
v 11.946141 -20.657776 36.000000
v 11.907651 -20.774288 36.000000
v 11.874921 -20.892550 36.000000
v 11.848035 -21.012274 36.000000
v 11.827062 -21.133175 36.000000
v 11.812039 -21.254957 36.000000
v 11.803014 -21.377331 36.000000
v 11.800000 -21.500000 36.000000
v 11.800000 -25.000000 36.000000
v 11.803014 -25.122669 36.000000
v 11.812039 -25.245043 36.000000
v 16.799999 -30.500000 36.000000
v 27.121510 -30.204803 36.000000
v 27.014744 -30.144321 36.000000
v 26.911076 -30.078674 36.000000
v 26.810749 -30.008018 36.000000
v 26.714016 -29.932528 36.000000
v 26.621105 -29.852379 36.000000
v 26.532230 -29.767767 36.000000
v 26.447620 -29.678898 36.000000
v 26.367474 -29.585983 36.000000
v 14.300000 -27.500000 36.000000
v 16.554661 -30.506023 36.000000
v 16.309910 -30.524076 36.000000
v 16.066349 -30.554117 36.000000
v 15.824552 -30.596073 36.000000
v 15.585103 -30.649843 36.000000
v 15.348577 -30.715298 36.000000
v 15.115552 -30.792280 36.000000
v 14.886586 -30.880602 36.000000
v 14.177327 -27.496988 36.000000
v 14.662221 -30.980053 36.000000
v 14.054959 -27.487963 36.000000
v 13.933171 -27.472942 36.000000
v 14.443013 -31.090393 36.000000
v 13.812276 -27.451963 36.000000
v 14.229489 -31.211357 36.000000
v 13.692548 -27.425079 36.000000
v 13.574292 -27.392351 36.000000
v 14.022145 -31.342651 36.000000
v 13.457776 -27.353861 36.000000
v 13.821507 -31.483963 36.000000
v 13.343289 -27.309700 36.000000
v 13.231114 -27.259974 36.000000
v 13.628034 -31.634947 36.000000
v 13.121511 -27.204803 36.000000
v 13.442204 -31.795244 36.000000
v 13.014745 -27.144321 36.000000
v 12.911077 -27.078674 36.000000
v 13.264462 -31.964466 36.000000
v 12.810750 -27.008018 36.000000
v 13.095243 -32.142204 36.000000
v 12.714017 -26.932528 36.000000
v 12.621106 -26.852379 36.000000
v 12.934949 -32.328033 36.000000
v 12.532231 -26.767767 36.000000
v 12.783963 -32.521503 36.000000
v 12.447621 -26.678898 36.000000
v 12.642652 -32.722149 36.000000
v 12.367475 -26.585983 36.000000
v 12.291982 -26.489248 36.000000
v 12.511357 -32.929489 36.000000
v 12.221326 -26.388926 36.000000
v 33.274937 -54.000000 36.000000
v 40.299999 -54.000000 36.000000
v 12.390393 -33.143017 36.000000
v 12.155675 -26.285257 36.000000
v 30.802708 -51.871590 36.000000
v 30.796841 -51.874317 36.000000
v 30.787464 -51.750000 36.000000
v 12.280057 -33.362225 36.000000
v 12.095197 -26.178492 36.000000
v 12.040029 -26.068888 36.000000
v 30.823887 -51.992287 36.000000
v 30.799999 -51.998947 36.000000
v 30.850948 -52.111797 36.000000
v 30.796940 -52.123581 36.000000
v 30.883839 -52.229843 36.000000
v 12.180600 -33.586582 36.000000
v 11.990300 -25.956709 36.000000
v 30.922482 -52.346130 36.000000
v 30.787678 -52.247906 36.000000
v 30.966763 -52.460388 36.000000
v 30.772228 -52.371616 36.000000
v 12.092282 -33.815552 36.000000
v 11.946141 -25.842226 36.000000
v 31.016598 -52.572338 36.000000
v 30.750622 -52.494400 36.000000
v 30.722935 -52.615955 36.000000
v 31.071857 -52.681713 36.000000
v 12.015302 -34.048576 36.000000
v 11.907651 -25.725712 36.000000
v 31.132412 -52.788246 36.000000
v 30.689213 -52.735977 36.000000
v 30.649548 -52.854172 36.000000
v 31.198109 -52.891685 36.000000
v 11.949841 -34.285099 36.000000
v 11.874921 -25.607450 36.000000
v 31.268795 -52.991779 36.000000
v 30.604046 -52.970242 36.000000
v 30.552814 -53.083897 36.000000
v 31.344311 -53.088291 36.000000
v 11.896077 -34.524548 36.000000
v 11.848035 -25.487726 36.000000
v 30.495975 -53.194859 36.000000
v 31.424458 -53.180988 36.000000
v 30.433681 -53.302845 36.000000
v 31.509052 -53.269646 36.000000
v 11.854115 -34.766350 36.000000
v 11.827062 -25.366827 36.000000
v 31.597889 -53.354050 36.000000
v 30.366077 -53.407597 36.000000
v 11.824079 -35.009914 36.000000
v 31.690754 -53.434002 36.000000
v 30.293331 -53.508846 36.000000
v 31.787426 -53.509304 36.000000
v 30.215633 -53.606342 36.000000
v 11.806020 -35.254662 36.000000
v 31.887669 -53.579781 36.000000
v 30.133175 -53.699844 36.000000
v 31.991245 -53.645260 36.000000
v 30.046154 -53.789120 36.000000
v 32.097912 -53.705585 36.000000
v 29.954792 -53.873943 36.000000
v 29.859310 -53.954109 36.000000
v 32.207401 -53.760612 36.000000
v 30.299999 -57.400002 36.000000
v 32.319454 -53.810207 36.000000
v 32.433804 -53.854252 36.000000
v 32.550175 -53.892639 36.000000
v 32.668293 -53.925282 36.000000
v 32.787861 -53.952091 36.000000
v 32.908604 -53.973015 36.000000
v 33.030224 -53.987995 36.000000
v 33.152431 -53.996998 36.000000
v 29.759953 -54.029415 36.000000
v 29.656971 -54.099674 36.000000
v 29.550610 -54.164711 36.000000
v 29.441135 -54.224365 36.000000
v 29.328823 -54.278488 36.000000
v 29.213955 -54.326946 36.000000
v 29.096821 -54.369617 36.000000
v 28.977695 -54.406395 36.000000
v 28.856892 -54.437187 36.000000
v 28.734699 -54.461918 36.000000
v 28.611423 -54.480526 36.000000
v 28.487377 -54.492970 36.000000
v 28.362858 -54.499210 36.000000
v 28.238194 -54.499237 36.000000
v 25.848034 -51.512276 36.000000
v 22.335537 -52.464466 36.000000
v 25.874920 -51.392551 36.000000
v 22.157795 -52.295246 36.000000
v 25.907650 -51.274288 36.000000
v 25.946140 -51.157776 36.000000
v 25.812038 -51.754955 36.000000
v 22.504757 -52.642204 36.000000
v 25.827061 -51.633175 36.000000
v 25.803013 -51.877331 36.000000
v 22.665051 -52.828033 36.000000
v 21.971966 -52.134949 36.000000
v 25.990299 -51.043293 36.000000
v 21.778492 -51.983963 36.000000
v 26.040028 -50.931110 36.000000
v 26.095196 -50.821507 36.000000
v 25.803104 -52.124630 36.000000
v 22.816036 -53.021503 36.000000
v 25.799999 -52.000000 36.000000
v 25.827930 -52.372654 36.000000
v 22.957348 -53.222149 36.000000
v 25.812428 -52.248951 36.000000
v 21.577854 -51.842651 36.000000
v 26.155674 -50.714745 36.000000
v 25.849583 -52.495430 36.000000
v 23.088642 -53.429485 36.000000
v 21.370510 -51.711357 36.000000
v 26.221325 -50.611073 36.000000
v 26.291981 -50.510754 36.000000
v 25.911098 -52.736984 36.000000
v 23.209606 -53.643017 36.000000
v 25.877323 -52.616974 36.000000
v 21.156986 -51.590393 36.000000
v 26.367474 -50.414017 36.000000
v 20.937778 -51.480053 36.000000
v 26.447620 -50.321102 36.000000
v 25.950809 -52.855160 36.000000
v 23.319942 -53.862225 36.000000
v 26.047642 -53.084846 36.000000
v 23.419399 -54.086582 36.000000
v 25.996357 -52.971210 36.000000
v 20.713413 -51.380604 36.000000
v 26.532230 -50.232231 36.000000
v 26.621105 -50.147621 36.000000
v 30.299999 -61.000000 36.000000
v 20.484447 -51.292278 36.000000
v 26.714016 -50.067474 36.000000
v 26.166866 -53.303745 36.000000
v 23.507717 -54.315552 36.000000
v 26.104527 -53.195782 36.000000
v 23.584698 -54.548576 36.000000
v 26.234516 -53.408466 36.000000
v 20.251423 -51.215298 36.000000
v 26.810749 -49.991982 36.000000
v 26.299999 -57.400002 36.000000
v 28.113674 -54.493046 36.000000
v 27.989620 -54.480659 36.000000
v 27.866337 -54.462101 36.000000
v 27.744137 -54.437420 36.000000
v 27.623318 -54.406677 36.000000
v 27.504177 -54.369953 36.000000
v 27.387020 -54.327332 36.000000
v 27.272129 -54.278923 36.000000
v 27.159801 -54.224846 36.000000
v 27.050304 -54.165237 36.000000
v 26.943913 -54.100246 36.000000
v 26.840900 -54.030029 36.000000
v 20.014896 -51.149845 36.000000
v 26.911076 -49.921326 36.000000
v 23.650158 -54.785099 36.000000
v 26.385036 -53.607147 36.000000
v 26.307301 -53.509686 36.000000
v 23.703922 -55.024548 36.000000
v 26.467541 -53.700615 36.000000
v 23.745884 -55.266346 36.000000
v 26.646000 -53.874641 36.000000
v 26.554600 -53.789852 36.000000
v 23.775921 -55.509914 36.000000
v 26.741512 -53.954765 36.000000
v 23.793980 -55.754662 36.000000
v 23.799999 -56.000000 36.000000
v 16.799999 -49.500000 36.000000
v 27.014744 -49.855679 36.000000
v 27.121510 -49.795197 36.000000
v 18.799999 -51.000000 36.000000
v 19.045338 -51.006023 36.000000
v 19.290089 -51.024075 36.000000
v 19.533649 -51.054119 36.000000
v 19.775448 -51.096073 36.000000
v 26.299999 -61.000000 36.000000
v 18.799999 -56.000000 36.000000
v 16.072460 -53.891464 36.000000
v 15.964536 -53.780811 36.000000
v 15.851224 -53.675678 36.000000
v 16.174740 -54.007359 36.000000
v 15.732816 -53.576321 36.000000
v 16.271107 -54.128208 36.000000
v 15.609609 -53.482994 36.000000
v 16.361340 -54.253708 36.000000
v 15.481893 -53.395920 36.000000
v 16.554661 -49.493977 36.000000
v 16.445202 -54.383553 36.000000
v 15.350003 -53.315323 36.000000
v 16.309910 -49.475925 36.000000
v 16.522488 -54.517414 36.000000
v 15.214253 -53.241398 36.000000
v 16.593006 -54.654961 36.000000
v 15.074986 -53.174332 36.000000
v 16.066349 -49.445881 36.000000
v 16.656574 -54.795853 36.000000
v 14.932561 -53.114292 36.000000
v 15.824552 -49.403927 36.000000
v 16.713047 -54.939739 36.000000
v 14.787313 -53.061424 36.000000
v 15.585103 -49.350155 36.000000
v 16.762272 -55.086258 36.000000
v 14.639607 -53.015865 36.000000
v 16.804142 -55.235050 36.000000
v 14.489812 -52.977722 36.000000
v 15.348577 -49.284702 36.000000
v 16.838535 -55.385746 36.000000
v 14.338307 -52.947098 36.000000
v 15.115552 -49.207722 36.000000
v 16.865376 -55.537968 36.000000
v 14.185468 -52.924057 36.000000
v 16.884594 -55.691341 36.000000
v 14.031667 -52.908669 36.000000
v 14.886586 -49.119396 36.000000
v 16.896145 -55.845478 36.000000
v 13.877286 -52.900963 36.000000
v 14.662221 -49.019947 36.000000
v 16.899998 -56.000000 36.000000
v 13.722714 -52.900963 36.000000
v 14.443013 -48.909607 36.000000
v 16.896145 -56.154522 36.000000
v 13.568334 -52.908669 36.000000
v 16.884594 -56.308659 36.000000
v 13.414533 -52.924057 36.000000
v 14.229489 -48.788643 36.000000
v 16.865376 -56.462032 36.000000
v 13.261693 -52.947098 36.000000
v 14.022145 -48.657349 36.000000
v 16.838535 -56.614254 36.000000
v 13.110188 -52.977722 36.000000
v 13.821507 -48.516037 36.000000
v 16.804142 -56.764950 36.000000
v 12.960393 -53.015865 36.000000
v 16.762272 -56.913742 36.000000
v 12.812688 -53.061424 36.000000
v 13.628034 -48.365051 36.000000
v 16.713047 -57.060261 36.000000
v 12.667439 -53.114292 36.000000
v 13.442204 -48.204754 36.000000
v 16.656574 -57.204147 36.000000
v 12.525014 -53.174332 36.000000
v 13.264462 -48.035534 36.000000
v 16.593006 -57.345039 36.000000
v 12.385747 -53.241398 36.000000
v 13.095243 -47.857796 36.000000
v 16.522488 -57.482586 36.000000
v 12.249997 -53.315323 36.000000
v 16.445202 -57.616447 36.000000
v 12.118108 -53.395920 36.000000
v 12.934949 -47.671967 36.000000
v 16.361340 -57.746292 36.000000
v 11.990392 -53.482994 36.000000
v 12.783963 -47.478497 36.000000
v 16.271107 -57.871792 36.000000
v 11.867185 -53.576321 36.000000
v 12.642652 -47.277851 36.000000
v 16.174740 -57.992641 36.000000
v 11.748776 -53.675678 36.000000
v 12.511357 -47.070515 36.000000
v 16.072460 -58.108536 36.000000
v 11.635465 -53.780811 36.000000
v 15.964536 -58.219189 36.000000
v 11.527539 -53.891464 36.000000
v 12.390393 -46.856983 36.000000
v 15.851224 -58.324322 36.000000
v 11.425260 -54.007359 36.000000
v 12.280057 -46.637775 36.000000
v 15.732816 -58.423679 36.000000
v 11.328893 -54.128208 36.000000
v 8.800000 -56.000000 36.000000
v 11.238660 -54.253708 36.000000
v 11.154798 -54.383553 36.000000
v 11.077512 -54.517414 36.000000
v 11.006993 -54.654961 36.000000
v 10.943425 -54.795853 36.000000
v 10.886952 -54.939739 36.000000
v 10.837728 -55.086258 36.000000
v 10.795857 -55.235050 36.000000
v 10.761464 -55.385746 36.000000
v 10.734624 -55.537968 36.000000
v 10.715405 -55.691341 36.000000
v 10.703855 -55.845478 36.000000
v 10.700002 -56.000000 36.000000
v 11.806020 -44.745338 36.000000
v 11.800000 -44.500000 36.000000
v 11.824079 -44.990086 36.000000
v 11.854115 -45.233654 36.000000
v 11.896077 -45.475452 36.000000
v 11.949841 -45.714901 36.000000
v 12.015302 -45.951424 36.000000
v 12.092282 -46.184448 36.000000
v 12.180600 -46.413418 36.000000
v 11.800000 -35.500000 36.000000
v 13.877286 -59.099037 36.000000
v 13.800000 -61.000000 36.000000
v 13.722714 -59.099037 36.000000
v 14.031667 -59.091331 36.000000
v 14.185468 -59.075943 36.000000
v 14.338307 -59.052902 36.000000
v 14.489812 -59.022278 36.000000
v 14.639607 -58.984135 36.000000
v 14.787313 -58.938576 36.000000
v 14.932561 -58.885708 36.000000
v 15.074986 -58.825668 36.000000
v 15.214253 -58.758602 36.000000
v 15.350003 -58.684677 36.000000
v 15.481893 -58.604080 36.000000
v 15.609609 -58.517006 36.000000
v 10.703855 -56.154522 36.000000
v 8.806020 -56.245338 36.000000
v 13.554662 -60.993977 36.000000
v 13.568334 -59.091331 36.000000
v 10.715405 -56.308659 36.000000
v 8.824079 -56.490086 36.000000
v 13.309911 -60.975925 36.000000
v 13.414533 -59.075943 36.000000
v 10.734624 -56.462032 36.000000
v 8.854115 -56.733654 36.000000
v 13.066350 -60.945881 36.000000
v 13.261693 -59.052902 36.000000
v 10.761464 -56.614254 36.000000
v 8.896077 -56.975452 36.000000
v 12.824552 -60.903927 36.000000
v 13.110188 -59.022278 36.000000
v 10.795857 -56.764950 36.000000
v 8.949841 -57.214901 36.000000
v 12.585103 -60.850155 36.000000
v 12.960393 -58.984135 36.000000
v 10.837728 -56.913742 36.000000
v 9.015302 -57.451424 36.000000
v 12.348577 -60.784702 36.000000
v 12.812688 -58.938576 36.000000
v 10.886952 -57.060261 36.000000
v 9.092282 -57.684448 36.000000
v 12.115552 -60.707722 36.000000
v 12.667439 -58.885708 36.000000
v 10.943425 -57.204147 36.000000
v 9.180600 -57.913418 36.000000
v 11.886586 -60.619396 36.000000
v 12.525014 -58.825668 36.000000
v 11.006993 -57.345039 36.000000
v 9.280057 -58.137775 36.000000
v 11.662221 -60.519947 36.000000
v 12.385747 -58.758602 36.000000
v 11.077512 -57.482586 36.000000
v 9.390393 -58.356983 36.000000
v 11.443013 -60.409607 36.000000
v 12.249997 -58.684677 36.000000
v 11.154798 -57.616447 36.000000
v 9.511357 -58.570515 36.000000
v 11.229489 -60.288643 36.000000
v 12.118108 -58.604080 36.000000
v 11.238660 -57.746292 36.000000
v 9.642652 -58.777851 36.000000
v 11.022145 -60.157349 36.000000
v 11.990392 -58.517006 36.000000
v 11.328893 -57.871792 36.000000
v 9.783963 -58.978497 36.000000
v 10.821507 -60.016037 36.000000
v 11.867185 -58.423679 36.000000
v 11.425260 -57.992641 36.000000
v 9.934949 -59.171967 36.000000
v 10.628034 -59.865051 36.000000
v 11.748776 -58.324322 36.000000
v 11.527539 -58.108536 36.000000
v 10.095243 -59.357796 36.000000
v 10.442204 -59.704754 36.000000
v 11.635465 -58.219189 36.000000
v 10.264462 -59.535534 36.000000
v 19.045338 -18.993977 36.000000
v 19.290089 -18.975924 36.000000
v 19.533649 -18.945883 36.000000
v 28.299999 -30.500000 36.000000
v 28.177334 -30.496988 36.000000
v 28.054958 -30.487963 36.000000
v 27.933170 -30.472940 36.000000
v 27.812275 -30.451963 36.000000
v 27.692547 -30.425077 36.000000
v 27.574291 -30.392351 36.000000
v 27.457775 -30.353861 36.000000
v 27.343288 -30.309698 36.000000
v 27.231113 -30.259974 36.000000
v 30.553402 -26.917334 36.000000
v 30.496616 -26.806318 36.000000
v 30.434361 -26.698275 36.000000
v 27.231113 -49.740028 36.000000
v 27.343288 -49.690300 36.000000
v 27.457775 -49.646141 36.000000
v 27.574291 -49.607651 36.000000
v 27.692547 -49.574921 36.000000
v 27.812275 -49.548038 36.000000
v 27.933170 -49.527058 36.000000
v 28.054958 -49.512039 36.000000
v 28.177334 -49.503010 36.000000
v 28.299999 -49.500000 36.000000
v 46.799999 -61.000000 37.000000
v 26.299999 -61.000000 19.000000
v 30.299999 -61.000000 19.000000
v 13.800000 -61.000000 37.000000
v 50.117027 -58.616837 20.000000
v 48.500000 -58.299999 20.000000
v 50.165916 -58.459480 20.000000
v 50.207344 -58.299999 20.000000
v 49.674225 -59.497204 20.000000
v 48.500000 -58.500000 20.000000
v 49.765041 -59.359715 20.000000
v 49.849281 -59.218102 20.000000
v 49.926765 -59.072681 20.000000
v 49.997318 -58.923775 20.000000
v 50.060787 -58.771717 20.000000
v 49.577042 -59.630264 20.000000
v 49.473701 -59.758606 20.000000
v 49.364437 -59.881943 20.000000
v 42.099998 -58.500000 20.000000
v 40.299999 -58.299999 20.000000
v 42.099998 -58.299999 20.000000
v 46.974461 -60.995647 37.000000
v 47.148487 -60.982609 37.000000
v 47.321648 -60.960907 37.000000
v 47.493511 -60.930603 37.000000
v 47.663651 -60.891769 37.000000
v 47.831642 -60.844505 37.000000
v 47.997070 -60.788925 37.000000
v 48.159519 -60.725166 37.000000
v 48.318592 -60.653393 37.000000
v 48.473888 -60.573776 37.000000
v 48.625023 -60.486519 37.000000
v 48.771618 -60.391834 37.000000
v 48.913315 -60.289963 37.000000
v 49.049755 -60.181156 37.000000
v 49.180603 -60.065681 37.000000
v 49.305534 -59.943829 37.000000
v 49.424232 -59.815899 37.000000
v 49.536411 -59.682213 37.000000
v 49.641781 -59.543102 37.000000
v 49.740089 -59.398911 37.000000
v 49.831089 -59.250000 37.000000
v 49.914551 -59.096737 37.000000
v 49.990269 -58.939507 37.000000
v 50.058056 -58.778694 37.000000
v 50.117744 -58.614704 37.000000
v 50.207344 -58.299999 21.600000
v 50.169186 -58.447941 37.000000
v 50.212246 -58.278824 37.000000
v 50.240604 -58.142052 21.600000
v 50.246826 -58.107769 37.000000
v 50.266548 -57.982738 21.600000
v 50.272835 -57.935204 37.000000
v 50.285118 -57.822395 21.600000
v 50.290211 -57.761555 37.000000
v 50.296276 -57.661369 21.600000
v 50.298912 -57.587257 37.000000
v 50.299999 -57.500000 21.600000
v 50.298912 -57.412743 37.000000
v 50.295784 -57.328262 21.600000
v 50.290211 -57.238445 37.000000
v 50.283146 -57.156940 21.600000
v 50.272835 -57.064796 37.000000
v 50.262115 -56.986443 21.600000
v 50.246826 -56.892231 37.000000
v 50.232746 -56.817184 21.600000
v 50.212246 -56.721176 37.000000
v 50.195110 -56.649570 21.600000
v 50.169186 -56.552059 37.000000
v 50.149292 -56.484005 21.600000
v 50.117744 -56.385296 37.000000
v 50.095402 -56.320885 21.600000
v 50.058056 -56.221306 37.000000
v 50.033577 -56.160606 21.600000
v 49.990269 -56.060493 37.000000
v 49.963963 -56.003555 21.600000
v 49.914551 -55.903263 37.000000
v 49.886723 -55.850113 21.600000
v 49.831089 -55.750000 37.000000
v 49.802048 -55.700642 21.600000
v 49.740089 -55.601089 37.000000
v 49.710144 -55.555504 21.600000
v 49.641781 -55.456898 37.000000
v 49.611225 -55.415054 21.600000
v 49.536411 -55.317787 37.000000
v 49.505535 -55.279625 21.600000
v 49.424232 -55.184101 37.000000
v 49.393330 -55.149544 21.600000
v 49.305534 -55.056171 37.000000
v 49.274872 -55.025127 21.600000
v 49.180603 -54.934319 37.000000
v 49.150455 -54.906670 21.600000
v 49.049755 -54.818844 37.000000
v 49.020374 -54.794464 21.600000
v 48.913315 -54.710037 37.000000
v 48.884945 -54.688774 21.600000
v 48.771618 -54.608166 37.000000
v 48.744495 -54.589855 21.600000
v 48.625023 -54.513481 37.000000
v 48.599358 -54.497952 21.600000
v 48.473888 -54.426224 37.000000
v 48.449886 -54.413277 21.600000
v 48.318592 -54.346607 37.000000
v 48.296444 -54.336037 21.600000
v 48.159519 -54.274834 37.000000
v 48.139393 -54.266422 21.600000
v 47.997070 -54.211075 37.000000
v 47.979115 -54.204597 21.600000
v 47.831642 -54.155495 37.000000
v 47.815994 -54.150707 21.600000
v 47.663651 -54.108231 37.000000
v 47.650429 -54.104889 21.600000
v 47.493511 -54.069397 37.000000
v 47.482815 -54.067253 21.600000
v 47.321648 -54.039093 37.000000
v 47.313557 -54.037884 21.600000
v 47.148487 -54.017391 37.000000
v 47.143059 -54.016853 21.600000
v 46.974461 -54.004353 37.000000
v 46.971737 -54.004215 21.600000
v 46.799999 -54.000000 37.000000
v 46.799999 -54.000000 21.600000
v 40.299999 -58.299999 21.600000
v 40.299999 -54.000000 21.600000
v 28.299999 -30.500000 37.000000
v 16.799999 -30.500000 37.000000
v 16.554661 -30.506023 37.000000
v 16.309910 -30.524076 37.000000
v 16.066349 -30.554117 37.000000
v 15.824552 -30.596073 37.000000
v 15.585103 -30.649843 37.000000
v 15.348577 -30.715298 37.000000
v 15.115552 -30.792280 37.000000
v 14.886586 -30.880602 37.000000
v 14.662221 -30.980053 37.000000
v 14.443013 -31.090393 37.000000
v 14.229489 -31.211357 37.000000
v 14.022145 -31.342651 37.000000
v 13.821507 -31.483963 37.000000
v 13.628034 -31.634947 37.000000
v 13.442204 -31.795244 37.000000
v 13.264462 -31.964466 37.000000
v 13.095243 -32.142204 37.000000
v 12.934949 -32.328033 37.000000
v 12.783963 -32.521503 37.000000
v 12.642652 -32.722149 37.000000
v 12.511357 -32.929489 37.000000
v 12.390393 -33.143017 37.000000
v 12.280057 -33.362225 37.000000
v 12.180600 -33.586582 37.000000
v 12.092282 -33.815552 37.000000
v 12.015302 -34.048576 37.000000
v 11.949841 -34.285099 37.000000
v 11.896077 -34.524548 37.000000
v 11.854115 -34.766350 37.000000
v 11.824079 -35.009914 37.000000
v 11.806020 -35.254662 37.000000
v 11.800000 -35.500000 37.000000
v 11.800000 -44.500000 37.000000
v 11.806020 -44.745338 37.000000
v 11.824079 -44.990086 37.000000
v 11.854115 -45.233654 37.000000
v 11.896077 -45.475452 37.000000
v 11.949841 -45.714901 37.000000
v 12.015302 -45.951424 37.000000
v 12.092282 -46.184448 37.000000
v 12.180600 -46.413418 37.000000
v 12.280057 -46.637775 37.000000
v 12.390393 -46.856983 37.000000
v 12.511357 -47.070515 37.000000
v 12.642652 -47.277851 37.000000
v 12.783963 -47.478497 37.000000
v 12.934949 -47.671967 37.000000
v 13.095243 -47.857796 37.000000
v 13.264462 -48.035534 37.000000
v 13.442204 -48.204754 37.000000
v 13.628034 -48.365051 37.000000
v 13.821507 -48.516037 37.000000
v 14.022145 -48.657349 37.000000
v 14.229489 -48.788643 37.000000
v 14.443013 -48.909607 37.000000
v 14.662221 -49.019947 37.000000
v 14.886586 -49.119396 37.000000
v 15.115552 -49.207722 37.000000
v 15.348577 -49.284702 37.000000
v 15.585103 -49.350155 37.000000
v 15.824552 -49.403927 37.000000
v 16.066349 -49.445881 37.000000
v 16.309910 -49.475925 37.000000
v 16.554661 -49.493977 37.000000
v 16.799999 -49.500000 37.000000
v 28.299999 -49.500000 37.000000
v 25.799999 -52.000000 21.600000
v 25.803104 -52.124615 21.600000
v 25.812420 -52.248920 21.600000
v 25.827923 -52.372604 21.600000
v 25.849567 -52.495365 21.600000
v 25.877308 -52.616894 21.600000
v 25.911068 -52.736889 21.600000
v 25.950771 -52.855049 21.600000
v 25.996311 -52.971088 21.600000
v 26.047581 -53.084709 21.600000
v 26.104443 -53.195637 21.600000
v 26.166775 -53.303589 21.600000
v 26.234402 -53.408298 21.600000
v 26.307171 -53.509510 21.600000
v 26.384892 -53.606968 21.600000
v 26.467373 -53.700432 21.600000
v 26.554409 -53.789665 21.600000
v 26.645786 -53.874454 21.600000
v 26.741276 -53.954578 21.600000
v 26.840641 -54.029846 21.600000
v 26.943630 -54.100063 21.600000
v 27.049999 -54.165062 21.600000
v 27.159473 -54.224678 21.600000
v 27.271778 -54.278763 21.600000
v 27.386646 -54.327183 21.600000
v 27.503780 -54.369820 21.600000
v 27.622898 -54.406559 21.600000
v 27.743694 -54.437321 21.600000
v 27.865879 -54.462021 21.600000
v 27.989140 -54.480598 21.600000
v 28.113171 -54.493008 21.600000
v 28.237675 -54.499222 21.600000
v 28.362324 -54.499222 21.600000
v 28.486828 -54.493008 21.600000
v 28.610859 -54.480598 21.600000
v 28.734119 -54.462021 21.600000
v 28.856304 -54.437321 21.600000
v 28.977100 -54.406559 21.600000
v 29.096218 -54.369820 21.600000
v 29.213352 -54.327183 21.600000
v 29.328220 -54.278763 21.600000
v 29.440525 -54.224678 21.600000
v 29.549999 -54.165062 21.600000
v 29.656368 -54.100063 21.600000
v 29.759357 -54.029846 21.600000
v 29.858723 -53.954578 21.600000
v 29.954212 -53.874454 21.600000
v 30.045589 -53.789665 21.600000
v 30.132626 -53.700432 21.600000
v 30.215107 -53.606968 21.600000
v 30.292828 -53.509510 21.600000
v 30.365597 -53.408298 21.600000
v 30.433224 -53.303589 21.600000
v 30.495556 -53.195637 21.600000
v 30.552418 -53.084709 21.600000
v 30.603687 -52.971088 21.600000
v 30.649227 -52.855049 21.600000
v 30.688931 -52.736889 21.600000
v 30.722691 -52.616894 21.600000
v 30.750431 -52.495365 21.600000
v 30.772076 -52.372604 21.600000
v 30.787579 -52.248920 21.600000
v 30.796894 -52.124615 21.600000
v 30.799999 -52.000000 21.600000
v 30.796894 -51.875385 21.600000
v 30.787579 -51.751080 21.600000
v 30.772076 -51.627396 21.600000
v 30.772228 -51.628410 37.000000
v 30.787464 -51.750000 37.000000
v 30.751049 -51.507713 37.000000
v 30.750431 -51.504635 21.600000
v 30.723988 -51.388203 37.000000
v 30.722691 -51.383106 21.600000
v 30.691090 -51.270157 37.000000
v 30.688931 -51.263111 21.600000
v 30.652454 -51.153870 37.000000
v 30.649227 -51.144951 21.600000
v 30.608173 -51.039612 37.000000
v 30.603687 -51.028912 21.600000
v 30.558338 -50.927662 37.000000
v 30.552418 -50.915291 21.600000
v 30.503078 -50.818287 37.000000
v 30.495556 -50.804363 21.600000
v 30.442524 -50.711754 37.000000
v 30.433224 -50.696411 21.600000
v 30.376827 -50.608315 37.000000
v 30.365597 -50.591702 21.600000
v 30.306133 -50.508221 37.000000
v 30.292828 -50.490490 21.600000
v 30.230625 -50.411709 37.000000
v 30.215107 -50.393032 21.600000
v 30.150478 -50.319012 37.000000
v 30.132626 -50.299568 21.600000
v 30.065884 -50.230354 37.000000
v 30.045589 -50.210335 21.600000
v 29.977047 -50.145950 37.000000
v 29.954212 -50.125546 21.600000
v 29.884182 -50.065998 37.000000
v 29.858723 -50.045422 21.600000
v 29.787510 -49.990696 37.000000
v 29.759357 -49.970154 21.600000
v 29.687267 -49.920219 37.000000
v 29.656368 -49.899937 21.600000
v 29.583691 -49.854740 37.000000
v 29.549999 -49.834938 21.600000
v 29.477024 -49.794415 37.000000
v 29.440525 -49.775322 21.600000
v 29.367535 -49.739388 37.000000
v 29.328220 -49.721237 21.600000
v 29.255482 -49.689793 37.000000
v 29.213352 -49.672817 21.600000
v 29.141132 -49.645748 37.000000
v 29.096218 -49.630180 21.600000
v 29.024761 -49.607361 37.000000
v 28.977100 -49.593441 21.600000
v 28.906643 -49.574718 37.000000
v 28.856304 -49.562679 21.600000
v 28.787075 -49.547909 37.000000
v 28.734119 -49.537979 21.600000
v 28.666332 -49.526985 37.000000
v 28.610859 -49.519402 21.600000
v 28.544712 -49.512005 37.000000
v 28.486828 -49.506992 21.600000
v 28.422504 -49.503002 37.000000
v 28.362324 -49.500778 21.600000
v 28.237675 -49.500778 21.600000
v 28.113171 -49.506992 21.600000
v 27.989140 -49.519402 21.600000
v 27.865879 -49.537979 21.600000
v 27.743694 -49.562679 21.600000
v 27.622898 -49.593441 21.600000
v 27.503780 -49.630180 21.600000
v 27.386646 -49.672817 21.600000
v 27.271778 -49.721237 21.600000
v 27.159473 -49.775322 21.600000
v 27.049999 -49.834938 21.600000
v 26.943630 -49.899937 21.600000
v 26.840641 -49.970154 21.600000
v 26.741276 -50.045422 21.600000
v 26.645786 -50.125546 21.600000
v 26.554409 -50.210335 21.600000
v 26.467373 -50.299568 21.600000
v 26.384892 -50.393032 21.600000
v 26.307171 -50.490490 21.600000
v 26.234402 -50.591702 21.600000
v 26.166775 -50.696411 21.600000
v 26.104443 -50.804363 21.600000
v 26.047581 -50.915291 21.600000
v 25.996311 -51.028912 21.600000
v 25.950771 -51.144951 21.600000
v 25.911068 -51.263111 21.600000
v 25.877308 -51.383106 21.600000
v 25.849567 -51.504635 21.600000
v 25.827923 -51.627396 21.600000
v 25.812420 -51.751080 21.600000
v 25.803104 -51.875385 21.600000
v 30.802708 -51.871590 37.000000
v 30.823887 -51.992287 37.000000
v 30.850948 -52.111797 37.000000
v 30.883839 -52.229843 37.000000
v 30.922482 -52.346130 37.000000
v 30.966763 -52.460388 37.000000
v 31.016598 -52.572338 37.000000
v 31.071857 -52.681713 37.000000
v 31.132412 -52.788246 37.000000
v 31.198109 -52.891685 37.000000
v 31.268795 -52.991779 37.000000
v 31.344311 -53.088291 37.000000
v 31.424458 -53.180988 37.000000
v 31.509052 -53.269646 37.000000
v 31.597889 -53.354050 37.000000
v 31.690754 -53.434002 37.000000
v 31.787426 -53.509304 37.000000
v 31.887669 -53.579781 37.000000
v 31.991245 -53.645260 37.000000
v 32.097912 -53.705585 37.000000
v 32.207401 -53.760612 37.000000
v 32.319454 -53.810207 37.000000
v 32.433804 -53.854252 37.000000
v 32.550175 -53.892639 37.000000
v 32.668293 -53.925282 37.000000
v 32.787861 -53.952091 37.000000
v 32.908604 -53.973015 37.000000
v 33.030224 -53.987995 37.000000
v 33.152431 -53.996998 37.000000
v 33.274937 -54.000000 37.000000
v 30.299999 -57.400002 19.000000
v 30.299999 -58.299999 19.600000
v 30.299999 -57.700001 19.000000
v 30.299999 -58.299999 20.000000
v 30.299999 -60.000000 20.000000
v 30.299999 -60.000000 19.600000
v 30.299999 -60.599998 19.000000
v 26.299999 -57.400002 19.000000
v 26.299999 -60.000000 20.000000
v 26.299999 -60.599998 19.000000
v 26.299999 -60.000000 19.600000
v 26.299999 -58.299999 19.600000
v 26.299999 -57.700001 19.000000
v 26.299999 -58.299999 20.000000
v 8.806020 -56.245338 37.000000
v 8.800000 -56.000000 37.000000
v 8.824079 -56.490086 37.000000
v 8.854115 -56.733654 37.000000
v 8.896077 -56.975452 37.000000
v 8.949841 -57.214901 37.000000
v 9.015302 -57.451424 37.000000
v 9.092282 -57.684448 37.000000
v 9.180600 -57.913418 37.000000
v 9.280057 -58.137775 37.000000
v 9.390393 -58.356983 37.000000
v 9.511357 -58.570515 37.000000
v 9.642652 -58.777851 37.000000
v 9.783963 -58.978497 37.000000
v 9.934949 -59.171967 37.000000
v 10.095243 -59.357796 37.000000
v 10.264462 -59.535534 37.000000
v 10.442204 -59.704754 37.000000
v 10.628034 -59.865051 37.000000
v 10.821507 -60.016037 37.000000
v 11.022145 -60.157349 37.000000
v 11.229489 -60.288643 37.000000
v 11.443013 -60.409607 37.000000
v 11.662221 -60.519947 37.000000
v 11.886586 -60.619396 37.000000
v 12.115552 -60.707722 37.000000
v 12.348577 -60.784702 37.000000
v 12.585103 -60.850155 37.000000
v 12.824552 -60.903927 37.000000
v 13.066350 -60.945881 37.000000
v 13.309911 -60.975925 37.000000
v 13.554662 -60.993977 37.000000
v 8.800000 -14.000000 37.000000
v 13.554662 -9.006023 37.000000
v 13.800000 -9.000000 37.000000
v 13.309911 -9.024076 37.000000
v 13.066350 -9.054118 37.000000
v 12.824552 -9.096074 37.000000
v 12.585103 -9.149844 37.000000
v 12.348577 -9.215299 37.000000
v 12.115552 -9.292280 37.000000
v 11.886586 -9.380603 37.000000
v 11.662221 -9.480054 37.000000
v 11.443013 -9.590394 37.000000
v 11.229489 -9.711357 37.000000
v 11.022145 -9.842652 37.000000
v 10.821507 -9.983963 37.000000
v 10.628034 -10.134948 37.000000
v 10.442204 -10.295244 37.000000
v 10.264462 -10.464466 37.000000
v 10.095243 -10.642205 37.000000
v 9.934949 -10.828033 37.000000
v 9.783963 -11.021503 37.000000
v 9.642652 -11.222149 37.000000
v 9.511357 -11.429486 37.000000
v 9.390393 -11.643017 37.000000
v 9.280057 -11.862225 37.000000
v 9.180600 -12.086583 37.000000
v 9.092282 -12.315551 37.000000
v 9.015302 -12.548576 37.000000
v 8.949841 -12.785099 37.000000
v 8.896077 -13.024549 37.000000
v 8.854115 -13.266348 37.000000
v 8.824079 -13.509914 37.000000
v 8.806020 -13.754662 37.000000
v 18.799999 -9.000000 37.000000
v 23.195766 -11.617302 37.000000
v 23.306805 -11.834665 37.000000
v 23.074245 -11.405617 37.000000
v 22.942539 -11.200114 37.000000
v 22.800961 -11.001284 37.000000
v 22.649853 -10.809600 37.000000
v 22.489559 -10.625520 37.000000
v 22.320484 -10.449480 37.000000
v 22.143017 -10.281902 37.000000
v 21.957577 -10.123185 37.000000
v 21.764614 -9.973707 37.000000
v 21.564594 -9.833823 37.000000
v 21.357975 -9.703869 37.000000
v 21.145267 -9.584152 37.000000
v 20.926968 -9.474958 37.000000
v 20.703602 -9.376549 37.000000
v 20.475697 -9.289158 37.000000
v 20.243801 -9.212993 37.000000
v 20.008457 -9.148235 37.000000
v 19.770245 -9.095040 37.000000
v 19.529713 -9.053535 37.000000
v 19.287441 -9.023817 37.000000
v 19.044010 -9.005958 37.000000
v 30.553402 -26.917334 37.000000
v 25.799999 -28.000000 21.600000
v 25.803104 -28.124615 21.600000
v 25.812420 -28.248920 21.600000
v 25.827923 -28.372606 21.600000
v 25.849567 -28.495365 21.600000
v 25.877308 -28.616894 21.600000
v 25.911068 -28.736889 21.600000
v 25.950771 -28.855051 21.600000
v 25.996311 -28.971088 21.600000
v 26.047581 -29.084709 21.600000
v 26.104443 -29.195635 21.600000
v 26.166775 -29.303589 21.600000
v 26.234402 -29.408300 21.600000
v 26.307171 -29.509512 21.600000
v 26.384892 -29.606970 21.600000
v 26.467373 -29.700432 21.600000
v 26.554409 -29.789667 21.600000
v 26.645786 -29.874453 21.600000
v 26.741276 -29.954578 21.600000
v 26.840641 -30.029844 21.600000
v 26.943630 -30.100065 21.600000
v 27.049999 -30.165064 21.600000
v 27.159473 -30.224680 21.600000
v 27.271778 -30.278765 21.600000
v 27.386646 -30.327185 21.600000
v 27.503780 -30.369818 21.600000
v 27.622898 -30.406561 21.600000
v 27.743694 -30.437321 21.600000
v 27.865879 -30.462019 21.600000
v 27.989140 -30.480598 21.600000
v 28.113171 -30.493010 21.600000
v 28.237675 -30.499224 21.600000
v 28.362324 -30.499224 21.600000
v 28.423038 -30.496971 37.000000
v 28.486828 -30.493010 21.600000
v 28.545780 -30.487888 37.000000
v 28.610859 -30.480598 21.600000
v 28.667927 -30.472776 37.000000
v 28.734119 -30.462019 21.600000
v 28.789188 -30.451672 37.000000
v 28.856304 -30.437321 21.600000
v 28.909252 -30.424625 37.000000
v 28.977100 -30.406561 21.600000
v 29.027851 -30.391701 37.000000
v 29.096218 -30.369818 21.600000
v 29.144680 -30.352982 37.000000
v 29.213352 -30.327185 21.600000
v 29.259457 -30.308558 37.000000
v 29.328220 -30.278765 21.600000
v 29.371914 -30.258539 37.000000
v 29.440525 -30.224680 21.600000
v 29.481770 -30.203045 37.000000
v 29.549999 -30.165064 21.600000
v 29.588764 -30.142214 37.000000
v 29.656368 -30.100065 21.600000
v 29.692638 -30.076189 37.000000
v 29.759357 -30.029844 21.600000
v 29.793133 -30.005133 37.000000
v 29.858723 -29.954578 21.600000
v 29.890011 -29.929216 37.000000
v 29.954212 -29.874453 21.600000
v 29.983028 -29.848623 37.000000
v 30.045589 -29.789667 21.600000
v 30.071972 -29.763550 37.000000
v 30.132626 -29.700432 21.600000
v 30.156620 -29.674202 37.000000
v 30.215107 -29.606970 21.600000
v 30.236767 -29.580797 37.000000
v 30.292828 -29.509512 21.600000
v 30.312222 -29.483561 37.000000
v 30.365597 -29.408300 21.600000
v 30.382801 -29.382729 37.000000
v 30.433224 -29.303589 21.600000
v 30.448330 -29.278545 37.000000
v 30.495556 -29.195635 21.600000
v 30.508656 -29.171263 37.000000
v 30.552418 -29.084709 21.600000
v 30.563618 -29.061140 37.000000
v 30.603687 -28.971088 21.600000
v 30.613102 -28.948448 37.000000
v 30.649227 -28.855051 21.600000
v 30.656979 -28.833456 37.000000
v 30.688931 -28.736889 21.600000
v 30.695141 -28.716444 37.000000
v 30.722691 -28.616894 21.600000
v 30.727497 -28.597694 37.000000
v 30.750431 -28.495365 21.600000
v 30.753979 -28.477497 37.000000
v 30.772076 -28.372606 21.600000
v 30.774502 -28.356142 37.000000
v 30.787579 -28.248920 21.600000
v 30.789028 -28.233925 37.000000
v 30.796894 -28.124615 21.600000
v 30.797527 -28.111141 37.000000
v 30.799999 -28.000000 21.600000
v 30.799969 -27.988087 37.000000
v 30.796894 -27.875385 21.600000
v 30.796352 -27.865061 37.000000
v 30.787579 -27.751081 21.600000
v 30.786686 -27.742363 37.000000
v 30.772076 -27.627396 21.600000
v 30.770992 -27.620289 37.000000
v 30.750431 -27.504635 21.600000
v 30.749310 -27.499136 37.000000
v 30.722691 -27.383106 21.600000
v 30.721691 -27.379196 37.000000
v 30.688931 -27.263113 21.600000
v 30.688206 -27.260761 37.000000
v 30.649227 -27.144951 21.600000
v 30.648930 -27.144119 37.000000
v 30.603687 -27.028913 21.600000
v 30.603954 -27.029551 37.000000
v 30.552418 -26.915291 21.600000
v 30.495556 -26.804365 21.600000
v 30.433224 -26.696413 21.600000
v 30.365597 -26.591700 21.600000
v 30.292828 -26.490490 21.600000
v 30.215107 -26.393032 21.600000
v 30.132626 -26.299568 21.600000
v 30.045589 -26.210333 21.600000
v 29.954212 -26.125547 21.600000
v 29.858723 -26.045422 21.600000
v 29.759357 -25.970156 21.600000
v 29.656368 -25.899935 21.600000
v 29.549999 -25.834936 21.600000
v 29.440525 -25.775320 21.600000
v 29.328220 -25.721235 21.600000
v 29.213352 -25.672815 21.600000
v 29.096218 -25.630182 21.600000
v 28.977100 -25.593439 21.600000
v 28.856304 -25.562681 21.600000
v 28.734119 -25.537981 21.600000
v 28.610859 -25.519402 21.600000
v 28.486828 -25.506990 21.600000
v 28.362324 -25.500778 21.600000
v 28.237675 -25.500778 21.600000
v 28.113171 -25.506990 21.600000
v 27.989140 -25.519402 21.600000
v 27.865879 -25.537981 21.600000
v 27.743694 -25.562681 21.600000
v 27.622898 -25.593439 21.600000
v 27.503780 -25.630182 21.600000
v 27.386646 -25.672815 21.600000
v 27.271778 -25.721235 21.600000
v 27.159473 -25.775320 21.600000
v 27.049999 -25.834936 21.600000
v 26.943630 -25.899935 21.600000
v 26.840641 -25.970156 21.600000
v 26.741276 -26.045422 21.600000
v 26.645786 -26.125547 21.600000
v 26.554409 -26.210333 21.600000
v 26.467373 -26.299568 21.600000
v 26.384892 -26.393032 21.600000
v 26.307171 -26.490490 21.600000
v 26.234402 -26.591700 21.600000
v 26.166775 -26.696413 21.600000
v 26.104443 -26.804365 21.600000
v 26.047581 -26.915291 21.600000
v 25.996311 -27.028913 21.600000
v 25.950771 -27.144951 21.600000
v 25.911068 -27.263113 21.600000
v 25.877308 -27.383106 21.600000
v 25.849567 -27.504635 21.600000
v 25.827923 -27.627396 21.600000
v 25.812420 -27.751081 21.600000
v 25.803104 -27.875385 21.600000
v 18.799999 -14.000000 35.000000
v 18.799999 -19.000000 35.000000
v 23.799999 -14.000000 35.000000
v 23.793980 -14.245338 35.000000
v 23.775921 -14.490086 35.000000
v 23.745884 -14.733652 35.000000
v 23.703922 -14.975451 35.000000
v 23.650158 -15.214901 35.000000
v 23.584698 -15.451424 35.000000
v 23.507717 -15.684449 35.000000
v 23.419399 -15.913417 35.000000
v 23.319942 -16.137775 35.000000
v 23.209606 -16.356983 35.000000
v 23.088642 -16.570515 35.000000
v 22.957348 -16.777851 35.000000
v 22.816036 -16.978497 35.000000
v 22.665051 -17.171967 35.000000
v 22.504757 -17.357796 35.000000
v 22.335537 -17.535534 35.000000
v 22.157795 -17.704756 35.000000
v 21.971966 -17.865053 35.000000
v 21.778492 -18.016037 35.000000
v 21.577854 -18.157349 35.000000
v 21.370510 -18.288643 35.000000
v 21.156986 -18.409607 35.000000
v 20.937778 -18.519947 35.000000
v 20.713413 -18.619398 35.000000
v 20.484447 -18.707720 35.000000
v 20.251423 -18.784702 35.000000
v 20.014896 -18.850157 35.000000
v 19.775448 -18.903927 35.000000
v 19.533649 -18.945883 35.000000
v 19.290089 -18.975924 35.000000
v 19.045338 -18.993977 35.000000
v 10.700002 -14.000000 37.000000
v 10.703855 -14.154522 37.000000
v 10.715405 -14.308661 37.000000
v 10.734624 -14.462031 37.000000
v 10.761464 -14.614253 37.000000
v 10.795857 -14.764948 37.000000
v 10.837728 -14.913741 37.000000
v 10.886952 -15.060263 37.000000
v 10.943425 -15.204148 37.000000
v 11.006993 -15.345039 37.000000
v 11.077512 -15.482588 37.000000
v 11.154798 -15.616449 37.000000
v 11.238660 -15.746292 37.000000
v 11.328893 -15.871794 37.000000
v 11.425260 -15.992641 37.000000
v 11.527539 -16.108536 37.000000
v 11.635465 -16.219187 37.000000
v 11.748776 -16.324322 37.000000
v 11.867185 -16.423677 37.000000
v 11.990392 -16.517008 37.000000
v 12.118108 -16.604080 37.000000
v 12.249997 -16.684679 37.000000
v 12.385747 -16.758602 37.000000
v 12.525014 -16.825668 37.000000
v 12.667439 -16.885708 37.000000
v 12.812688 -16.938576 37.000000
v 12.960393 -16.984135 37.000000
v 13.110188 -17.022276 37.000000
v 13.261693 -17.052904 37.000000
v 13.414533 -17.075941 37.000000
v 13.568334 -17.091331 37.000000
v 13.722714 -17.099037 37.000000
v 13.877286 -17.099037 37.000000
v 14.031667 -17.091331 37.000000
v 14.185468 -17.075941 37.000000
v 14.338307 -17.052904 37.000000
v 14.489812 -17.022276 37.000000
v 14.639607 -16.984135 37.000000
v 14.787313 -16.938576 37.000000
v 14.932561 -16.885708 37.000000
v 15.074986 -16.825668 37.000000
v 15.214253 -16.758602 37.000000
v 15.350003 -16.684679 37.000000
v 15.481893 -16.604080 37.000000
v 15.609609 -16.517008 37.000000
v 15.732816 -16.423677 37.000000
v 15.851224 -16.324322 37.000000
v 15.964536 -16.219187 37.000000
v 16.072460 -16.108536 37.000000
v 16.174740 -15.992641 37.000000
v 16.271107 -15.871794 37.000000
v 16.361340 -15.746292 37.000000
v 16.445202 -15.616449 37.000000
v 16.522488 -15.482588 37.000000
v 16.593006 -15.345039 37.000000
v 16.656574 -15.204148 37.000000
v 16.713047 -15.060263 37.000000
v 16.762272 -14.913741 37.000000
v 16.804142 -14.764948 37.000000
v 16.838535 -14.614253 37.000000
v 16.865376 -14.462031 37.000000
v 16.884594 -14.308661 37.000000
v 16.896145 -14.154522 37.000000
v 16.899998 -14.000000 37.000000
v 16.896145 -13.845478 37.000000
v 16.884594 -13.691339 37.000000
v 16.865376 -13.537969 37.000000
v 16.838535 -13.385747 37.000000
v 16.804142 -13.235052 37.000000
v 16.762272 -13.086259 37.000000
v 16.713047 -12.939737 37.000000
v 16.656574 -12.795853 37.000000
v 16.593006 -12.654961 37.000000
v 16.522488 -12.517413 37.000000
v 16.445202 -12.383551 37.000000
v 16.361340 -12.253708 37.000000
v 16.271107 -12.128206 37.000000
v 16.174740 -12.007359 37.000000
v 16.072460 -11.891464 37.000000
v 15.964536 -11.780813 37.000000
v 15.851224 -11.675678 37.000000
v 15.732816 -11.576323 37.000000
v 15.609609 -11.482992 37.000000
v 15.481893 -11.395920 37.000000
v 15.350003 -11.315321 37.000000
v 15.214253 -11.241398 37.000000
v 15.074986 -11.174332 37.000000
v 14.932561 -11.114291 37.000000
v 14.787313 -11.061425 37.000000
v 14.639607 -11.015865 37.000000
v 14.489812 -10.977723 37.000000
v 14.338307 -10.947096 37.000000
v 14.185468 -10.924059 37.000000
v 14.031667 -10.908669 37.000000
v 13.877286 -10.900964 37.000000
v 13.722714 -10.900964 37.000000
v 13.568334 -10.908669 37.000000
v 13.414533 -10.924059 37.000000
v 13.261693 -10.947096 37.000000
v 13.110188 -10.977723 37.000000
v 12.960393 -11.015865 37.000000
v 12.812688 -11.061425 37.000000
v 12.667439 -11.114291 37.000000
v 12.525014 -11.174332 37.000000
v 12.385747 -11.241398 37.000000
v 12.249997 -11.315321 37.000000
v 12.118108 -11.395920 37.000000
v 11.990392 -11.482992 37.000000
v 11.867185 -11.576323 37.000000
v 11.748776 -11.675678 37.000000
v 11.635465 -11.780813 37.000000
v 11.527539 -11.891464 37.000000
v 11.425260 -12.007359 37.000000
v 11.328893 -12.128206 37.000000
v 11.238660 -12.253708 37.000000
v 11.154798 -12.383551 37.000000
v 11.077512 -12.517413 37.000000
v 11.006993 -12.654961 37.000000
v 10.943425 -12.795853 37.000000
v 10.886952 -12.939737 37.000000
v 10.837728 -13.086259 37.000000
v 10.795857 -13.235052 37.000000
v 10.761464 -13.385747 37.000000
v 10.734624 -13.537969 37.000000
v 10.715405 -13.691339 37.000000
v 10.703855 -13.845478 37.000000
v 14.300000 -19.000000 37.000000
v 21.848721 -19.000000 37.000000
v 14.177327 -19.003012 37.000000
v 14.054959 -19.012039 37.000000
v 13.933171 -19.027060 37.000000
v 13.812276 -19.048037 37.000000
v 13.692548 -19.074923 37.000000
v 13.574292 -19.107649 37.000000
v 13.457776 -19.146139 37.000000
v 13.343289 -19.190302 37.000000
v 13.231114 -19.240026 37.000000
v 13.121511 -19.295197 37.000000
v 13.014745 -19.355679 37.000000
v 12.911077 -19.421326 37.000000
v 12.810750 -19.491982 37.000000
v 12.714017 -19.567474 37.000000
v 12.621106 -19.647623 37.000000
v 12.532231 -19.732233 37.000000
v 12.447621 -19.821102 37.000000
v 12.367475 -19.914017 37.000000
v 12.291982 -20.010752 37.000000
v 12.221326 -20.111074 37.000000
v 12.155675 -20.214743 37.000000
v 12.095197 -20.321508 37.000000
v 12.040029 -20.431112 37.000000
v 11.990300 -20.543291 37.000000
v 11.946141 -20.657776 37.000000
v 11.907651 -20.774288 37.000000
v 11.874921 -20.892550 37.000000
v 11.848035 -21.012274 37.000000
v 11.827062 -21.133175 37.000000
v 11.812039 -21.254957 37.000000
v 11.803014 -21.377331 37.000000
v 11.800000 -21.500000 37.000000
v 11.800000 -25.000000 37.000000
v 11.803014 -25.122669 37.000000
v 11.812039 -25.245043 37.000000
v 11.827062 -25.366827 37.000000
v 11.848035 -25.487726 37.000000
v 11.874921 -25.607450 37.000000
v 11.907651 -25.725712 37.000000
v 11.946141 -25.842226 37.000000
v 11.990300 -25.956709 37.000000
v 12.040029 -26.068888 37.000000
v 12.095197 -26.178492 37.000000
v 12.155675 -26.285257 37.000000
v 12.221326 -26.388926 37.000000
v 12.291982 -26.489248 37.000000
v 12.367475 -26.585983 37.000000
v 12.447621 -26.678898 37.000000
v 12.532231 -26.767767 37.000000
v 12.621106 -26.852379 37.000000
v 12.714017 -26.932528 37.000000
v 12.810750 -27.008018 37.000000
v 12.911077 -27.078674 37.000000
v 13.014745 -27.144321 37.000000
v 13.121511 -27.204803 37.000000
v 13.231114 -27.259974 37.000000
v 13.343289 -27.309700 37.000000
v 13.457776 -27.353861 37.000000
v 13.574292 -27.392351 37.000000
v 13.692548 -27.425079 37.000000
v 13.812276 -27.451963 37.000000
v 13.933171 -27.472942 37.000000
v 14.054959 -27.487963 37.000000
v 14.177327 -27.496988 37.000000
v 14.300000 -27.500000 37.000000
v 23.530323 -27.500000 37.000000
v 23.653370 -27.496971 37.000000
v 23.776112 -27.487888 37.000000
v 23.898258 -27.472778 37.000000
v 24.019512 -27.451674 37.000000
v 24.139584 -27.424625 37.000000
v 24.258175 -27.391703 37.000000
v 24.375004 -27.352982 37.000000
v 24.489788 -27.308558 37.000000
v 24.602245 -27.258539 37.000000
v 24.712101 -27.203047 37.000000
v 24.819096 -27.142214 37.000000
v 24.922962 -27.076189 37.000000
v 25.023457 -27.005133 37.000000
v 25.120335 -26.929216 37.000000
v 25.213360 -26.848623 37.000000
v 25.302303 -26.763550 37.000000
v 25.386951 -26.674202 37.000000
v 25.467098 -26.580797 37.000000
v 25.542553 -26.483561 37.000000
v 25.613125 -26.382729 37.000000
v 25.678654 -26.278545 37.000000
v 25.738979 -26.171263 37.000000
v 25.793949 -26.061140 37.000000
v 25.843433 -25.948448 37.000000
v 25.887302 -25.833456 37.000000
v 25.925472 -25.716444 37.000000
v 25.957829 -25.597694 37.000000
v 25.984303 -25.477497 37.000000
v 26.004826 -25.356142 37.000000
v 26.019360 -25.233925 37.000000
v 26.027851 -25.111141 37.000000
v 26.030300 -24.988087 37.000000
v 26.026684 -24.865061 37.000000
v 26.017017 -24.742363 37.000000
v 26.001324 -24.620289 37.000000
v 25.979641 -24.499136 37.000000
v 25.952023 -24.379196 37.000000
v 25.918530 -24.260761 37.000000
v 25.879253 -24.144119 37.000000
v 25.834286 -24.029551 37.000000
v 25.783733 -23.917334 37.000000
v 24.102123 -20.417334 37.000000
v 24.046604 -20.308651 37.000000
v 23.985844 -20.202808 37.000000
v 23.919994 -20.100058 37.000000
v 23.849201 -20.000643 37.000000
v 23.773647 -19.904800 37.000000
v 23.693501 -19.812759 37.000000
v 23.608967 -19.724741 37.000000
v 23.520229 -19.640951 37.000000
v 23.427509 -19.561592 37.000000
v 23.331028 -19.486853 37.000000
v 23.231014 -19.416912 37.000000
v 23.127712 -19.351934 37.000000
v 23.021358 -19.292076 37.000000
v 22.912205 -19.237480 37.000000
v 22.800526 -19.188274 37.000000
v 22.686573 -19.144579 37.000000
v 22.570621 -19.106497 37.000000
v 22.452953 -19.074118 37.000000
v 22.333843 -19.047520 37.000000
v 22.213581 -19.026768 37.000000
v 22.092442 -19.011909 37.000000
v 21.970730 -19.002979 37.000000
v 18.799999 -51.000000 35.000000
v 18.799999 -56.000000 35.000000
v 19.045338 -51.006023 35.000000
v 19.290089 -51.024075 35.000000
v 19.533649 -51.054119 35.000000
v 19.775448 -51.096073 35.000000
v 20.014896 -51.149845 35.000000
v 20.251423 -51.215298 35.000000
v 20.484447 -51.292278 35.000000
v 20.713413 -51.380604 35.000000
v 20.937778 -51.480053 35.000000
v 21.156986 -51.590393 35.000000
v 21.370510 -51.711357 35.000000
v 21.577854 -51.842651 35.000000
v 21.778492 -51.983963 35.000000
v 21.971966 -52.134949 35.000000
v 22.157795 -52.295246 35.000000
v 22.335537 -52.464466 35.000000
v 22.504757 -52.642204 35.000000
v 22.665051 -52.828033 35.000000
v 22.816036 -53.021503 35.000000
v 22.957348 -53.222149 35.000000
v 23.088642 -53.429485 35.000000
v 23.209606 -53.643017 35.000000
v 23.319942 -53.862225 35.000000
v 23.419399 -54.086582 35.000000
v 23.507717 -54.315552 35.000000
v 23.584698 -54.548576 35.000000
v 23.650158 -54.785099 35.000000
v 23.703922 -55.024548 35.000000
v 23.745884 -55.266346 35.000000
v 23.775921 -55.509914 35.000000
v 23.793980 -55.754662 35.000000
v 23.799999 -56.000000 35.000000
v 10.700002 -56.000000 37.000000
v 10.703855 -56.154522 37.000000
v 10.715405 -56.308659 37.000000
v 10.734624 -56.462032 37.000000
v 10.761464 -56.614254 37.000000
v 10.795857 -56.764950 37.000000
v 10.837728 -56.913742 37.000000
v 10.886952 -57.060261 37.000000
v 10.943425 -57.204147 37.000000
v 11.006993 -57.345039 37.000000
v 11.077512 -57.482586 37.000000
v 11.154798 -57.616447 37.000000
v 11.238660 -57.746292 37.000000
v 11.328893 -57.871792 37.000000
v 11.425260 -57.992641 37.000000
v 11.527539 -58.108536 37.000000
v 11.635465 -58.219189 37.000000
v 11.748776 -58.324322 37.000000
v 11.867185 -58.423679 37.000000
v 11.990392 -58.517006 37.000000
v 12.118108 -58.604080 37.000000
v 12.249997 -58.684677 37.000000
v 12.385747 -58.758602 37.000000
v 12.525014 -58.825668 37.000000
v 12.667439 -58.885708 37.000000
v 12.812688 -58.938576 37.000000
v 12.960393 -58.984135 37.000000
v 13.110188 -59.022278 37.000000
v 13.261693 -59.052902 37.000000
v 13.414533 -59.075943 37.000000
v 13.568334 -59.091331 37.000000
v 13.722714 -59.099037 37.000000
v 13.877286 -59.099037 37.000000
v 14.031667 -59.091331 37.000000
v 14.185468 -59.075943 37.000000
v 14.338307 -59.052902 37.000000
v 14.489812 -59.022278 37.000000
v 14.639607 -58.984135 37.000000
v 14.787313 -58.938576 37.000000
v 14.932561 -58.885708 37.000000
v 15.074986 -58.825668 37.000000
v 15.214253 -58.758602 37.000000
v 15.350003 -58.684677 37.000000
v 15.481893 -58.604080 37.000000
v 15.609609 -58.517006 37.000000
v 15.732816 -58.423679 37.000000
v 15.851224 -58.324322 37.000000
v 15.964536 -58.219189 37.000000
v 16.072460 -58.108536 37.000000
v 16.174740 -57.992641 37.000000
v 16.271107 -57.871792 37.000000
v 16.361340 -57.746292 37.000000
v 16.445202 -57.616447 37.000000
v 16.522488 -57.482586 37.000000
v 16.593006 -57.345039 37.000000
v 16.656574 -57.204147 37.000000
v 16.713047 -57.060261 37.000000
v 16.762272 -56.913742 37.000000
v 16.804142 -56.764950 37.000000
v 16.838535 -56.614254 37.000000
v 16.865376 -56.462032 37.000000
v 16.884594 -56.308659 37.000000
v 16.896145 -56.154522 37.000000
v 16.899998 -56.000000 37.000000
v 16.896145 -55.845478 37.000000
v 16.884594 -55.691341 37.000000
v 16.865376 -55.537968 37.000000
v 16.838535 -55.385746 37.000000
v 16.804142 -55.235050 37.000000
v 16.762272 -55.086258 37.000000
v 16.713047 -54.939739 37.000000
v 16.656574 -54.795853 37.000000
v 16.593006 -54.654961 37.000000
v 16.522488 -54.517414 37.000000
v 16.445202 -54.383553 37.000000
v 16.361340 -54.253708 37.000000
v 16.271107 -54.128208 37.000000
v 16.174740 -54.007359 37.000000
v 16.072460 -53.891464 37.000000
v 15.964536 -53.780811 37.000000
v 15.851224 -53.675678 37.000000
v 15.732816 -53.576321 37.000000
v 15.609609 -53.482994 37.000000
v 15.481893 -53.395920 37.000000
v 15.350003 -53.315323 37.000000
v 15.214253 -53.241398 37.000000
v 15.074986 -53.174332 37.000000
v 14.932561 -53.114292 37.000000
v 14.787313 -53.061424 37.000000
v 14.639607 -53.015865 37.000000
v 14.489812 -52.977722 37.000000
v 14.338307 -52.947098 37.000000
v 14.185468 -52.924057 37.000000
v 14.031667 -52.908669 37.000000
v 13.877286 -52.900963 37.000000
v 13.722714 -52.900963 37.000000
v 13.568334 -52.908669 37.000000
v 13.414533 -52.924057 37.000000
v 13.261693 -52.947098 37.000000
v 13.110188 -52.977722 37.000000
v 12.960393 -53.015865 37.000000
v 12.812688 -53.061424 37.000000
v 12.667439 -53.114292 37.000000
v 12.525014 -53.174332 37.000000
v 12.385747 -53.241398 37.000000
v 12.249997 -53.315323 37.000000
v 12.118108 -53.395920 37.000000
v 11.990392 -53.482994 37.000000
v 11.867185 -53.576321 37.000000
v 11.748776 -53.675678 37.000000
v 11.635465 -53.780811 37.000000
v 11.527539 -53.891464 37.000000
v 11.425260 -54.007359 37.000000
v 11.328893 -54.128208 37.000000
v 11.238660 -54.253708 37.000000
v 11.154798 -54.383553 37.000000
v 11.077512 -54.517414 37.000000
v 11.006993 -54.654961 37.000000
v 10.943425 -54.795853 37.000000
v 10.886952 -54.939739 37.000000
v 10.837728 -55.086258 37.000000
v 10.795857 -55.235050 37.000000
v 10.761464 -55.385746 37.000000
v 10.734624 -55.537968 37.000000
v 10.715405 -55.691341 37.000000
v 10.703855 -55.845478 37.000000
v 42.099998 -58.299999 21.600000
v 42.099998 -55.799999 36.000000
v 42.099998 -55.799999 21.600000
v 42.099998 -58.500000 36.000000
v 48.500000 -58.500000 36.000000
v 48.500000 -58.299999 21.600000
v 48.500000 -55.799999 36.000000
v 48.500000 -55.799999 21.600000
v 29.399578 -50.979740 21.600000
v 29.347355 -50.926201 21.600000
v 29.292530 -50.875328 21.600000
v 29.449062 -51.035820 21.600000
v 29.235233 -50.827251 21.600000
v 29.495701 -51.094292 21.600000
v 29.175617 -50.782093 21.600000
v 29.539356 -51.155022 21.600000
v 29.113819 -50.739960 21.600000
v 29.579937 -51.217846 21.600000
v 29.049999 -50.700962 21.600000
v 29.617329 -51.282619 21.600000
v 28.984318 -50.665192 21.600000
v 29.651455 -51.349174 21.600000
v 28.916927 -50.632740 21.600000
v 29.682217 -51.417347 21.600000
v 28.848011 -50.603691 21.600000
v 29.709538 -51.486969 21.600000
v 28.777729 -50.578110 21.600000
v 29.733356 -51.557869 21.600000
v 28.706257 -50.556065 21.600000
v 29.753613 -51.629864 21.600000
v 28.633778 -50.537609 21.600000
v 29.770260 -51.702782 21.600000
v 28.560474 -50.522789 21.600000
v 29.783245 -51.776436 21.600000
v 28.486515 -50.511642 21.600000
v 29.792545 -51.850647 21.600000
v 28.412098 -50.504196 21.600000
v 29.798138 -51.925232 21.600000
v 28.337399 -50.500465 21.600000
v 29.799999 -52.000000 21.600000
v 28.262600 -50.500465 21.600000
v 29.798138 -52.074768 21.600000
v 28.187901 -50.504196 21.600000
v 29.792545 -52.149353 21.600000
v 28.113483 -50.511642 21.600000
v 29.783245 -52.223564 21.600000
v 28.039524 -50.522789 21.600000
v 29.770260 -52.297218 21.600000
v 27.966221 -50.537609 21.600000
v 29.753613 -52.370136 21.600000
v 27.893742 -50.556065 21.600000
v 29.733356 -52.442131 21.600000
v 27.822269 -50.578110 21.600000
v 29.709538 -52.513031 21.600000
v 27.751987 -50.603691 21.600000
v 29.682217 -52.582653 21.600000
v 27.683071 -50.632740 21.600000
v 29.651455 -52.650826 21.600000
v 27.615681 -50.665192 21.600000
v 29.617329 -52.717381 21.600000
v 27.549999 -50.700962 21.600000
v 29.579937 -52.782154 21.600000
v 27.486179 -50.739960 21.600000
v 29.539356 -52.844978 21.600000
v 27.424381 -50.782093 21.600000
v 29.495701 -52.905708 21.600000
v 27.364765 -50.827251 21.600000
v 29.449062 -52.964180 21.600000
v 27.307468 -50.875328 21.600000
v 29.399578 -53.020260 21.600000
v 27.252644 -50.926201 21.600000
v 29.347355 -53.073799 21.600000
v 27.200420 -50.979740 21.600000
v 27.150936 -51.035820 21.600000
v 29.292530 -53.124672 21.600000
v 29.235233 -53.172749 21.600000
v 27.104298 -51.094292 21.600000
v 29.175617 -53.217907 21.600000
v 29.113819 -53.260040 21.600000
v 27.060642 -51.155022 21.600000
v 26.982670 -51.282619 21.600000
v 27.020061 -51.217846 21.600000
v 29.049999 -53.299038 21.600000
v 26.948544 -51.349174 21.600000
v 28.984318 -53.334808 21.600000
v 28.916927 -53.367260 21.600000
v 26.917782 -51.417347 21.600000
v 28.848011 -53.396309 21.600000
v 26.890461 -51.486969 21.600000
v 28.777729 -53.421890 21.600000
v 26.866642 -51.557869 21.600000
v 28.706257 -53.443935 21.600000
v 26.846386 -51.629864 21.600000
v 28.633778 -53.462391 21.600000
v 28.560474 -53.477211 21.600000
v 26.829739 -51.702782 21.600000
v 26.816753 -51.776436 21.600000
v 28.486515 -53.488358 21.600000
v 26.807453 -51.850647 21.600000
v 28.412098 -53.495804 21.600000
v 26.801861 -51.925232 21.600000
v 28.337399 -53.499535 21.600000
v 26.799999 -52.000000 21.600000
v 26.801861 -52.074768 21.600000
v 28.262600 -53.499535 21.600000
v 26.807453 -52.149353 21.600000
v 28.187901 -53.495804 21.600000
v 28.113483 -53.488358 21.600000
v 26.816753 -52.223564 21.600000
v 28.039524 -53.477211 21.600000
v 26.829739 -52.297218 21.600000
v 27.966221 -53.462391 21.600000
v 27.893742 -53.443935 21.600000
v 26.846386 -52.370136 21.600000
v 27.822269 -53.421890 21.600000
v 26.866642 -52.442131 21.600000
v 26.890461 -52.513031 21.600000
v 27.751987 -53.396309 21.600000
v 27.683071 -53.367260 21.600000
v 26.917782 -52.582653 21.600000
v 26.948544 -52.650826 21.600000
v 27.615681 -53.334808 21.600000
v 26.982670 -52.717381 21.600000
v 27.549999 -53.299038 21.600000
v 27.060642 -52.844978 21.600000
v 27.020061 -52.782154 21.600000
v 27.486179 -53.260040 21.600000
v 27.424381 -53.217907 21.600000
v 27.104298 -52.905708 21.600000
v 27.364765 -53.172749 21.600000
v 27.200420 -53.020260 21.600000
v 27.150936 -52.964180 21.600000
v 27.307468 -53.124672 21.600000
v 27.252644 -53.073799 21.600000
v 29.399578 -26.979742 21.600000
v 29.347355 -26.926201 21.600000
v 29.292530 -26.875328 21.600000
v 29.449062 -27.035820 21.600000
v 29.235233 -26.827253 21.600000
v 29.495701 -27.094294 21.600000
v 29.175617 -26.782093 21.600000
v 29.539356 -27.155020 21.600000
v 29.113819 -26.739962 21.600000
v 29.579937 -27.217848 21.600000
v 29.049999 -26.700962 21.600000
v 29.617329 -27.282619 21.600000
v 28.984318 -26.665194 21.600000
v 29.651455 -27.349174 21.600000
v 28.916927 -26.632742 21.600000
v 29.682217 -27.417349 21.600000
v 28.848011 -26.603689 21.600000
v 29.709538 -27.486971 21.600000
v 28.777729 -26.578110 21.600000
v 29.733356 -27.557867 21.600000
v 28.706257 -26.556065 21.600000
v 29.753613 -27.629864 21.600000
v 28.633778 -26.537609 21.600000
v 29.770260 -27.702782 21.600000
v 28.560474 -26.522789 21.600000
v 29.783245 -27.776438 21.600000
v 28.486515 -26.511642 21.600000
v 29.792545 -27.850649 21.600000
v 28.412098 -26.504194 21.600000
v 29.798138 -27.925232 21.600000
v 28.337399 -26.500467 21.600000
v 29.799999 -28.000000 21.600000
v 28.262600 -26.500467 21.600000
v 29.798138 -28.074770 21.600000
v 28.187901 -26.504194 21.600000
v 29.792545 -28.149353 21.600000
v 28.113483 -26.511642 21.600000
v 29.783245 -28.223564 21.600000
v 28.039524 -26.522789 21.600000
v 29.770260 -28.297220 21.600000
v 27.966221 -26.537609 21.600000
v 29.753613 -28.370136 21.600000
v 27.893742 -26.556065 21.600000
v 29.733356 -28.442133 21.600000
v 27.822269 -26.578110 21.600000
v 29.709538 -28.513031 21.600000
v 27.751987 -26.603689 21.600000
v 29.682217 -28.582653 21.600000
v 27.683071 -26.632742 21.600000
v 29.651455 -28.650826 21.600000
v 27.615681 -26.665194 21.600000
v 29.617329 -28.717381 21.600000
v 27.549999 -26.700962 21.600000
v 29.579937 -28.782154 21.600000
v 27.486179 -26.739962 21.600000
v 29.539356 -28.844980 21.600000
v 27.424381 -26.782093 21.600000
v 29.495701 -28.905706 21.600000
v 27.364765 -26.827253 21.600000
v 29.449062 -28.964182 21.600000
v 27.307468 -26.875328 21.600000
v 29.399578 -29.020260 21.600000
v 27.252644 -26.926201 21.600000
v 29.347355 -29.073801 21.600000
v 27.200420 -26.979742 21.600000
v 27.150936 -27.035820 21.600000
v 29.292530 -29.124672 21.600000
v 29.235233 -29.172749 21.600000
v 27.104298 -27.094294 21.600000
v 29.175617 -29.217907 21.600000
v 29.113819 -29.260040 21.600000
v 27.060642 -27.155020 21.600000
v 26.982670 -27.282619 21.600000
v 27.020061 -27.217848 21.600000
v 29.049999 -29.299038 21.600000
v 26.948544 -27.349174 21.600000
v 28.984318 -29.334808 21.600000
v 28.916927 -29.367260 21.600000
v 26.917782 -27.417349 21.600000
v 28.848011 -29.396311 21.600000
v 26.890461 -27.486971 21.600000
v 28.777729 -29.421892 21.600000
v 26.866642 -27.557867 21.600000
v 28.706257 -29.443937 21.600000
v 26.846386 -27.629864 21.600000
v 28.633778 -29.462393 21.600000
v 28.560474 -29.477213 21.600000
v 26.829739 -27.702782 21.600000
v 26.816753 -27.776438 21.600000
v 28.486515 -29.488359 21.600000
v 26.807453 -27.850649 21.600000
v 28.412098 -29.495806 21.600000
v 26.801861 -27.925232 21.600000
v 28.337399 -29.499535 21.600000
v 26.799999 -28.000000 21.600000
v 26.801861 -28.074770 21.600000
v 28.262600 -29.499535 21.600000
v 26.807453 -28.149353 21.600000
v 28.187901 -29.495806 21.600000
v 28.113483 -29.488359 21.600000
v 26.816753 -28.223564 21.600000
v 28.039524 -29.477213 21.600000
v 26.829739 -28.297220 21.600000
v 27.966221 -29.462393 21.600000
v 27.893742 -29.443937 21.600000
v 26.846386 -28.370136 21.600000
v 27.822269 -29.421892 21.600000
v 26.866642 -28.442133 21.600000
v 26.890461 -28.513031 21.600000
v 27.751987 -29.396311 21.600000
v 27.683071 -29.367260 21.600000
v 26.917782 -28.582653 21.600000
v 26.948544 -28.650826 21.600000
v 27.615681 -29.334808 21.600000
v 26.982670 -28.717381 21.600000
v 27.549999 -29.299038 21.600000
v 27.060642 -28.844980 21.600000
v 27.020061 -28.782154 21.600000
v 27.486179 -29.260040 21.600000
v 27.424381 -29.217907 21.600000
v 27.104298 -28.905706 21.600000
v 27.364765 -29.172749 21.600000
v 27.200420 -29.020260 21.600000
v 27.150936 -28.964182 21.600000
v 27.307468 -29.124672 21.600000
v 27.252644 -29.073801 21.600000
v 26.960003 -52.000000 21.760000
v 27.600872 -51.965107 22.400000
v 27.600002 -52.000000 22.400000
v 27.439999 -52.000000 22.240000
v 27.600872 -52.034893 22.400000
v 26.966656 -51.866581 21.760000
v 26.986568 -51.734486 21.760000
v 27.019535 -51.605026 21.760000
v 27.125866 -51.882511 21.920000
v 27.119999 -52.000000 21.920000
v 27.065220 -51.479496 21.760000
v 27.143398 -51.766186 21.920000
v 27.123180 -51.359138 21.760000
v 27.172421 -51.652187 21.920000
v 27.285069 -51.898441 22.080000
v 27.280003 -52.000000 22.080000
v 27.192837 -51.245152 21.760000
v 27.212658 -51.541645 21.920000
v 27.300220 -51.797890 22.080000
v 27.273502 -51.138664 21.760000
v 27.263699 -51.435661 21.920000
v 27.325314 -51.699348 22.080000
v 27.444271 -51.914371 22.240000
v 27.603481 -51.930302 22.400000
v 27.607815 -51.895672 22.400000
v 27.364361 -51.040737 21.760000
v 27.325039 -51.335281 21.920000
v 27.360096 -51.603798 22.080000
v 27.457050 -51.829594 22.240000
v 27.613880 -51.861298 22.400000
v 27.621647 -51.827271 22.400000
v 27.464520 -50.952347 21.760000
v 27.396069 -51.241512 21.920000
v 27.404217 -51.512180 22.080000
v 27.478207 -51.746510 22.240000
v 27.631100 -51.793671 22.400000
v 27.642216 -51.760586 22.400000
v 27.572987 -50.874367 21.760000
v 27.476078 -51.155277 21.920000
v 27.457233 -51.425415 22.080000
v 27.507526 -51.665947 22.240000
v 27.654964 -51.728096 22.400000
v 27.669323 -51.696281 22.400000
v 27.688679 -50.807571 21.760000
v 27.564281 -51.077438 21.920000
v 27.518635 -51.344357 22.080000
v 27.544727 -51.588703 22.240000
v 27.685246 -51.665222 22.400000
v 27.702694 -51.634995 22.400000
v 27.810444 -50.752628 21.760000
v 27.659794 -51.008770 21.920000
v 27.587795 -51.269817 22.080000
v 27.589436 -51.515545 22.240000
v 27.721630 -51.605675 22.400000
v 27.742008 -51.577335 22.400000
v 27.937077 -50.710083 21.760000
v 27.761669 -50.949951 21.920000
v 27.664043 -51.202534 22.080000
v 27.641201 -51.447201 22.240000
v 27.763767 -51.550049 22.400000
v 27.786861 -51.523880 22.400000
v 28.067310 -50.680359 21.760000
v 27.868900 -50.901569 21.920000
v 27.746601 -51.143173 22.080000
v 27.699512 -51.384354 22.240000
v 27.811230 -51.498894 22.400000
v 27.836819 -51.475155 22.400000
v 28.199863 -50.663746 21.760000
v 27.980404 -50.864105 21.920000
v 27.834667 -51.092331 22.080000
v 27.763798 -51.327625 22.240000
v 27.863560 -51.452717 22.400000
v 27.891376 -51.431644 22.400000
v 28.333408 -50.660416 21.760000
v 28.095097 -50.837925 21.920000
v 27.927349 -51.050510 22.080000
v 27.833408 -51.277576 22.240000
v 27.920216 -51.411983 22.400000
v 27.950001 -51.393784 22.400000
v 28.466618 -50.670399 21.760000
v 28.211819 -50.823299 21.920000
v 28.023739 -51.018124 22.080000
v 27.907658 -51.234711 22.240000
v 27.980648 -51.377090 22.400000
v 28.012096 -51.361946 22.400000
v 28.598179 -50.693596 21.760000
v 28.329418 -50.820366 21.920000
v 28.122875 -50.995495 22.080000
v 27.985806 -51.199448 22.240000
v 28.044262 -51.348389 22.400000
v 28.077061 -51.336452 22.400000
v 28.726772 -50.729778 21.760000
v 28.446728 -50.829159 21.920000
v 28.223774 -50.982853 22.080000
v 28.067074 -51.172142 22.240000
v 28.110409 -51.326164 22.400000
v 28.144238 -51.317551 22.400000
v 28.851124 -50.778584 21.760000
v 28.562572 -50.849586 21.920000
v 28.325428 -50.980316 22.080000
v 28.150661 -51.153065 22.240000
v 28.178448 -51.310635 22.400000
v 28.212955 -51.305431 22.400000
v 28.969997 -50.839527 21.760000
v 28.675816 -50.881447 21.920000
v 28.426830 -50.987915 22.080000
v 28.235729 -51.142406 22.240000
v 28.247684 -51.301956 22.400000
v 28.282551 -51.300217 22.400000
v 29.082218 -50.912003 21.760000
v 28.785320 -50.924423 21.920000
v 28.526974 -51.005573 22.080000
v 28.321438 -51.140266 22.240000
v 28.317448 -51.300217 22.400000
v 28.352314 -51.301956 22.400000
v 29.186657 -50.995293 21.760000
v 28.889996 -50.978088 21.920000
v 28.624859 -51.033115 22.080000
v 28.406933 -51.146675 22.240000
v 28.387043 -51.305431 22.400000
v 28.421551 -51.310635 22.400000
v 29.282291 -51.088570 21.760000
v 28.988819 -51.041912 21.920000
v 28.719509 -51.070263 22.080000
v 28.491367 -51.161564 22.240000
v 28.455761 -51.317551 22.400000
v 28.489590 -51.326164 22.400000
v 29.368160 -51.190903 21.760000
v 29.080791 -51.115257 21.920000
v 28.810001 -51.116653 22.080000
v 28.573895 -51.184784 22.240000
v 28.522938 -51.336452 22.400000
v 28.555737 -51.348389 22.400000
v 29.443409 -51.301277 21.760000
v 29.164997 -51.197395 21.920000
v 28.895420 -51.171822 22.080000
v 28.653706 -51.216106 22.240000
v 28.587902 -51.361946 22.400000
v 28.619350 -51.377090 22.400000
v 29.507298 -51.418594 21.760000
v 29.240612 -51.287510 21.920000
v 28.974918 -51.235222 22.080000
v 28.730000 -51.255219 22.240000
v 28.649998 -51.393784 22.400000
v 28.679783 -51.411983 22.400000
v 29.559185 -51.541695 21.760000
v 29.306881 -51.384705 21.920000
v 29.047710 -51.306225 22.080000
v 28.802021 -51.301735 22.240000
v 28.708622 -51.431644 22.400000
v 28.736439 -51.452717 22.400000
v 29.598560 -51.669346 21.760000
v 29.363140 -51.488018 21.920000
v 29.113071 -51.384121 22.080000
v 28.869045 -51.355186 22.240000
v 28.763180 -51.475155 22.400000
v 28.788769 -51.498894 22.400000
v 29.625034 -51.800282 21.760000
v 29.408840 -51.596416 21.920000
v 29.170353 -51.468136 22.080000
v 28.930424 -51.415051 22.240000
v 28.813137 -51.523880 22.400000
v 28.836231 -51.550049 22.400000
v 29.638332 -51.933205 21.760000
v 29.443508 -51.708828 21.920000
v 29.218990 -51.557438 22.080000
v 28.985531 -51.480728 22.240000
v 28.857990 -51.577335 22.400000
v 28.878368 -51.605675 22.400000
v 29.638332 -52.066795 21.760000
v 29.466816 -51.824131 21.920000
v 29.258488 -51.651138 22.080000
v 29.033833 -51.551567 22.240000
v 28.897305 -51.634995 22.400000
v 28.914753 -51.665222 22.400000
v 29.625034 -52.199718 21.760000
v 29.478535 -51.941181 21.920000
v 29.288456 -51.748306 22.080000
v 29.074833 -51.626862 22.240000
v 28.930676 -51.696281 22.400000
v 28.945034 -51.728096 22.400000
v 29.598560 -52.330654 21.760000
v 29.478535 -52.058819 21.920000
v 29.308605 -51.847977 22.080000
v 29.108135 -51.705864 22.240000
v 28.957783 -51.760586 22.400000
v 28.968899 -51.793671 22.400000
v 29.559185 -52.458305 21.760000
v 29.466816 -52.175869 21.920000
v 29.318729 -51.949158 22.080000
v 29.133404 -51.787788 22.240000
v 28.978352 -51.827271 22.400000
v 28.986118 -51.861298 22.400000
v 29.507298 -52.581406 21.760000
v 29.443508 -52.291172 21.920000
v 29.318729 -52.050842 22.080000
v 29.150394 -51.871822 22.240000
v 28.992184 -51.895672 22.400000
v 28.996517 -51.930302 22.400000
v 29.443409 -52.698723 21.760000
v 29.408840 -52.403584 21.920000
v 29.308605 -52.152023 22.080000
v 29.158932 -51.957134 22.240000
v 28.999126 -51.965107 22.400000
v 28.999996 -52.000000 22.400000
v 29.368160 -52.809097 21.760000
v 29.363140 -52.511982 21.920000
v 29.288456 -52.251694 22.080000
v 29.158932 -52.042866 22.240000
v 28.999126 -52.034893 22.400000
v 28.996517 -52.069698 22.400000
v 29.282291 -52.911430 21.760000
v 29.306881 -52.615295 21.920000
v 29.258488 -52.348862 22.080000
v 29.150394 -52.128178 22.240000
v 28.992184 -52.104328 22.400000
v 28.986118 -52.138702 22.400000
v 29.186657 -53.004707 21.760000
v 29.240612 -52.712490 21.920000
v 29.218990 -52.442562 22.080000
v 29.133404 -52.212212 22.240000
v 28.978352 -52.172729 22.400000
v 28.968899 -52.206329 22.400000
v 29.082218 -53.087997 21.760000
v 29.164997 -52.802605 21.920000
v 29.170353 -52.531864 22.080000
v 29.108135 -52.294136 22.240000
v 28.957783 -52.239414 22.400000
v 28.945034 -52.271904 22.400000
v 28.969997 -53.160473 21.760000
v 29.080791 -52.884743 21.920000
v 29.113071 -52.615879 22.080000
v 29.074833 -52.373138 22.240000
v 28.930676 -52.303719 22.400000
v 28.914753 -52.334778 22.400000
v 28.851124 -53.221416 21.760000
v 28.988819 -52.958088 21.920000
v 29.047710 -52.693775 22.080000
v 29.033833 -52.448433 22.240000
v 28.897305 -52.365005 22.400000
v 28.878368 -52.394325 22.400000
v 28.726772 -53.270222 21.760000
v 28.889996 -53.021912 21.920000
v 28.974918 -52.764778 22.080000
v 28.985531 -52.519272 22.240000
v 28.857990 -52.422665 22.400000
v 28.836231 -52.449951 22.400000
v 28.598179 -53.306404 21.760000
v 28.785320 -53.075577 21.920000
v 28.895420 -52.828178 22.080000
v 28.930424 -52.584949 22.240000
v 28.813137 -52.476120 22.400000
v 28.788769 -52.501106 22.400000
v 28.466618 -53.329601 21.760000
v 28.675816 -53.118553 21.920000
v 28.810001 -52.883347 22.080000
v 28.869045 -52.644814 22.240000
v 28.763180 -52.524845 22.400000
v 28.736439 -52.547283 22.400000
v 28.333408 -53.339584 21.760000
v 28.562572 -53.150414 21.920000
v 28.719509 -52.929737 22.080000
v 28.802021 -52.698265 22.240000
v 28.708622 -52.568356 22.400000
v 28.679783 -52.588017 22.400000
v 28.199863 -53.336254 21.760000
v 28.446728 -53.170841 21.920000
v 28.624859 -52.966885 22.080000
v 28.730000 -52.744781 22.240000
v 28.649998 -52.606216 22.400000
v 28.619350 -52.622910 22.400000
v 28.067310 -53.319641 21.760000
v 28.329418 -53.179634 21.920000
v 28.526974 -52.994427 22.080000
v 28.653706 -52.783894 22.240000
v 28.587902 -52.638054 22.400000
v 28.555737 -52.651611 22.400000
v 27.937077 -53.289917 21.760000
v 28.211819 -53.176701 21.920000
v 28.426830 -53.012085 22.080000
v 28.573895 -52.815216 22.240000
v 28.522938 -52.663548 22.400000
v 28.489590 -52.673836 22.400000
v 27.810444 -53.247372 21.760000
v 28.095097 -53.162075 21.920000
v 28.325428 -53.019684 22.080000
v 28.491367 -52.838436 22.240000
v 28.455761 -52.682449 22.400000
v 28.421551 -52.689365 22.400000
v 27.688679 -53.192429 21.760000
v 27.980404 -53.135895 21.920000
v 28.223774 -53.017147 22.080000
v 28.406933 -52.853325 22.240000
v 28.387043 -52.694569 22.400000
v 28.352314 -52.698044 22.400000
v 27.572987 -53.125633 21.760000
v 27.868900 -53.098431 21.920000
v 28.122875 -53.004505 22.080000
v 28.321438 -52.859734 22.240000
v 28.317448 -52.699783 22.400000
v 28.282551 -52.699783 22.400000
v 27.464520 -53.047653 21.760000
v 27.761669 -53.050049 21.920000
v 28.023739 -52.981876 22.080000
v 28.235729 -52.857594 22.240000
v 28.247684 -52.698044 22.400000
v 28.212955 -52.694569 22.400000
v 27.364361 -52.959263 21.760000
v 27.659794 -52.991230 21.920000
v 27.927349 -52.949490 22.080000
v 28.150661 -52.846935 22.240000
v 28.178448 -52.689365 22.400000
v 28.144238 -52.682449 22.400000
v 27.273502 -52.861336 21.760000
v 27.564281 -52.922562 21.920000
v 27.834667 -52.907669 22.080000
v 28.067074 -52.827858 22.240000
v 28.110409 -52.673836 22.400000
v 28.077061 -52.663548 22.400000
v 27.192837 -52.754848 21.760000
v 27.476078 -52.844723 21.920000
v 27.746601 -52.856827 22.080000
v 27.985806 -52.800552 22.240000
v 28.044262 -52.651611 22.400000
v 28.012096 -52.638054 22.400000
v 27.123180 -52.640862 21.760000
v 27.396069 -52.758488 21.920000
v 27.664043 -52.797466 22.080000
v 27.907658 -52.765289 22.240000
v 27.980648 -52.622910 22.400000
v 27.950001 -52.606216 22.400000
v 27.065220 -52.520504 21.760000
v 27.325039 -52.664719 21.920000
v 27.587795 -52.730183 22.080000
v 27.833408 -52.722424 22.240000
v 27.920216 -52.588017 22.400000
v 27.891376 -52.568356 22.400000
v 27.019535 -52.394974 21.760000
v 27.263699 -52.564339 21.920000
v 27.518635 -52.655643 22.080000
v 27.763798 -52.672375 22.240000
v 27.863560 -52.547283 22.400000
v 27.836819 -52.524845 22.400000
v 26.986568 -52.265514 21.760000
v 27.212658 -52.458355 21.920000
v 27.457233 -52.574585 22.080000
v 27.699512 -52.615646 22.240000
v 27.811230 -52.501106 22.400000
v 27.786861 -52.476120 22.400000
v 26.966656 -52.133419 21.760000
v 27.172421 -52.347813 21.920000
v 27.404217 -52.487820 22.080000
v 27.641201 -52.552799 22.240000
v 27.763767 -52.449951 22.400000
v 27.742008 -52.422665 22.400000
v 27.143398 -52.233814 21.920000
v 27.360096 -52.396202 22.080000
v 27.589436 -52.484455 22.240000
v 27.721630 -52.394325 22.400000
v 27.702694 -52.365005 22.400000
v 27.125866 -52.117489 21.920000
v 27.325314 -52.300652 22.080000
v 27.544727 -52.411297 22.240000
v 27.685246 -52.334778 22.400000
v 27.669323 -52.303719 22.400000
v 27.300220 -52.202110 22.080000
v 27.507526 -52.334053 22.240000
v 27.654964 -52.271904 22.400000
v 27.642216 -52.239414 22.400000
v 27.285069 -52.101559 22.080000
v 27.478207 -52.253490 22.240000
v 27.631100 -52.206329 22.400000
v 27.621647 -52.172729 22.400000
v 27.457050 -52.170406 22.240000
v 27.613880 -52.138702 22.400000
v 27.607815 -52.104328 22.400000
v 27.444271 -52.085629 22.240000
v 27.603481 -52.069698 22.400000
v 26.960003 -28.000000 21.760000
v 27.600872 -27.965109 22.400000
v 27.600002 -28.000000 22.400000
v 27.439999 -28.000000 22.240000
v 27.600872 -28.034893 22.400000
v 26.966656 -27.866579 21.760000
v 26.986568 -27.734484 21.760000
v 27.019535 -27.605028 21.760000
v 27.125866 -27.882511 21.920000
v 27.119999 -28.000000 21.920000
v 27.065220 -27.479498 21.760000
v 27.143398 -27.766188 21.920000
v 27.123180 -27.359140 21.760000
v 27.172421 -27.652189 21.920000
v 27.285069 -27.898441 22.080000
v 27.280003 -28.000000 22.080000
v 27.192837 -27.245152 21.760000
v 27.212658 -27.541647 21.920000
v 27.300220 -27.797892 22.080000
v 27.273502 -27.138664 21.760000
v 27.263699 -27.435661 21.920000
v 27.325314 -27.699350 22.080000
v 27.444271 -27.914371 22.240000
v 27.603481 -27.930304 22.400000
v 27.607815 -27.895670 22.400000
v 27.364361 -27.040739 21.760000
v 27.325039 -27.335283 21.920000
v 27.360096 -27.603798 22.080000
v 27.457050 -27.829596 22.240000
v 27.613880 -27.861298 22.400000
v 27.621647 -27.827271 22.400000
v 27.464520 -26.952347 21.760000
v 27.396069 -27.241510 21.920000
v 27.404217 -27.512182 22.080000
v 27.478207 -27.746511 22.240000
v 27.631100 -27.793673 22.400000
v 27.642216 -27.760586 22.400000
v 27.572987 -26.874365 21.760000
v 27.476078 -27.155277 21.920000
v 27.457233 -27.425413 22.080000
v 27.507526 -27.665947 22.240000
v 27.654964 -27.728096 22.400000
v 27.669323 -27.696281 22.400000
v 27.688679 -26.807571 21.760000
v 27.564281 -27.077440 21.920000
v 27.518635 -27.344357 22.080000
v 27.544727 -27.588701 22.240000
v 27.685246 -27.665222 22.400000
v 27.702694 -27.634996 22.400000
v 27.810444 -26.752630 21.760000
v 27.659794 -27.008770 21.920000
v 27.587795 -27.269815 22.080000
v 27.589436 -27.515545 22.240000
v 27.721630 -27.605677 22.400000
v 27.742008 -27.577337 22.400000
v 27.937077 -26.710085 21.760000
v 27.761669 -26.949951 21.920000
v 27.664043 -27.202532 22.080000
v 27.641201 -27.447203 22.240000
v 27.763767 -27.550049 22.400000
v 27.786861 -27.523880 22.400000
v 28.067310 -26.680359 21.760000
v 27.868900 -26.901569 21.920000
v 27.746601 -27.143173 22.080000
v 27.699512 -27.384356 22.240000
v 27.811230 -27.498894 22.400000
v 27.836819 -27.475153 22.400000
v 28.199863 -26.663748 21.760000
v 27.980404 -26.864103 21.920000
v 27.834667 -27.092331 22.080000
v 27.763798 -27.327625 22.240000
v 27.863560 -27.452719 22.400000
v 27.891376 -27.431644 22.400000
v 28.333408 -26.660418 21.760000
v 28.095097 -26.837927 21.920000
v 27.927349 -27.050508 22.080000
v 27.833408 -27.277578 22.240000
v 27.920216 -27.411982 22.400000
v 27.950001 -27.393784 22.400000
v 28.466618 -26.670401 21.760000
v 28.211819 -26.823299 21.920000
v 28.023739 -27.018124 22.080000
v 27.907658 -27.234711 22.240000
v 27.980648 -27.377090 22.400000
v 28.012096 -27.361946 22.400000
v 28.598179 -26.693598 21.760000
v 28.329418 -26.820368 21.920000
v 28.122875 -26.995497 22.080000
v 27.985806 -27.199450 22.240000
v 28.044262 -27.348389 22.400000
v 28.077061 -27.336451 22.400000
v 28.726772 -26.729778 21.760000
v 28.446728 -26.829159 21.920000
v 28.223774 -26.982853 22.080000
v 28.067074 -27.172144 22.240000
v 28.110409 -27.326164 22.400000
v 28.144238 -27.317551 22.400000
v 28.851124 -26.778584 21.760000
v 28.562572 -26.849586 21.920000
v 28.325428 -26.980318 22.080000
v 28.150661 -27.153067 22.240000
v 28.178448 -27.310635 22.400000
v 28.212955 -27.305433 22.400000
v 28.969997 -26.839527 21.760000
v 28.675816 -26.881447 21.920000
v 28.426830 -26.987917 22.080000
v 28.235729 -27.142405 22.240000
v 28.247684 -27.301958 22.400000
v 28.282551 -27.300219 22.400000
v 29.082218 -26.912004 21.760000
v 28.785320 -26.924423 21.920000
v 28.526974 -27.005573 22.080000
v 28.321438 -27.140268 22.240000
v 28.317448 -27.300219 22.400000
v 28.352314 -27.301958 22.400000
v 29.186657 -26.995295 21.760000
v 28.889996 -26.978090 21.920000
v 28.624859 -27.033115 22.080000
v 28.406933 -27.146675 22.240000
v 28.387043 -27.305433 22.400000
v 28.421551 -27.310635 22.400000
v 29.282291 -27.088570 21.760000
v 28.988819 -27.041914 21.920000
v 28.719509 -27.070265 22.080000
v 28.491367 -27.161562 22.240000
v 28.455761 -27.317551 22.400000
v 28.489590 -27.326164 22.400000
v 29.368160 -27.190903 21.760000
v 29.080791 -27.115259 21.920000
v 28.810001 -27.116655 22.080000
v 28.573895 -27.184782 22.240000
v 28.522938 -27.336451 22.400000
v 28.555737 -27.348389 22.400000
v 29.443409 -27.301277 21.760000
v 29.164997 -27.197397 21.920000
v 28.895420 -27.171824 22.080000
v 28.653706 -27.216105 22.240000
v 28.587902 -27.361946 22.400000
v 28.619350 -27.377090 22.400000
v 29.507298 -27.418596 21.760000
v 29.240612 -27.287512 21.920000
v 28.974918 -27.235224 22.080000
v 28.730000 -27.255219 22.240000
v 28.649998 -27.393784 22.400000
v 28.679783 -27.411982 22.400000
v 29.559185 -27.541693 21.760000
v 29.306881 -27.384706 21.920000
v 29.047710 -27.306225 22.080000
v 28.802021 -27.301733 22.240000
v 28.708622 -27.431644 22.400000
v 28.736439 -27.452719 22.400000
v 29.598560 -27.669346 21.760000
v 29.363140 -27.488018 21.920000
v 29.113071 -27.384119 22.080000
v 28.869045 -27.355188 22.240000
v 28.763180 -27.475153 22.400000
v 28.788769 -27.498894 22.400000
v 29.625034 -27.800283 21.760000
v 29.408840 -27.596416 21.920000
v 29.170353 -27.468136 22.080000
v 28.930424 -27.415052 22.240000
v 28.813137 -27.523880 22.400000
v 28.836231 -27.550049 22.400000
v 29.638332 -27.933207 21.760000
v 29.443508 -27.708826 21.920000
v 29.218990 -27.557440 22.080000
v 28.985531 -27.480728 22.240000
v 28.857990 -27.577337 22.400000
v 28.878368 -27.605677 22.400000
v 29.638332 -28.066793 21.760000
v 29.466816 -27.824131 21.920000
v 29.258488 -27.651140 22.080000
v 29.033833 -27.551567 22.240000
v 28.897305 -27.634996 22.400000
v 28.914753 -27.665222 22.400000
v 29.625034 -28.199717 21.760000
v 29.478535 -27.941183 21.920000
v 29.288456 -27.748308 22.080000
v 29.074833 -27.626860 22.240000
v 28.930676 -27.696281 22.400000
v 28.945034 -27.728096 22.400000
v 29.598560 -28.330656 21.760000
v 29.478535 -28.058819 21.920000
v 29.308605 -27.847977 22.080000
v 29.108135 -27.705864 22.240000
v 28.957783 -27.760586 22.400000
v 28.968899 -27.793673 22.400000
v 29.559185 -28.458307 21.760000
v 29.466816 -28.175871 21.920000
v 29.318729 -27.949158 22.080000
v 29.133404 -27.787788 22.240000
v 28.978352 -27.827271 22.400000
v 28.986118 -27.861298 22.400000
v 29.507298 -28.581406 21.760000
v 29.443508 -28.291174 21.920000
v 29.318729 -28.050844 22.080000
v 29.150394 -27.871824 22.240000
v 28.992184 -27.895670 22.400000
v 28.996517 -27.930304 22.400000
v 29.443409 -28.698723 21.760000
v 29.408840 -28.403584 21.920000
v 29.308605 -28.152023 22.080000
v 29.158932 -27.957132 22.240000
v 28.999126 -27.965109 22.400000
v 28.999996 -28.000000 22.400000
v 29.368160 -28.809099 21.760000
v 29.363140 -28.511984 21.920000
v 29.288456 -28.251694 22.080000
v 29.158932 -28.042868 22.240000
v 28.999126 -28.034893 22.400000
v 28.996517 -28.069698 22.400000
v 29.282291 -28.911432 21.760000
v 29.306881 -28.615294 21.920000
v 29.258488 -28.348862 22.080000
v 29.150394 -28.128178 22.240000
v 28.992184 -28.104330 22.400000
v 28.986118 -28.138702 22.400000
v 29.186657 -29.004707 21.760000
v 29.240612 -28.712490 21.920000
v 29.218990 -28.442562 22.080000
v 29.133404 -28.212212 22.240000
v 28.978352 -28.172731 22.400000
v 28.968899 -28.206329 22.400000
v 29.082218 -29.087997 21.760000
v 29.164997 -28.802605 21.920000
v 29.170353 -28.531864 22.080000
v 29.108135 -28.294138 22.240000
v 28.957783 -28.239414 22.400000
v 28.945034 -28.271904 22.400000
v 28.969997 -29.160475 21.760000
v 29.080791 -28.884743 21.920000
v 29.113071 -28.615881 22.080000
v 29.074833 -28.373140 22.240000
v 28.930676 -28.303719 22.400000
v 28.914753 -28.334778 22.400000
v 28.851124 -29.221418 21.760000
v 28.988819 -28.958088 21.920000
v 29.047710 -28.693777 22.080000
v 29.033833 -28.448435 22.240000
v 28.897305 -28.365005 22.400000
v 28.878368 -28.394325 22.400000
v 28.726772 -29.270224 21.760000
v 28.889996 -29.021910 21.920000
v 28.974918 -28.764778 22.080000
v 28.985531 -28.519272 22.240000
v 28.857990 -28.422663 22.400000
v 28.836231 -28.449951 22.400000
v 28.598179 -29.306404 21.760000
v 28.785320 -29.075577 21.920000
v 28.895420 -28.828176 22.080000
v 28.930424 -28.584949 22.240000
v 28.813137 -28.476122 22.400000
v 28.788769 -28.501108 22.400000
v 28.466618 -29.329601 21.760000
v 28.675816 -29.118555 21.920000
v 28.810001 -28.883347 22.080000
v 28.869045 -28.644812 22.240000
v 28.763180 -28.524847 22.400000
v 28.736439 -28.547283 22.400000
v 28.333408 -29.339584 21.760000
v 28.562572 -29.150415 21.920000
v 28.719509 -28.929737 22.080000
v 28.802021 -28.698267 22.240000
v 28.708622 -28.568357 22.400000
v 28.679783 -28.588018 22.400000
v 28.199863 -29.336254 21.760000
v 28.446728 -29.170843 21.920000
v 28.624859 -28.966887 22.080000
v 28.730000 -28.744781 22.240000
v 28.649998 -28.606218 22.400000
v 28.619350 -28.622911 22.400000
v 28.067310 -29.319643 21.760000
v 28.329418 -29.179634 21.920000
v 28.526974 -28.994427 22.080000
v 28.653706 -28.783895 22.240000
v 28.587902 -28.638054 22.400000
v 28.555737 -28.651611 22.400000
v 27.937077 -29.289917 21.760000
v 28.211819 -29.176701 21.920000
v 28.426830 -29.012085 22.080000
v 28.573895 -28.815218 22.240000
v 28.522938 -28.663549 22.400000
v 28.489590 -28.673838 22.400000
v 27.810444 -29.247372 21.760000
v 28.095097 -29.162073 21.920000
v 28.325428 -29.019684 22.080000
v 28.491367 -28.838438 22.240000
v 28.455761 -28.682449 22.400000
v 28.421551 -28.689365 22.400000
v 27.688679 -29.192429 21.760000
v 27.980404 -29.135897 21.920000
v 28.223774 -29.017149 22.080000
v 28.406933 -28.853327 22.240000
v 28.387043 -28.694569 22.400000
v 28.352314 -28.698044 22.400000
v 27.572987 -29.125635 21.760000
v 27.868900 -29.098431 21.920000
v 28.122875 -29.004505 22.080000
v 28.321438 -28.859734 22.240000
v 28.317448 -28.699783 22.400000
v 28.282551 -28.699783 22.400000
v 27.464520 -29.047655 21.760000
v 27.761669 -29.050049 21.920000
v 28.023739 -28.981876 22.080000
v 28.235729 -28.857595 22.240000
v 28.247684 -28.698044 22.400000
v 28.212955 -28.694569 22.400000
v 27.364361 -28.959263 21.760000
v 27.659794 -28.991232 21.920000
v 27.927349 -28.949492 22.080000
v 28.150661 -28.846935 22.240000
v 28.178448 -28.689365 22.400000
v 28.144238 -28.682449 22.400000
v 27.273502 -28.861336 21.760000
v 27.564281 -28.922562 21.920000
v 27.834667 -28.907669 22.080000
v 28.067074 -28.827858 22.240000
v 28.110409 -28.673838 22.400000
v 28.077061 -28.663549 22.400000
v 27.192837 -28.754848 21.760000
v 27.476078 -28.844723 21.920000
v 27.746601 -28.856827 22.080000
v 27.985806 -28.800552 22.240000
v 28.044262 -28.651611 22.400000
v 28.012096 -28.638054 22.400000
v 27.123180 -28.640862 21.760000
v 27.396069 -28.758490 21.920000
v 27.664043 -28.797468 22.080000
v 27.907658 -28.765289 22.240000
v 27.980648 -28.622911 22.400000
v 27.950001 -28.606218 22.400000
v 27.065220 -28.520504 21.760000
v 27.325039 -28.664719 21.920000
v 27.587795 -28.730185 22.080000
v 27.833408 -28.722424 22.240000
v 27.920216 -28.588018 22.400000
v 27.891376 -28.568357 22.400000
v 27.019535 -28.394972 21.760000
v 27.263699 -28.564341 21.920000
v 27.518635 -28.655643 22.080000
v 27.763798 -28.672375 22.240000
v 27.863560 -28.547283 22.400000
v 27.836819 -28.524847 22.400000
v 26.986568 -28.265516 21.760000
v 27.212658 -28.458353 21.920000
v 27.457233 -28.574587 22.080000
v 27.699512 -28.615646 22.240000
v 27.811230 -28.501108 22.400000
v 27.786861 -28.476122 22.400000
v 26.966656 -28.133421 21.760000
v 27.172421 -28.347811 21.920000
v 27.404217 -28.487820 22.080000
v 27.641201 -28.552797 22.240000
v 27.763767 -28.449951 22.400000
v 27.742008 -28.422663 22.400000
v 27.143398 -28.233812 21.920000
v 27.360096 -28.396204 22.080000
v 27.589436 -28.484455 22.240000
v 27.721630 -28.394325 22.400000
v 27.702694 -28.365005 22.400000
v 27.125866 -28.117491 21.920000
v 27.325314 -28.300652 22.080000
v 27.544727 -28.411299 22.240000
v 27.685246 -28.334778 22.400000
v 27.669323 -28.303719 22.400000
v 27.300220 -28.202110 22.080000
v 27.507526 -28.334055 22.240000
v 27.654964 -28.271904 22.400000
v 27.642216 -28.239414 22.400000
v 27.285069 -28.101561 22.080000
v 27.478207 -28.253490 22.240000
v 27.631100 -28.206329 22.400000
v 27.621647 -28.172731 22.400000
v 27.457050 -28.170406 22.240000
v 27.613880 -28.138702 22.400000
v 27.607815 -28.104330 22.400000
v 27.444271 -28.085629 22.240000
v 27.603481 -28.069698 22.400000
v 27.600002 -52.000000 22.600000
v 27.600872 -51.965107 22.600000
v 27.603481 -51.930302 22.600000
v 27.607815 -51.895672 22.600000
v 27.613880 -51.861298 22.600000
v 27.621647 -51.827271 22.600000
v 27.631100 -51.793671 22.600000
v 27.642216 -51.760586 22.600000
v 27.654964 -51.728096 22.600000
v 27.669323 -51.696281 22.600000
v 27.685246 -51.665222 22.600000
v 27.702694 -51.634995 22.600000
v 27.721630 -51.605675 22.600000
v 27.742008 -51.577335 22.600000
v 27.763767 -51.550049 22.600000
v 27.786861 -51.523880 22.600000
v 27.811230 -51.498894 22.600000
v 27.836819 -51.475155 22.600000
v 27.863560 -51.452717 22.600000
v 27.891376 -51.431644 22.600000
v 27.920216 -51.411983 22.600000
v 27.950001 -51.393784 22.600000
v 27.980648 -51.377090 22.600000
v 28.012096 -51.361946 22.600000
v 28.044262 -51.348389 22.600000
v 28.077061 -51.336452 22.600000
v 28.110409 -51.326164 22.600000
v 28.144238 -51.317551 22.600000
v 28.178448 -51.310635 22.600000
v 28.212955 -51.305431 22.600000
v 28.247684 -51.301956 22.600000
v 28.282551 -51.300217 22.600000
v 28.317448 -51.300217 22.600000
v 28.352314 -51.301956 22.600000
v 28.387043 -51.305431 22.600000
v 28.421551 -51.310635 22.600000
v 28.455761 -51.317551 22.600000
v 28.489590 -51.326164 22.600000
v 28.522938 -51.336452 22.600000
v 28.555737 -51.348389 22.600000
v 28.587902 -51.361946 22.600000
v 28.619350 -51.377090 22.600000
v 28.649998 -51.393784 22.600000
v 28.679783 -51.411983 22.600000
v 28.708622 -51.431644 22.600000
v 28.736439 -51.452717 22.600000
v 28.763180 -51.475155 22.600000
v 28.788769 -51.498894 22.600000
v 28.813137 -51.523880 22.600000
v 28.836231 -51.550049 22.600000
v 28.857990 -51.577335 22.600000
v 28.878368 -51.605675 22.600000
v 28.897305 -51.634995 22.600000
v 28.914753 -51.665222 22.600000
v 28.930676 -51.696281 22.600000
v 28.945034 -51.728096 22.600000
v 28.957783 -51.760586 22.600000
v 28.968899 -51.793671 22.600000
v 28.978352 -51.827271 22.600000
v 28.986118 -51.861298 22.600000
v 28.992184 -51.895672 22.600000
v 28.996517 -51.930302 22.600000
v 28.999126 -51.965107 22.600000
v 28.999996 -52.000000 22.600000
v 28.999126 -52.034893 22.600000
v 28.996517 -52.069698 22.600000
v 28.992184 -52.104328 22.600000
v 28.986118 -52.138702 22.600000
v 28.978352 -52.172729 22.600000
v 28.968899 -52.206329 22.600000
v 28.957783 -52.239414 22.600000
v 28.945034 -52.271904 22.600000
v 28.930676 -52.303719 22.600000
v 28.914753 -52.334778 22.600000
v 28.897305 -52.365005 22.600000
v 28.878368 -52.394325 22.600000
v 28.857990 -52.422665 22.600000
v 28.836231 -52.449951 22.600000
v 28.813137 -52.476120 22.600000
v 28.788769 -52.501106 22.600000
v 28.763180 -52.524845 22.600000
v 28.736439 -52.547283 22.600000
v 28.708622 -52.568356 22.600000
v 28.679783 -52.588017 22.600000
v 28.649998 -52.606216 22.600000
v 28.619350 -52.622910 22.600000
v 28.587902 -52.638054 22.600000
v 28.555737 -52.651611 22.600000
v 28.522938 -52.663548 22.600000
v 28.489590 -52.673836 22.600000
v 28.455761 -52.682449 22.600000
v 28.421551 -52.689365 22.600000
v 28.387043 -52.694569 22.600000
v 28.352314 -52.698044 22.600000
v 28.317448 -52.699783 22.600000
v 28.282551 -52.699783 22.600000
v 28.247684 -52.698044 22.600000
v 28.212955 -52.694569 22.600000
v 28.178448 -52.689365 22.600000
v 28.144238 -52.682449 22.600000
v 28.110409 -52.673836 22.600000
v 28.077061 -52.663548 22.600000
v 28.044262 -52.651611 22.600000
v 28.012096 -52.638054 22.600000
v 27.980648 -52.622910 22.600000
v 27.950001 -52.606216 22.600000
v 27.920216 -52.588017 22.600000
v 27.891376 -52.568356 22.600000
v 27.863560 -52.547283 22.600000
v 27.836819 -52.524845 22.600000
v 27.811230 -52.501106 22.600000
v 27.786861 -52.476120 22.600000
v 27.763767 -52.449951 22.600000
v 27.742008 -52.422665 22.600000
v 27.721630 -52.394325 22.600000
v 27.702694 -52.365005 22.600000
v 27.685246 -52.334778 22.600000
v 27.669323 -52.303719 22.600000
v 27.654964 -52.271904 22.600000
v 27.642216 -52.239414 22.600000
v 27.631100 -52.206329 22.600000
v 27.621647 -52.172729 22.600000
v 27.613880 -52.138702 22.600000
v 27.607815 -52.104328 22.600000
v 27.603481 -52.069698 22.600000
v 27.600872 -52.034893 22.600000
v 27.600002 -28.000000 22.600000
v 27.600872 -27.965109 22.600000
v 27.603481 -27.930304 22.600000
v 27.607815 -27.895670 22.600000
v 27.613880 -27.861298 22.600000
v 27.621647 -27.827271 22.600000
v 27.631100 -27.793673 22.600000
v 27.642216 -27.760586 22.600000
v 27.654964 -27.728096 22.600000
v 27.669323 -27.696281 22.600000
v 27.685246 -27.665222 22.600000
v 27.702694 -27.634996 22.600000
v 27.721630 -27.605677 22.600000
v 27.742008 -27.577337 22.600000
v 27.763767 -27.550049 22.600000
v 27.786861 -27.523880 22.600000
v 27.811230 -27.498894 22.600000
v 27.836819 -27.475153 22.600000
v 27.863560 -27.452719 22.600000
v 27.891376 -27.431644 22.600000
v 27.920216 -27.411982 22.600000
v 27.950001 -27.393784 22.600000
v 27.980648 -27.377090 22.600000
v 28.012096 -27.361946 22.600000
v 28.044262 -27.348389 22.600000
v 28.077061 -27.336451 22.600000
v 28.110409 -27.326164 22.600000
v 28.144238 -27.317551 22.600000
v 28.178448 -27.310635 22.600000
v 28.212955 -27.305433 22.600000
v 28.247684 -27.301958 22.600000
v 28.282551 -27.300219 22.600000
v 28.317448 -27.300219 22.600000
v 28.352314 -27.301958 22.600000
v 28.387043 -27.305433 22.600000
v 28.421551 -27.310635 22.600000
v 28.455761 -27.317551 22.600000
v 28.489590 -27.326164 22.600000
v 28.522938 -27.336451 22.600000
v 28.555737 -27.348389 22.600000
v 28.587902 -27.361946 22.600000
v 28.619350 -27.377090 22.600000
v 28.649998 -27.393784 22.600000
v 28.679783 -27.411982 22.600000
v 28.708622 -27.431644 22.600000
v 28.736439 -27.452719 22.600000
v 28.763180 -27.475153 22.600000
v 28.788769 -27.498894 22.600000
v 28.813137 -27.523880 22.600000
v 28.836231 -27.550049 22.600000
v 28.857990 -27.577337 22.600000
v 28.878368 -27.605677 22.600000
v 28.897305 -27.634996 22.600000
v 28.914753 -27.665222 22.600000
v 28.930676 -27.696281 22.600000
v 28.945034 -27.728096 22.600000
v 28.957783 -27.760586 22.600000
v 28.968899 -27.793673 22.600000
v 28.978352 -27.827271 22.600000
v 28.986118 -27.861298 22.600000
v 28.992184 -27.895670 22.600000
v 28.996517 -27.930304 22.600000
v 28.999126 -27.965109 22.600000
v 28.999996 -28.000000 22.600000
v 28.999126 -28.034893 22.600000
v 28.996517 -28.069698 22.600000
v 28.992184 -28.104330 22.600000
v 28.986118 -28.138702 22.600000
v 28.978352 -28.172731 22.600000
v 28.968899 -28.206329 22.600000
v 28.957783 -28.239414 22.600000
v 28.945034 -28.271904 22.600000
v 28.930676 -28.303719 22.600000
v 28.914753 -28.334778 22.600000
v 28.897305 -28.365005 22.600000
v 28.878368 -28.394325 22.600000
v 28.857990 -28.422663 22.600000
v 28.836231 -28.449951 22.600000
v 28.813137 -28.476122 22.600000
v 28.788769 -28.501108 22.600000
v 28.763180 -28.524847 22.600000
v 28.736439 -28.547283 22.600000
v 28.708622 -28.568357 22.600000
v 28.679783 -28.588018 22.600000
v 28.649998 -28.606218 22.600000
v 28.619350 -28.622911 22.600000
v 28.587902 -28.638054 22.600000
v 28.555737 -28.651611 22.600000
v 28.522938 -28.663549 22.600000
v 28.489590 -28.673838 22.600000
v 28.455761 -28.682449 22.600000
v 28.421551 -28.689365 22.600000
v 28.387043 -28.694569 22.600000
v 28.352314 -28.698044 22.600000
v 28.317448 -28.699783 22.600000
v 28.282551 -28.699783 22.600000
v 28.247684 -28.698044 22.600000
v 28.212955 -28.694569 22.600000
v 28.178448 -28.689365 22.600000
v 28.144238 -28.682449 22.600000
v 28.110409 -28.673838 22.600000
v 28.077061 -28.663549 22.600000
v 28.044262 -28.651611 22.600000
v 28.012096 -28.638054 22.600000
v 27.980648 -28.622911 22.600000
v 27.950001 -28.606218 22.600000
v 27.920216 -28.588018 22.600000
v 27.891376 -28.568357 22.600000
v 27.863560 -28.547283 22.600000
v 27.836819 -28.524847 22.600000
v 27.811230 -28.501108 22.600000
v 27.786861 -28.476122 22.600000
v 27.763767 -28.449951 22.600000
v 27.742008 -28.422663 22.600000
v 27.721630 -28.394325 22.600000
v 27.702694 -28.365005 22.600000
v 27.685246 -28.334778 22.600000
v 27.669323 -28.303719 22.600000
v 27.654964 -28.271904 22.600000
v 27.642216 -28.239414 22.600000
v 27.631100 -28.206329 22.600000
v 27.621647 -28.172731 22.600000
v 27.613880 -28.138702 22.600000
v 27.607815 -28.104330 22.600000
v 27.603481 -28.069698 22.600000
v 27.600872 -28.034893 22.600000
vn -1.000000 0.000000 0.000000
vn -1.000000 0.000000 0.000000
vn -1.000000 0.000000 0.000000
vn -1.000000 0.000000 0.000000
vn 0.000000 1.000000 -0.000000
vn 0.000000 1.000000 0.000000
vn 0.000007 0.707103 -0.707111
vn 0.000010 0.707101 -0.707113
vn 0.000016 0.707096 -0.707117
vn -0.000066 0.707162 -0.707051
vn 0.000000 0.707107 -0.707107
vn 0.000587 0.706592 -0.707621
vn 0.000000 0.707108 -0.707106
vn 0.000000 0.707108 -0.707106
vn 0.000000 -1.000000 0.000000
vn -0.000000 -1.000000 -0.000000
vn -0.000000 0.000000 -1.000000
vn -0.000000 0.000000 -1.000000
vn -0.000000 0.000000 -1.000000
vn -0.000000 0.000000 -1.000000
vn -0.000000 0.000000 -1.000000
vn -0.000000 0.000000 -1.000000
vn -0.000000 0.000000 -1.000000
vn -0.000000 0.000000 -1.000000
vn -0.000000 0.000000 -1.000000
vn 0.000000 0.000000 -1.000000
vn 0.000000 0.000000 -1.000000
vn -0.000000 0.000000 -1.000000
vn -0.000000 0.000000 -1.000000
vn -0.000000 0.000000 -1.000000
vn -0.000000 0.000000 -1.000000
vn -0.000000 0.000000 -1.000000
vn -0.000000 0.000000 -1.000000
vn -0.000000 0.000000 -1.000000
vn -0.000000 0.000000 -1.000000
vn -0.000000 0.000000 -1.000000
vn -0.000000 0.000000 -1.000000
vn -0.000000 0.000000 -1.000000
vn -0.000000 0.000000 -1.000000
vn -0.000000 0.000000 -1.000000
vn -0.000000 0.000000 -1.000000
vn -0.000000 0.000000 -1.000000
vn -0.000000 0.000000 -1.000000
vn -0.000000 0.000000 -1.000000
vn -0.000000 0.000000 -1.000000
vn -0.000000 0.000000 -1.000000
vn -0.000000 0.000000 -1.000000
vn -0.000000 0.000000 -1.000000
vn -0.000000 0.000000 -1.000000
vn -0.000000 0.000000 -1.000000
vn 0.000000 0.000000 -1.000000
vn 0.000000 0.000000 -1.000000
vn 0.000000 0.000000 -1.000000
vn 0.000000 0.000000 -1.000000
vn 0.000000 0.000000 -1.000000
vn 0.000000 0.000000 -1.000000
vn 0.000000 0.000000 -1.000000
vn 0.000000 0.000000 -1.000000
vn 0.000000 0.000000 -1.000000
vn 0.000000 0.000000 -1.000000
vn 0.000000 0.000000 -1.000000
vn 0.000000 0.000000 -1.000000
vn 0.000000 0.000000 -1.000000
vn -0.000000 0.000000 -1.000000
vn 0.000000 0.000000 -1.000000
vn 0.000000 0.000000 -1.000000
vn 0.000000 0.000000 -1.000000
vn 0.000000 -0.000000 -1.000000
vn 0.000000 -0.000000 -1.000000
vn 0.000000 0.000000 -1.000000
vn 0.000000 0.000000 -1.000000
vn 0.000000 0.000000 -1.000000
vn 0.000000 -0.000000 -1.000000
vn 0.000000 0.000000 -1.000000
vn 0.000000 0.000000 -1.000000
vn 0.000000 0.000000 -1.000000
vn 0.000000 -0.000000 -1.000000
vn 0.000000 -0.000000 -1.000000
vn 0.000000 0.000000 -1.000000
vn 0.000000 0.000000 -1.000000
vn 0.000000 0.000000 -1.000000
vn 0.000000 0.000000 -1.000000
vn 0.000000 0.000000 -1.000000
vn 0.000000 -0.000000 -1.000000
vn 0.000000 0.000000 -1.000000
vn 0.000000 0.000000 -1.000000
vn 0.000000 0.000000 -1.000000
vn 0.000000 0.000000 -1.000000
vn 0.000000 0.000000 -1.000000
vn 0.000000 -0.000000 -1.000000
vn 0.000000 0.000000 -1.000000
vn 0.000000 0.000000 -1.000000
vn 0.000000 -0.000000 -1.000000
vn 0.000000 0.000000 -1.000000
vn 0.000000 0.000000 -1.000000
vn 0.000000 0.000000 -1.000000
vn 0.000000 -0.000000 -1.000000
vn 0.000000 0.000000 -1.000000
vn 0.000000 -0.000000 -1.000000
vn 0.000000 0.000000 -1.000000
vn 0.000000 -0.000000 -1.000000
vn 0.000000 0.000000 -1.000000
vn 0.000000 0.000000 -1.000000
vn 0.000000 -0.000000 -1.000000
vn 0.000000 0.000000 -1.000000
vn 0.000000 0.000000 -1.000000
vn 0.000000 -0.000000 -1.000000
vn 0.000000 -0.000000 -1.000000
vn 0.000000 0.000000 -1.000000
vn 0.000000 0.000000 -1.000000
vn 0.000000 0.000000 -1.000000
vn 0.000000 0.000000 -1.000000
vn 0.000000 -0.000000 -1.000000
vn 0.000000 0.000000 -1.000000
vn 0.000000 0.000000 -1.000000
vn 0.000000 -0.000000 -1.000000
vn 0.000000 0.000000 -1.000000
vn 0.000000 0.000000 -1.000000
vn 0.000000 0.000000 -1.000000
vn 0.000000 0.000000 -1.000000
vn 0.000000 0.000000 -1.000000
vn 0.000000 0.000000 -1.000000
vn 0.000000 -0.000000 -1.000000
vn 0.000000 0.000000 -1.000000
vn 0.000000 0.000000 -1.000000
vn 0.000000 0.000000 -1.000000
vn 0.000000 0.000000 -1.000000
vn 0.000000 0.000000 -1.000000
vn 0.000000 0.000000 -1.000000
vn 0.000000 0.000000 -1.000000
vn 0.000000 -0.000000 -1.000000
vn 0.000000 0.000000 -1.000000
vn 0.000000 0.000000 -1.000000
vn 0.000000 0.000000 -1.000000
vn 0.000000 -0.000000 -1.000000
vn 0.000000 0.000000 -1.000000
vn 0.000000 0.000000 -1.000000
vn 0.000000 0.000000 -1.000000
vn 0.000000 0.000000 -1.000000
vn 0.000000 0.000000 -1.000000
vn 0.000000 -0.000000 -1.000000
vn 0.000000 0.000000 -1.000000
vn 0.000000 0.000000 -1.000000
vn 0.000000 -0.000000 -1.000000
vn 0.000000 0.000000 -1.000000
vn 0.000000 0.000000 -1.000000
vn 0.000000 0.000000 -1.000000
vn 0.000000 0.000000 -1.000000
vn -0.000000 0.000000 -1.000000
vn 0.000000 -0.000000 -1.000000
vn -0.000000 0.000000 -1.000000
vn 0.000000 0.000000 -1.000000
vn 0.000000 -0.000000 -1.000000
vn -0.000000 0.000000 -1.000000
vn 0.000000 0.000000 -1.000000
vn 0.000000 0.000000 -1.000000
vn 0.000000 -0.000000 -1.000000
vn -0.000000 0.000000 -1.000000
vn 0.000000 0.000000 -1.000000
vn 0.000000 -0.000000 -1.000000
vn -0.000000 0.000000 -1.000000
vn 0.000000 0.000000 -1.000000
vn 0.000000 0.000000 -1.000000
vn -0.000000 0.000000 -1.000000
vn 0.000000 -0.000000 -1.000000
vn 0.000000 0.000000 -1.000000
vn 0.000000 0.000000 -1.000000
vn 0.000000 0.000000 -1.000000
vn 0.000000 0.000000 -1.000000
vn 0.000000 0.000000 -1.000000
vn 0.000000 0.000000 -1.000000
vn 0.000000 0.000000 -1.000000
vn 0.000000 0.000000 -1.000000
vn 0.000000 0.000000 -1.000000
vn 0.000000 0.000000 -1.000000
vn -0.000000 0.000000 -1.000000
vn 0.000000 -0.000000 -1.000000
vn 0.000000 0.000000 -1.000000
vn 0.000000 0.000000 -1.000000
vn 0.000000 0.000000 -1.000000
vn 0.000000 0.000000 -1.000000
vn 0.000000 0.000000 -1.000000
vn 0.000000 0.000000 -1.000000
vn 0.000000 0.000000 -1.000000
vn -0.000000 0.000000 -1.000000
vn 0.000000 -0.000000 -1.000000
vn 0.000000 0.000000 -1.000000
vn 0.000000 0.000000 -1.000000
vn 0.000000 0.000000 -1.000000
vn 0.000000 0.000000 -1.000000
vn 0.000000 0.000000 -1.000000
vn 0.000000 0.000000 -1.000000
vn -0.000000 0.000000 -1.000000
vn 0.000000 -0.000000 -1.000000
vn 0.000000 0.000000 -1.000000
vn 0.000000 0.000000 -1.000000
vn 0.000000 0.000000 -1.000000
vn 0.000000 0.000000 -1.000000
vn 0.000000 0.000000 -1.000000
vn 0.000000 0.000000 -1.000000
vn 0.000000 -0.000000 -1.000000
vn -0.000000 0.000000 -1.000000
vn 0.000000 0.000000 -1.000000
vn 0.000000 0.000000 -1.000000
vn 0.000000 -0.000000 -1.000000
vn -0.000000 0.000000 -1.000000
vn 0.000000 0.000000 -1.000000
vn 0.000000 0.000000 -1.000000
vn 0.000000 0.000000 -1.000000
vn 0.000000 0.000000 -1.000000
vn 0.000000 0.000000 -1.000000
vn -0.000000 0.000000 -1.000000
vn 0.000000 -0.000000 -1.000000
vn 0.000000 0.000000 -1.000000
vn 0.000000 0.000000 -1.000000
vn -0.000000 0.000000 -1.000000
vn 0.000000 -0.000000 -1.000000
vn 0.000000 0.000000 -1.000000
vn 0.000000 0.000000 -1.000000
vn 0.000000 0.000000 -1.000000
vn 0.000000 0.000000 -1.000000
vn -0.000000 0.000000 -1.000000
vn 0.000000 -0.000000 -1.000000
vn 0.000000 0.000000 -1.000000
vn 0.000000 0.000000 -1.000000
vn -0.000000 0.000000 -1.000000
vn 0.000000 -0.000000 -1.000000
vn 0.000000 0.000000 -1.000000
vn 0.000000 0.000000 -1.000000
vn 0.000000 0.000000 -1.000000
vn 0.000000 0.000000 -1.000000
vn -0.000000 0.000000 -1.000000
vn 0.000000 0.000000 -1.000000
vn 0.000000 -0.000000 -1.000000
vn 0.000000 -0.000000 -1.000000
vn 0.000000 -0.000000 -1.000000
vn 0.000000 -0.000000 -1.000000
vn 0.000000 -0.000000 -1.000000
vn 0.000000 -0.000000 -1.000000
vn 0.000000 -0.000000 -1.000000
vn 0.000000 0.000000 -1.000000
vn 0.000000 0.000000 -1.000000
vn 0.000000 0.000000 -1.000000
vn -0.000000 0.000000 -1.000000
vn 0.000000 0.000000 -1.000000
vn 0.000000 0.000000 -1.000000
vn 0.000000 0.000000 -1.000000
vn 0.000000 0.000000 -1.000000
vn -0.000000 0.000000 -1.000000
vn 0.000000 0.000000 -1.000000
vn 0.000000 0.000000 -1.000000
vn 0.000000 0.000000 -1.000000
vn 0.000000 0.000000 -1.000000
vn 0.000000 0.000000 -1.000000
vn 0.000000 0.000000 -1.000000
vn 0.000000 0.000000 -1.000000
vn 0.000000 0.000000 -1.000000
vn 0.000000 0.000000 -1.000000
vn 0.000000 0.000000 -1.000000
vn 0.000000 0.000000 -1.000000
vn 0.000000 0.000000 -1.000000
vn 0.000000 0.000000 -1.000000
vn 0.000000 0.000000 -1.000000
vn 0.000000 0.000000 -1.000000
vn 0.000000 0.000000 -1.000000
vn 0.000000 0.000000 -1.000000
vn 0.000000 0.000000 -1.000000
vn 0.000000 0.000000 -1.000000
vn 0.000000 0.000000 -1.000000
vn 0.000000 0.000000 -1.000000
vn 0.000000 0.000000 -1.000000
vn 0.000000 0.000000 -1.000000
vn 0.000000 0.000000 -1.000000
vn 0.000000 0.000000 -1.000000
vn 0.000000 0.000000 -1.000000
vn 0.000000 0.000000 -1.000000
vn 0.000000 0.000000 -1.000000
vn 0.000000 0.000000 -1.000000
vn 0.000000 0.000000 -1.000000
vn 0.000000 0.000000 -1.000000
vn 0.000000 0.000000 -1.000000
vn 0.000000 0.000000 -1.000000
vn 0.000000 0.000000 -1.000000
vn 0.000000 0.000000 -1.000000
vn 0.000000 0.000000 -1.000000
vn 0.000000 0.000000 -1.000000
vn 0.000000 0.000000 -1.000000
vn 0.000000 0.000000 -1.000000
vn 0.000000 0.000000 -1.000000
vn 0.000000 0.000000 -1.000000
vn 0.000000 0.000000 -1.000000
vn 0.000000 0.000000 -1.000000
vn 0.000000 0.000000 -1.000000
vn 0.000000 0.000000 -1.000000
vn 0.000000 0.000000 -1.000000
vn 0.000000 0.000000 -1.000000
vn 0.000000 0.000000 -1.000000
vn 0.000000 0.000000 -1.000000
vn 0.000000 0.000000 -1.000000
vn 0.000000 0.000000 -1.000000
vn 0.000000 0.000000 -1.000000
vn 0.000000 0.000000 -1.000000
vn 0.000000 0.000000 -1.000000
vn 0.000000 0.000000 -1.000000
vn 0.000000 0.000000 -1.000000
vn 0.000000 0.000000 -1.000000
vn 0.000000 0.000000 -1.000000
vn 0.000000 0.000000 -1.000000
vn 0.000000 0.000000 -1.000000
vn 0.000000 0.000000 -1.000000
vn 0.000000 0.000000 -1.000000
vn 0.000000 0.000000 -1.000000
vn 0.000000 0.000000 -1.000000
vn 0.000000 0.000000 -1.000000
vn 0.000000 0.000000 -1.000000
vn 0.000000 0.000000 -1.000000
vn 0.000000 0.000000 -1.000000
vn 0.000000 0.000000 -1.000000
vn 0.000000 0.000000 -1.000000
vn 0.000000 0.000000 -1.000000
vn 0.000000 0.000000 -1.000000
vn 0.000000 0.000000 -1.000000
vn 0.000000 0.000000 -1.000000
vn 0.000000 0.000000 -1.000000
vn 0.000000 0.000000 -1.000000
vn 0.000000 0.000000 -1.000000
vn 0.000000 0.000000 -1.000000
vn 0.000000 0.000000 -1.000000
vn 0.000000 0.000000 -1.000000
vn 0.000000 0.000000 -1.000000
vn 0.000000 0.000000 -1.000000
vn 0.000000 0.000000 -1.000000
vn 0.000000 0.000000 -1.000000
vn 0.000000 0.000000 -1.000000
vn 0.000000 0.000000 -1.000000
vn -0.000000 0.000000 -1.000000
vn 0.000000 0.000000 -1.000000
vn 0.000000 0.000000 -1.000000
vn 0.000000 0.000000 -1.000000
vn -0.000000 0.000000 -1.000000
vn 0.000000 -0.000000 -1.000000
vn -0.000000 0.000000 -1.000000
vn -0.000000 -0.000000 -1.000000
vn 0.000000 0.000000 -1.000000
vn 0.000000 0.000000 -1.000000
vn 0.000000 0.000000 -1.000000
vn 0.000000 0.000000 -1.000000
vn 0.000000 0.000000 -1.000000
vn 0.000000 0.000000 -1.000000
vn 0.000000 0.000000 -1.000000
vn 0.000000 0.000000 -1.000000
vn 0.000000 0.000000 -1.000000
vn 0.000000 0.000000 -1.000000
vn 0.000000 0.000000 -1.000000
vn 0.000000 0.000000 -1.000000
vn 0.000000 0.000000 -1.000000
vn 0.000000 0.000000 -1.000000
vn -0.000000 0.000000 -1.000000
vn -0.000000 -0.000000 -1.000000
vn -0.000000 -0.000000 -1.000000
vn -0.000000 0.000000 -1.000000
vn -0.000000 0.000000 -1.000000
vn -0.000000 -0.000000 -1.000000
vn -0.000000 0.000000 -1.000000
vn -0.000000 -0.000000 -1.000000
vn -0.000000 0.000000 -1.000000
vn -0.000000 -0.000000 -1.000000
vn -0.000000 0.000000 -1.000000
vn -0.000000 -0.000000 -1.000000
vn -0.000000 0.000000 -1.000000
vn -0.000000 -0.000000 -1.000000
vn -0.000000 0.000000 -1.000000
vn -0.000000 -0.000000 -1.000000
vn -0.000000 0.000000 -1.000000
vn -0.000000 0.000000 -1.000000
vn -0.000000 -0.000000 -1.000000
vn -0.000000 0.000000 -1.000000
vn -0.000000 -0.000000 -1.000000
vn -0.000000 0.000000 -1.000000
vn -0.000000 -0.000000 -1.000000
vn -0.000000 0.000000 -1.000000
vn -0.000000 -0.000000 -1.000000
vn -0.000000 0.000000 -1.000000
vn -0.000000 -0.000000 -1.000000
vn -0.000000 0.000000 -1.000000
vn -0.000000 -0.000000 -1.000000
vn -0.000000 0.000000 -1.000000
vn -0.000000 0.000000 -1.000000
vn -0.000000 -0.000000 -1.000000
vn -0.000000 0.000000 -1.000000
vn -0.000000 -0.000000 -1.000000
vn -0.000000 0.000000 -1.000000
vn -0.000000 -0.000000 -1.000000
vn -0.000000 0.000000 -1.000000
vn -0.000000 0.000000 -1.000000
vn -0.000000 -0.000000 -1.000000
vn -0.000000 -0.000000 -1.000000
vn -0.000000 0.000000 -1.000000
vn -0.000000 0.000000 -1.000000
vn -0.000000 0.000000 -1.000000
vn -0.000000 0.000000 -1.000000
vn -0.000000 0.000000 -1.000000
vn -0.000000 0.000000 -1.000000
vn -0.000000 0.000000 -1.000000
vn -0.000000 0.000000 -1.000000
vn -0.000000 -0.000000 -1.000000
vn -0.000000 -0.000000 -1.000000
vn -0.000000 -0.000000 -1.000000
vn -0.000000 0.000000 -1.000000
vn -0.000000 0.000000 -1.000000
vn -0.000000 0.000000 -1.000000
vn -0.000000 0.000000 -1.000000
vn -0.000000 0.000000 -1.000000
vn -0.000000 0.000000 -1.000000
vn -0.000000 0.000000 -1.000000
vn -0.000000 0.000000 -1.000000
vn -0.000000 0.000000 -1.000000
vn -0.000000 0.000000 -1.000000
vn -0.000000 0.000000 -1.000000
vn -0.000000 0.000000 -1.000000
vn -0.000000 0.000000 -1.000000
vn -0.000000 0.000000 -1.000000
vn -0.000000 0.000000 -1.000000
vn -0.000000 0.000000 -1.000000
vn -0.000000 0.000000 -1.000000
vn -0.000000 0.000000 -1.000000
vn -0.000000 0.000000 -1.000000
vn -0.000000 -0.000000 -1.000000
vn -0.000000 0.000000 -1.000000
vn -0.000000 -0.000000 -1.000000
vn -0.000000 -0.000000 -1.000000
vn -0.000000 0.000000 -1.000000
vn -0.000000 -0.000000 -1.000000
vn -0.000000 0.000000 -1.000000
vn -0.000000 -0.000000 -1.000000
vn -0.000000 -0.000000 -1.000000
vn -0.000000 0.000000 -1.000000
vn -0.000000 -0.000000 -1.000000
vn -0.000000 0.000000 -1.000000
vn -0.000000 -0.000000 -1.000000
vn -0.000000 -0.000000 -1.000000
vn -0.000000 0.000000 -1.000000
vn -0.000000 -0.000000 -1.000000
vn -0.000000 0.000000 -1.000000
vn -0.000000 -0.000000 -1.000000
vn -0.000000 -0.000000 -1.000000
vn -0.000000 0.000000 -1.000000
vn -0.000000 -0.000000 -1.000000
vn -0.000000 0.000000 -1.000000
vn -0.000000 -0.000000 -1.000000
vn -0.000000 -0.000000 -1.000000
vn -0.000000 0.000000 -1.000000
vn -0.000000 -0.000000 -1.000000
vn 0.000000 0.000000 -1.000000
vn -0.000000 0.000000 -1.000000
vn -0.000000 -0.000000 -1.000000
vn -0.000000 0.000000 -1.000000
vn -0.000000 -0.000000 -1.000000
vn -0.000000 -0.000000 -1.000000
vn -0.000000 0.000000 -1.000000
vn -0.000000 -0.000000 -1.000000
vn 0.000000 0.000000 -1.000000
vn -0.000000 0.000000 -1.000000
vn -0.000000 -0.000000 -1.000000
vn -0.000000 0.000000 -1.000000
vn -0.000000 0.000000 -1.000000
vn -0.000000 -0.000000 -1.000000
vn -0.000000 -0.000000 -1.000000
vn 0.000000 -0.000000 -1.000000
vn -0.000000 0.000000 -1.000000
vn 0.000000 -0.000000 -1.000000
vn -0.000000 0.000000 -1.000000
vn 0.000000 -0.000000 -1.000000
vn -0.000000 0.000000 -1.000000
vn -0.000000 -0.000000 -1.000000
vn 0.000000 0.000000 -1.000000
vn -0.000000 0.000000 -1.000000
vn 0.000000 0.000000 -1.000000
vn -0.000000 0.000000 -1.000000
vn -0.000000 -0.000000 -1.000000
vn -0.000000 0.000000 -1.000000
vn 0.000000 0.000000 -1.000000
vn -0.000000 0.000000 -1.000000
vn -0.000000 0.000000 -1.000000
vn 0.000000 0.000000 -1.000000
vn -0.000000 0.000000 -1.000000
vn -0.000000 -0.000000 -1.000000
vn 0.000000 0.000000 -1.000000
vn -0.000000 0.000000 -1.000000
vn -0.000000 0.000000 -1.000000
vn 0.000000 0.000000 -1.000000
vn -0.000000 0.000000 -1.000000
vn -0.000000 -0.000000 -1.000000
vn 0.000000 0.000000 -1.000000
vn -0.000000 0.000000 -1.000000
vn -0.000000 0.000000 -1.000000
vn 0.000000 0.000000 -1.000000
vn -0.000000 0.000000 -1.000000
vn -0.000000 -0.000000 -1.000000
vn -0.000000 0.000000 -1.000000
vn -0.000000 0.000000 -1.000000
vn 0.000000 0.000000 -1.000000
vn -0.000000 0.000000 -1.000000
vn -0.000000 0.000000 -1.000000
vn -0.000000 -0.000000 -1.000000
vn -0.000000 0.000000 -1.000000
vn 0.000000 0.000000 -1.000000
vn -0.000000 -0.000000 -1.000000
vn -0.000000 0.000000 -1.000000
vn -0.000000 0.000000 -1.000000
vn -0.000000 0.000000 -1.000000
vn 0.000000 0.000000 -1.000000
vn -0.000000 0.000000 -1.000000
vn 0.000000 0.000000 -1.000000
vn -0.000000 0.000000 -1.000000
vn -0.000000 0.000000 -1.000000
vn 0.000000 0.000000 -1.000000
vn -0.000000 0.000000 -1.000000
vn 0.000000 0.000000 -1.000000
vn -0.000000 0.000000 -1.000000
vn 0.000000 0.000000 -1.000000
vn 0.000000 0.000000 -1.000000
vn -0.000000 0.000000 -1.000000
vn -0.000000 0.000000 -1.000000
vn -0.000000 0.000000 -1.000000
vn -0.000000 0.000000 -1.000000
vn 0.000000 0.000000 -1.000000
vn -0.000000 0.000000 -1.000000
vn -0.000000 0.000000 -1.000000
vn -0.000000 0.000000 -1.000000
vn -0.000000 0.000000 -1.000000
vn -0.000000 0.000000 -1.000000
vn -0.000000 0.000000 -1.000000
vn 0.000000 -0.000000 -1.000000
vn 0.000000 -0.000000 -1.000000
vn 0.000000 -0.000000 -1.000000
vn 0.000000 -0.000000 -1.000000
vn 0.000000 -0.000000 -1.000000
vn 0.000000 -0.000000 -1.000000
vn 0.000000 -0.000000 -1.000000
vn 0.000000 -0.000000 -1.000000
vn 0.000000 -0.000000 -1.000000
vn 0.000000 -0.000000 -1.000000
vn 0.000000 -0.000000 -1.000000
vn 0.000000 -0.000000 -1.000000
vn 0.000000 -0.000000 -1.000000
vn 0.000000 -0.000000 -1.000000
vn 0.000000 0.000000 -1.000000
vn -0.000000 0.000000 -1.000000
vn -0.000000 0.000000 -1.000000
vn -0.000000 0.000000 -1.000000
vn 0.000000 0.000000 -1.000000
vn -0.000000 0.000000 -1.000000
vn -0.000000 0.000000 -1.000000
vn 0.000000 0.000000 -1.000000
vn -0.000000 0.000000 -1.000000
vn 0.000000 0.000000 -1.000000
vn -0.000000 0.000000 -1.000000
vn 0.000000 0.000000 -1.000000
vn -0.000000 0.000000 -1.000000
vn -0.000000 0.000000 -1.000000
vn 0.000000 0.000000 -1.000000
vn -0.000000 0.000000 -1.000000
vn -0.000000 0.000000 -1.000000
vn 0.000000 0.000000 -1.000000
vn -0.000000 0.000000 -1.000000
vn -0.000000 0.000000 -1.000000
vn 0.000000 0.000000 -1.000000
vn -0.000000 0.000000 -1.000000
vn 0.000000 0.000000 -1.000000
vn -0.000000 0.000000 -1.000000
vn 0.000000 0.000000 -1.000000
vn -0.000000 0.000000 -1.000000
vn -0.000000 0.000000 -1.000000
vn 0.000000 0.000000 -1.000000
vn -0.000000 0.000000 -1.000000
vn -0.000000 0.000000 -1.000000
vn 0.000000 0.000000 -1.000000
vn -0.000000 0.000000 -1.000000
vn 0.000000 0.000000 -1.000000
vn -0.000000 0.000000 -1.000000
vn 0.000000 0.000000 -1.000000
vn -0.000000 0.000000 -1.000000
vn 0.000000 0.000000 -1.000000
vn -0.000000 0.000000 -1.000000
vn -0.000000 0.000000 -1.000000
vn 0.000000 0.000000 -1.000000
vn 0.000000 0.000000 -1.000000
vn -0.000000 0.000000 -1.000000
vn -0.000000 0.000000 -1.000000
vn 0.000000 0.000000 -1.000000
vn -0.000000 0.000000 -1.000000
vn -0.000000 0.000000 -1.000000
vn 0.000000 0.000000 -1.000000
vn -0.000000 0.000000 -1.000000
vn -0.000000 0.000000 -1.000000
vn 0.000000 0.000000 -1.000000
vn 0.000000 0.000000 -1.000000
vn -0.000000 0.000000 -1.000000
vn -0.000000 0.000000 -1.000000
vn 0.000000 0.000000 -1.000000
vn 0.000000 0.000000 -1.000000
vn -0.000000 0.000000 -1.000000
vn -0.000000 0.000000 -1.000000
vn -0.000000 0.000000 -1.000000
vn -0.000000 0.000000 -1.000000
vn -0.000000 0.000000 -1.000000
vn -0.000000 0.000000 -1.000000
vn -0.000000 0.000000 -1.000000
vn -0.000000 0.000000 -1.000000
vn -0.000000 0.000000 -1.000000
vn -0.000000 0.000000 -1.000000
vn -0.000000 0.000000 -1.000000
vn -0.000000 0.000000 -1.000000
vn -0.000000 0.000000 -1.000000
vn 0.000000 0.000000 -1.000000
vn 0.000000 0.000000 -1.000000
vn -0.000000 0.000000 -1.000000
vn -0.000000 0.000000 -1.000000
vn 0.000000 0.000000 -1.000000
vn -0.000000 0.000000 -1.000000
vn 0.000000 0.000000 -1.000000
vn -0.000000 0.000000 -1.000000
vn -0.000000 0.000000 -1.000000
vn 0.000000 0.000000 -1.000000
vn -0.000000 0.000000 -1.000000
vn -0.000000 0.000000 -1.000000
vn 0.000000 0.000000 -1.000000
vn 0.000000 0.000000 -1.000000
vn 0.000000 0.000000 -1.000000
vn 0.000000 0.000000 -1.000000
vn 0.000000 0.000000 -1.000000
vn 0.000000 0.000000 -1.000000
vn 0.000000 0.000000 -1.000000
vn 0.000000 0.000000 -1.000000
vn 0.000000 0.000000 -1.000000
vn 0.000000 0.000000 -1.000000
vn 0.000000 0.000000 -1.000000
vn -0.000000 -0.000000 -1.000000
vn 0.000000 0.000000 -1.000000
vn 0.000000 0.000000 -1.000000
vn 0.000000 0.000000 -1.000000
vn 0.000000 0.000000 -1.000000
vn 0.000000 0.000000 -1.000000
vn 0.000000 0.000000 -1.000000
vn 0.000000 0.000000 -1.000000
vn 0.000000 0.000000 -1.000000
vn -0.000000 0.000000 -1.000000
vn -0.000000 0.000000 -1.000000
vn 0.000000 0.000000 -1.000000
vn 0.000000 0.000000 -1.000000
vn -0.000000 0.000000 -1.000000
vn 0.000000 0.000000 -1.000000
vn 0.000000 0.000000 -1.000000
vn 0.000000 0.000000 -1.000000
vn 0.000000 0.000000 -1.000000
vn 0.000000 0.000000 -1.000000
vn -0.000000 0.000000 -1.000000
vn 0.000000 0.000000 -1.000000
vn 0.000000 0.000000 -1.000000
vn 0.000000 0.000000 -1.000000
vn -0.000000 0.000000 -1.000000
vn 0.000000 0.000000 -1.000000
vn -0.000000 0.000000 -1.000000
vn 0.000000 0.000000 -1.000000
vn 0.000000 0.000000 -1.000000
vn 0.000000 0.000000 -1.000000
vn 0.000000 0.000000 -1.000000
vn 0.000000 0.000000 -1.000000
vn -0.000000 0.000000 -1.000000
vn 0.000000 0.000000 -1.000000
vn 0.000000 0.000000 -1.000000
vn -0.000000 0.000000 -1.000000
vn 0.000000 0.000000 -1.000000
vn 0.000000 0.000000 -1.000000
vn 0.000000 0.000000 -1.000000
vn 0.000000 0.000000 -1.000000
vn -0.000000 0.000000 -1.000000
vn 0.000000 0.000000 -1.000000
vn 0.000000 0.000000 -1.000000
vn -0.000000 0.000000 -1.000000
vn 0.000000 0.000000 -1.000000
vn 0.000000 0.000000 -1.000000
vn -0.000000 0.000000 -1.000000
vn -0.000000 0.000000 -1.000000
vn -0.000000 0.000000 -1.000000
vn 0.000000 0.000000 -1.000000
vn -0.000000 0.000000 -1.000000
vn -0.000000 0.000000 -1.000000
vn 0.000000 0.000000 -1.000000
vn -0.000000 0.000000 -1.000000
vn -0.000000 0.000000 -1.000000
vn 0.000000 0.000000 -1.000000
vn -0.000000 0.000000 -1.000000
vn -0.000000 0.000000 -1.000000
vn 0.000000 0.000000 -1.000000
vn -0.000000 0.000000 -1.000000
vn 0.000000 0.000000 -1.000000
vn -0.000000 0.000000 -1.000000
vn -0.000000 0.000000 -1.000000
vn 0.000000 0.000000 -1.000000
vn -0.000000 0.000000 -1.000000
vn -0.000000 0.000000 -1.000000
vn 0.000000 0.000000 -1.000000
vn -0.000000 0.000000 -1.000000
vn -0.000000 0.000000 -1.000000
vn 0.000000 0.000000 -1.000000
vn -0.000000 0.000000 -1.000000
vn -0.000000 0.000000 -1.000000
vn 0.000000 0.000000 -1.000000
vn -0.000000 0.000000 -1.000000
vn 0.000000 0.000000 -1.000000
vn -0.000000 0.000000 -1.000000
vn -0.000000 0.000000 -1.000000
vn 0.000000 0.000000 -1.000000
vn -0.000000 0.000000 -1.000000
vn -0.000000 0.000000 -1.000000
vn 0.000000 0.000000 -1.000000
vn 0.000000 0.000000 -1.000000
vn -0.000000 0.000000 -1.000000
vn -0.000000 0.000000 -1.000000
vn 0.000000 0.000000 -1.000000
vn -0.000000 0.000000 -1.000000
vn -0.000000 0.000000 -1.000000
vn 0.000000 0.000000 -1.000000
vn -0.000000 0.000000 -1.000000
vn 0.000000 0.000000 -1.000000
vn -0.000000 0.000000 -1.000000
vn -0.000000 0.000000 -1.000000
vn 0.000000 0.000000 -1.000000
vn -0.000000 0.000000 -1.000000
vn -0.000000 0.000000 -1.000000
vn 0.000000 0.000000 -1.000000
vn -0.000000 0.000000 -1.000000
vn -0.000000 0.000000 -1.000000
vn -0.000000 0.000000 -1.000000
vn -0.000000 0.000000 -1.000000
vn -0.000000 0.000000 -1.000000
vn -0.000000 0.000000 -1.000000
vn -0.000000 0.000000 -1.000000
vn -0.000000 0.000000 -1.000000
vn -0.000000 0.000000 -1.000000
vn -0.000000 0.000000 -1.000000
vn -0.000000 0.000000 -1.000000
vn -0.000000 0.000000 -1.000000
vn -0.000000 0.000000 -1.000000
vn 0.000000 0.000000 -1.000000
vn -0.000000 0.000000 -1.000000
vn -0.000000 0.000000 -1.000000
vn -0.000000 0.000000 -1.000000
vn -0.000000 0.000000 -1.000000
vn -0.000000 0.000000 -1.000000
vn -0.000000 0.000000 -1.000000
vn -0.000000 0.000000 -1.000000
vn -0.000000 0.000000 -1.000000
vn -0.000000 0.000000 -1.000000
vn -0.000000 0.000000 -1.000000
vn -0.000000 0.000000 -1.000000
vn -0.000000 0.000000 -1.000000
vn 0.000000 0.000000 -1.000000
vn 0.000000 0.000000 -1.000000
vn 0.000000 0.000000 -1.000000
vn 0.000000 0.000000 -1.000000
vn 0.000000 0.000000 -1.000000
vn 0.000000 0.000000 -1.000000
vn 0.000000 0.000000 -1.000000
vn 0.000000 0.000000 -1.000000
vn 0.000000 0.000000 -1.000000
vn 0.000000 0.000000 -1.000000
vn 0.000000 0.000000 -1.000000
vn 0.000000 0.000000 -1.000000
vn 0.000000 0.000000 -1.000000
vn 0.000000 0.000000 -1.000000
vn -0.000000 0.000000 -1.000000
vn -0.000000 0.000000 -1.000000
vn -0.000000 0.000000 -1.000000
vn 0.000000 0.000000 -1.000000
vn -0.000000 0.000000 -1.000000
vn 0.000000 0.000000 -1.000000
vn 0.000000 0.000000 -1.000000
vn -0.000000 0.000000 -1.000000
vn -0.000000 0.000000 -1.000000
vn 0.000000 0.000000 -1.000000
vn 0.000000 0.000000 -1.000000
vn -0.000000 0.000000 -1.000000
vn -0.000000 0.000000 -1.000000
vn 0.000000 0.000000 -1.000000
vn -0.000000 0.000000 -1.000000
vn 0.000000 0.000000 -1.000000
vn -0.000000 0.000000 -1.000000
vn 0.000000 0.000000 -1.000000
vn -0.000000 0.000000 -1.000000
vn 0.000000 0.000000 -1.000000
vn -0.000000 0.000000 -1.000000
vn 0.000000 0.000000 -1.000000
vn -0.000000 0.000000 -1.000000
vn 0.000000 0.000000 -1.000000
vn -0.000000 0.000000 -1.000000
vn 0.000000 0.000000 -1.000000
vn -0.000000 0.000000 -1.000000
vn 0.000000 0.000000 -1.000000
vn -0.000000 0.000000 -1.000000
vn 0.000000 0.000000 -1.000000
vn 0.000000 0.000000 -1.000000
vn -0.000000 0.000000 -1.000000
vn -0.000000 0.000000 -1.000000
vn 0.000000 0.000000 -1.000000
vn -0.000000 0.000000 -1.000000
vn 0.000000 0.000000 -1.000000
vn -0.000000 0.000000 -1.000000
vn 0.000000 0.000000 -1.000000
vn -0.000000 0.000000 -1.000000
vn 0.000000 0.000000 -1.000000
vn -0.000000 0.000000 -1.000000
vn 0.000000 0.000000 -1.000000
vn -0.000000 0.000000 -1.000000
vn 0.000000 0.000000 -1.000000
vn -0.000000 0.000000 -1.000000
vn 0.000000 0.000000 -1.000000
vn -0.000000 0.000000 -1.000000
vn 0.000000 0.000000 -1.000000
vn -0.000000 0.000000 -1.000000
vn 0.000000 0.000000 -1.000000
vn -0.000000 0.000000 -1.000000
vn 0.000000 0.000000 -1.000000
vn -0.000000 0.000000 -1.000000
vn 0.000000 0.000000 -1.000000
vn -0.000000 0.000000 -1.000000
vn 0.000000 0.000000 -1.000000
vn -0.000000 0.000000 -1.000000
vn 0.000000 0.000000 -1.000000
vn -0.000000 0.000000 -1.000000
vn 0.000000 0.000000 -1.000000
vn -0.000000 0.000000 -1.000000
vn 0.000000 0.000000 -1.000000
vn 0.000000 0.000000 -1.000000
vn 0.000000 0.000000 -1.000000
vn 0.000000 0.000000 -1.000000
vn 0.000000 0.000000 -1.000000
vn 0.000000 0.000000 -1.000000
vn 0.000000 0.000000 -1.000000
vn -0.000000 0.000000 -1.000000
vn -0.000000 0.000000 -1.000000
vn -0.000000 0.000000 -1.000000
vn -0.000000 0.000000 -1.000000
vn -0.000000 0.000000 -1.000000
vn -0.000000 0.000000 -1.000000
vn -0.000000 0.000000 -1.000000
vn -0.000000 0.000000 -1.000000
vn -0.000000 0.000000 -1.000000
vn 0.000000 0.000000 -1.000000
vn 0.000000 0.000000 -1.000000
vn 0.000000 0.000000 -1.000000
vn 0.000000 0.000000 -1.000000
vn 0.000000 0.000000 -1.000000
vn -0.000000 0.000000 -1.000000
vn 0.000000 0.000000 -1.000000
vn 0.000000 0.000000 -1.000000
vn 0.000000 0.000000 -1.000000
vn 0.000000 0.000000 -1.000000
vn 0.000000 0.000000 -1.000000
vn 0.000000 0.000000 -1.000000
vn 0.000000 0.000000 -1.000000
vn 0.000000 0.000000 -1.000000
vn 0.000000 0.000000 -1.000000
vn 0.000000 -1.000000 0.000000
vn 0.000000 -1.000000 0.000000
vn 0.000000 -1.000000 -0.000000
vn 0.000000 -1.000000 0.000000
vn 0.000000 -1.000000 0.000000
vn -0.000000 -1.000000 0.000000
vn 0.000000 -1.000000 0.000000
vn 0.000000 -1.000000 0.000000
vn 0.000000 0.000000 -1.000000
vn 0.000000 0.000000 -1.000000
vn 0.000000 0.000000 -1.000000
vn 0.000000 0.000000 -1.000000
vn 0.000000 0.000000 -1.000000
vn 0.000000 0.000000 -1.000000
vn 0.000000 0.000000 -1.000000
vn 0.000000 0.000000 -1.000000
vn 0.000000 0.000000 -1.000000
vn -0.000000 0.000000 -1.000000
vn -0.000000 0.000000 -1.000000
vn -0.000000 0.000000 -1.000000
vn -0.000000 0.000000 -1.000000
vn -0.000000 0.000000 -1.000000
vn 0.000000 0.000000 -1.000000
vn 0.000000 0.000000 -1.000000
vn 0.000000 0.000000 -1.000000
vn -0.000000 0.000000 -1.000000
vn 0.024136 -0.999709 0.000000
vn 0.072343 -0.997380 -0.000007
vn 0.024941 -0.999689 0.000008
vn 0.120410 -0.992724 -0.000014
vn 0.074714 -0.997205 0.000014
vn 0.168165 -0.985759 -0.000020
vn 0.124355 -0.992238 0.000021
vn 0.215539 -0.976495 -0.000026
vn 0.173647 -0.984808 0.000027
vn 0.262407 -0.964957 -0.000031
vn 0.222523 -0.974927 0.000032
vn 0.308672 -0.951169 -0.000036
vn 0.270833 -0.962626 0.000037
vn 0.354214 -0.935164 -0.000040
vn 0.318483 -0.947929 0.000042
vn 0.398938 -0.916978 -0.000044
vn 0.365353 -0.930869 0.000046
vn 0.442719 -0.896660 -0.000047
vn 0.411273 -0.911512 0.000049
vn 0.480127 -0.877199 -0.000031
vn 0.456214 -0.889870 0.000052
vn 0.511470 -0.859301 -0.000019
vn 0.499999 -0.866026 0.000058
vn 0.576245 -0.817277 -0.000014
vn 0.543518 -0.839397 0.000017
vn 0.542560 -0.840017 0.000027
vn 0.609800 -0.792556 -0.000042
vn 0.583737 -0.811943 0.000050
vn 0.682239 -0.731129 0.000000
vn 0.645840 -0.763473 -0.000058
vn 0.623487 -0.781834 0.000060
vn 0.661688 -0.749779 0.000061
vn 0.682371 -0.731006 -0.000059
vn 0.716478 -0.697610 -0.000057
vn 0.698232 -0.715872 0.000063
vn 0.733061 -0.680163 0.000064
vn 0.748518 -0.663114 -0.000057
vn 0.778891 -0.627159 -0.000055
vn 0.766036 -0.642797 0.000063
vn 0.807545 -0.589806 -0.000051
vn 0.797140 -0.603795 0.000060
vn 0.834404 -0.551153 -0.000046
vn 0.826238 -0.563321 0.000056
vn 0.859436 -0.511244 -0.000040
vn 0.853285 -0.521445 0.000050
vn 0.882537 -0.470242 -0.000031
vn 0.878224 -0.478250 0.000042
vn 0.903695 -0.428176 -0.000021
vn 0.900969 -0.433883 0.000033
vn 0.922836 -0.385192 -0.000010
vn 0.921478 -0.388430 0.000023
vn 0.939949 -0.341314 0.000003
vn 0.954970 -0.296701 -0.000003
vn 0.939691 -0.342026 0.000011
vn 0.967878 -0.251421 0.000000
vn 0.955570 -0.294763 0.000016
vn 0.967916 -0.251275 -0.000016
vn 0.978539 -0.206059 -0.000028
vn 0.969080 -0.246746 0.000031
vn 0.986998 -0.160730 -0.000041
vn 0.980172 -0.198150 0.000045
vn 0.993360 -0.115045 -0.000050
vn 0.988832 -0.149034 0.000056
vn 0.997608 -0.069127 -0.000057
vn 0.995031 -0.099566 0.000064
vn 0.999734 -0.023066 -0.000060
vn 0.998756 -0.049860 0.000069
vn 0.999699 0.024537 -0.000068
vn 1.000000 0.000000 0.000071
vn 0.997290 0.073568 -0.000068
vn 0.998756 0.049860 0.000071
vn 0.992478 0.122419 -0.000068
vn 0.995031 0.099566 0.000070
vn 0.985277 0.170963 -0.000068
vn 0.988832 0.149034 0.000070
vn 0.975706 0.219084 -0.000067
vn 0.980172 0.198150 0.000069
vn 0.963776 0.266714 -0.000066
vn 0.969080 0.246746 0.000069
vn 0.949524 0.313695 -0.000066
vn 0.955570 0.294763 0.000068
vn 0.932995 0.359888 -0.000065
vn 0.939691 0.342026 0.000067
vn 0.921478 0.388430 0.000066
vn 0.914213 0.405234 -0.000063
vn 0.900969 0.433883 0.000065
vn 0.893216 0.449628 -0.000062
vn 0.878224 0.478250 0.000064
vn 0.870086 0.492900 -0.000061
vn 0.853285 0.521445 0.000062
vn 0.844864 0.534982 -0.000059
vn 0.826238 0.563321 0.000061
vn 0.817576 0.575821 -0.000058
vn 0.797140 0.603795 0.000059
vn 0.788347 0.615231 -0.000056
vn 0.766036 0.642797 0.000057
vn 0.757218 0.653162 -0.000054
vn 0.733061 0.680163 0.000055
vn 0.724237 0.689551 -0.000052
vn 0.689551 0.724237 -0.000050
vn 0.698232 0.715872 0.000053
vn 0.653162 0.757218 -0.000047
vn 0.661688 0.749779 0.000051
vn 0.615231 0.788347 -0.000045
vn 0.623487 0.781834 0.000048
vn 0.575821 0.817576 -0.000042
vn 0.583737 0.811943 0.000046
vn 0.534982 0.844864 -0.000040
vn 0.542560 0.840017 0.000043
vn 0.492900 0.870086 -0.000037
vn 0.499999 0.866026 0.000040
vn 0.449628 0.893216 -0.000034
vn 0.456214 0.889870 0.000037
vn 0.405234 0.914213 -0.000030
vn 0.411273 0.911512 0.000034
vn 0.359888 0.932995 -0.000027
vn 0.365353 0.930869 0.000031
vn 0.313695 0.949524 -0.000024
vn 0.318483 0.947929 0.000027
vn 0.266714 0.963776 -0.000020
vn 0.270833 0.962626 0.000024
vn 0.219084 0.975706 -0.000016
vn 0.222523 0.974927 0.000021
vn 0.170964 0.985277 -0.000012
vn 0.173647 0.984808 0.000016
vn 0.122419 0.992478 -0.000008
vn 0.124355 0.992238 0.000013
vn 0.073568 0.997290 -0.000004
vn 0.074714 0.997205 0.000008
vn 0.024537 0.999699 0.000000
vn 0.024941 0.999689 0.000005
vn -1.000000 0.000000 0.000000
vn -1.000000 0.000000 -0.000000
vn -1.000000 0.000000 0.000000
vn -1.000000 0.000000 0.000000
vn -0.000000 -1.000000 -0.000000
vn 0.000000 -1.000000 0.000000
vn 0.024544 -0.999699 0.000000
vn 0.024544 -0.999699 0.000000
vn 0.073561 -0.997291 0.000000
vn 0.073561 -0.997291 0.000000
vn 0.122412 -0.992479 0.000000
vn 0.122412 -0.992479 0.000000
vn 0.170962 -0.985278 0.000000
vn 0.170962 -0.985278 0.000000
vn 0.219102 -0.975702 0.000000
vn 0.219102 -0.975702 0.000000
vn 0.266708 -0.963777 0.000000
vn 0.266708 -0.963777 0.000000
vn 0.313688 -0.949526 0.000000
vn 0.313688 -0.949526 0.000000
vn 0.359894 -0.932993 0.000000
vn 0.359894 -0.932993 0.000000
vn 0.405230 -0.914215 0.000000
vn 0.405230 -0.914215 0.000000
vn 0.449612 -0.893224 0.000000
vn 0.449612 -0.893224 0.000000
vn 0.492911 -0.870080 0.000000
vn 0.492911 -0.870080 0.000000
vn 0.534983 -0.844863 0.000000
vn 0.534983 -0.844863 0.000000
vn 0.575826 -0.817572 0.000000
vn 0.575826 -0.817572 0.000000
vn 0.615220 -0.788356 0.000000
vn 0.615220 -0.788356 0.000000
vn 0.653173 -0.757209 0.000000
vn 0.653173 -0.757209 0.000000
vn 0.689535 -0.724252 0.000000
vn 0.689535 -0.724252 0.000000
vn 0.724249 -0.689539 0.000000
vn 0.724249 -0.689539 0.000000
vn 0.757216 -0.653164 0.000000
vn 0.757216 -0.653164 0.000000
vn 0.788346 -0.615232 0.000000
vn 0.817583 -0.575811 0.000000
vn 0.788346 -0.615232 0.000000
vn 0.817583 -0.575811 0.000000
vn 0.844858 -0.534990 0.000000
vn 0.844858 -0.534990 0.000000
vn 0.870083 -0.492905 0.000000
vn 0.870083 -0.492905 0.000000
vn 0.893230 -0.449600 0.000000
vn 0.893230 -0.449600 0.000000
vn 0.914201 -0.405261 0.000000
vn 0.933000 -0.359876 0.000000
vn 0.914201 -0.405261 0.000000
vn 0.933000 -0.359876 0.000000
vn 0.949529 -0.313680 0.000000
vn 0.949529 -0.313680 0.000000
vn 0.963770 -0.266734 0.000000
vn 0.963770 -0.266734 0.000000
vn 0.975707 -0.219079 0.000000
vn 0.985274 -0.170982 0.000000
vn 0.975707 -0.219079 0.000000
vn 0.985274 -0.170982 0.000000
vn 0.992481 -0.122395 0.000000
vn 0.997289 -0.073585 0.000000
vn 0.992481 -0.122395 0.000000
vn 0.997289 -0.073585 0.000000
vn 0.999699 -0.024528 0.000000
vn 0.999699 -0.024528 0.000000
vn 1.000000 0.000000 0.000000
vn 1.000000 0.000000 0.000000
vn 0.999699 0.024528 0.000000
vn 0.999699 0.024528 0.000000
vn 0.997289 0.073585 0.000000
vn 0.997289 0.073585 0.000000
vn 0.992482 0.122393 0.000000
vn 0.992482 0.122393 0.000000
vn 0.985274 0.170984 0.000000
vn 0.985274 0.170984 0.000000
vn 0.975707 0.219079 0.000000
vn 0.975707 0.219079 0.000000
vn 0.963770 0.266734 0.000000
vn 0.963770 0.266734 0.000000
vn 0.949529 0.313680 0.000000
vn 0.949529 0.313680 0.000000
vn 0.933000 0.359876 0.000000
vn 0.914201 0.405261 -0.000000
vn 0.933000 0.359876 0.000000
vn 0.914201 0.405261 0.000000
vn 0.893230 0.449600 0.000000
vn 0.893230 0.449600 0.000000
vn 0.870087 0.492898 0.000000
vn 0.870087 0.492898 0.000000
vn 0.844854 0.534997 0.000000
vn 0.844854 0.534997 0.000000
vn 0.817583 0.575811 0.000000
vn 0.817583 0.575811 0.000000
vn 0.788346 0.615232 0.000000
vn 0.788346 0.615232 0.000000
vn 0.757216 0.653164 0.000000
vn 0.757216 0.653164 0.000000
vn 0.724249 0.689539 0.000000
vn 0.724249 0.689539 0.000000
vn 0.689531 0.724256 0.000000
vn 0.689531 0.724256 0.000000
vn 0.653173 0.757209 0.000000
vn 0.653173 0.757209 0.000000
vn 0.615225 0.788352 0.000000
vn 0.615225 0.788352 0.000000
vn 0.575826 0.817572 0.000000
vn 0.575826 0.817572 0.000000
vn 0.534983 0.844863 0.000000
vn 0.534983 0.844863 0.000000
vn 0.492911 0.870080 0.000000
vn 0.492911 0.870080 0.000000
vn 0.449612 0.893224 0.000000
vn 0.405224 0.914217 -0.000000
vn 0.449612 0.893224 0.000000
vn 0.405224 0.914217 0.000000
vn 0.359908 0.932988 0.000000
vn 0.359908 0.932988 0.000000
vn 0.313680 0.949529 0.000000
vn 0.266701 0.963779 -0.000000
vn 0.313680 0.949529 0.000000
vn 0.266701 0.963779 0.000000
vn 0.219109 0.975700 0.000000
vn 0.219109 0.975700 0.000000
vn 0.170955 0.985279 0.000000
vn 0.170955 0.985279 0.000000
vn 0.122428 0.992477 0.000000
vn 0.073553 0.997291 -0.000000
vn 0.122428 0.992477 0.000000
vn 0.073553 0.997291 0.000000
vn 0.024544 0.999699 0.000000
vn 0.024544 0.999699 0.000000
vn -0.000000 1.000000 0.000000
vn 0.000000 1.000000 0.000000
vn -0.999690 -0.024910 -0.000000
vn -0.999690 -0.024907 -0.000000
vn -0.997204 -0.074731 -0.000000
vn -0.997200 -0.074782 0.000000
vn -0.992236 -0.124370 0.000000
vn -0.992238 -0.124351 0.000000
vn -0.984810 -0.173637 -0.000000
vn -0.984803 -0.173675 0.000000
vn -0.974924 -0.222539 0.000000
vn -0.974930 -0.222512 -0.000000
vn -0.962627 -0.270831 -0.000000
vn -0.947918 -0.318513 -0.000000
vn -0.962604 -0.270912 0.000000
vn -0.930880 -0.365326 -0.000000
vn -0.947912 -0.318531 0.000000
vn -0.911500 -0.411300 -0.000001
vn -0.930871 -0.365348 -0.000000
vn -0.889896 -0.456164 -0.000001
vn -0.911475 -0.411355 -0.000000
vn -0.866005 -0.500036 0.000000
vn -0.889834 -0.456284 0.000001
vn -0.866001 -0.500042 0.000000
vn -0.840032 -0.542537 -0.000001
vn -0.839975 -0.542624 0.000000
vn -0.811926 -0.583760 -0.000000
vn -0.811889 -0.583811 0.000000
vn -0.781829 -0.623493 -0.000001
vn -0.781781 -0.623553 0.000000
vn -0.749785 -0.661681 -0.000001
vn -0.749707 -0.661769 0.000000
vn -0.715866 -0.698238 -0.000001
vn -0.715789 -0.698317 0.000000
vn -0.680188 -0.733038 -0.000001
vn -0.680097 -0.733123 0.000001
vn -0.642781 -0.766050 -0.000000
vn -0.642691 -0.766125 0.000001
vn -0.603812 -0.797126 -0.000000
vn -0.603705 -0.797208 0.000001
vn -0.563322 -0.826238 -0.000000
vn -0.563236 -0.826296 0.000001
vn -0.521423 -0.853298 -0.000001
vn -0.521297 -0.853376 0.000001
vn -0.478252 -0.878223 -0.000001
vn -0.478127 -0.878291 0.000001
vn -0.433895 -0.900964 -0.000001
vn -0.433773 -0.901022 0.000001
vn -0.388428 -0.921479 -0.000001
vn -0.388284 -0.921540 0.000001
vn -0.342045 -0.939683 -0.000001
vn -0.341878 -0.939744 0.000001
vn -0.294729 -0.955581 -0.000001
vn -0.294565 -0.955631 0.000001
vn -0.246782 -0.969071 -0.000001
vn -0.198146 -0.980173 -0.000001
vn -0.246594 -0.969119 0.000001
vn -0.149035 -0.988832 -0.000001
vn -0.197975 -0.980207 0.000001
vn -0.099552 -0.995032 -0.000001
vn -0.148858 -0.988859 0.000001
vn -0.049849 -0.998757 -0.000001
vn -0.099352 -0.995052 0.000001
vn 0.000000 -1.000000 -0.000001
vn -0.049660 -0.998766 0.000001
vn 0.049849 -0.998757 -0.000001
vn 0.000214 -1.000000 0.000001
vn 0.099552 -0.995032 -0.000001
vn 0.050057 -0.998746 0.000001
vn 0.149035 -0.988832 -0.000001
vn 0.099813 -0.995006 0.000001
vn 0.198146 -0.980173 -0.000001
vn 0.149256 -0.988799 0.000001
vn 0.198369 -0.980127 0.000001
vn 0.246782 -0.969071 -0.000001
vn 0.246997 -0.969016 0.000001
vn 0.294729 -0.955581 -0.000001
vn 0.294991 -0.955500 0.000001
vn 0.342045 -0.939683 -0.000001
vn 0.342288 -0.939595 0.000001
vn 0.388428 -0.921479 -0.000001
vn 0.388687 -0.921370 0.000001
vn 0.433895 -0.900964 -0.000001
vn 0.434119 -0.900855 0.000001
vn 0.478252 -0.878223 -0.000001
vn 0.478488 -0.878094 0.000001
vn 0.521423 -0.853298 -0.000001
vn 0.521673 -0.853146 0.000001
vn 0.563322 -0.826238 -0.000001
vn 0.563580 -0.826062 0.000001
vn 0.603812 -0.797126 -0.000001
vn 0.604036 -0.796957 0.000001
vn 0.642781 -0.766050 -0.000001
vn 0.643009 -0.765859 0.000001
vn 0.680188 -0.733038 -0.000001
vn 0.715866 -0.698238 -0.000002
vn 0.680397 -0.732844 0.000001
vn 0.749785 -0.661681 -0.000002
vn 0.716091 -0.698007 0.000001
vn 0.781829 -0.623493 -0.000001
vn 0.750010 -0.661426 0.000001
vn 0.811926 -0.583760 -0.000001
vn 0.782038 -0.623231 0.000001
vn 0.840032 -0.542537 -0.000002
vn 0.812118 -0.583494 0.000001
vn 0.866005 -0.500036 -0.000002
vn 0.840215 -0.542254 0.000001
vn 0.889896 -0.456164 -0.000001
vn 0.866206 -0.499687 0.000002
vn 0.911500 -0.411300 -0.000002
vn 0.890028 -0.455907 0.000001
vn 0.930880 -0.365326 -0.000002
vn 0.911661 -0.410942 0.000001
vn 0.947918 -0.318513 -0.000002
vn 0.931016 -0.364977 0.000002
vn 0.962627 -0.270831 -0.000002
vn 0.948039 -0.318155 0.000002
vn 0.974924 -0.222539 -0.000002
vn 0.962722 -0.270491 0.000001
vn 0.984810 -0.173637 -0.000001
vn 0.975027 -0.222085 0.000002
vn 0.992236 -0.124370 -0.000002
vn 0.984868 -0.173309 0.000001
vn 0.997204 -0.074731 -0.000002
vn 0.992292 -0.123922 0.000002
vn 0.997236 -0.074293 0.000002
vn 0.999690 -0.024910 -0.000001
vn 0.999699 -0.024540 0.000002
vn 0.999690 0.024910 -0.000002
vn 0.999679 0.025335 0.000002
vn 0.997204 0.074731 -0.000002
vn 0.997168 0.075211 0.000002
vn 0.992236 0.124370 -0.000001
vn 0.992239 0.124347 -0.000002
vn 0.992240 0.124334 0.000000
vn 0.984951 0.172833 0.000002
vn 0.984810 0.173637 -0.000005
vn 0.974924 0.222539 -0.000008
vn 0.975309 0.220845 0.000005
vn 0.962627 0.270831 -0.000011
vn 0.963291 0.268458 0.000008
vn 0.947919 0.318513 -0.000014
vn 0.948994 0.315294 0.000011
vn 0.930880 0.365326 -0.000017
vn 0.932425 0.361364 0.000014
vn 0.911500 0.411300 -0.000020
vn 0.913570 0.406681 0.000016
vn 0.889896 0.456164 -0.000022
vn 0.892552 0.450945 0.000019
vn 0.866005 0.500036 -0.000025
vn 0.869371 0.494160 0.000022
vn 0.840032 0.542537 -0.000027
vn 0.844135 0.536130 0.000024
vn 0.811927 0.583760 -0.000029
vn 0.816816 0.576898 0.000027
vn 0.781829 0.623493 -0.000032
vn 0.787596 0.616192 0.000029
vn 0.749785 0.661681 -0.000034
vn 0.756459 0.654041 0.000031
vn 0.715865 0.698238 -0.000036
vn 0.723489 0.690336 0.000033
vn 0.680188 0.733038 -0.000037
vn 0.688789 0.724962 0.000035
vn 0.642781 0.766050 -0.000039
vn 0.652454 0.757829 0.000037
vn 0.603812 0.797127 -0.000041
vn 0.614514 0.788906 0.000038
vn 0.563322 0.826238 -0.000042
vn 0.575141 0.818054 0.000040
vn 0.521423 0.853298 -0.000044
vn 0.534357 0.845259 0.000041
vn 0.478252 0.878223 -0.000045
vn 0.492279 0.870438 0.000042
vn 0.449056 0.893504 0.000043
vn 0.433895 0.900964 -0.000046
vn 0.404731 0.914436 0.000045
vn 0.388428 0.921479 -0.000047
vn 0.342045 0.939683 -0.000048
vn 0.359434 0.933171 0.000045
vn 0.294729 0.955581 -0.000048
vn 0.313266 0.949665 0.000046
vn 0.246782 0.969071 -0.000049
vn 0.266369 0.963871 0.000047
vn 0.198146 0.980173 -0.000049
vn 0.218789 0.975772 0.000048
vn 0.149035 0.988832 -0.000050
vn 0.170746 0.985315 0.000048
vn 0.122249 0.992499 0.000048
vn 0.099552 0.995032 -0.000050
vn 0.073468 0.997298 0.000048
vn 0.049849 0.998757 -0.000051
vn 0.024089 0.999710 0.000050
vn 0.000000 1.000000 -0.000054
vn 0.024499 0.999700 0.000000
vn -0.024529 0.999699 0.000052
vn -0.049849 0.998757 -0.000054
vn -0.073584 0.997289 0.000052
vn -0.099552 0.995032 -0.000054
vn -0.122389 0.992482 0.000052
vn -0.149035 0.988832 -0.000054
vn -0.170990 0.985273 0.000052
vn -0.198146 0.980173 -0.000053
vn -0.219073 0.975709 0.000051
vn -0.246782 0.969071 -0.000053
vn -0.266746 0.963767 0.000051
vn -0.294729 0.955581 -0.000052
vn -0.313671 0.949532 0.000050
vn -0.342045 0.939683 -0.000051
vn -0.359871 0.933002 0.000049
vn -0.388428 0.921479 -0.000051
vn -0.405273 0.914196 0.000049
vn -0.433895 0.900964 -0.000050
vn -0.449600 0.893230 0.000048
vn -0.478252 0.878223 -0.000049
vn -0.492898 0.870087 0.000046
vn -0.521423 0.853298 -0.000048
vn -0.563322 0.826238 -0.000046
vn -0.534997 0.844854 0.000045
vn -0.575797 0.817593 0.000044
vn -0.603812 0.797126 -0.000045
vn -0.642781 0.766050 -0.000044
vn -0.615240 0.788340 0.000043
vn -0.680188 0.733038 -0.000042
vn -0.653179 0.757203 0.000041
vn -0.715865 0.698238 -0.000041
vn -0.689515 0.724271 0.000039
vn -0.724256 0.689531 0.000038
vn -0.749785 0.661681 -0.000039
vn -0.757216 0.653164 0.000036
vn -0.781829 0.623493 -0.000037
vn -0.788352 0.615225 0.000034
vn -0.811927 0.583760 -0.000035
vn -0.817572 0.575826 0.000032
vn -0.840032 0.542537 -0.000033
vn -0.844849 0.535006 0.000030
vn -0.866005 0.500036 -0.000031
vn -0.870093 0.492888 0.000028
vn -0.889896 0.456164 -0.000028
vn -0.893230 0.449600 0.000025
vn -0.911500 0.411300 -0.000026
vn -0.914206 0.405250 0.000023
vn -0.930880 0.365326 -0.000024
vn -0.932998 0.359881 0.000020
vn -0.947918 0.318513 -0.000021
vn -0.949529 0.313680 0.000018
vn -0.962627 0.270831 -0.000018
vn -0.963771 0.266730 0.000015
vn -0.974924 0.222539 -0.000016
vn -0.975700 0.219109 0.000012
vn -0.984810 0.173637 -0.000013
vn -0.985284 0.170924 0.000010
vn -0.992236 0.124370 -0.000009
vn -0.992477 0.122428 0.000007
vn -0.997204 0.074731 -0.000006
vn -0.997291 0.073553 0.000004
vn -0.999690 0.024910 -0.000003
vn -0.999698 0.024560 0.000000
vn 0.992233 0.124395 0.000000
vn 0.992233 0.124395 0.000000
vn 0.984951 0.172833 0.000000
vn 0.984951 0.172833 0.000000
vn 0.975309 0.220845 0.000000
vn 0.975309 0.220845 0.000000
vn 0.963308 0.268400 0.000000
vn 0.963308 0.268400 0.000000
vn 0.948976 0.315350 0.000000
vn 0.948976 0.315350 0.000000
vn 0.932425 0.361364 0.000000
vn 0.932425 0.361364 0.000000
vn 0.913570 0.406681 0.000000
vn 0.913570 0.406681 0.000000
vn 0.892552 0.450945 0.000000
vn 0.892552 0.450945 0.000000
vn 0.869371 0.494160 0.000000
vn 0.869371 0.494160 0.000000
vn 0.844135 0.536130 0.000000
vn 0.844135 0.536130 0.000000
vn 0.816845 0.576857 0.000000
vn 0.816845 0.576857 0.000000
vn 0.787565 0.616231 0.000000
vn 0.787565 0.616231 0.000000
vn 0.756459 0.654041 0.000000
vn 0.756459 0.654041 0.000000
vn 0.723489 0.690336 0.000000
vn 0.723489 0.690336 0.000000
vn 0.688789 0.724962 0.000000
vn 0.688789 0.724962 0.000000
vn 0.652454 0.757829 0.000000
vn 0.652454 0.757829 0.000000
vn 0.614514 0.788906 0.000000
vn 0.575141 0.818054 -0.000000
vn 0.614514 0.788906 0.000000
vn 0.575141 0.818054 0.000000
vn 0.534357 0.845259 0.000000
vn 0.534357 0.845259 0.000000
vn 0.492279 0.870438 0.000000
vn 0.492279 0.870438 0.000000
vn 0.449056 0.893504 0.000000
vn 0.449056 0.893504 0.000000
vn 0.404731 0.914436 0.000000
vn 0.404731 0.914436 0.000000
vn 0.359434 0.933171 0.000000
vn 0.359434 0.933171 0.000000
vn 0.313266 0.949665 0.000000
vn 0.313266 0.949665 0.000000
vn 0.266369 0.963871 0.000000
vn 0.266369 0.963871 0.000000
vn 0.218789 0.975772 0.000000
vn 0.218789 0.975772 0.000000
vn 0.170746 0.985315 0.000000
vn 0.170746 0.985315 0.000000
vn 0.122249 0.992499 0.000000
vn 0.122249 0.992499 0.000000
vn 0.073468 0.997298 0.000000
vn 0.073468 0.997298 0.000000
vn 0.024499 0.999700 0.000000
vn 0.024499 0.999700 0.000000
vn 0.000000 1.000000 0.000000
vn 0.000000 1.000000 -0.000000
vn 0.000000 1.000000 0.000000
vn -0.000000 1.000000 0.000000
vn 1.000000 0.000000 0.000000
vn 1.000000 0.000000 0.000000
vn 1.000000 0.000000 0.000000
vn 1.000000 0.000000 0.000000
vn 1.000000 0.000000 -0.000000
vn 1.000000 0.000000 -0.000000
vn 1.000000 0.000000 0.000000
vn 1.000000 0.000000 0.000000
vn 0.000000 1.000000 0.000000
vn -0.000000 1.000000 0.000000
vn -1.000000 0.000000 0.000000
vn -1.000000 0.000000 0.000000
vn -1.000000 0.000000 0.000000
vn -1.000000 0.000000 0.000000
vn -1.000000 0.000000 0.000000
vn -1.000000 0.000000 0.000000
vn -1.000000 0.000000 0.000000
vn -1.000000 0.000000 0.000000
vn -0.999699 -0.024528 0.000000
vn -0.999699 -0.024528 -0.000000
vn -0.997289 -0.073585 -0.000000
vn -0.997289 -0.073585 0.000000
vn -0.992482 -0.122393 -0.000000
vn -0.992482 -0.122393 0.000000
vn -0.985274 -0.170984 -0.000000
vn -0.985274 -0.170984 0.000000
vn -0.975707 -0.219079 -0.000000
vn -0.975707 -0.219079 0.000000
vn -0.963770 -0.266734 -0.000000
vn -0.963770 -0.266734 0.000000
vn -0.949529 -0.313680 -0.000000
vn -0.949529 -0.313680 0.000000
vn -0.933000 -0.359876 -0.000000
vn -0.933000 -0.359876 0.000000
vn -0.914201 -0.405261 0.000000
vn -0.914201 -0.405261 -0.000000
vn -0.893230 -0.449600 -0.000000
vn -0.893230 -0.449600 0.000000
vn -0.870087 -0.492898 -0.000000
vn -0.870087 -0.492898 0.000000
vn -0.844854 -0.534997 -0.000000
vn -0.844854 -0.534997 0.000000
vn -0.817583 -0.575811 -0.000000
vn -0.817583 -0.575811 0.000000
vn -0.788346 -0.615232 -0.000000
vn -0.788346 -0.615232 0.000000
vn -0.757216 -0.653164 -0.000000
vn -0.724249 -0.689539 -0.000000
vn -0.757216 -0.653164 0.000000
vn -0.724249 -0.689539 -0.000000
vn -0.689531 -0.724256 -0.000000
vn -0.689531 -0.724256 0.000000
vn -0.653173 -0.757209 -0.000000
vn -0.653173 -0.757209 0.000000
vn -0.615225 -0.788352 -0.000000
vn -0.575826 -0.817572 -0.000000
vn -0.615225 -0.788352 0.000000
vn -0.575826 -0.817572 -0.000000
vn -0.534983 -0.844863 -0.000000
vn -0.492911 -0.870080 -0.000000
vn -0.534983 -0.844863 0.000000
vn -0.492911 -0.870080 -0.000000
vn -0.449612 -0.893224 -0.000000
vn -0.405224 -0.914217 -0.000000
vn -0.449612 -0.893224 0.000000
vn -0.405224 -0.914217 -0.000000
vn -0.359908 -0.932988 -0.000000
vn -0.359908 -0.932988 0.000000
vn -0.313680 -0.949529 -0.000000
vn -0.313680 -0.949529 0.000000
vn -0.266701 -0.963779 -0.000000
vn -0.266701 -0.963779 0.000000
vn -0.219109 -0.975700 -0.000000
vn -0.219109 -0.975700 0.000000
vn -0.170954 -0.985279 -0.000000
vn -0.170954 -0.985279 0.000000
vn -0.122428 -0.992477 -0.000000
vn -0.073553 -0.997291 -0.000000
vn -0.122428 -0.992477 0.000000
vn -0.024544 -0.999699 -0.000000
vn -0.073553 -0.997291 -0.000000
vn -0.024544 -0.999699 -0.000000
vn -1.000000 0.000000 0.000000
vn -1.000000 0.000000 0.000000
vn -0.024544 0.999699 0.000000
vn -0.024544 0.999699 0.000000
vn -0.073561 0.997291 0.000000
vn -0.073561 0.997291 0.000000
vn -0.122416 0.992479 0.000000
vn -0.122416 0.992479 0.000000
vn -0.170962 0.985278 0.000000
vn -0.170962 0.985278 0.000000
vn -0.219102 0.975702 0.000000
vn -0.219102 0.975702 0.000000
vn -0.266708 0.963777 0.000000
vn -0.266708 0.963777 0.000000
vn -0.313684 0.949527 0.000000
vn -0.313684 0.949527 0.000000
vn -0.359898 0.932992 0.000000
vn -0.359898 0.932992 0.000000
vn -0.405230 0.914215 0.000000
vn -0.405230 0.914215 0.000000
vn -0.449612 0.893224 0.000000
vn -0.449612 0.893224 0.000000
vn -0.492908 0.870081 0.000000
vn -0.492908 0.870081 0.000000
vn -0.534986 0.844861 0.000000
vn -0.534986 0.844861 0.000000
vn -0.575823 0.817574 0.000000
vn -0.575823 0.817574 0.000000
vn -0.615222 0.788354 0.000000
vn -0.615222 0.788354 0.000000
vn -0.653171 0.757211 0.000000
vn -0.653171 0.757211 0.000000
vn -0.689535 0.724252 0.000000
vn -0.689535 0.724252 0.000000
vn -0.724251 0.689537 0.000000
vn -0.724251 0.689537 0.000000
vn -0.757215 0.653166 0.000000
vn -0.757215 0.653166 0.000000
vn -0.788346 0.615232 0.000000
vn -0.817583 0.575811 0.000000
vn -0.788346 0.615232 0.000000
vn -0.817583 0.575811 0.000000
vn -0.844855 0.534996 0.000000
vn -0.844855 0.534996 0.000000
vn -0.870086 0.492900 0.000000
vn -0.870086 0.492900 0.000000
vn -0.893230 0.449600 0.000000
vn -0.893230 0.449600 0.000000
vn -0.914201 0.405260 0.000000
vn -0.932999 0.359878 0.000000
vn -0.914201 0.405260 0.000000
vn -0.932999 0.359878 0.000000
vn -0.949529 0.313679 0.000000
vn -0.949529 0.313679 0.000000
vn -0.963770 0.266734 0.000000
vn -0.963770 0.266734 0.000000
vn -0.975707 0.219079 0.000000
vn -0.985274 0.170984 0.000000
vn -0.975707 0.219079 0.000000
vn -0.985274 0.170984 0.000000
vn -0.992482 0.122394 0.000000
vn -0.997289 0.073585 0.000000
vn -0.992482 0.122394 0.000000
vn -0.997289 0.073585 0.000000
vn -0.999699 0.024528 0.000000
vn -0.999699 0.024528 0.000000
vn -0.000000 1.000000 0.000000
vn 0.000000 1.000000 0.000000
vn 0.890532 0.454921 0.000000
vn 0.890532 0.454921 0.000000
vn 0.867257 0.497861 0.000000
vn 0.867257 0.497861 0.000000
vn 0.841928 0.539590 0.000000
vn 0.841928 0.539590 0.000000
vn 0.814591 0.580035 0.000000
vn 0.814591 0.580035 0.000000
vn 0.785324 0.619085 0.000000
vn 0.785324 0.619085 0.000000
vn 0.754151 0.656701 0.000000
vn 0.754151 0.656701 0.000000
vn 0.721230 0.692696 0.000000
vn 0.721230 0.692696 0.000000
vn 0.686558 0.727075 0.000000
vn 0.686558 0.727075 0.000000
vn 0.650245 0.759725 0.000000
vn 0.650245 0.759725 0.000000
vn 0.612397 0.790550 0.000000
vn 0.612397 0.790550 0.000000
vn 0.573105 0.819482 0.000000
vn 0.573105 0.819482 0.000000
vn 0.532405 0.846490 0.000000
vn 0.532405 0.846490 0.000000
vn 0.490475 0.871455 0.000000
vn 0.490475 0.871455 0.000000
vn 0.447357 0.894355 0.000000
vn 0.447357 0.894355 0.000000
vn 0.403180 0.915121 0.000000
vn 0.403180 0.915121 0.000000
vn 0.358033 0.933709 0.000000
vn 0.358033 0.933709 0.000000
vn 0.312046 0.950067 0.000000
vn 0.312046 0.950067 0.000000
vn 0.265300 0.964166 0.000000
vn 0.265300 0.964166 0.000000
vn 0.217941 0.975962 0.000000
vn 0.217941 0.975962 0.000000
vn 0.170045 0.985436 0.000000
vn 0.170045 0.985436 0.000000
vn 0.121749 0.992561 0.000000
vn 0.121749 0.992561 0.000000
vn 0.073169 0.997320 0.000000
vn 0.073169 0.997320 0.000000
vn 0.024408 0.999702 0.000000
vn 0.024408 0.999702 0.000000
vn 0.901362 0.433067 0.000000
vn 0.901362 0.433067 0.000000
vn -0.999698 -0.024560 0.000000
vn -0.999690 -0.024910 -0.000003
vn -0.997204 -0.074731 -0.000006
vn -0.997291 -0.073554 0.000004
vn -0.992236 -0.124368 -0.000009
vn -0.992478 -0.122424 0.000007
vn -0.984809 -0.173640 -0.000013
vn -0.985284 -0.170924 0.000010
vn -0.974924 -0.222539 -0.000016
vn -0.975700 -0.219109 0.000012
vn -0.962627 -0.270831 -0.000018
vn -0.963770 -0.266734 0.000015
vn -0.947920 -0.318508 -0.000021
vn -0.949530 -0.313676 0.000018
vn -0.930878 -0.365331 -0.000024
vn -0.932998 -0.359881 0.000020
vn -0.911500 -0.411300 -0.000026
vn -0.914201 -0.405261 0.000023
vn -0.889893 -0.456170 -0.000028
vn -0.893230 -0.449600 0.000025
vn -0.866009 -0.500029 -0.000031
vn -0.870100 -0.492875 0.000028
vn -0.844840 -0.535020 0.000030
vn -0.840037 -0.542530 -0.000033
vn -0.817583 -0.575811 0.000032
vn -0.811927 -0.583760 -0.000035
vn -0.788346 -0.615232 0.000034
vn -0.781829 -0.623493 -0.000037
vn -0.757216 -0.653164 0.000036
vn -0.749778 -0.661689 -0.000039
vn -0.724249 -0.689539 0.000038
vn -0.715873 -0.698231 -0.000041
vn -0.689524 -0.724263 0.000039
vn -0.680172 -0.733053 -0.000042
vn -0.653188 -0.757196 0.000041
vn -0.642790 -0.766042 -0.000044
vn -0.615230 -0.788348 0.000043
vn -0.603803 -0.797134 -0.000045
vn -0.563343 -0.826223 -0.000046
vn -0.575797 -0.817593 0.000044
vn -0.534997 -0.844854 0.000046
vn -0.521423 -0.853298 -0.000047
vn -0.478252 -0.878223 -0.000049
vn -0.492898 -0.870087 0.000047
vn -0.433895 -0.900964 -0.000050
vn -0.449612 -0.893224 0.000048
vn -0.388428 -0.921479 -0.000051
vn -0.405247 -0.914207 0.000049
vn -0.342018 -0.939693 -0.000051
vn -0.359898 -0.932992 0.000049
vn -0.294757 -0.955572 -0.000052
vn -0.313671 -0.949532 0.000050
vn -0.246767 -0.969075 -0.000053
vn -0.266717 -0.963775 0.000051
vn -0.198131 -0.980175 -0.000053
vn -0.219102 -0.975702 0.000051
vn -0.149050 -0.988830 -0.000053
vn -0.170959 -0.985278 0.000052
vn -0.099567 -0.995031 -0.000054
vn -0.122420 -0.992478 0.000052
vn -0.049849 -0.998757 -0.000054
vn -0.073553 -0.997291 0.000052
vn 0.000000 -1.000000 -0.000054
vn -0.024545 -0.999699 0.000052
vn 0.049849 -0.998757 -0.000050
vn 0.024610 -0.999697 0.000000
vn 0.024197 -0.999707 0.000051
vn 0.099567 -0.995031 -0.000050
vn 0.073797 -0.997273 0.000049
vn 0.149050 -0.988830 -0.000050
vn 0.122783 -0.992433 0.000049
vn 0.198131 -0.980175 -0.000050
vn 0.171466 -0.985190 0.000049
vn 0.219759 -0.975554 0.000049
vn 0.246767 -0.969075 -0.000050
vn 0.267497 -0.963559 0.000048
vn 0.294757 -0.955572 -0.000049
vn 0.314591 -0.949227 0.000048
vn 0.342018 -0.939693 -0.000049
vn 0.388428 -0.921479 -0.000048
vn 0.360955 -0.932583 0.000047
vn 0.406392 -0.913699 0.000047
vn 0.433895 -0.900964 -0.000048
vn 0.478252 -0.878223 -0.000047
vn 0.450892 -0.892579 0.000046
vn 0.521423 -0.853298 -0.000046
vn 0.494247 -0.869322 0.000046
vn 0.563343 -0.826223 -0.000046
vn 0.536430 -0.843945 0.000045
vn 0.603803 -0.797134 -0.000045
vn 0.577329 -0.816512 0.000044
vn 0.642790 -0.766042 -0.000044
vn 0.616805 -0.787116 0.000043
vn 0.680172 -0.733053 -0.000043
vn 0.654828 -0.755778 0.000042
vn 0.715873 -0.698231 -0.000042
vn 0.691210 -0.722654 0.000041
vn 0.749778 -0.661689 -0.000041
vn 0.725941 -0.687757 0.000040
vn 0.781829 -0.623493 -0.000040
vn 0.758913 -0.651192 0.000039
vn 0.811926 -0.583760 -0.000039
vn 0.790036 -0.613060 0.000038
vn 0.840037 -0.542530 -0.000038
vn 0.819243 -0.573447 0.000037
vn 0.866009 -0.500029 -0.000036
vn 0.846482 -0.532418 0.000035
vn 0.889893 -0.456170 -0.000035
vn 0.871648 -0.490132 0.000034
vn 0.911500 -0.411300 -0.000033
vn 0.894749 -0.446569 0.000033
vn 0.930878 -0.365331 -0.000032
vn 0.915615 -0.402057 0.000031
vn 0.947920 -0.318508 -0.000030
vn 0.934298 -0.356493 0.000030
vn 0.962627 -0.270831 -0.000029
vn 0.950715 -0.310066 0.000028
vn 0.974924 -0.222539 -0.000027
vn 0.964826 -0.262891 0.000027
vn 0.976579 -0.215158 0.000025
vn 0.984809 -0.173640 -0.000025
vn 0.986000 -0.166748 0.000023
vn 0.992236 -0.124368 -0.000023
vn 0.993011 -0.118026 0.000021
vn 0.997204 -0.074731 -0.000021
vn 0.997613 -0.069055 0.000019
vn 0.999690 -0.024910 -0.000019
vn 0.999803 -0.019836 0.000017
vn 0.999690 0.024910 -0.000017
vn 0.999568 0.029382 0.000015
vn 0.997204 0.074732 -0.000015
vn 0.996911 0.078539 0.000013
vn 0.992236 0.124368 -0.000013
vn 0.991837 0.127509 0.000011
vn 0.984810 0.173637 -0.000011
vn 0.984360 0.176171 0.000009
vn 0.974924 0.222539 -0.000008
vn 0.974498 0.224397 0.000006
vn 0.962626 0.270835 -0.000006
vn 0.962278 0.272067 0.000004
vn 0.947920 0.318508 -0.000004
vn 0.947715 0.319118 0.000001
vn 0.930878 0.365331 -0.000002
vn 0.930845 0.365414 -0.000001
vn 0.911751 0.410743 0.000001
vn 0.911503 0.411294 -0.000004
vn 0.911755 0.410735 0.000000
vn 0.890290 0.455393 0.000004
vn 0.889893 0.456170 -0.000004
vn 0.866453 0.499259 0.000004
vn 0.866005 0.500036 -0.000004
vn 0.840508 0.541799 0.000004
vn 0.840041 0.542523 -0.000004
vn 0.812419 0.583074 0.000004
vn 0.811921 0.583767 -0.000004
vn 0.782371 0.622813 0.000004
vn 0.781829 0.623493 -0.000004
vn 0.750309 0.661088 0.000003
vn 0.749785 0.661681 -0.000004
vn 0.716413 0.697676 0.000003
vn 0.715873 0.698231 -0.000003
vn 0.680172 0.733053 -0.000003
vn 0.680760 0.732507 0.000003
vn 0.643378 0.765549 0.000003
vn 0.642790 0.766042 -0.000003
vn 0.603803 0.797134 -0.000003
vn 0.604406 0.796677 0.000003
vn 0.563343 0.826223 -0.000003
vn 0.563903 0.825841 0.000003
vn 0.521423 0.853298 -0.000003
vn 0.522045 0.852918 0.000003
vn 0.478252 0.878223 -0.000003
vn 0.478879 0.877881 0.000003
vn 0.434479 0.900682 0.000003
vn 0.433895 0.900964 -0.000003
vn 0.389064 0.921211 0.000003
vn 0.388428 0.921479 -0.000003
vn 0.342627 0.939471 0.000003
vn 0.342018 0.939693 -0.000003
vn 0.295351 0.955389 0.000003
vn 0.294757 0.955572 -0.000003
vn 0.247355 0.968925 0.000003
vn 0.246753 0.969078 -0.000003
vn 0.198728 0.980055 0.000003
vn 0.198146 0.980173 -0.000003
vn 0.149603 0.988746 0.000002
vn 0.149050 0.988830 -0.000002
vn 0.100134 0.994974 0.000003
vn 0.099567 0.995031 -0.000002
vn 0.050398 0.998729 0.000002
vn 0.049834 0.998757 -0.000002
vn 0.000520 1.000000 0.000002
vn 0.000000 1.000000 -0.000002
vn -0.049330 0.998783 0.000002
vn -0.049834 0.998757 -0.000002
vn -0.099071 0.995080 0.000002
vn -0.099567 0.995031 -0.000002
vn -0.148577 0.988901 0.000002
vn -0.149050 0.988830 -0.000002
vn -0.197695 0.980264 0.000002
vn -0.198146 0.980173 -0.000002
vn -0.246753 0.969078 -0.000002
vn -0.246334 0.969185 0.000002
vn -0.294757 0.955572 -0.000002
vn -0.294343 0.955700 0.000002
vn -0.342018 0.939693 -0.000002
vn -0.341631 0.939834 0.000002
vn -0.388428 0.921479 -0.000002
vn -0.388067 0.921631 0.000002
vn -0.433895 0.900964 -0.000001
vn -0.433554 0.901127 0.000002
vn -0.478252 0.878223 -0.000002
vn -0.477916 0.878405 0.000002
vn -0.521423 0.853298 -0.000001
vn -0.521154 0.853463 0.000001
vn -0.563343 0.826223 -0.000001
vn -0.563052 0.826421 0.000002
vn -0.603803 0.797134 -0.000001
vn -0.603538 0.797334 0.000001
vn -0.642790 0.766042 -0.000001
vn -0.642579 0.766219 0.000001
vn -0.680172 0.733053 -0.000001
vn -0.679966 0.733243 0.000001
vn -0.715689 0.698419 0.000001
vn -0.715873 0.698231 -0.000001
vn -0.749613 0.661877 0.000001
vn -0.749785 0.661681 -0.000001
vn -0.781698 0.623657 0.000001
vn -0.781829 0.623493 -0.000001
vn -0.811799 0.583936 0.000001
vn -0.811921 0.583767 -0.000001
vn -0.839923 0.542705 0.000001
vn -0.840041 0.542523 -0.000001
vn -0.865952 0.500127 0.000001
vn -0.866005 0.500036 -0.000000
vn -0.889791 0.456368 0.000001
vn -0.889893 0.456170 -0.000001
vn -0.911452 0.411406 0.000000
vn -0.911503 0.411294 -0.000001
vn -0.930829 0.365455 0.000001
vn -0.930878 0.365331 -0.000001
vn -0.947894 0.318585 0.000000
vn -0.947920 0.318508 -0.000000
vn -0.962626 0.270835 -0.000000
vn -0.962600 0.270925 0.000001
vn -0.974924 0.222539 -0.000000
vn -0.974899 0.222647 0.000000
vn -0.984810 0.173637 -0.000000
vn -0.984798 0.173703 0.000000
vn -0.992236 0.124368 -0.000000
vn -0.992234 0.124387 -0.000000
vn -0.997204 0.074732 0.000000
vn -0.997205 0.074707 0.000000
vn -0.999690 0.024910 0.000000
vn -0.999688 0.024963 0.000000
vn -1.000000 0.000000 0.000000
vn -1.000000 0.000000 0.000000
vn 0.999699 -0.024528 0.000000
vn 0.999699 -0.024528 0.000000
vn 0.997289 -0.073585 0.000000
vn 0.997289 -0.073585 0.000000
vn 0.992482 -0.122394 0.000000
vn 0.992482 -0.122394 0.000000
vn 0.985274 -0.170984 0.000000
vn 0.985274 -0.170984 0.000000
vn 0.975707 -0.219079 0.000000
vn 0.975707 -0.219079 0.000000
vn 0.963770 -0.266734 0.000000
vn 0.963770 -0.266734 0.000000
vn 0.949529 -0.313679 0.000000
vn 0.949529 -0.313679 0.000000
vn 0.932999 -0.359878 0.000000
vn 0.932999 -0.359878 0.000000
vn 0.914201 -0.405260 0.000000
vn 0.914201 -0.405260 0.000000
vn 0.893230 -0.449600 0.000000
vn 0.893230 -0.449600 0.000000
vn 0.870087 -0.492898 0.000000
vn 0.870087 -0.492898 0.000000
vn 0.844854 -0.534997 0.000000
vn 0.844854 -0.534997 0.000000
vn 0.817583 -0.575811 0.000000
vn 0.817583 -0.575811 0.000000
vn 0.788346 -0.615232 0.000000
vn 0.788346 -0.615232 0.000000
vn 0.757216 -0.653164 0.000000
vn 0.757216 -0.653164 0.000000
vn 0.724249 -0.689539 0.000000
vn 0.724249 -0.689539 0.000000
vn 0.689535 -0.724252 0.000000
vn 0.689535 -0.724252 0.000000
vn 0.653173 -0.757209 0.000000
vn 0.653173 -0.757209 0.000000
vn 0.615220 -0.788356 0.000000
vn 0.575826 -0.817572 0.000000
vn 0.615220 -0.788356 0.000000
vn 0.575826 -0.817572 0.000000
vn 0.534983 -0.844863 0.000000
vn 0.534983 -0.844863 0.000000
vn 0.492911 -0.870080 0.000000
vn 0.492911 -0.870080 0.000000
vn 0.449612 -0.893224 0.000000
vn 0.449612 -0.893224 0.000000
vn 0.405230 -0.914215 0.000000
vn 0.359894 -0.932993 0.000000
vn 0.405230 -0.914215 0.000000
vn 0.359894 -0.932993 0.000000
vn 0.313688 -0.949526 0.000000
vn 0.313688 -0.949526 0.000000
vn 0.266708 -0.963777 0.000000
vn 0.266708 -0.963777 0.000000
vn 0.219102 -0.975702 0.000000
vn 0.170962 -0.985278 0.000000
vn 0.219102 -0.975702 0.000000
vn 0.170962 -0.985278 0.000000
vn 0.122412 -0.992479 0.000000
vn 0.073561 -0.997291 0.000000
vn 0.122412 -0.992479 0.000000
vn 0.073561 -0.997291 0.000000
vn 0.024544 -0.999699 0.000000
vn 0.024544 -0.999699 0.000000
vn -0.000000 1.000000 0.000000
vn 0.000000 1.000000 0.000000
vn 0.999689 0.024926 0.000000
vn 0.999689 0.024926 0.000000
vn 0.997204 0.074729 0.000000
vn 0.997204 0.074729 0.000000
vn 0.992240 0.124335 0.000000
vn 0.992240 0.124335 0.000000
vn 0.984808 0.173645 0.000000
vn 0.984808 0.173645 0.000000
vn 0.974930 0.222510 0.000000
vn 0.974930 0.222510 0.000000
vn 0.962614 0.270878 0.000000
vn 0.947935 0.318465 -0.000000
vn 0.962614 0.270878 0.000000
vn 0.947935 0.318465 0.000000
vn 0.930870 0.365351 0.000000
vn 0.930870 0.365351 0.000000
vn 0.911516 0.411264 0.000000
vn 0.911516 0.411264 0.000000
vn 0.889868 0.456218 0.000000
vn 0.889868 0.456218 0.000000
vn 0.866023 0.500004 0.000000
vn 0.866023 0.500004 0.000000
vn 0.840023 0.542551 0.000000
vn 0.840023 0.542551 0.000000
vn 0.811928 0.583758 0.000000
vn 0.811928 0.583758 0.000000
vn 0.781850 0.623466 0.000000
vn 0.781850 0.623466 0.000000
vn 0.749774 0.661694 0.000000
vn 0.749774 0.661694 0.000000
vn 0.715869 0.698235 0.000000
vn 0.715869 0.698235 0.000000
vn 0.680162 0.733062 0.000000
vn 0.680162 0.733062 0.000000
vn 0.642785 0.766046 0.000000
vn 0.642785 0.766046 0.000000
vn 0.603823 0.797118 0.000000
vn 0.563307 0.826248 -0.000000
vn 0.603823 0.797118 0.000000
vn 0.521449 0.853282 -0.000000
vn 0.563307 0.826248 0.000000
vn 0.521449 0.853282 0.000000
vn 0.478242 0.878228 0.000000
vn 0.478242 0.878228 0.000000
vn 0.433877 0.900972 0.000000
vn 0.433877 0.900972 0.000000
vn 0.388446 0.921471 0.000000
vn 0.388446 0.921471 0.000000
vn 0.342030 0.939689 0.000000
vn 0.342030 0.939689 0.000000
vn 0.294743 0.955577 0.000000
vn 0.294743 0.955577 0.000000
vn 0.246749 0.969079 0.000000
vn 0.246749 0.969079 0.000000
vn 0.198152 0.980171 0.000000
vn 0.198152 0.980171 0.000000
vn 0.149043 0.988831 0.000000
vn 0.149043 0.988831 0.000000
vn 0.099570 0.995031 0.000000
vn 0.099570 0.995031 0.000000
vn 0.049851 0.998757 0.000000
vn 0.049851 0.998757 0.000000
vn 0.000000 1.000000 0.000000
vn -0.049851 0.998757 0.000000
vn -0.000000 1.000000 0.000000
vn -0.049851 0.998757 0.000000
vn -0.099570 0.995031 0.000000
vn -0.099570 0.995031 0.000000
vn -0.149043 0.988831 0.000000
vn -0.149043 0.988831 0.000000
vn -0.198152 0.980171 0.000000
vn -0.198152 0.980171 0.000000
vn -0.246749 0.969079 0.000000
vn -0.246749 0.969079 0.000000
vn -0.294743 0.955577 0.000000
vn -0.294743 0.955577 0.000000
vn -0.342030 0.939689 0.000000
vn -0.342030 0.939689 0.000000
vn -0.388446 0.921471 0.000000
vn -0.388446 0.921471 0.000000
vn -0.433877 0.900972 0.000000
vn -0.433877 0.900972 0.000000
vn -0.478242 0.878228 0.000000
vn -0.478242 0.878228 0.000000
vn -0.521449 0.853282 0.000000
vn -0.521449 0.853282 0.000000
vn -0.563307 0.826248 0.000000
vn -0.563307 0.826248 0.000000
vn -0.603823 0.797118 0.000000
vn -0.603823 0.797118 0.000000
vn -0.642785 0.766046 0.000000
vn -0.642785 0.766046 0.000000
vn -0.680162 0.733062 0.000000
vn -0.680162 0.733062 0.000000
vn -0.715872 0.698232 0.000000
vn -0.715872 0.698232 0.000000
vn -0.749774 0.661694 0.000000
vn -0.749774 0.661694 0.000000
vn -0.781850 0.623466 0.000000
vn -0.781850 0.623466 0.000000
vn -0.811928 0.583758 0.000000
vn -0.811928 0.583758 0.000000
vn -0.840023 0.542551 0.000000
vn -0.840023 0.542551 0.000000
vn -0.866023 0.500004 0.000000
vn -0.866023 0.500004 0.000000
vn -0.889868 0.456218 0.000000
vn -0.889868 0.456218 0.000000
vn -0.911516 0.411264 0.000000
vn -0.911516 0.411264 0.000000
vn -0.930870 0.365351 0.000000
vn -0.930870 0.365351 0.000000
vn -0.947935 0.318465 0.000000
vn -0.947935 0.318465 0.000000
vn -0.962614 0.270878 0.000000
vn -0.962614 0.270878 0.000000
vn -0.974930 0.222510 0.000000
vn -0.974930 0.222510 0.000000
vn -0.984808 0.173645 0.000000
vn -0.984808 0.173645 0.000000
vn -0.992240 0.124335 0.000000
vn -0.992240 0.124335 0.000000
vn -0.997204 0.074729 0.000000
vn -0.997204 0.074729 0.000000
vn -0.999689 0.024926 0.000000
vn -0.999689 0.024926 0.000000
vn -0.999689 -0.024926 -0.000000
vn -0.999689 -0.024926 0.000000
vn -0.997204 -0.074729 -0.000000
vn -0.997204 -0.074729 0.000000
vn -0.992240 -0.124335 -0.000000
vn -0.992240 -0.124335 0.000000
vn -0.984808 -0.173645 -0.000000
vn -0.984808 -0.173645 0.000000
vn -0.974930 -0.222510 -0.000000
vn -0.974930 -0.222510 0.000000
vn -0.962614 -0.270878 -0.000000
vn -0.962614 -0.270878 0.000000
vn -0.947935 -0.318465 -0.000000
vn -0.947935 -0.318465 0.000000
vn -0.930869 -0.365353 -0.000000
vn -0.930869 -0.365353 0.000000
vn -0.911517 -0.411261 -0.000000
vn -0.911517 -0.411261 0.000000
vn -0.889867 -0.456221 -0.000000
vn -0.889867 -0.456221 0.000000
vn -0.866025 -0.500001 0.000000
vn -0.866025 -0.500001 0.000000
vn -0.840023 -0.542551 -0.000000
vn -0.840023 -0.542551 0.000000
vn -0.811928 -0.583758 -0.000000
vn -0.811928 -0.583758 0.000000
vn -0.781850 -0.623466 -0.000000
vn -0.781850 -0.623466 0.000000
vn -0.749774 -0.661694 -0.000000
vn -0.749774 -0.661694 0.000000
vn -0.715872 -0.698232 -0.000000
vn -0.715872 -0.698232 0.000000
vn -0.680162 -0.733062 -0.000000
vn -0.680162 -0.733062 0.000000
vn -0.642785 -0.766046 -0.000000
vn -0.642785 -0.766046 0.000000
vn -0.603823 -0.797118 -0.000000
vn -0.603823 -0.797118 0.000000
vn -0.563307 -0.826248 0.000000
vn -0.563307 -0.826248 -0.000000
vn -0.521449 -0.853282 0.000000
vn -0.521449 -0.853282 -0.000000
vn -0.478242 -0.878228 0.000000
vn -0.478242 -0.878228 -0.000000
vn -0.433877 -0.900972 0.000000
vn -0.433877 -0.900972 -0.000000
vn -0.388452 -0.921469 0.000000
vn -0.388452 -0.921469 -0.000000
vn -0.342019 -0.939693 -0.000000
vn -0.342019 -0.939693 0.000000
vn -0.294749 -0.955575 -0.000000
vn -0.294749 -0.955575 0.000000
vn -0.246755 -0.969078 -0.000000
vn -0.246755 -0.969078 0.000000
vn -0.198146 -0.980173 -0.000000
vn -0.198146 -0.980173 0.000000
vn -0.149043 -0.988831 -0.000000
vn -0.149043 -0.988831 0.000000
vn -0.099570 -0.995031 -0.000000
vn -0.099570 -0.995031 0.000000
vn -0.049845 -0.998757 -0.000000
vn -0.049845 -0.998757 0.000000
vn -0.000000 -1.000000 -0.000000
vn 0.000000 -1.000000 0.000000
vn 0.049845 -0.998757 0.000000
vn 0.049845 -0.998757 0.000000
vn 0.099570 -0.995031 0.000000
vn 0.099570 -0.995031 0.000000
vn 0.149043 -0.988831 0.000000
vn 0.149043 -0.988831 0.000000
vn 0.198146 -0.980173 0.000000
vn 0.198146 -0.980173 0.000000
vn 0.246755 -0.969078 0.000000
vn 0.246755 -0.969078 0.000000
vn 0.294749 -0.955575 0.000000
vn 0.294749 -0.955575 0.000000
vn 0.342019 -0.939693 0.000000
vn 0.342019 -0.939693 0.000000
vn 0.388452 -0.921469 0.000000
vn 0.388452 -0.921469 0.000000
vn 0.433877 -0.900972 0.000000
vn 0.433877 -0.900972 0.000000
vn 0.478242 -0.878228 0.000000
vn 0.478242 -0.878228 0.000000
vn 0.521449 -0.853282 0.000000
vn 0.521449 -0.853282 0.000000
vn 0.563307 -0.826248 0.000000
vn 0.563307 -0.826248 0.000000
vn 0.603823 -0.797118 0.000000
vn 0.603823 -0.797118 0.000000
vn 0.642785 -0.766046 0.000000
vn 0.642785 -0.766046 0.000000
vn 0.680162 -0.733062 0.000000
vn 0.680162 -0.733062 0.000000
vn 0.715869 -0.698235 0.000000
vn 0.715869 -0.698235 0.000000
vn 0.749774 -0.661694 0.000000
vn 0.749774 -0.661694 0.000000
vn 0.781850 -0.623466 0.000000
vn 0.781850 -0.623466 0.000000
vn 0.811928 -0.583758 0.000000
vn 0.811928 -0.583758 0.000000
vn 0.840023 -0.542551 0.000000
vn 0.840023 -0.542551 0.000000
vn 0.866025 -0.500001 0.000000
vn 0.866025 -0.500001 0.000000
vn 0.889867 -0.456221 0.000000
vn 0.889867 -0.456221 0.000000
vn 0.911517 -0.411261 0.000000
vn 0.911517 -0.411261 0.000000
vn 0.930869 -0.365353 0.000000
vn 0.930869 -0.365353 0.000000
vn 0.947935 -0.318465 0.000000
vn 0.947935 -0.318465 0.000000
vn 0.962614 -0.270878 0.000000
vn 0.962614 -0.270878 0.000000
vn 0.974930 -0.222510 0.000000
vn 0.974930 -0.222510 0.000000
vn 0.984808 -0.173645 0.000000
vn 0.984808 -0.173645 0.000000
vn 0.992240 -0.124335 0.000000
vn 0.992240 -0.124335 0.000000
vn 0.997204 -0.074729 0.000000
vn 0.997204 -0.074729 0.000000
vn 0.999689 -0.024926 0.000000
vn 0.999689 -0.024926 0.000000
vn 0.000000 -1.000000 0.000000
vn 0.000000 -1.000000 -0.000000
vn -0.000000 -1.000000 0.000000
vn 0.024543 -0.999699 0.000000
vn 0.024543 -0.999699 0.000000
vn 0.073573 -0.997290 0.000000
vn 0.073573 -0.997290 0.000000
vn 0.122405 -0.992480 0.000000
vn 0.122405 -0.992480 0.000000
vn 0.170959 -0.985278 0.000000
vn 0.170959 -0.985278 0.000000
vn 0.219102 -0.975702 0.000000
vn 0.219102 -0.975702 0.000000
vn 0.266717 -0.963775 0.000000
vn 0.266717 -0.963775 0.000000
vn 0.313671 -0.949532 0.000000
vn 0.313671 -0.949532 0.000000
vn 0.359898 -0.932992 0.000000
vn 0.359898 -0.932992 0.000000
vn 0.405247 -0.914207 0.000000
vn 0.405247 -0.914207 0.000000
vn 0.449612 -0.893224 0.000000
vn 0.449612 -0.893224 0.000000
vn 0.492898 -0.870087 0.000000
vn 0.492898 -0.870087 0.000000
vn 0.534997 -0.844854 0.000000
vn 0.534997 -0.844854 0.000000
vn 0.575797 -0.817593 0.000000
vn 0.575797 -0.817593 0.000000
vn 0.615240 -0.788340 0.000000
vn 0.615240 -0.788340 0.000000
vn 0.653188 -0.757195 0.000000
vn 0.653188 -0.757195 0.000000
vn 0.689515 -0.724271 0.000000
vn 0.689515 -0.724271 0.000000
vn 0.724249 -0.689539 0.000000
vn 0.724249 -0.689539 0.000000
vn 0.757216 -0.653164 0.000000
vn 0.757216 -0.653164 0.000000
vn 0.788346 -0.615232 0.000000
vn 0.817583 -0.575811 0.000000
vn 0.788346 -0.615232 0.000000
vn 0.817583 -0.575811 0.000000
vn 0.844840 -0.535020 0.000000
vn 0.844840 -0.535020 0.000000
vn 0.870100 -0.492875 0.000000
vn 0.870100 -0.492875 0.000000
vn 0.893230 -0.449600 0.000000
vn 0.893230 -0.449600 0.000000
vn 0.914201 -0.405261 0.000000
vn 0.933000 -0.359876 0.000000
vn 0.914201 -0.405261 0.000000
vn 0.933000 -0.359876 0.000000
vn 0.949529 -0.313680 0.000000
vn 0.949529 -0.313680 0.000000
vn 0.963770 -0.266734 0.000000
vn 0.963770 -0.266734 0.000000
vn 0.975700 -0.219109 0.000000
vn 0.985285 -0.170921 0.000000
vn 0.975700 -0.219109 0.000000
vn 0.985285 -0.170921 0.000000
vn 0.992478 -0.122426 0.000000
vn 0.997291 -0.073554 0.000000
vn 0.992478 -0.122426 0.000000
vn 0.997291 -0.073554 0.000000
vn 0.999698 -0.024560 0.000000
vn 0.999698 -0.024560 0.000000
vn 1.000000 0.000000 0.000000
vn 1.000000 0.000000 0.000000
vn 0.999698 0.024560 0.000000
vn 0.999698 0.024560 0.000000
vn 0.997291 0.073554 0.000000
vn 0.997291 0.073554 0.000000
vn 0.992478 0.122424 0.000000
vn 0.992478 0.122424 0.000000
vn 0.985284 0.170924 0.000000
vn 0.985284 0.170924 0.000000
vn 0.975700 0.219109 0.000000
vn 0.975700 0.219109 0.000000
vn 0.963770 0.266734 0.000000
vn 0.963770 0.266734 0.000000
vn 0.949530 0.313676 0.000000
vn 0.949530 0.313676 0.000000
vn 0.932998 0.359881 0.000000
vn 0.932998 0.359881 0.000000
vn 0.914201 0.405261 0.000000
vn 0.914201 0.405261 0.000000
vn 0.893230 0.449600 -0.000000
vn 0.893230 0.449600 0.000000
vn 0.870100 0.492875 0.000000
vn 0.870100 0.492875 0.000000
vn 0.844840 0.535020 0.000000
vn 0.817583 0.575811 -0.000000
vn 0.844840 0.535020 0.000000
vn 0.817583 0.575811 0.000000
vn 0.788346 0.615232 0.000000
vn 0.788346 0.615232 0.000000
vn 0.757216 0.653164 0.000000
vn 0.757216 0.653164 0.000000
vn 0.724249 0.689539 0.000000
vn 0.724249 0.689539 0.000000
vn 0.689524 0.724263 0.000000
vn 0.689524 0.724263 0.000000
vn 0.653188 0.757195 0.000000
vn 0.653188 0.757195 0.000000
vn 0.615230 0.788348 0.000000
vn 0.615230 0.788348 0.000000
vn 0.575797 0.817593 0.000000
vn 0.575797 0.817593 0.000000
vn 0.534997 0.844854 0.000000
vn 0.492898 0.870087 -0.000000
vn 0.534997 0.844854 0.000000
vn 0.492898 0.870087 0.000000
vn 0.449612 0.893224 0.000000
vn 0.449612 0.893224 0.000000
vn 0.405260 0.914201 0.000000
vn 0.359884 0.932997 -0.000000
vn 0.405260 0.914201 0.000000
vn 0.359884 0.932997 0.000000
vn 0.313671 0.949532 0.000000
vn 0.313671 0.949532 0.000000
vn 0.266731 0.963771 0.000000
vn 0.219088 0.975705 -0.000000
vn 0.266731 0.963771 0.000000
vn 0.219088 0.975705 0.000000
vn 0.170974 0.985276 0.000000
vn 0.170974 0.985276 0.000000
vn 0.122405 0.992480 0.000000
vn 0.073558 0.997291 -0.000000
vn 0.122405 0.992480 0.000000
vn 0.024543 0.999699 -0.000000
vn 0.073558 0.997291 0.000000
vn 0.024543 0.999699 0.000000
vn -0.000000 1.000000 0.000000
vn 0.000000 1.000000 0.000000
vn -0.024608 0.999697 0.000000
vn -0.024608 0.999697 0.000000
vn -0.073797 0.997273 0.000000
vn -0.073797 0.997273 0.000000
vn -0.122768 0.992435 0.000000
vn -0.122768 0.992435 0.000000
vn -0.171477 0.985188 0.000000
vn -0.171477 0.985188 0.000000
vn -0.219760 0.975554 0.000000
vn -0.219760 0.975554 0.000000
vn -0.267498 0.963558 0.000000
vn -0.267498 0.963558 0.000000
vn -0.314605 0.949223 0.000000
vn -0.314605 0.949223 0.000000
vn -0.360934 0.932591 0.000000
vn -0.360934 0.932591 0.000000
vn -0.406392 0.913699 0.000000
vn -0.406392 0.913699 0.000000
vn -0.450880 0.892585 0.000000
vn -0.450880 0.892585 0.000000
vn -0.494259 0.869315 0.000000
vn -0.494259 0.869315 0.000000
vn -0.536458 0.843927 0.000000
vn -0.536458 0.843927 0.000000
vn -0.577329 0.816512 0.000000
vn -0.577329 0.816512 0.000000
vn -0.616805 0.787116 0.000000
vn -0.616805 0.787116 0.000000
vn -0.654797 0.755805 0.000000
vn -0.654797 0.755805 0.000000
vn -0.691210 0.722654 0.000000
vn -0.725941 0.687757 0.000000
vn -0.691210 0.722654 0.000000
vn -0.725941 0.687757 0.000000
vn -0.758913 0.651192 0.000000
vn -0.758913 0.651192 0.000000
vn -0.790036 0.613060 0.000000
vn -0.790036 0.613060 0.000000
vn -0.819272 0.573405 0.000000
vn -0.819272 0.573405 0.000000
vn -0.846482 0.532418 0.000000
vn -0.846482 0.532418 0.000000
vn -0.871648 0.490132 0.000000
vn -0.871648 0.490132 0.000000
vn -0.894725 0.446618 0.000000
vn -0.915615 0.402057 0.000000
vn -0.894725 0.446618 0.000000
vn -0.934319 0.356439 0.000000
vn -0.915615 0.402057 0.000000
vn -0.934319 0.356439 0.000000
vn -0.950697 0.310122 0.000000
vn -0.950697 0.310122 0.000000
vn -0.964826 0.262891 0.000000
vn -0.964826 0.262891 0.000000
vn -0.976592 0.215099 0.000000
vn -0.976592 0.215099 0.000000
vn -0.986000 0.166748 0.000000
vn -0.986000 0.166748 0.000000
vn -0.993003 0.118087 0.000000
vn -0.993003 0.118087 0.000000
vn -0.997617 0.068994 0.000000
vn -0.997617 0.068994 0.000000
vn -0.999802 0.019898 0.000000
vn -0.999802 0.019898 0.000000
vn -0.999568 -0.029382 -0.000000
vn -0.999568 -0.029382 0.000000
vn -0.996911 -0.078539 0.000000
vn -0.996911 -0.078539 0.000000
vn -0.991837 -0.127509 0.000000
vn -0.991837 -0.127509 0.000000
vn -0.984360 -0.176171 0.000000
vn -0.984360 -0.176171 0.000000
vn -0.974498 -0.224397 -0.000000
vn -0.974498 -0.224397 0.000000
vn -0.962262 -0.272125 -0.000000
vn -0.962262 -0.272125 0.000000
vn -0.947715 -0.319118 0.000000
vn -0.947715 -0.319118 -0.000000
vn -0.930866 -0.365360 0.000000
vn -0.930866 -0.365360 0.000000
vn -0.911755 -0.410735 0.000000
vn -0.911755 -0.410735 -0.000000
vn -0.901361 -0.433068 -0.000000
vn -0.901361 -0.433068 0.000000
vn -0.890534 -0.454917 -0.000000
vn -0.890534 -0.454917 0.000000
vn -0.867257 -0.497861 0.000000
vn -0.867257 -0.497861 -0.000000
vn -0.841941 -0.539570 0.000000
vn -0.841941 -0.539570 -0.000000
vn -0.814575 -0.580058 0.000000
vn -0.814575 -0.580058 -0.000000
vn -0.785325 -0.619083 0.000000
vn -0.785325 -0.619083 -0.000000
vn -0.754155 -0.656697 0.000000
vn -0.754155 -0.656697 -0.000000
vn -0.721240 -0.692685 0.000000
vn -0.721240 -0.692685 -0.000000
vn -0.686546 -0.727086 0.000000
vn -0.686546 -0.727086 -0.000000
vn -0.650247 -0.759723 0.000000
vn -0.650247 -0.759723 -0.000000
vn -0.612400 -0.790548 0.000000
vn -0.612400 -0.790548 -0.000000
vn -0.573083 -0.819498 0.000000
vn -0.573083 -0.819498 -0.000000
vn -0.532436 -0.846471 -0.000000
vn -0.532436 -0.846471 0.000000
vn -0.490475 -0.871455 -0.000000
vn -0.490475 -0.871455 0.000000
vn -0.447339 -0.894365 -0.000000
vn -0.447339 -0.894365 0.000000
vn -0.403198 -0.915113 -0.000000
vn -0.403198 -0.915113 0.000000
vn -0.358033 -0.933709 -0.000000
vn -0.358033 -0.933709 0.000000
vn -0.312033 -0.950071 0.000000
vn -0.312033 -0.950071 -0.000000
vn -0.265312 -0.964163 -0.000000
vn -0.265312 -0.964163 0.000000
vn -0.217938 -0.975963 0.000000
vn -0.217938 -0.975963 -0.000000
vn -0.170043 -0.985437 0.000000
vn -0.170043 -0.985437 -0.000000
vn -0.121742 -0.992562 0.000000
vn -0.121742 -0.992562 -0.000000
vn -0.073175 -0.997319 0.000000
vn -0.073175 -0.997319 -0.000000
vn -0.024411 -0.999702 -0.000000
vn -0.024411 -0.999702 0.000000
vn -1.000000 0.000000 0.000000
vn -1.000000 0.000000 0.000000
vn 0.024544 0.999699 0.000000
vn 0.024544 0.999699 0.000000
vn 0.073553 0.997291 0.000000
vn 0.073553 0.997291 0.000000
vn 0.122428 0.992477 0.000000
vn 0.122428 0.992477 0.000000
vn 0.170954 0.985279 0.000000
vn 0.170954 0.985279 0.000000
vn 0.219109 0.975700 0.000000
vn 0.219109 0.975700 0.000000
vn 0.266701 0.963779 0.000000
vn 0.266701 0.963779 0.000000
vn 0.313680 0.949529 0.000000
vn 0.313680 0.949529 0.000000
vn 0.359908 0.932988 0.000000
vn 0.359908 0.932988 0.000000
vn 0.405224 0.914217 0.000000
vn 0.405224 0.914217 0.000000
vn 0.449612 0.893224 0.000000
vn 0.449612 0.893224 0.000000
vn 0.492911 0.870080 0.000000
vn 0.492911 0.870080 0.000000
vn 0.534983 0.844863 0.000000
vn 0.534983 0.844863 0.000000
vn 0.575826 0.817572 0.000000
vn 0.575826 0.817572 0.000000
vn 0.615225 0.788352 0.000000
vn 0.615225 0.788352 0.000000
vn 0.653173 0.757209 0.000000
vn 0.653173 0.757209 0.000000
vn 0.689531 0.724256 0.000000
vn 0.689531 0.724256 0.000000
vn 0.724249 0.689539 0.000000
vn 0.724249 0.689539 0.000000
vn 0.757216 0.653164 0.000000
vn 0.757216 0.653164 0.000000
vn 0.788346 0.615232 0.000000
vn 0.788346 0.615232 0.000000
vn 0.817583 0.575811 0.000000
vn 0.817583 0.575811 0.000000
vn 0.844854 0.534997 0.000000
vn 0.870087 0.492898 -0.000000
vn 0.844854 0.534997 0.000000
vn 0.870087 0.492898 0.000000
vn 0.893230 0.449600 0.000000
vn 0.914201 0.405261 -0.000000
vn 0.893230 0.449600 0.000000
vn 0.933000 0.359876 -0.000000
vn 0.914201 0.405261 0.000000
vn 0.933000 0.359876 0.000000
vn 0.949529 0.313680 0.000000
vn 0.963770 0.266734 -0.000000
vn 0.949529 0.313680 0.000000
vn 0.963770 0.266734 0.000000
vn 0.975707 0.219079 0.000000
vn 0.975707 0.219079 0.000000
vn 0.985274 0.170984 0.000000
vn 0.992482 0.122393 -0.000000
vn 0.985274 0.170984 0.000000
vn 0.992482 0.122393 0.000000
vn 0.997289 0.073585 0.000000
vn 0.997289 0.073585 0.000000
vn 0.999699 0.024528 0.000000
vn 0.999699 0.024528 0.000000
vn -0.000000 -1.000000 -0.000000
vn 0.000000 -1.000000 0.000000
vn 0.999689 0.024926 0.000000
vn 0.999689 0.024926 0.000000
vn 0.997204 0.074730 0.000000
vn 0.997204 0.074730 0.000000
vn 0.992241 0.124332 0.000000
vn 0.992241 0.124332 0.000000
vn 0.984808 0.173645 0.000000
vn 0.984808 0.173645 0.000000
vn 0.974931 0.222509 0.000000
vn 0.974931 0.222509 0.000000
vn 0.962613 0.270879 0.000000
vn 0.947933 0.318470 -0.000000
vn 0.962613 0.270879 0.000000
vn 0.947933 0.318470 0.000000
vn 0.930870 0.365349 0.000000
vn 0.930870 0.365349 0.000000
vn 0.911517 0.411261 0.000000
vn 0.911517 0.411261 0.000000
vn 0.889865 0.456223 0.000000
vn 0.889865 0.456223 0.000000
vn 0.866023 0.500004 0.000000
vn 0.866023 0.500004 0.000000
vn 0.840027 0.542545 0.000000
vn 0.840027 0.542545 0.000000
vn 0.811924 0.583764 0.000000
vn 0.811924 0.583764 0.000000
vn 0.781855 0.623460 0.000000
vn 0.781855 0.623460 0.000000
vn 0.749774 0.661694 0.000000
vn 0.749774 0.661694 0.000000
vn 0.715875 0.698229 0.000000
vn 0.715875 0.698229 0.000000
vn 0.680156 0.733068 0.000000
vn 0.680156 0.733068 0.000000
vn 0.642793 0.766040 0.000000
vn 0.642793 0.766040 0.000000
vn 0.603808 0.797130 0.000000
vn 0.563315 0.826242 -0.000000
vn 0.603808 0.797130 0.000000
vn 0.521440 0.853288 -0.000000
vn 0.563315 0.826242 0.000000
vn 0.521440 0.853288 0.000000
vn 0.478252 0.878223 0.000000
vn 0.478252 0.878223 0.000000
vn 0.433877 0.900972 0.000000
vn 0.433877 0.900972 0.000000
vn 0.388446 0.921471 0.000000
vn 0.388446 0.921471 0.000000
vn 0.342030 0.939689 0.000000
vn 0.342030 0.939689 0.000000
vn 0.294743 0.955577 0.000000
vn 0.294743 0.955577 0.000000
vn 0.246761 0.969076 0.000000
vn 0.246761 0.969076 0.000000
vn 0.198128 0.980176 0.000000
vn 0.198128 0.980176 0.000000
vn 0.149067 0.988827 0.000000
vn 0.149067 0.988827 0.000000
vn 0.099557 0.995032 0.000000
vn 0.099557 0.995032 0.000000
vn 0.049851 0.998757 0.000000
vn 0.049851 0.998757 0.000000
vn 0.000000 1.000000 0.000000
vn -0.049851 0.998757 0.000000
vn -0.000000 1.000000 0.000000
vn -0.049851 0.998757 0.000000
vn -0.099557 0.995032 0.000000
vn -0.099557 0.995032 0.000000
vn -0.149067 0.988827 0.000000
vn -0.149067 0.988827 0.000000
vn -0.198128 0.980176 0.000000
vn -0.198128 0.980176 0.000000
vn -0.246761 0.969076 0.000000
vn -0.246761 0.969076 0.000000
vn -0.294743 0.955577 0.000000
vn -0.294743 0.955577 0.000000
vn -0.342030 0.939689 0.000000
vn -0.342030 0.939689 0.000000
vn -0.388446 0.921471 0.000000
vn -0.388446 0.921471 0.000000
vn -0.433877 0.900972 0.000000
vn -0.433877 0.900972 0.000000
vn -0.478252 0.878223 0.000000
vn -0.478252 0.878223 0.000000
vn -0.521440 0.853288 0.000000
vn -0.521440 0.853288 0.000000
vn -0.563315 0.826242 0.000000
vn -0.563315 0.826242 0.000000
vn -0.603808 0.797130 0.000000
vn -0.603808 0.797130 0.000000
vn -0.642793 0.766040 0.000000
vn -0.642793 0.766040 0.000000
vn -0.680156 0.733068 0.000000
vn -0.680156 0.733068 0.000000
vn -0.715878 0.698226 0.000000
vn -0.715878 0.698226 0.000000
vn -0.749774 0.661694 0.000000
vn -0.749774 0.661694 0.000000
vn -0.781855 0.623460 0.000000
vn -0.781855 0.623460 0.000000
vn -0.811924 0.583764 0.000000
vn -0.811924 0.583764 0.000000
vn -0.840027 0.542545 0.000000
vn -0.840027 0.542545 0.000000
vn -0.866023 0.500004 0.000000
vn -0.866023 0.500004 0.000000
vn -0.889865 0.456223 0.000000
vn -0.889865 0.456223 0.000000
vn -0.911517 0.411261 0.000000
vn -0.911517 0.411261 0.000000
vn -0.930870 0.365349 0.000000
vn -0.930870 0.365349 0.000000
vn -0.947933 0.318470 0.000000
vn -0.947933 0.318470 0.000000
vn -0.962613 0.270879 0.000000
vn -0.962613 0.270879 0.000000
vn -0.974931 0.222509 0.000000
vn -0.974931 0.222509 0.000000
vn -0.984808 0.173645 0.000000
vn -0.984808 0.173645 0.000000
vn -0.992241 0.124332 0.000000
vn -0.992241 0.124332 0.000000
vn -0.997204 0.074730 0.000000
vn -0.997204 0.074730 0.000000
vn -0.999689 0.024926 0.000000
vn -0.999689 0.024926 0.000000
vn -0.999689 -0.024926 -0.000000
vn -0.999689 -0.024926 0.000000
vn -0.997204 -0.074730 -0.000000
vn -0.997204 -0.074730 0.000000
vn -0.992241 -0.124332 -0.000000
vn -0.992241 -0.124332 0.000000
vn -0.984808 -0.173645 -0.000000
vn -0.984808 -0.173645 0.000000
vn -0.974931 -0.222509 -0.000000
vn -0.974931 -0.222509 0.000000
vn -0.962613 -0.270879 -0.000000
vn -0.962613 -0.270879 0.000000
vn -0.947933 -0.318470 -0.000000
vn -0.947933 -0.318470 0.000000
vn -0.930870 -0.365349 -0.000000
vn -0.930870 -0.365349 0.000000
vn -0.911517 -0.411261 -0.000000
vn -0.911517 -0.411261 0.000000
vn -0.889865 -0.456223 -0.000000
vn -0.889865 -0.456223 0.000000
vn -0.866023 -0.500004 0.000000
vn -0.866023 -0.500004 0.000000
vn -0.840027 -0.542545 -0.000000
vn -0.840027 -0.542545 0.000000
vn -0.811924 -0.583764 -0.000000
vn -0.811924 -0.583764 0.000000
vn -0.781855 -0.623460 -0.000000
vn -0.781855 -0.623460 0.000000
vn -0.749774 -0.661694 -0.000000
vn -0.749774 -0.661694 0.000000
vn -0.715878 -0.698226 -0.000000
vn -0.715878 -0.698226 0.000000
vn -0.680156 -0.733068 -0.000000
vn -0.680156 -0.733068 0.000000
vn -0.642793 -0.766040 -0.000000
vn -0.642793 -0.766040 0.000000
vn -0.603808 -0.797130 -0.000000
vn -0.603808 -0.797130 0.000000
vn -0.563315 -0.826242 0.000000
vn -0.563315 -0.826242 -0.000000
vn -0.521440 -0.853288 0.000000
vn -0.521440 -0.853288 -0.000000
vn -0.478252 -0.878223 0.000000
vn -0.478252 -0.878223 -0.000000
vn -0.433877 -0.900972 0.000000
vn -0.433877 -0.900972 -0.000000
vn -0.388446 -0.921471 0.000000
vn -0.388446 -0.921471 -0.000000
vn -0.342030 -0.939689 -0.000000
vn -0.342030 -0.939689 0.000000
vn -0.294743 -0.955577 -0.000000
vn -0.294743 -0.955577 0.000000
vn -0.246761 -0.969076 -0.000000
vn -0.246761 -0.969076 0.000000
vn -0.198128 -0.980176 -0.000000
vn -0.198128 -0.980176 0.000000
vn -0.149067 -0.988827 -0.000000
vn -0.149067 -0.988827 0.000000
vn -0.099557 -0.995032 -0.000000
vn -0.099557 -0.995032 0.000000
vn -0.049851 -0.998757 -0.000000
vn -0.049851 -0.998757 0.000000
vn -0.000000 -1.000000 -0.000000
vn 0.000000 -1.000000 0.000000
vn 0.049851 -0.998757 0.000000
vn 0.049851 -0.998757 0.000000
vn 0.099557 -0.995032 0.000000
vn 0.099557 -0.995032 0.000000
vn 0.149067 -0.988827 0.000000
vn 0.149067 -0.988827 0.000000
vn 0.198128 -0.980176 0.000000
vn 0.198128 -0.980176 0.000000
vn 0.246761 -0.969076 0.000000
vn 0.246761 -0.969076 0.000000
vn 0.294743 -0.955577 0.000000
vn 0.294743 -0.955577 0.000000
vn 0.342030 -0.939689 0.000000
vn 0.342030 -0.939689 0.000000
vn 0.388446 -0.921471 0.000000
vn 0.388446 -0.921471 0.000000
vn 0.433877 -0.900972 0.000000
vn 0.433877 -0.900972 0.000000
vn 0.478252 -0.878223 0.000000
vn 0.478252 -0.878223 0.000000
vn 0.521440 -0.853288 0.000000
vn 0.521440 -0.853288 0.000000
vn 0.563315 -0.826242 0.000000
vn 0.563315 -0.826242 0.000000
vn 0.603808 -0.797130 0.000000
vn 0.603808 -0.797130 0.000000
vn 0.642793 -0.766040 0.000000
vn 0.642793 -0.766040 0.000000
vn 0.680156 -0.733068 0.000000
vn 0.680156 -0.733068 0.000000
vn 0.715875 -0.698229 0.000000
vn 0.715875 -0.698229 0.000000
vn 0.749774 -0.661694 0.000000
vn 0.749774 -0.661694 0.000000
vn 0.781855 -0.623460 0.000000
vn 0.781855 -0.623460 0.000000
vn 0.811924 -0.583764 0.000000
vn 0.811924 -0.583764 0.000000
vn 0.840027 -0.542545 0.000000
vn 0.840027 -0.542545 0.000000
vn 0.866023 -0.500004 0.000000
vn 0.866023 -0.500004 0.000000
vn 0.889865 -0.456223 0.000000
vn 0.889865 -0.456223 0.000000
vn 0.911517 -0.411261 0.000000
vn 0.911517 -0.411261 0.000000
vn 0.930870 -0.365349 0.000000
vn 0.930870 -0.365349 0.000000
vn 0.947933 -0.318470 0.000000
vn 0.947933 -0.318470 0.000000
vn 0.962613 -0.270879 0.000000
vn 0.962613 -0.270879 0.000000
vn 0.974931 -0.222509 0.000000
vn 0.974931 -0.222509 0.000000
vn 0.984808 -0.173645 0.000000
vn 0.984808 -0.173645 0.000000
vn 0.992241 -0.124332 0.000000
vn 0.992241 -0.124332 0.000000
vn 0.997204 -0.074730 0.000000
vn 0.997204 -0.074730 0.000000
vn 0.999689 -0.024926 0.000000
vn 0.999689 -0.024926 0.000000
vn 0.000000 -0.000000 1.000000
vn -0.000000 0.000000 1.000000
vn 0.000000 -0.000000 1.000000
vn -0.000000 0.000000 1.000000
vn 0.000000 -0.000000 1.000000
vn -0.000000 0.000000 1.000000
vn 0.000000 -0.000000 1.000000
vn -0.000000 0.000000 1.000000
vn 0.000000 -0.000000 1.000000
vn -0.000000 0.000000 1.000000
vn 0.000000 -0.000000 1.000000
vn 0.000000 -0.000000 1.000000
vn -0.000000 0.000000 1.000000
vn 0.000000 0.000000 1.000000
vn 0.000000 0.000000 1.000000
vn 0.000000 -0.000000 1.000000
vn -0.000000 -0.000000 1.000000
vn 0.000000 0.000000 1.000000
vn -0.000000 -0.000000 1.000000
vn 0.000000 0.000000 1.000000
vn -0.000000 -0.000000 1.000000
vn 0.000000 0.000000 1.000000
vn 0.000000 0.000000 1.000000
vn 0.000000 0.000000 1.000000
vn 0.000000 -0.000000 1.000000
vn 0.000000 0.000000 1.000000
vn -0.000000 -0.000000 1.000000
vn 0.000000 0.000000 1.000000
vn -0.000000 -0.000000 1.000000
vn -0.000000 0.000000 1.000000
vn 0.000000 0.000000 1.000000
vn -0.000000 0.000000 1.000000
vn 0.000000 -0.000000 1.000000
vn 0.000000 0.000000 1.000000
vn 0.000000 0.000000 1.000000
vn 0.000000 0.000000 1.000000
vn -0.000000 0.000000 1.000000
vn -0.000000 -0.000000 1.000000
vn 0.000000 0.000000 1.000000
vn 0.000000 -0.000000 1.000000
vn 0.000000 0.000000 1.000000
vn 0.000000 0.000000 1.000000
vn 0.000000 0.000000 1.000000
vn 0.000000 0.000000 1.000000
vn -0.000000 0.000000 1.000000
vn 0.000000 0.000000 1.000000
vn -0.000000 -0.000000 1.000000
vn -0.000000 0.000000 1.000000
vn 0.000000 -0.000000 1.000000
vn 0.000000 0.000000 1.000000
vn 0.000000 0.000000 1.000000
vn 0.000000 0.000000 1.000000
vn -0.000000 0.000000 1.000000
vn -0.000000 -0.000000 1.000000
vn 0.000000 0.000000 1.000000
vn -0.000000 0.000000 1.000000
vn 0.000000 0.000000 1.000000
vn 0.000000 0.000000 1.000000
vn 0.000000 0.000000 1.000000
vn 0.000000 0.000000 1.000000
vn 0.000000 -0.000000 1.000000
vn -0.000000 -0.000000 1.000000
vn -0.000000 0.000000 1.000000
vn 0.000000 0.000000 1.000000
vn 0.000000 -0.000000 1.000000
vn 0.000000 0.000000 1.000000
vn 0.000000 0.000000 1.000000
vn 0.000000 0.000000 1.000000
vn 0.000000 0.000000 1.000000
vn -0.000000 0.000000 1.000000
vn -0.000000 -0.000000 1.000000
vn 0.000000 -0.000000 1.000000
vn 0.000000 0.000000 1.000000
vn -0.000000 0.000000 1.000000
vn 0.000000 0.000000 1.000000
vn 0.000000 0.000000 1.000000
vn 0.000000 0.000000 1.000000
vn -0.000000 -0.000000 1.000000
vn -0.000000 0.000000 1.000000
vn 0.000000 -0.000000 1.000000
vn -0.000000 -0.000000 1.000000
vn -0.000000 0.000000 1.000000
vn 0.000000 0.000000 1.000000
vn 0.000000 0.000000 1.000000
vn 0.000000 -0.000000 1.000000
vn -0.000000 0.000000 1.000000
vn 0.000000 -0.000000 1.000000
vn 0.000000 0.000000 1.000000
vn 0.000000 0.000000 1.000000
vn 0.000000 0.000000 1.000000
vn 0.000000 -0.000000 1.000000
vn 0.000000 0.000000 1.000000
vn 0.000000 0.000000 1.000000
vn 0.000000 -0.000000 1.000000
vn 0.000000 0.000000 1.000000
vn 0.000000 0.000000 1.000000
vn 0.000000 0.000000 1.000000
vn 0.000000 0.000000 1.000000
vn -0.000000 0.000000 1.000000
vn 0.000000 -0.000000 1.000000
vn 0.000000 0.000000 1.000000
vn -0.000000 0.000000 1.000000
vn 0.000000 0.000000 1.000000
vn 0.000000 -0.000000 1.000000
vn 0.000000 0.000000 1.000000
vn 0.000000 -0.000000 1.000000
vn 0.000000 0.000000 1.000000
vn -0.000000 0.000000 1.000000
vn 0.000000 -0.000000 1.000000
vn 0.000000 0.000000 1.000000
vn -0.000000 -0.000000 1.000000
vn -0.000000 0.000000 1.000000
vn 0.000000 -0.000000 1.000000
vn 0.000000 0.000000 1.000000
vn -0.000000 -0.000000 1.000000
vn 0.000000 -0.000000 1.000000
vn 0.000000 0.000000 1.000000
vn -0.000000 -0.000000 1.000000
vn -0.000000 -0.000000 1.000000
vn -0.000000 0.000000 1.000000
vn -0.000000 -0.000000 1.000000
vn 0.000000 -0.000000 1.000000
vn 0.000000 0.000000 1.000000
vn 0.000000 0.000000 1.000000
vn -0.000000 -0.000000 1.000000
vn -0.000000 0.000000 1.000000
vn -0.000000 -0.000000 1.000000
vn 0.000000 -0.000000 1.000000
vn 0.000000 0.000000 1.000000
vn 0.000000 0.000000 1.000000
vn -0.000000 -0.000000 1.000000
vn -0.000000 0.000000 1.000000
vn -0.000000 -0.000000 1.000000
vn 0.000000 -0.000000 1.000000
vn 0.000000 0.000000 1.000000
vn -0.000000 -0.000000 1.000000
vn -0.000000 0.000000 1.000000
vn 0.000000 0.000000 1.000000
vn 0.000000 0.000000 1.000000
vn 0.000000 -0.000000 1.000000
vn 0.000000 0.000000 1.000000
vn -0.000000 0.000000 1.000000
vn -0.000000 0.000000 1.000000
vn 0.000000 0.000000 1.000000
vn -0.000000 0.000000 1.000000
vn 0.000000 0.000000 1.000000
vn 0.000000 -0.000000 1.000000
vn 0.000000 0.000000 1.000000
vn 0.000000 0.000000 1.000000
vn -0.000000 0.000000 1.000000
vn -0.000000 0.000000 1.000000
vn 0.000000 0.000000 1.000000
vn 0.000000 -0.000000 1.000000
vn -0.000000 0.000000 1.000000
vn 0.000000 0.000000 1.000000
vn -0.000000 0.000000 1.000000
vn -0.000000 0.000000 1.000000
vn 0.000000 -0.000000 1.000000
vn 0.000000 0.000000 1.000000
vn -0.000000 0.000000 1.000000
vn -0.000000 0.000000 1.000000
vn 0.000000 0.000000 1.000000
vn 0.000000 0.000000 1.000000
vn 0.000000 -0.000000 1.000000
vn 0.000000 0.000000 1.000000
vn -0.000000 0.000000 1.000000
vn -0.000000 0.000000 1.000000
vn -0.000000 0.000000 1.000000
vn 0.000000 -0.000000 1.000000
vn -0.000000 0.000000 1.000000
vn 0.000000 0.000000 1.000000
vn 0.000000 0.000000 1.000000
vn -0.000000 0.000000 1.000000
vn -0.000000 0.000000 1.000000
vn 0.000000 -0.000000 1.000000
vn -0.000000 0.000000 1.000000
vn -0.000000 0.000000 1.000000
vn -0.000000 0.000000 1.000000
vn 0.000000 -0.000000 1.000000
vn -0.000000 0.000000 1.000000
vn -0.000000 0.000000 1.000000
vn 0.000000 0.000000 1.000000
vn 0.000000 0.000000 1.000000
vn -0.000000 0.000000 1.000000
vn 0.000000 0.000000 1.000000
vn 0.000000 0.000000 1.000000
vn 0.000000 0.000000 1.000000
vn 0.000000 0.000000 1.000000
vn 0.000000 0.000000 1.000000
vn -0.000000 0.000000 1.000000
vn 0.000000 0.000000 1.000000
vn -0.000000 0.000000 1.000000
vn 0.000000 0.000000 1.000000
vn 0.000000 0.000000 1.000000
vn 0.000000 0.000000 1.000000
vn 0.000000 0.000000 1.000000
vn -0.000000 0.000000 1.000000
vn 0.000000 0.000000 1.000000
vn 0.000000 0.000000 1.000000
vn 0.000000 0.000000 1.000000
vn 0.000000 0.000000 1.000000
vn 0.000000 -0.000000 1.000000
vn 0.000000 0.000000 1.000000
vn 0.000000 0.000000 1.000000
vn 0.000000 0.000000 1.000000
vn 0.000000 0.000000 1.000000
vn 0.000000 0.000000 1.000000
vn 0.000000 0.000000 1.000000
vn 0.000000 0.000000 1.000000
vn 0.000000 0.000000 1.000000
vn 0.000000 0.000000 1.000000
vn 0.000000 0.000000 1.000000
vn -0.000000 0.000000 1.000000
vn 0.000000 0.000000 1.000000
vn -0.000000 0.000000 1.000000
vn -0.000000 0.000000 1.000000
vn -0.000000 0.000000 1.000000
vn 0.000000 0.000000 1.000000
vn -0.000000 0.000000 1.000000
vn -0.000000 0.000000 1.000000
vn -0.000000 0.000000 1.000000
vn 0.000000 0.000000 1.000000
vn -0.000000 0.000000 1.000000
vn -0.000000 0.000000 1.000000
vn -0.000000 0.000000 1.000000
vn 0.000000 0.000000 1.000000
vn -0.000000 0.000000 1.000000
vn -0.000000 0.000000 1.000000
vn -0.000000 0.000000 1.000000
vn 0.000000 0.000000 1.000000
vn -0.000000 0.000000 1.000000
vn -0.000000 0.000000 1.000000
vn -0.000000 0.000000 1.000000
vn 0.000000 0.000000 1.000000
vn -0.000000 0.000000 1.000000
vn -0.000000 0.000000 1.000000
vn -0.000000 0.000000 1.000000
vn 0.000000 0.000000 1.000000
vn -0.000000 0.000000 1.000000
vn 0.000000 0.000000 1.000000
vn -0.000000 0.000000 1.000000
vn 0.000000 0.000000 1.000000
vn 0.000000 -0.000000 1.000000
vn 0.000000 0.000000 1.000000
vn 0.000000 0.000000 1.000000
vn 0.000000 0.000000 1.000000
vn 0.000000 0.000000 1.000000
vn 0.000000 0.000000 1.000000
vn 0.000000 0.000000 1.000000
vn 0.000000 0.000000 1.000000
vn 0.000000 0.000000 1.000000
vn 0.000000 0.000000 1.000000
vn 0.000000 0.000000 1.000000
vn 0.000000 0.000000 1.000000
vn 0.000000 -0.000000 1.000000
vn 0.000000 0.000000 1.000000
vn 0.000000 0.000000 1.000000
vn -0.000000 0.000000 1.000000
vn 0.000000 0.000000 1.000000
vn 0.000000 -0.000000 1.000000
vn 0.000000 0.000000 1.000000
vn 0.000000 -0.000000 1.000000
vn 0.000000 0.000000 1.000000
vn -0.000000 0.000000 1.000000
vn 0.000000 0.000000 1.000000
vn 0.000000 0.000000 1.000000
vn 0.000000 0.000000 1.000000
vn 0.000000 0.000000 1.000000
vn 0.000000 0.000000 1.000000
vn 0.000000 0.000000 1.000000
vn 0.000000 0.000000 1.000000
vn 0.000000 0.000000 1.000000
vn 0.000000 0.000000 1.000000
vn 0.000000 0.000000 1.000000
vn 0.000000 0.000000 1.000000
vn 0.000000 0.000000 1.000000
vn 0.000000 0.000000 1.000000
vn 0.000000 -0.000000 1.000000
vn 0.000000 0.000000 1.000000
vn 0.000000 -0.000000 1.000000
vn 0.000000 -0.000000 1.000000
vn 0.000000 0.000000 1.000000
vn 0.000000 -0.000000 1.000000
vn 0.000000 0.000000 1.000000
vn 0.000000 0.000000 1.000000
vn 0.000000 0.000000 1.000000
vn 0.000000 -0.000000 1.000000
vn 0.000000 0.000000 1.000000
vn 0.000000 0.000000 1.000000
vn 0.000000 0.000000 1.000000
vn 0.000000 0.000000 1.000000
vn 0.000000 0.000000 1.000000
vn 0.000000 0.000000 1.000000
vn 0.000000 0.000000 1.000000
vn 0.000000 0.000000 1.000000
vn 0.000000 0.000000 1.000000
vn 0.000000 -0.000000 1.000000
vn 0.000000 0.000000 1.000000
vn 0.000000 0.000000 1.000000
vn 0.000000 -0.000000 1.000000
vn 0.000000 0.000000 1.000000
vn 0.000000 0.000000 1.000000
vn 0.000000 0.000000 1.000000
vn 0.000000 0.000000 1.000000
vn 0.000000 0.000000 1.000000
vn 0.000000 0.000000 1.000000
vn 0.000000 -0.000000 1.000000
vn 0.000000 0.000000 1.000000
vn 0.000000 0.000000 1.000000
vn 0.000000 0.000000 1.000000
vn 0.000000 -0.000000 1.000000
vn 0.000000 0.000000 1.000000
vn 0.000000 -0.000000 1.000000
vn 0.000000 0.000000 1.000000
vn 0.000000 0.000000 1.000000
vn 0.000000 0.000000 1.000000
vn 0.000000 -0.000000 1.000000
vn 0.000000 0.000000 1.000000
vn 0.000000 -0.000000 1.000000
vn 0.000000 0.000000 1.000000
vn 0.000000 0.000000 1.000000
vn 0.000000 0.000000 1.000000
vn 0.000000 0.000000 1.000000
vn 0.000000 0.000000 1.000000
vn 0.000000 0.000000 1.000000
vn 0.000000 -0.000000 1.000000
vn 0.000000 0.000000 1.000000
vn 0.000000 -0.000000 1.000000
vn 0.000000 0.000000 1.000000
vn 0.000000 0.000000 1.000000
vn 0.000000 -0.000000 1.000000
vn 0.000000 0.000000 1.000000
vn 0.000000 -0.000000 1.000000
vn 0.000000 0.000000 1.000000
vn 0.000000 0.000000 1.000000
vn 0.000000 0.000000 1.000000
vn 0.000000 -0.000000 1.000000
vn 0.000000 0.000000 1.000000
vn 0.000000 0.000000 1.000000
vn 0.000000 -0.000000 1.000000
vn 0.000000 0.000000 1.000000
vn 0.000000 -0.000000 1.000000
vn 0.000000 -0.000000 1.000000
vn 0.000000 0.000000 1.000000
vn 0.000000 -0.000000 1.000000
vn 0.000000 -0.000000 1.000000
vn 0.000000 0.000000 1.000000
vn 0.000000 -0.000000 1.000000
vn 0.000000 0.000000 1.000000
vn 0.000000 -0.000000 1.000000
vn 0.000000 0.000000 1.000000
vn 0.000000 0.000000 1.000000
vn 0.000000 -0.000000 1.000000
vn 0.000000 0.000000 1.000000
vn 0.000000 0.000000 1.000000
vn 0.000000 -0.000000 1.000000
vn 0.000000 -0.000000 1.000000
vn 0.000000 0.000000 1.000000
vn 0.000000 0.000000 1.000000
vn 0.000000 -0.000000 1.000000
vn 0.000000 -0.000000 1.000000
vn 0.000000 -0.000000 1.000000
vn 0.000000 0.000000 1.000000
vn 0.000000 0.000000 1.000000
vn 0.000000 -0.000000 1.000000
vn 0.000000 0.000000 1.000000
vn 0.000000 0.000000 1.000000
vn 0.000000 0.000000 1.000000
vn 0.000000 0.000000 1.000000
vn 0.000000 0.000000 1.000000
vn 0.000000 0.000000 1.000000
vn 0.000000 0.000000 1.000000
vn 0.000000 0.000000 1.000000
vn 0.000000 0.000000 1.000000
vn 0.000000 0.000000 1.000000
vn 0.000000 0.000000 1.000000
vn 0.000000 0.000000 1.000000
vn 0.000000 0.000000 1.000000
vn 0.000000 -0.000000 1.000000
vn 0.000000 0.000000 1.000000
vn 0.000000 0.000000 1.000000
vn 0.000000 0.000000 1.000000
vn 0.000000 0.000000 1.000000
vn 0.000000 -0.000000 1.000000
vn 0.000000 0.000000 1.000000
vn 0.000000 -0.000000 1.000000
vn 0.000000 0.000000 1.000000
vn 0.000000 0.000000 1.000000
vn 0.000000 0.000000 1.000000
vn 0.000000 0.000000 1.000000
vn 0.000000 0.000000 1.000000
vn 0.000000 0.000000 1.000000
vn 0.000000 -0.000000 1.000000
vn 0.000000 -0.000000 1.000000
vn 0.000000 -0.000000 1.000000
vn 0.000000 -0.000000 1.000000
vn 0.000000 -0.000000 1.000000
vn 0.000000 -0.000000 1.000000
vn 0.000000 0.000000 1.000000
vn 0.000000 -0.000000 1.000000
vn 0.000000 -0.000000 1.000000
vn 0.000000 0.000000 1.000000
vn 0.000000 0.000000 1.000000
vn 0.000000 0.000000 1.000000
vn 0.000000 -0.000000 1.000000
vn 0.000000 -0.000000 1.000000
vn 0.000000 0.000000 1.000000
vn 0.000000 0.000000 1.000000
vn 0.000000 -0.000000 1.000000
vn 0.000000 0.000000 1.000000
vn 0.000000 -0.000000 1.000000
vn 0.000000 0.000000 1.000000
vn 0.000000 0.000000 1.000000
vn 0.000000 0.000000 1.000000
vn 0.000000 -0.000000 1.000000
vn 0.000000 0.000000 1.000000
vn 0.000000 0.000000 1.000000
vn 0.000000 -0.000000 1.000000
vn 0.000000 -0.000000 1.000000
vn 0.000000 0.000000 1.000000
vn 0.000000 0.000000 1.000000
vn 0.000000 0.000000 1.000000
vn 0.000000 -0.000000 1.000000
vn 0.000000 0.000000 1.000000
vn 0.000000 -0.000000 1.000000
vn 0.000000 0.000000 1.000000
vn 0.000000 -0.000000 1.000000
vn 0.000000 0.000000 1.000000
vn 0.000000 0.000000 1.000000
vn 0.000000 -0.000000 1.000000
vn 0.000000 0.000000 1.000000
vn 0.000000 0.000000 1.000000
vn 0.000000 0.000000 1.000000
vn 0.000000 0.000000 1.000000
vn 0.000000 0.000000 1.000000
vn 0.000000 0.000000 1.000000
vn 0.000000 0.000000 1.000000
vn 0.000000 0.000000 1.000000
vn 0.000000 0.000000 1.000000
vn 0.000000 0.000000 1.000000
vn 0.000000 0.000000 1.000000
vn 0.000000 0.000000 1.000000
vn 0.000000 -0.000000 1.000000
vn 0.000000 0.000000 1.000000
vn 0.000000 0.000000 1.000000
vn 0.000000 0.000000 1.000000
vn 0.000000 0.000000 1.000000
vn 0.000000 0.000000 1.000000
vn 0.000000 0.000000 1.000000
vn 0.000000 0.000000 1.000000
vn 0.000000 0.000000 1.000000
vn 0.000000 0.000000 1.000000
vn 0.000000 0.000000 1.000000
vn -0.000000 0.000000 1.000000
vn 0.000000 -0.000000 1.000000
vn 0.000000 0.000000 1.000000
vn 0.000000 0.000000 1.000000
vn 0.000000 0.000000 1.000000
vn 0.000000 0.000000 1.000000
vn 0.000000 0.000000 1.000000
vn 0.000000 0.000000 1.000000
vn 0.000000 0.000000 1.000000
vn 0.000000 0.000000 1.000000
vn 0.000000 0.000000 1.000000
vn 0.000000 0.000000 1.000000
vn 0.000000 0.000000 1.000000
vn 0.000000 0.000000 1.000000
vn 0.000000 -0.000000 1.000000
vn 0.000000 0.000000 1.000000
vn 0.000000 0.000000 1.000000
vn 0.000000 0.000000 1.000000
vn 0.000000 0.000000 1.000000
vn 0.000000 0.000000 1.000000
vn 0.000000 0.000000 1.000000
vn 0.000000 -0.000000 1.000000
vn 0.000000 0.000000 1.000000
vn 0.000000 0.000000 1.000000
vn 0.000000 0.000000 1.000000
vn 0.000000 0.000000 1.000000
vn 0.000000 -0.000000 1.000000
vn 0.000000 0.000000 1.000000
vn 0.000000 -0.000000 1.000000
vn 0.000000 0.000000 1.000000
vn 0.000000 -0.000000 1.000000
vn 0.000000 0.000000 1.000000
vn 0.000000 -0.000000 1.000000
vn 0.000000 0.000000 1.000000
vn 0.000000 -0.000000 1.000000
vn 0.000000 0.000000 1.000000
vn 0.000000 -0.000000 1.000000
vn 0.000000 0.000000 1.000000
vn 0.000000 -0.000000 1.000000
vn 0.000000 -0.000000 1.000000
vn 0.000000 -0.000000 1.000000
vn -0.000000 0.000000 1.000000
vn 0.000000 -0.000000 1.000000
vn -0.000000 0.000000 1.000000
vn 0.000000 -0.000000 1.000000
vn -0.000000 0.000000 1.000000
vn 0.000000 -0.000000 1.000000
vn -0.000000 0.000000 1.000000
vn 0.000000 0.000000 1.000000
vn 0.000000 -0.000000 1.000000
vn -0.000000 0.000000 1.000000
vn 0.000000 0.000000 1.000000
vn 0.000000 -0.000000 1.000000
vn -0.000000 0.000000 1.000000
vn 0.000000 -0.000000 1.000000
vn 0.000000 0.000000 1.000000
vn -0.000000 0.000000 1.000000
vn 0.000000 -0.000000 1.000000
vn 0.000000 0.000000 1.000000
vn -0.000000 0.000000 1.000000
vn 0.000000 0.000000 1.000000
vn 0.000000 -0.000000 1.000000
vn -0.000000 0.000000 1.000000
vn 0.000000 0.000000 1.000000
vn 0.000000 -0.000000 1.000000
vn -0.000000 0.000000 1.000000
vn 0.000000 -0.000000 1.000000
vn -0.000000 0.000000 1.000000
vn 0.000000 0.000000 1.000000
vn 0.000000 -0.000000 1.000000
vn -0.000000 0.000000 1.000000
vn 0.000000 0.000000 1.000000
vn 0.000000 -0.000000 1.000000
vn -0.000000 0.000000 1.000000
vn 0.000000 -0.000000 1.000000
vn -0.000000 0.000000 1.000000
vn 0.000000 0.000000 1.000000
vn 0.000000 -0.000000 1.000000
vn -0.000000 0.000000 1.000000
vn 0.000000 0.000000 1.000000
vn 0.000000 0.000000 1.000000
vn 0.000000 -0.000000 1.000000
vn 0.000000 0.000000 1.000000
vn 0.000000 0.000000 1.000000
vn 0.000000 0.000000 1.000000
vn 0.000000 0.000000 1.000000
vn 0.000000 0.000000 1.000000
vn 0.000000 0.000000 1.000000
vn 0.000000 0.000000 1.000000
vn 0.000000 0.000000 1.000000
vn 0.000000 0.000000 1.000000
vn 0.000000 0.000000 1.000000
vn 0.000000 0.000000 1.000000
vn 0.000000 0.000000 1.000000
vn 0.000000 0.000000 1.000000
vn 0.000000 0.000000 1.000000
vn 0.000000 0.000000 1.000000
vn 0.000000 0.000000 1.000000
vn 0.000000 0.000000 1.000000
vn 0.000000 0.000000 1.000000
vn 0.000000 0.000000 1.000000
vn 0.000000 0.000000 1.000000
vn 0.000000 0.000000 1.000000
vn 0.000000 0.000000 1.000000
vn 0.000000 0.000000 1.000000
vn 0.000000 0.000000 1.000000
vn 0.000000 0.000000 1.000000
vn 0.000000 0.000000 1.000000
vn 0.000000 0.000000 1.000000
vn 0.000000 0.000000 1.000000
vn 0.000000 0.000000 1.000000
vn 0.000000 0.000000 1.000000
vn 0.000000 0.000000 1.000000
vn 0.000000 0.000000 1.000000
vn 0.000000 0.000000 1.000000
vn 0.000000 0.000000 1.000000
vn 0.000000 0.000000 1.000000
vn 0.000000 0.000000 1.000000
vn 0.000000 0.000000 1.000000
vn 0.000000 0.000000 1.000000
vn 0.000000 0.000000 1.000000
vn 0.000000 0.000000 1.000000
vn 0.000000 0.000000 1.000000
vn 0.000000 0.000000 1.000000
vn 0.000000 0.000000 1.000000
vn 0.000000 0.000000 1.000000
vn 0.000000 0.000000 1.000000
vn 0.000000 0.000000 1.000000
vn 0.000000 0.000000 1.000000
vn 0.000000 0.000000 1.000000
vn 0.000000 0.000000 1.000000
vn 0.000000 0.000000 1.000000
vn 0.000000 0.000000 1.000000
vn 0.000000 0.000000 1.000000
vn 0.000000 0.000000 1.000000
vn 0.000000 0.000000 1.000000
vn 0.000000 0.000000 1.000000
vn 0.000000 0.000000 1.000000
vn 0.000000 0.000000 1.000000
vn 0.000000 0.000000 1.000000
vn 0.000000 0.000000 1.000000
vn 0.000000 0.000000 1.000000
vn 0.000000 0.000000 1.000000
vn 0.000000 0.000000 1.000000
vn 0.000000 0.000000 1.000000
vn 0.000000 0.000000 1.000000
vn 0.000000 0.000000 1.000000
vn 0.000000 0.000000 1.000000
vn 0.000000 0.000000 1.000000
vn 0.000000 0.000000 1.000000
vn 0.000000 0.000000 1.000000
vn 0.000000 0.000000 1.000000
vn 0.000000 0.000000 1.000000
vn 0.000000 -0.000000 1.000000
vn 0.000000 0.000000 1.000000
vn 0.000000 0.000000 1.000000
vn 0.000000 0.000000 1.000000
vn 0.000000 0.000000 1.000000
vn 0.000000 0.000000 1.000000
vn 0.000000 0.000000 1.000000
vn 0.000000 0.000000 1.000000
vn 0.000000 0.000000 1.000000
vn 0.000000 0.000000 1.000000
vn 0.000000 0.000000 1.000000
vn 0.000000 0.000000 1.000000
vn 0.000000 0.000000 1.000000
vn 0.000000 0.000000 1.000000
vn 0.000000 0.000000 1.000000
vn 0.000000 0.000000 1.000000
vn 0.000000 0.000000 1.000000
vn 0.000000 0.000000 1.000000
vn 0.000000 0.000000 1.000000
vn 0.000000 0.000000 1.000000
vn 0.000000 0.000000 1.000000
vn 0.000000 0.000000 1.000000
vn 0.000000 0.000000 1.000000
vn 0.000000 0.000000 1.000000
vn 0.000000 0.000000 1.000000
vn 0.000000 0.000000 1.000000
vn 0.000000 0.000000 1.000000
vn 0.000000 0.000000 1.000000
vn 0.000000 0.000000 1.000000
vn 0.000000 0.000000 1.000000
vn 0.000000 0.000000 1.000000
vn 0.000000 0.000000 1.000000
vn 0.000000 0.000000 1.000000
vn 0.000000 0.000000 1.000000
vn 0.000000 0.000000 1.000000
vn 0.000000 0.000000 1.000000
vn 0.000000 0.000000 1.000000
vn 0.000000 0.000000 1.000000
vn 0.000000 0.000000 1.000000
vn 0.000000 0.000000 1.000000
vn 0.000000 0.000000 1.000000
vn -0.000000 0.000000 1.000000
vn 0.000000 0.000000 1.000000
vn 0.000000 0.000000 1.000000
vn 0.000000 -0.000000 1.000000
vn -0.000000 0.000000 1.000000
vn 0.000000 0.000000 1.000000
vn 0.000000 -0.000000 1.000000
vn 0.000000 0.000000 1.000000
vn -0.000000 0.000000 1.000000
vn 0.000000 0.000000 1.000000
vn 0.000000 -0.000000 1.000000
vn 0.000000 0.000000 1.000000
vn -0.000000 0.000000 1.000000
vn 0.000000 0.000000 1.000000
vn 0.000000 -0.000000 1.000000
vn 0.000000 0.000000 1.000000
vn 0.000000 -0.000000 1.000000
vn 0.000000 0.000000 1.000000
vn -0.000000 0.000000 1.000000
vn 0.000000 0.000000 1.000000
vn 0.000000 0.000000 1.000000
vn 0.000000 -0.000000 1.000000
vn -0.000000 0.000000 1.000000
vn 0.000000 0.000000 1.000000
vn 0.000000 0.000000 1.000000
vn 0.000000 -0.000000 1.000000
vn -0.000000 0.000000 1.000000
vn 0.000000 0.000000 1.000000
vn 0.000000 -0.000000 1.000000
vn 0.000000 0.000000 1.000000
vn -0.000000 0.000000 1.000000
vn 0.000000 0.000000 1.000000
vn 0.000000 -0.000000 1.000000
vn 0.000000 0.000000 1.000000
vn 0.000000 0.000000 1.000000
vn -0.000000 0.000000 1.000000
vn 0.000000 0.000000 1.000000
vn 0.000000 -0.000000 1.000000
vn 0.000000 0.000000 1.000000
vn -0.000000 0.000000 1.000000
vn 0.000000 0.000000 1.000000
vn 0.000000 -0.000000 1.000000
vn 0.000000 0.000000 1.000000
vn -0.000000 0.000000 1.000000
vn 0.000000 0.000000 1.000000
vn 0.000000 -0.000000 1.000000
vn 0.000000 0.000000 1.000000
vn -0.000000 0.000000 1.000000
vn 0.000000 0.000000 1.000000
vn 0.000000 -0.000000 1.000000
vn -0.000000 0.000000 1.000000
vn 0.000000 0.000000 1.000000
vn 0.000000 0.000000 1.000000
vn 0.000000 -0.000000 1.000000
vn -0.000000 0.000000 1.000000
vn 0.000000 0.000000 1.000000
vn 0.000000 0.000000 1.000000
vn 0.000000 -0.000000 1.000000
vn 0.000000 0.000000 1.000000
vn -0.000000 0.000000 1.000000
vn -0.000000 0.000000 1.000000
vn 0.000000 -0.000000 1.000000
vn 0.000000 0.000000 1.000000
vn 0.000000 0.000000 1.000000
vn 0.000000 0.000000 -1.000000
vn -0.000000 0.000000 -1.000000
vn 0.000000 1.000000 -0.000000
vn 0.000000 1.000000 0.000000
vn 1.000000 0.000000 0.000000
vn 1.000000 0.000000 0.000000
vn 1.000000 0.000000 0.000000
vn 1.000000 0.000000 0.000000
vn -0.000000 1.000000 0.000000
vn 0.000000 1.000000 0.000000
vn -1.000000 0.000000 -0.000000
vn -1.000000 0.000000 -0.000000
vn -1.000000 0.000000 0.000000
vn -1.000000 0.000000 0.000000
vn 0.000000 1.000000 -0.000000
vn 0.000000 1.000000 0.000000
vn 0.000000 0.000000 -1.000000
vn 0.000000 0.000000 -1.000000
vn 0.000000 0.000000 -1.000000
vn 0.000000 0.000000 -1.000000
vn 0.000000 0.000000 -1.000000
vn 0.000000 0.000000 -1.000000
vn 0.000000 0.000000 -1.000000
vn -0.000000 0.000000 -1.000000
vn -0.000000 0.000000 -1.000000
vn -0.000000 0.000000 -1.000000
vn -0.000000 0.000000 -1.000000
vn -0.000000 0.000000 -1.000000
vn -0.000000 0.000000 -1.000000
vn -0.000000 0.000000 -1.000000
vn -0.000000 0.000000 -1.000000
vn -0.000000 0.000000 -1.000000
vn -0.000000 0.000000 -1.000000
vn -0.000000 0.000000 -1.000000
vn -0.000000 -0.000000 -1.000000
vn -0.000000 -0.000000 -1.000000
vn -0.000000 -0.000000 -1.000000
vn -0.000000 -0.000000 -1.000000
vn -0.000000 -0.000000 -1.000000
vn -0.000000 -0.000000 -1.000000
vn -0.000000 -0.000000 -1.000000
vn -0.000000 -0.000000 -1.000000
vn -0.000000 -0.000000 -1.000000
vn -0.000000 -0.000000 -1.000000
vn 0.000000 0.000000 -1.000000
vn -0.000000 0.000000 -1.000000
vn -0.000000 0.000000 -1.000000
vn -0.000000 0.000000 -1.000000
vn -0.000000 0.000000 -1.000000
vn -0.000000 0.000000 -1.000000
vn -0.000000 0.000000 -1.000000
vn -0.000000 0.000000 -1.000000
vn -0.000000 0.000000 -1.000000
vn -0.000000 0.000000 -1.000000
vn -0.000000 0.000000 -1.000000
vn -0.000000 0.000000 -1.000000
vn 0.000000 0.000000 -1.000000
vn 0.000000 0.000000 -1.000000
vn -0.000000 0.000000 -1.000000
vn 0.000000 0.000000 -1.000000
vn -0.000000 0.000000 -1.000000
vn 0.000000 0.000000 -1.000000
vn 0.000000 0.000000 -1.000000
vn -0.000000 0.000000 -1.000000
vn 0.000000 0.000000 -1.000000
vn -0.000000 0.000000 -1.000000
vn 0.000000 0.000000 -1.000000
vn -0.000000 0.000000 -1.000000
vn 0.000000 0.000000 -1.000000
vn -0.000000 0.000000 -1.000000
vn -0.000000 0.000000 -1.000000
vn -0.000000 0.000000 -1.000000
vn -0.000000 0.000000 -1.000000
vn 0.000000 0.000000 -1.000000
vn 0.000000 0.000000 -1.000000
vn 0.000000 0.000000 -1.000000
vn 0.000000 0.000000 -1.000000
vn -0.000000 0.000000 -1.000000
vn 0.000000 0.000000 -1.000000
vn -0.000000 0.000000 -1.000000
vn -0.000000 0.000000 -1.000000
vn 0.000000 0.000000 -1.000000
vn 0.000000 0.000000 -1.000000
vn -0.000000 0.000000 -1.000000
vn -0.000000 0.000000 -1.000000
vn 0.000000 0.000000 -1.000000
vn -0.000000 0.000000 -1.000000
vn 0.000000 0.000000 -1.000000
vn 0.000000 0.000000 -1.000000
vn -0.000000 0.000000 -1.000000
vn -0.000000 0.000000 -1.000000
vn -0.000000 0.000000 -1.000000
vn 0.000000 0.000000 -1.000000
vn 0.000000 0.000000 -1.000000
vn -0.000000 0.000000 -1.000000
vn 0.000000 0.000000 -1.000000
vn 0.000000 0.000000 -1.000000
vn -0.000000 0.000000 -1.000000
vn 0.000000 0.000000 -1.000000
vn -0.000000 0.000000 -1.000000
vn -0.000000 0.000000 -1.000000
vn 0.000000 0.000000 -1.000000
vn -0.000000 0.000000 -1.000000
vn 0.000000 0.000000 -1.000000
vn 0.000000 0.000000 -1.000000
vn -0.000000 0.000000 -1.000000
vn -0.000000 0.000000 -1.000000
vn 0.000000 0.000000 -1.000000
vn -0.000000 0.000000 -1.000000
vn -0.000000 0.000000 -1.000000
vn 0.000000 0.000000 -1.000000
vn 0.000000 0.000000 -1.000000
vn -0.000000 0.000000 -1.000000
vn 0.000000 0.000000 -1.000000
vn 0.000000 0.000000 -1.000000
vn -0.000000 0.000000 -1.000000
vn -0.000000 0.000000 -1.000000
vn 0.000000 0.000000 -1.000000
vn 0.000000 0.000000 -1.000000
vn 0.000000 0.000000 -1.000000
vn -0.000000 0.000000 -1.000000
vn 0.000000 0.000000 -1.000000
vn 0.000000 0.000000 -1.000000
vn -0.000000 0.000000 -1.000000
vn 0.000000 0.000000 -1.000000
vn -0.000000 0.000000 -1.000000
vn 0.000000 0.000000 -1.000000
vn -0.000000 0.000000 -1.000000
vn 0.000000 -0.000000 -1.000000
vn 0.000000 -0.000000 -1.000000
vn -0.000000 0.000000 -1.000000
vn 0.000000 0.000000 -1.000000
vn 0.000000 0.000000 -1.000000
vn -0.000000 0.000000 -1.000000
vn 0.000000 0.000000 -1.000000
vn 0.000000 0.000000 -1.000000
vn -0.000000 0.000000 -1.000000
vn 0.000000 -0.000000 -1.000000
vn 0.000000 0.000000 -1.000000
vn 0.000000 0.000000 -1.000000
vn 0.000000 -0.000000 -1.000000
vn -0.000000 0.000000 -1.000000
vn 0.000000 0.000000 -1.000000
vn 0.000000 0.000000 -1.000000
vn 0.000000 -0.000000 -1.000000
vn -0.000000 0.000000 -1.000000
vn 0.000000 0.000000 -1.000000
vn 0.000000 0.000000 -1.000000
vn 0.000000 -0.000000 -1.000000
vn -0.000000 0.000000 -1.000000
vn 0.000000 0.000000 -1.000000
vn 0.000000 0.000000 -1.000000
vn -0.000000 0.000000 -1.000000
vn 0.000000 -0.000000 -1.000000
vn 0.000000 0.000000 -1.000000
vn 0.000000 0.000000 -1.000000
vn -0.000000 0.000000 -1.000000
vn 0.000000 -0.000000 -1.000000
vn 0.000000 0.000000 -1.000000
vn 0.000000 0.000000 -1.000000
vn 0.000000 -0.000000 -1.000000
vn -0.000000 0.000000 -1.000000
vn 0.000000 0.000000 -1.000000
vn 0.000000 0.000000 -1.000000
vn 0.000000 -0.000000 -1.000000
vn -0.000000 0.000000 -1.000000
vn 0.000000 0.000000 -1.000000
vn 0.000000 0.000000 -1.000000
vn 0.000000 -0.000000 -1.000000
vn -0.000000 0.000000 -1.000000
vn 0.000000 0.000000 -1.000000
vn 0.000000 0.000000 -1.000000
vn 0.000000 -0.000000 -1.000000
vn -0.000000 0.000000 -1.000000
vn 0.000000 0.000000 -1.000000
vn 0.000000 0.000000 -1.000000
vn 0.000000 -0.000000 -1.000000
vn -0.000000 0.000000 -1.000000
vn 0.000000 0.000000 -1.000000
vn 0.000000 0.000000 -1.000000
vn 0.000000 -0.000000 -1.000000
vn -0.000000 0.000000 -1.000000
vn 0.000000 0.000000 -1.000000
vn -0.000000 0.000000 -1.000000
vn 0.000000 0.000000 -1.000000
vn 0.000000 0.000000 -1.000000
vn -0.000000 0.000000 -1.000000
vn 0.000000 -0.000000 -1.000000
vn -0.000000 0.000000 -1.000000
vn 0.000000 0.000000 -1.000000
vn 0.000000 -0.000000 -1.000000
vn -0.000000 0.000000 -1.000000
vn 0.000000 0.000000 -1.000000
vn 0.000000 0.000000 -1.000000
vn 0.000000 -0.000000 -1.000000
vn 0.000000 -0.000000 -1.000000
vn -0.000000 0.000000 -1.000000
vn 0.000000 0.000000 -1.000000
vn 0.000000 0.000000 -1.000000
vn -0.000000 0.000000 -1.000000
vn 0.000000 0.000000 -1.000000
vn 0.000000 0.000000 -1.000000
vn 0.000000 0.000000 -1.000000
vn 0.000000 -0.000000 -1.000000
vn -0.000000 0.000000 -1.000000
vn 0.000000 0.000000 -1.000000
vn 0.000000 0.000000 -1.000000
vn 0.000000 -0.000000 -1.000000
vn -0.000000 0.000000 -1.000000
vn 0.000000 0.000000 -1.000000
vn 0.000000 -0.000000 -1.000000
vn -0.000000 0.000000 -1.000000
vn 0.000000 0.000000 -1.000000
vn 0.000000 0.000000 -1.000000
vn 0.000000 -0.000000 -1.000000
vn -0.000000 0.000000 -1.000000
vn 0.000000 0.000000 -1.000000
vn 0.000000 0.000000 -1.000000
vn 0.000000 -0.000000 -1.000000
vn -0.000000 0.000000 -1.000000
vn 0.000000 0.000000 -1.000000
vn 0.000000 0.000000 -1.000000
vn 0.000000 -0.000000 -1.000000
vn -0.000000 0.000000 -1.000000
vn 0.000000 0.000000 -1.000000
vn 0.000000 0.000000 -1.000000
vn 0.000000 -0.000000 -1.000000
vn 0.000000 -0.000000 -1.000000
vn -0.000000 0.000000 -1.000000
vn 0.000000 0.000000 -1.000000
vn 0.000000 0.000000 -1.000000
vn -0.000000 0.000000 -1.000000
vn 0.000000 0.000000 -1.000000
vn 0.000000 0.000000 -1.000000
vn 0.000000 -0.000000 -1.000000
vn -0.000000 0.000000 -1.000000
vn 0.000000 0.000000 -1.000000
vn 0.000000 0.000000 -1.000000
vn 0.000000 -0.000000 -1.000000
vn -0.000000 0.000000 -1.000000
vn 0.000000 0.000000 -1.000000
vn -0.000000 0.000000 -1.000000
vn 0.000000 0.000000 -1.000000
vn -0.000000 0.000000 -1.000000
vn 0.000000 0.000000 -1.000000
vn -0.000000 0.000000 -1.000000
vn 0.000000 0.000000 -1.000000
vn -0.000000 0.000000 -1.000000
vn 0.000000 0.000000 -1.000000
vn 0.000000 0.000000 -1.000000
vn -0.000000 0.000000 -1.000000
vn -0.000000 0.000000 -1.000000
vn 0.000000 0.000000 -1.000000
vn -0.000000 0.000000 -1.000000
vn -0.000000 0.000000 -1.000000
vn 0.000000 0.000000 -1.000000
vn -0.000000 0.000000 -1.000000
vn 0.000000 0.000000 -1.000000
vn -0.000000 0.000000 -1.000000
vn 0.000000 0.000000 -1.000000
vn 0.000000 0.000000 -1.000000
vn -0.000000 0.000000 -1.000000
vn -0.000000 0.000000 -1.000000
vn -0.000000 0.000000 -1.000000
vn 0.000000 0.000000 -1.000000
vn 0.000000 0.000000 -1.000000
vn -0.000000 0.000000 -1.000000
vn -0.000000 0.000000 -1.000000
vn 0.000000 0.000000 -1.000000
vn 0.000000 0.000000 -1.000000
vn -0.000000 0.000000 -1.000000
vn 0.000000 0.000000 -1.000000
vn 0.000000 0.000000 -1.000000
vn -0.000000 0.000000 -1.000000
vn 0.000000 0.000000 -1.000000
vn -0.000000 0.000000 -1.000000
vn -0.000000 0.000000 -1.000000
vn 0.000000 0.000000 -1.000000
vn -0.000000 0.000000 -1.000000
vn 0.000000 0.000000 -1.000000
vn 0.000000 0.000000 -1.000000
vn -0.000000 0.000000 -1.000000
vn 0.000000 0.000000 -1.000000
vn -0.000000 0.000000 -1.000000
vn 0.000000 0.000000 -1.000000
vn -0.000000 0.000000 -1.000000
vn 0.000000 0.000000 -1.000000
vn -0.000000 0.000000 -1.000000
vn 0.000000 0.000000 -1.000000
vn -0.000000 0.000000 -1.000000
vn -0.000000 0.000000 -1.000000
vn -0.000000 0.000000 -1.000000
vn 0.000000 0.000000 -1.000000
vn 0.000000 0.000000 -1.000000
vn -0.000000 0.000000 -1.000000
vn 0.000000 0.000000 -1.000000
vn 0.000000 0.000000 -1.000000
vn -0.000000 0.000000 -1.000000
vn -0.000000 0.000000 -1.000000
vn 0.000000 0.000000 -1.000000
vn -0.000000 0.000000 -1.000000
vn -0.000000 0.000000 -1.000000
vn 0.000000 0.000000 -1.000000
vn -0.000000 0.000000 -1.000000
vn 0.000000 0.000000 -1.000000
vn 0.000000 0.000000 -1.000000
vn -0.000000 0.000000 -1.000000
vn -0.000000 0.000000 -1.000000
vn 0.000000 0.000000 -1.000000
vn 0.000000 0.000000 -1.000000
vn 0.000000 0.707108 -0.707106
vn 0.000000 0.707108 -0.707106
vn 0.000000 1.000000 -0.000000
vn 0.000000 1.000000 0.000000
vn 0.000000 0.000000 -1.000000
vn -0.000000 0.000000 -1.000000
vn 0.000000 -1.000000 0.000000
vn 0.000000 -1.000000 0.000000
vn 0.000000 0.000000 -1.000000
vn -0.000000 0.000000 -1.000000
vn 0.000000 -0.707108 -0.707106
vn 0.000000 -0.707108 -0.707106
vn -0.000000 0.000000 -1.000000
vn 0.000000 0.000000 -1.000000
vn -0.000000 0.000000 -1.000000
vn 0.000000 0.000000 -1.000000
vn 0.000000 0.000000 -1.000000
vn -0.000000 0.000000 -1.000000
vn 0.000000 0.000000 -1.000000
vn -0.000000 0.000000 -1.000000
vn 0.000000 0.000000 -1.000000
vn -0.000000 0.000000 -1.000000
vn 0.000000 0.000000 -1.000000
vn -0.000000 0.000000 -1.000000
vn -0.000000 0.000000 -1.000000
vn -0.000000 0.000000 -1.000000
vn -0.000000 0.000000 -1.000000
vn 0.000000 0.000000 -1.000000
vn 0.000000 0.000000 -1.000000
vn 0.000000 0.000000 -1.000000
vn 0.000000 0.000000 -1.000000
vn -0.000000 0.000000 -1.000000
vn 0.000000 0.000000 -1.000000
vn -0.000000 0.000000 -1.000000
vn -0.000000 0.000000 -1.000000
vn 0.000000 0.000000 -1.000000
vn 0.000000 0.000000 -1.000000
vn -0.000000 0.000000 -1.000000
vn -0.000000 0.000000 -1.000000
vn 0.000000 0.000000 -1.000000
vn -0.000000 0.000000 -1.000000
vn 0.000000 0.000000 -1.000000
vn 0.000000 0.000000 -1.000000
vn -0.000000 0.000000 -1.000000
vn -0.000000 0.000000 -1.000000
vn -0.000000 0.000000 -1.000000
vn 0.000000 0.000000 -1.000000
vn 0.000000 0.000000 -1.000000
vn -0.000000 0.000000 -1.000000
vn 0.000000 0.000000 -1.000000
vn 0.000000 0.000000 -1.000000
vn -0.000000 0.000000 -1.000000
vn 0.000000 0.000000 -1.000000
vn -0.000000 0.000000 -1.000000
vn -0.000000 0.000000 -1.000000
vn 0.000000 0.000000 -1.000000
vn -0.000000 0.000000 -1.000000
vn 0.000000 0.000000 -1.000000
vn 0.000000 0.000000 -1.000000
vn -0.000000 0.000000 -1.000000
vn -0.000000 0.000000 -1.000000
vn 0.000000 0.000000 -1.000000
vn -0.000000 0.000000 -1.000000
vn -0.000000 0.000000 -1.000000
vn 0.000000 0.000000 -1.000000
vn 0.000000 0.000000 -1.000000
vn -0.000000 0.000000 -1.000000
vn 0.000000 0.000000 -1.000000
vn 0.000000 0.000000 -1.000000
vn -0.000000 0.000000 -1.000000
vn -0.000000 0.000000 -1.000000
vn 0.000000 0.000000 -1.000000
vn 0.000000 0.000000 -1.000000
vn 0.000000 0.000000 -1.000000
vn -0.000000 0.000000 -1.000000
vn 0.000000 0.000000 -1.000000
vn 0.000000 0.000000 -1.000000
vn -0.000000 0.000000 -1.000000
vn 0.000000 0.000000 -1.000000
vn -0.000000 0.000000 -1.000000
vn 0.000000 0.000000 -1.000000
vn -0.000000 0.000000 -1.000000
vn 0.000000 -0.000000 -1.000000
vn 0.000000 -0.000000 -1.000000
vn -0.000000 0.000000 -1.000000
vn 0.000000 0.000000 -1.000000
vn 0.000000 0.000000 -1.000000
vn -0.000000 0.000000 -1.000000
vn 0.000000 0.000000 -1.000000
vn 0.000000 0.000000 -1.000000
vn -0.000000 0.000000 -1.000000
vn 0.000000 -0.000000 -1.000000
vn 0.000000 0.000000 -1.000000
vn 0.000000 0.000000 -1.000000
vn 0.000000 -0.000000 -1.000000
vn -0.000000 0.000000 -1.000000
vn 0.000000 0.000000 -1.000000
vn 0.000000 0.000000 -1.000000
vn 0.000000 -0.000000 -1.000000
vn -0.000000 0.000000 -1.000000
vn 0.000000 0.000000 -1.000000
vn 0.000000 0.000000 -1.000000
vn 0.000000 -0.000000 -1.000000
vn -0.000000 0.000000 -1.000000
vn 0.000000 0.000000 -1.000000
vn 0.000000 0.000000 -1.000000
vn -0.000000 0.000000 -1.000000
vn 0.000000 -0.000000 -1.000000
vn 0.000000 0.000000 -1.000000
vn 0.000000 0.000000 -1.000000
vn -0.000000 0.000000 -1.000000
vn 0.000000 -0.000000 -1.000000
vn 0.000000 0.000000 -1.000000
vn 0.000000 0.000000 -1.000000
vn 0.000000 -0.000000 -1.000000
vn -0.000000 0.000000 -1.000000
vn 0.000000 0.000000 -1.000000
vn 0.000000 0.000000 -1.000000
vn 0.000000 -0.000000 -1.000000
vn -0.000000 0.000000 -1.000000
vn 0.000000 0.000000 -1.000000
vn 0.000000 0.000000 -1.000000
vn 0.000000 -0.000000 -1.000000
vn -0.000000 0.000000 -1.000000
vn 0.000000 0.000000 -1.000000
vn 0.000000 0.000000 -1.000000
vn 0.000000 -0.000000 -1.000000
vn -0.000000 0.000000 -1.000000
vn 0.000000 0.000000 -1.000000
vn 0.000000 0.000000 -1.000000
vn 0.000000 -0.000000 -1.000000
vn -0.000000 0.000000 -1.000000
vn 0.000000 0.000000 -1.000000
vn 0.000000 0.000000 -1.000000
vn 0.000000 -0.000000 -1.000000
vn -0.000000 0.000000 -1.000000
vn 0.000000 0.000000 -1.000000
vn -0.000000 0.000000 -1.000000
vn 0.000000 0.000000 -1.000000
vn 0.000000 0.000000 -1.000000
vn -0.000000 0.000000 -1.000000
vn 0.000000 -0.000000 -1.000000
vn -0.000000 0.000000 -1.000000
vn 0.000000 0.000000 -1.000000
vn 0.000000 -0.000000 -1.000000
vn -0.000000 0.000000 -1.000000
vn 0.000000 0.000000 -1.000000
vn 0.000000 0.000000 -1.000000
vn 0.000000 -0.000000 -1.000000
vn 0.000000 -0.000000 -1.000000
vn -0.000000 0.000000 -1.000000
vn 0.000000 0.000000 -1.000000
vn 0.000000 0.000000 -1.000000
vn -0.000000 0.000000 -1.000000
vn 0.000000 0.000000 -1.000000
vn 0.000000 0.000000 -1.000000
vn 0.000000 0.000000 -1.000000
vn 0.000000 -0.000000 -1.000000
vn -0.000000 0.000000 -1.000000
vn 0.000000 0.000000 -1.000000
vn 0.000000 0.000000 -1.000000
vn 0.000000 -0.000000 -1.000000
vn -0.000000 0.000000 -1.000000
vn 0.000000 0.000000 -1.000000
vn 0.000000 -0.000000 -1.000000
vn -0.000000 0.000000 -1.000000
vn 0.000000 0.000000 -1.000000
vn 0.000000 0.000000 -1.000000
vn 0.000000 -0.000000 -1.000000
vn -0.000000 0.000000 -1.000000
vn 0.000000 0.000000 -1.000000
vn 0.000000 0.000000 -1.000000
vn 0.000000 -0.000000 -1.000000
vn -0.000000 0.000000 -1.000000
vn 0.000000 0.000000 -1.000000
vn 0.000000 0.000000 -1.000000
vn 0.000000 -0.000000 -1.000000
vn -0.000000 0.000000 -1.000000
vn 0.000000 0.000000 -1.000000
vn 0.000000 0.000000 -1.000000
vn 0.000000 -0.000000 -1.000000
vn 0.000000 -0.000000 -1.000000
vn -0.000000 0.000000 -1.000000
vn 0.000000 0.000000 -1.000000
vn 0.000000 0.000000 -1.000000
vn -0.000000 0.000000 -1.000000
vn 0.000000 0.000000 -1.000000
vn 0.000000 0.000000 -1.000000
vn 0.000000 -0.000000 -1.000000
vn -0.000000 0.000000 -1.000000
vn 0.000000 0.000000 -1.000000
vn 0.000000 0.000000 -1.000000
vn 0.000000 -0.000000 -1.000000
vn -0.000000 0.000000 -1.000000
vn 0.000000 0.000000 -1.000000
vn -0.000000 0.000000 -1.000000
vn 0.000000 0.000000 -1.000000
vn -0.000000 0.000000 -1.000000
vn 0.000000 0.000000 -1.000000
vn -0.000000 0.000000 -1.000000
vn 0.000000 0.000000 -1.000000
vn -0.000000 0.000000 -1.000000
vn 0.000000 0.000000 -1.000000
vn 0.000000 0.000000 -1.000000
vn -0.000000 0.000000 -1.000000
vn -0.000000 0.000000 -1.000000
vn 0.000000 0.000000 -1.000000
vn -0.000000 0.000000 -1.000000
vn -0.000000 0.000000 -1.000000
vn 0.000000 0.000000 -1.000000
vn -0.000000 0.000000 -1.000000
vn 0.000000 0.000000 -1.000000
vn -0.000000 0.000000 -1.000000
vn 0.000000 0.000000 -1.000000
vn 0.000000 0.000000 -1.000000
vn -0.000000 0.000000 -1.000000
vn -0.000000 0.000000 -1.000000
vn -0.000000 0.000000 -1.000000
vn 0.000000 0.000000 -1.000000
vn 0.000000 0.000000 -1.000000
vn -0.000000 0.000000 -1.000000
vn -0.000000 0.000000 -1.000000
vn 0.000000 0.000000 -1.000000
vn 0.000000 0.000000 -1.000000
vn -0.000000 0.000000 -1.000000
vn 0.000000 0.000000 -1.000000
vn 0.000000 0.000000 -1.000000
vn -0.000000 0.000000 -1.000000
vn 0.000000 0.000000 -1.000000
vn -0.000000 0.000000 -1.000000
vn -0.000000 0.000000 -1.000000
vn 0.000000 0.000000 -1.000000
vn -0.000000 0.000000 -1.000000
vn 0.000000 0.000000 -1.000000
vn 0.000000 0.000000 -1.000000
vn -0.000000 0.000000 -1.000000
vn 0.000000 0.000000 -1.000000
vn -0.000000 0.000000 -1.000000
vn 0.000000 0.000000 -1.000000
vn -0.000000 0.000000 -1.000000
vn 0.000000 0.000000 -1.000000
vn -0.000000 0.000000 -1.000000
vn 0.000000 0.000000 -1.000000
vn -0.000000 0.000000 -1.000000
vn -0.000000 0.000000 -1.000000
vn -0.000000 0.000000 -1.000000
vn 0.000000 0.000000 -1.000000
vn 0.000000 0.000000 -1.000000
vn -0.000000 0.000000 -1.000000
vn 0.000000 0.000000 -1.000000
vn 0.000000 0.000000 -1.000000
vn -0.000000 0.000000 -1.000000
vn -0.000000 0.000000 -1.000000
vn 0.000000 0.000000 -1.000000
vn -0.000000 0.000000 -1.000000
vn -0.000000 0.000000 -1.000000
vn 0.000000 0.000000 -1.000000
vn -0.000000 0.000000 -1.000000
vn 0.000000 0.000000 -1.000000
vn 0.000000 0.000000 -1.000000
vn -0.000000 0.000000 -1.000000
vn -0.000000 0.000000 -1.000000
vn 0.000000 0.000000 -1.000000
vn 0.000000 0.000000 -1.000000
vn 0.000000 0.000000 -1.000000
vn 0.000000 0.000000 -1.000000
vn 0.000000 0.000000 -1.000000
vn 0.000000 0.000000 -1.000000
vn 0.000000 0.000000 -1.000000
vn 0.000000 0.000000 -1.000000
vn 0.000000 0.000000 -1.000000
vn 0.000000 0.000000 -1.000000
vn 0.000000 0.000000 -1.000000
vn 0.000000 0.000000 -1.000000
vn 0.000000 0.000000 -1.000000
vn 0.000000 0.000000 -1.000000
vn 0.000000 0.000000 -1.000000
vn 0.000000 0.000000 -1.000000
vn 0.000000 0.000000 -1.000000
vn 0.000000 0.000000 -1.000000
vn -0.000000 0.000000 -1.000000
vn -0.000000 0.000000 -1.000000
vn -0.000000 0.000000 -1.000000
vn -0.000000 0.000000 -1.000000
vn -0.000000 0.000000 -1.000000
vn -0.000000 0.000000 -1.000000
vn -0.000000 0.000000 -1.000000
vn -0.000000 0.000000 -1.000000
vn -0.000000 0.000000 -1.000000
vn -0.000000 0.000000 -1.000000
vn -0.000000 0.000000 -1.000000
vn -0.000000 0.000000 -1.000000
vn -0.000000 0.000000 -1.000000
vn -0.000000 0.000000 -1.000000
vn -0.000000 0.000000 -1.000000
vn -0.000000 0.000000 -1.000000
vn -0.000000 0.000000 -1.000000
vn -0.000000 0.000000 -1.000000
vn -0.000000 0.000000 -1.000000
vn -0.000000 0.000000 -1.000000
vn -0.000000 0.000000 -1.000000
vn -0.000000 0.000000 -1.000000
vn -0.000000 0.000000 -1.000000
vn -0.000000 0.000000 -1.000000
vn -0.000000 0.000000 -1.000000
vn -0.000000 0.000000 -1.000000
vn -0.000000 0.000000 -1.000000
vn -0.000000 0.000000 -1.000000
vn -0.000000 0.000000 -1.000000
vn -0.000000 0.000000 -1.000000
vn -0.000000 0.000000 -1.000000
vn -0.000000 0.000000 -1.000000
vn -0.000000 0.000000 -1.000000
vn -0.000000 0.000000 -1.000000
vn -0.000000 0.000000 -1.000000
vn -0.000000 0.000000 -1.000000
vn -0.000000 0.000000 -1.000000
vn -0.000000 0.000000 -1.000000
vn -0.000000 0.000000 -1.000000
vn -0.000000 0.000000 -1.000000
vn -0.000000 0.000000 -1.000000
vn -0.000000 0.000000 -1.000000
vn -0.000000 0.000000 -1.000000
vn -0.000000 0.000000 -1.000000
vn -0.000000 0.000000 -1.000000
vn -0.000000 0.000000 -1.000000
vn -0.000000 0.000000 -1.000000
vn 0.000000 0.000000 -1.000000
vn -0.000000 0.000000 -1.000000
vn 0.000000 0.000000 -1.000000
vn 0.000000 -1.000000 0.000000
vn -0.000000 -1.000000 -0.000000
vn 0.706989 -0.017603 -0.707006
vn 0.706989 -0.017623 -0.707005
vn 0.706989 0.017603 -0.707006
vn 0.706989 0.017623 -0.707005
vn 0.705241 -0.052879 -0.706993
vn 0.701732 -0.087942 -0.706993
vn 0.702554 -0.035032 -0.710767
vn 0.696471 -0.122788 -0.707002
vn 0.689472 -0.157408 -0.707002
vn 0.695579 -0.104855 -0.710757
vn 0.680783 -0.191541 -0.706998
vn 0.670395 -0.225220 -0.706998
vn 0.681682 -0.173589 -0.710758
vn 0.706675 -0.035289 -0.706658
vn 0.706657 -0.035237 -0.706678
vn 0.658338 -0.258343 -0.707000
vn 0.644625 -0.290877 -0.707000
vn 0.661020 -0.240568 -0.710760
vn 0.699637 -0.105467 -0.706671
vn 0.699633 -0.105447 -0.706679
vn 0.629320 -0.322686 -0.706986
vn 0.612498 -0.353575 -0.706987
vn 0.633774 -0.305206 -0.710760
vn 0.685677 -0.174606 -0.706654
vn 0.685671 -0.174561 -0.706671
vn 0.706659 -0.035249 -0.706676
vn 0.706670 -0.035289 -0.706662
vn 0.594067 -0.383732 -0.706989
vn 0.574251 -0.412797 -0.706989
vn 0.600235 -0.366798 -0.710759
vn 0.664881 -0.241973 -0.706670
vn 0.664882 -0.242017 -0.706654
vn 0.699652 -0.105430 -0.706662
vn 0.699656 -0.105451 -0.706655
vn 0.552886 -0.440996 -0.706994
vn 0.530291 -0.467923 -0.706994
vn 0.560714 -0.424748 -0.710767
vn 0.637471 -0.306999 -0.706670
vn 0.637471 -0.306987 -0.706675
vn 0.685672 -0.174561 -0.706670
vn 0.685676 -0.174604 -0.706656
vn 0.706675 -0.035260 -0.706659
vn 0.708583 -0.035355 -0.704741
vn 0.705226 -0.052869 -0.707009
vn 0.701730 -0.087813 -0.707010
vn 0.706673 -0.035250 -0.706662
vn 0.506264 -0.493820 -0.706993
vn 0.481047 -0.518416 -0.706993
vn 0.515665 -0.478443 -0.710762
vn 0.563993 -0.427232 -0.706672
vn 0.603738 -0.368933 -0.706675
vn 0.603737 -0.368938 -0.706673
vn 0.664863 -0.242010 -0.706674
vn 0.664863 -0.242024 -0.706670
vn 0.701550 -0.105750 -0.704730
vn 0.696451 -0.122889 -0.707003
vn 0.689479 -0.157374 -0.707002
vn 0.699648 -0.105463 -0.706662
vn 0.699643 -0.105428 -0.706672
vn 0.454585 -0.541765 -0.706996
vn 0.427027 -0.563742 -0.706996
vn 0.465453 -0.527423 -0.710759
vn 0.564000 -0.427228 -0.706669
vn 0.637470 -0.306999 -0.706671
vn 0.637471 -0.306990 -0.706674
vn 0.687528 -0.175070 -0.704738
vn 0.680784 -0.191529 -0.707000
vn 0.670386 -0.225240 -0.707000
vn 0.685661 -0.174600 -0.706671
vn 0.685661 -0.174595 -0.706672
vn 0.398387 -0.584325 -0.707002
vn 0.368752 -0.603465 -0.707002
vn 0.410616 -0.571150 -0.710762
vn 0.518681 -0.481236 -0.706669
vn 0.518680 -0.481240 -0.706668
vn 0.603753 -0.368915 -0.706671
vn 0.603748 -0.368939 -0.706663
vn 0.664879 -0.241975 -0.706671
vn 0.658344 -0.258329 -0.707000
vn 0.644605 -0.290922 -0.707000
vn 0.664876 -0.242029 -0.706656
vn 0.666687 -0.242633 -0.704739
vn 0.338243 -0.621080 -0.707002
vn 0.306833 -0.637183 -0.707002
vn 0.351719 -0.609191 -0.710761
vn 0.468171 -0.530503 -0.706670
vn 0.468169 -0.530507 -0.706668
vn 0.413016 -0.574488 -0.706669
vn 0.564004 -0.427230 -0.706664
vn 0.564004 -0.427231 -0.706664
vn 0.637481 -0.307013 -0.706655
vn 0.639199 -0.307841 -0.704740
vn 0.629334 -0.322628 -0.707001
vn 0.612495 -0.353553 -0.707001
vn 0.637484 -0.306997 -0.706660
vn 0.289316 -0.641184 -0.710760
vn 0.274695 -0.651692 -0.706994
vn 0.241890 -0.664567 -0.706993
vn 0.413025 -0.574486 -0.706665
vn 0.518683 -0.481237 -0.706668
vn 0.518677 -0.481249 -0.706663
vn 0.603752 -0.368914 -0.706672
vn 0.605383 -0.369960 -0.704727
vn 0.594092 -0.383694 -0.706989
vn 0.574190 -0.412885 -0.706988
vn 0.603741 -0.368956 -0.706660
vn 0.208447 -0.675802 -0.706994
vn 0.174512 -0.685350 -0.706994
vn 0.224030 -0.666808 -0.710758
vn 0.353779 -0.612752 -0.706665
vn 0.353776 -0.612755 -0.706664
vn 0.468163 -0.530501 -0.706676
vn 0.468150 -0.530524 -0.706668
vn 0.565556 -0.428365 -0.704734
vn 0.564016 -0.427199 -0.706673
vn 0.552936 -0.440926 -0.706998
vn 0.530256 -0.467955 -0.706999
vn 0.564004 -0.427230 -0.706664
vn 0.140146 -0.693189 -0.707000
vn 0.105395 -0.699317 -0.706999
vn 0.156525 -0.685802 -0.710757
vn 0.290992 -0.644941 -0.706664
vn 0.291005 -0.644928 -0.706671
vn 0.413045 -0.574457 -0.706677
vn 0.413025 -0.574486 -0.706665
vn 0.518680 -0.481247 -0.706663
vn 0.506299 -0.493777 -0.706998
vn 0.480983 -0.518469 -0.706998
vn 0.520087 -0.482552 -0.704737
vn 0.518678 -0.481250 -0.706662
vn 0.070414 -0.703707 -0.706992
vn 0.035277 -0.706341 -0.706992
vn 0.087478 -0.697977 -0.710757
vn 0.225348 -0.670697 -0.706671
vn 0.225339 -0.670704 -0.706667
vn 0.157439 -0.689806 -0.706669
vn 0.353760 -0.612763 -0.706665
vn 0.353775 -0.612746 -0.706672
vn 0.413055 -0.574471 -0.706660
vn 0.468160 -0.530524 -0.706662
vn 0.454584 -0.541760 -0.707000
vn 0.427044 -0.563723 -0.707000
vn 0.468156 -0.530530 -0.706660
vn 0.469427 -0.531961 -0.704738
vn 0.000000 -0.707216 -0.706997
vn -0.035277 -0.706336 -0.706997
vn 0.017536 -0.703217 -0.710759
vn 0.157459 -0.689809 -0.706661
vn 0.290992 -0.644941 -0.706665
vn 0.291008 -0.644926 -0.706672
vn 0.353760 -0.612763 -0.706665
vn 0.413039 -0.574477 -0.706665
vn 0.414162 -0.576039 -0.704734
vn 0.398369 -0.584337 -0.707003
vn 0.368744 -0.603470 -0.707002
vn -0.070414 -0.703706 -0.706993
vn -0.105396 -0.699322 -0.706994
vn -0.052570 -0.701473 -0.710754
vn 0.087989 -0.702052 -0.706669
vn 0.087970 -0.702063 -0.706661
vn 0.225350 -0.670703 -0.706664
vn 0.157458 -0.689806 -0.706665
vn 0.225354 -0.670700 -0.706666
vn 0.353762 -0.612763 -0.706665
vn 0.338285 -0.621066 -0.706994
vn 0.306845 -0.637185 -0.706994
vn 0.354720 -0.614424 -0.704739
vn -0.122147 -0.692751 -0.710758
vn -0.140147 -0.693197 -0.706992
vn -0.174513 -0.685353 -0.706991
vn 0.017644 -0.707324 -0.706669
vn 0.017639 -0.707326 -0.706667
vn 0.157454 -0.689805 -0.706666
vn 0.291807 -0.646684 -0.704733
vn 0.291015 -0.644930 -0.706665
vn 0.291011 -0.644933 -0.706664
vn 0.274680 -0.651690 -0.707002
vn 0.241853 -0.664573 -0.707001
vn -0.190529 -0.677146 -0.710755
vn -0.208446 -0.675800 -0.706997
vn -0.241889 -0.664564 -0.706997
vn -0.122860 -0.696795 -0.706669
vn -0.052877 -0.705564 -0.706670
vn -0.052885 -0.705567 -0.706667
vn 0.087969 -0.702054 -0.706669
vn 0.087963 -0.702057 -0.706667
vn 0.225352 -0.670704 -0.706663
vn 0.225962 -0.672519 -0.704741
vn 0.225355 -0.670702 -0.706664
vn 0.208486 -0.675782 -0.707002
vn 0.174505 -0.685344 -0.707002
vn -0.256998 -0.654809 -0.710758
vn -0.274692 -0.651686 -0.707000
vn -0.306834 -0.637184 -0.707000
vn -0.122870 -0.696790 -0.706673
vn 0.017651 -0.707324 -0.706670
vn 0.017644 -0.707326 -0.706667
vn 0.140138 -0.693190 -0.707000
vn 0.105445 -0.699309 -0.707000
vn 0.157454 -0.689802 -0.706670
vn 0.157436 -0.689811 -0.706664
vn 0.157863 -0.691682 -0.704737
vn -0.338243 -0.621080 -0.707001
vn -0.368752 -0.603466 -0.707001
vn -0.320914 -0.625959 -0.710766
vn -0.191641 -0.681099 -0.706667
vn -0.191623 -0.681097 -0.706674
vn -0.052874 -0.705567 -0.706667
vn -0.052886 -0.705571 -0.706663
vn 0.088202 -0.703973 -0.704729
vn 0.070417 -0.703709 -0.706991
vn 0.035240 -0.706344 -0.706990
vn 0.087962 -0.702055 -0.706669
vn 0.087963 -0.702055 -0.706669
vn -0.381628 -0.590912 -0.710763
vn -0.398390 -0.584330 -0.706996
vn -0.427027 -0.563742 -0.706996
vn -0.258501 -0.658639 -0.706663
vn -0.258490 -0.658639 -0.706667
vn -0.122866 -0.696800 -0.706664
vn -0.122872 -0.696801 -0.706662
vn 0.017661 -0.707323 -0.706670
vn 0.017651 -0.707326 -0.706667
vn 0.000000 -0.707216 -0.706997
vn -0.035240 -0.706338 -0.706997
vn 0.017709 -0.709254 -0.704730
vn -0.454581 -0.541761 -0.707001
vn -0.481041 -0.518410 -0.707001
vn -0.438594 -0.549960 -0.710759
vn -0.322798 -0.629627 -0.706662
vn -0.322795 -0.629627 -0.706664
vn -0.191625 -0.681104 -0.706667
vn -0.258490 -0.658639 -0.706667
vn -0.191644 -0.681105 -0.706661
vn -0.052873 -0.705563 -0.706672
vn -0.052889 -0.705567 -0.706667
vn -0.070417 -0.703708 -0.706992
vn -0.105447 -0.699318 -0.706991
vn -0.053033 -0.707491 -0.704729
vn -0.491160 -0.503573 -0.710758
vn -0.506261 -0.493816 -0.706997
vn -0.530289 -0.467921 -0.706997
vn -0.383861 -0.594369 -0.706666
vn -0.383864 -0.594368 -0.706665
vn -0.258495 -0.658634 -0.706669
vn -0.123205 -0.698696 -0.704731
vn -0.140138 -0.693195 -0.706995
vn -0.174506 -0.685350 -0.706995
vn -0.191640 -0.681092 -0.706673
vn -0.122869 -0.696791 -0.706672
vn -0.122865 -0.696791 -0.706673
vn -0.538869 -0.452171 -0.710748
vn -0.552882 -0.440993 -0.706999
vn -0.574244 -0.412792 -0.706998
vn -0.441161 -0.553179 -0.706661
vn -0.441147 -0.553183 -0.706666
vn -0.322777 -0.629629 -0.706670
vn -0.322798 -0.629625 -0.706663
vn -0.192159 -0.682958 -0.704730
vn -0.208487 -0.675787 -0.706997
vn -0.191635 -0.681096 -0.706672
vn -0.241854 -0.664576 -0.706997
vn -0.581219 -0.396251 -0.710753
vn -0.594057 -0.383726 -0.707001
vn -0.612486 -0.353568 -0.707001
vn -0.494059 -0.506496 -0.706659
vn -0.542003 -0.454801 -0.706675
vn -0.494024 -0.506510 -0.706673
vn -0.383863 -0.594367 -0.706666
vn -0.383874 -0.594365 -0.706662
vn -0.258495 -0.658633 -0.706671
vn -0.258486 -0.658634 -0.706673
vn -0.274684 -0.651698 -0.706992
vn -0.306845 -0.637187 -0.706993
vn -0.259193 -0.660435 -0.704730
vn -0.629308 -0.322680 -0.707000
vn -0.644625 -0.290876 -0.707001
vn -0.617776 -0.336428 -0.710753
vn -0.542005 -0.454795 -0.706677
vn -0.441144 -0.553180 -0.706671
vn -0.441159 -0.553174 -0.706666
vn -0.383869 -0.594357 -0.706671
vn -0.322777 -0.629628 -0.706671
vn -0.323661 -0.631349 -0.704729
vn -0.322779 -0.629628 -0.706670
vn -0.338281 -0.621059 -0.707002
vn -0.368744 -0.603470 -0.707002
vn -0.648197 -0.273219 -0.710769
vn -0.658336 -0.258342 -0.707003
vn -0.670391 -0.225219 -0.707002
vn -0.584610 -0.398563 -0.706668
vn -0.584585 -0.398580 -0.706679
vn -0.494045 -0.506493 -0.706671
vn -0.542012 -0.454801 -0.706667
vn -0.494053 -0.506489 -0.706668
vn -0.398373 -0.584342 -0.706996
vn -0.427047 -0.563727 -0.706996
vn -0.384921 -0.595974 -0.704734
vn -0.383873 -0.594352 -0.706673
vn -0.672183 -0.207342 -0.710760
vn -0.680784 -0.191542 -0.706997
vn -0.689476 -0.157409 -0.706998
vn -0.621388 -0.338376 -0.706667
vn -0.621374 -0.338387 -0.706674
vn -0.542015 -0.454794 -0.706670
vn -0.584593 -0.398585 -0.706669
vn -0.441156 -0.553170 -0.706672
vn -0.454586 -0.541763 -0.706997
vn -0.480983 -0.518469 -0.706997
vn -0.442356 -0.554681 -0.704735
vn -0.441152 -0.553172 -0.706673
vn -0.689479 -0.139406 -0.710763
vn -0.696480 -0.122789 -0.706992
vn -0.701732 -0.087942 -0.706992
vn -0.652006 -0.274824 -0.706654
vn -0.651966 -0.274865 -0.706675
vn -0.584595 -0.398578 -0.706672
vn -0.495372 -0.507904 -0.704727
vn -0.494051 -0.506500 -0.706662
vn -0.542022 -0.454799 -0.706661
vn -0.506299 -0.493777 -0.706998
vn -0.530257 -0.467956 -0.706997
vn -0.494019 -0.506517 -0.706672
vn -0.699942 -0.070024 -0.710758
vn -0.705228 -0.052878 -0.707006
vn -0.706989 -0.017603 -0.707006
vn -0.676136 -0.208522 -0.706653
vn -0.693512 -0.140222 -0.706668
vn -0.676111 -0.208553 -0.706667
vn -0.621398 -0.338381 -0.706656
vn -0.621360 -0.338417 -0.706673
vn -0.542026 -0.454789 -0.706665
vn -0.543502 -0.456028 -0.704730
vn -0.552939 -0.440929 -0.706994
vn -0.574184 -0.412881 -0.706995
vn -0.703433 0.000000 -0.710762
vn -0.706989 0.017603 -0.707006
vn -0.705228 0.052878 -0.707006
vn -0.693506 -0.140188 -0.706680
vn -0.652000 -0.274836 -0.706655
vn -0.651972 -0.274867 -0.706669
vn -0.584586 -0.398602 -0.706665
vn -0.584606 -0.398585 -0.706658
vn -0.586181 -0.399689 -0.704728
vn -0.594085 -0.383690 -0.706997
vn -0.612499 -0.353555 -0.706997
vn -0.699942 0.070024 -0.710758
vn -0.701732 0.087942 -0.706992
vn -0.696480 0.122789 -0.706992
vn -0.704039 -0.070434 -0.706660
vn -0.704013 -0.070484 -0.706681
vn -0.676118 -0.208526 -0.706669
vn -0.676124 -0.208518 -0.706666
vn -0.621359 -0.338416 -0.706673
vn -0.651982 -0.274829 -0.706674
vn -0.623080 -0.339288 -0.704738
vn -0.621401 -0.338374 -0.706656
vn -0.629334 -0.322628 -0.707000
vn -0.644603 -0.290922 -0.707001
vn -0.689476 0.157409 -0.706998
vn -0.680784 0.191542 -0.706997
vn -0.689479 0.139406 -0.710763
vn -0.707554 0.000000 -0.706660
vn -0.707554 0.000000 -0.706660
vn -0.693524 -0.140192 -0.706662
vn -0.693518 -0.140201 -0.706666
vn -0.651982 -0.274833 -0.706673
vn -0.653765 -0.275585 -0.704730
vn -0.658344 -0.258329 -0.707000
vn -0.670387 -0.225240 -0.707000
vn -0.672183 0.207342 -0.710760
vn -0.670391 0.225219 -0.707002
vn -0.658336 0.258342 -0.707003
vn -0.693500 0.140219 -0.706680
vn -0.704035 0.070486 -0.706659
vn -0.704019 0.070432 -0.706679
vn -0.704018 -0.070484 -0.706676
vn -0.704036 -0.070446 -0.706662
vn -0.676119 -0.208527 -0.706668
vn -0.693517 -0.140200 -0.706667
vn -0.676111 -0.208538 -0.706672
vn -0.677956 -0.209107 -0.704733
vn -0.680787 -0.191529 -0.706998
vn -0.689484 -0.157375 -0.706997
vn -0.648197 0.273219 -0.710769
vn -0.644625 0.290876 -0.707001
vn -0.629308 0.322680 -0.707000
vn -0.693519 0.140191 -0.706667
vn -0.707537 0.000000 -0.706676
vn -0.707537 0.000000 -0.706676
vn -0.693518 -0.140221 -0.706661
vn -0.695399 -0.140601 -0.704736
vn -0.696462 -0.122892 -0.706993
vn -0.701749 -0.087815 -0.706992
vn -0.617776 0.336428 -0.710753
vn -0.612486 0.353568 -0.707001
vn -0.594057 0.383726 -0.707001
vn -0.676125 0.208557 -0.706654
vn -0.676122 0.208517 -0.706668
vn -0.652006 0.274824 -0.706654
vn -0.704031 0.070486 -0.706663
vn -0.704021 0.070445 -0.706677
vn -0.705937 -0.070644 -0.704743
vn -0.704035 -0.070454 -0.706662
vn -0.704038 -0.070446 -0.706660
vn -0.705229 -0.052869 -0.707006
vn -0.706988 -0.017623 -0.707006
vn -0.581219 0.396251 -0.710753
vn -0.574244 0.412792 -0.706998
vn -0.552882 0.440993 -0.706999
vn -0.651966 0.274865 -0.706675
vn -0.693520 0.140191 -0.706665
vn -0.693522 0.140201 -0.706662
vn -0.707554 0.000000 -0.706660
vn -0.707554 0.000000 -0.706660
vn -0.704038 0.070446 -0.706660
vn -0.709462 0.000000 -0.704743
vn -0.706988 0.017623 -0.707006
vn -0.705229 0.052869 -0.707006
vn -0.530289 0.467921 -0.706997
vn -0.506261 0.493816 -0.706997
vn -0.538869 0.452171 -0.710748
vn -0.621382 0.338372 -0.706675
vn -0.584610 0.398563 -0.706668
vn -0.621379 0.338391 -0.706668
vn -0.676121 0.208527 -0.706666
vn -0.676121 0.208517 -0.706669
vn -0.701749 0.087815 -0.706992
vn -0.696462 0.122892 -0.706993
vn -0.704035 0.070454 -0.706662
vn -0.705937 0.070644 -0.704743
vn -0.491160 0.503573 -0.710758
vn -0.481041 0.518410 -0.707001
vn -0.454581 0.541761 -0.707001
vn -0.584585 0.398580 -0.706679
vn -0.651984 0.274872 -0.706656
vn -0.651986 0.274831 -0.706670
vn -0.689484 0.157375 -0.706997
vn -0.680787 0.191529 -0.706998
vn -0.693517 0.140200 -0.706667
vn -0.693518 0.140221 -0.706661
vn -0.695399 0.140601 -0.704736
vn -0.438594 0.549960 -0.710759
vn -0.427027 0.563742 -0.706996
vn -0.398390 0.584330 -0.706996
vn -0.542005 0.454795 -0.706677
vn -0.542003 0.454801 -0.706675
vn -0.621384 0.338374 -0.706671
vn -0.621376 0.338425 -0.706654
vn -0.677956 0.209107 -0.704733
vn -0.670387 0.225240 -0.707000
vn -0.658344 0.258329 -0.707000
vn -0.676116 0.208526 -0.706672
vn -0.676115 0.208539 -0.706668
vn -0.651983 0.274829 -0.706673
vn -0.381628 0.590912 -0.710763
vn -0.368752 0.603466 -0.707001
vn -0.338243 0.621080 -0.707001
vn -0.441161 0.553179 -0.706661
vn -0.494049 0.506485 -0.706674
vn -0.494034 0.506520 -0.706660
vn -0.584595 0.398578 -0.706672
vn -0.584593 0.398585 -0.706669
vn -0.644603 0.290922 -0.707001
vn -0.629334 0.322628 -0.707000
vn -0.651981 0.274833 -0.706674
vn -0.653765 0.275585 -0.704730
vn -0.320914 0.625959 -0.710766
vn -0.306834 0.637184 -0.707000
vn -0.274692 0.651686 -0.707000
vn -0.383861 0.594369 -0.706666
vn -0.441147 0.553183 -0.706666
vn -0.542012 0.454801 -0.706667
vn -0.542015 0.454794 -0.706670
vn -0.612499 0.353555 -0.706997
vn -0.594085 0.383690 -0.706997
vn -0.623080 0.339288 -0.704738
vn -0.621373 0.338424 -0.706658
vn -0.621385 0.338365 -0.706675
vn -0.256998 0.654809 -0.710758
vn -0.241889 0.664564 -0.706997
vn -0.208446 0.675800 -0.706997
vn -0.383864 0.594368 -0.706665
vn -0.494051 0.506487 -0.706671
vn -0.494047 0.506496 -0.706668
vn -0.574184 0.412881 -0.706995
vn -0.552939 0.440929 -0.706994
vn -0.584601 0.398582 -0.706664
vn -0.586181 0.399689 -0.704728
vn -0.584593 0.398606 -0.706657
vn -0.190529 0.677146 -0.710755
vn -0.174513 0.685353 -0.706991
vn -0.140147 0.693197 -0.706992
vn -0.322795 0.629628 -0.706662
vn -0.322798 0.629625 -0.706664
vn -0.441156 0.553170 -0.706672
vn -0.441147 0.553183 -0.706666
vn -0.530257 0.467956 -0.706997
vn -0.506299 0.493777 -0.706998
vn -0.542026 0.454789 -0.706665
vn -0.543502 0.456028 -0.704730
vn -0.542022 0.454799 -0.706661
vn -0.122147 0.692751 -0.710758
vn -0.105396 0.699322 -0.706994
vn -0.070414 0.703706 -0.706993
vn -0.258492 0.658643 -0.706663
vn -0.191641 0.681099 -0.706667
vn -0.258500 0.658635 -0.706667
vn -0.383872 0.594361 -0.706666
vn -0.383865 0.594370 -0.706663
vn -0.480983 0.518469 -0.706997
vn -0.454586 0.541763 -0.706997
vn -0.494027 0.506525 -0.706661
vn -0.495372 0.507904 -0.704727
vn -0.494045 0.506493 -0.706671
vn -0.052570 0.701473 -0.710754
vn -0.035277 0.706336 -0.706997
vn 0.000000 0.707216 -0.706997
vn -0.191623 0.681097 -0.706674
vn -0.322795 0.629620 -0.706670
vn -0.322780 0.629635 -0.706663
vn -0.383868 0.594355 -0.706673
vn -0.427047 0.563727 -0.706996
vn -0.398373 0.584342 -0.706996
vn -0.441153 0.553172 -0.706671
vn -0.441155 0.553169 -0.706673
vn -0.442356 0.554681 -0.704735
vn 0.035277 0.706341 -0.706992
vn 0.070414 0.703707 -0.706992
vn 0.017536 0.703217 -0.710759
vn -0.122860 0.696795 -0.706669
vn -0.052877 0.705564 -0.706670
vn -0.122870 0.696790 -0.706673
vn -0.258490 0.658639 -0.706667
vn -0.258495 0.658634 -0.706669
vn -0.384921 0.595974 -0.704734
vn -0.368744 0.603470 -0.707002
vn -0.338281 0.621059 -0.707002
vn -0.383874 0.594354 -0.706671
vn 0.105395 0.699317 -0.706999
vn 0.140146 0.693189 -0.707000
vn 0.087478 0.697977 -0.710757
vn -0.052885 0.705567 -0.706667
vn -0.191642 0.681098 -0.706667
vn -0.191626 0.681109 -0.706661
vn -0.306845 0.637187 -0.706993
vn -0.274684 0.651698 -0.706992
vn -0.322777 0.629629 -0.706670
vn -0.258495 0.658633 -0.706671
vn -0.322778 0.629627 -0.706671
vn -0.323661 0.631349 -0.704729
vn 0.174512 0.685350 -0.706994
vn 0.208447 0.675802 -0.706994
vn 0.156525 0.685802 -0.710757
vn 0.017644 0.707326 -0.706667
vn 0.017639 0.707324 -0.706669
vn 0.087989 0.702052 -0.706669
vn -0.122871 0.696799 -0.706664
vn -0.122867 0.696802 -0.706662
vn -0.052886 0.705571 -0.706663
vn -0.259193 0.660435 -0.704730
vn -0.241854 0.664576 -0.706997
vn -0.208487 0.675787 -0.706997
vn -0.258486 0.658634 -0.706673
vn 0.241890 0.664567 -0.706993
vn 0.274695 0.651692 -0.706994
vn 0.224030 0.666808 -0.710758
vn 0.087970 0.702063 -0.706661
vn -0.052874 0.705567 -0.706667
vn -0.191640 0.681092 -0.706673
vn -0.174506 0.685350 -0.706995
vn -0.140138 0.693195 -0.706995
vn -0.192159 0.682958 -0.704730
vn -0.122865 0.696791 -0.706673
vn -0.191635 0.681096 -0.706672
vn 0.306833 0.637183 -0.707002
vn 0.338243 0.621080 -0.707002
vn 0.289316 0.641184 -0.710760
vn 0.225339 0.670704 -0.706667
vn 0.157439 0.689806 -0.706669
vn 0.157459 0.689809 -0.706661
vn 0.017644 0.707324 -0.706669
vn 0.017651 0.707326 -0.706667
vn -0.105447 0.699318 -0.706991
vn -0.070417 0.703708 -0.706992
vn -0.123205 0.698696 -0.704731
vn -0.122869 0.696791 -0.706672
vn 0.368752 0.603465 -0.707002
vn 0.398387 0.584325 -0.707002
vn 0.351719 0.609191 -0.710761
vn 0.225348 0.670697 -0.706671
vn 0.087969 0.702056 -0.706667
vn 0.087963 0.702055 -0.706669
vn -0.035240 0.706338 -0.706997
vn 0.000000 0.707216 -0.706997
vn -0.053033 0.707491 -0.704729
vn -0.052874 0.705567 -0.706667
vn -0.052889 0.705562 -0.706672
vn 0.427027 0.563742 -0.706996
vn 0.454585 0.541765 -0.706996
vn 0.410616 0.571150 -0.710762
vn 0.290989 0.644934 -0.706672
vn 0.353776 0.612755 -0.706664
vn 0.291008 0.644933 -0.706665
vn 0.157454 0.689805 -0.706666
vn 0.157458 0.689806 -0.706665
vn 0.017661 0.707326 -0.706667
vn 0.035240 0.706344 -0.706990
vn 0.070417 0.703709 -0.706991
vn 0.017651 0.707324 -0.706670
vn 0.017709 0.709254 -0.704730
vn 0.481047 0.518416 -0.706993
vn 0.506264 0.493820 -0.706993
vn 0.465453 0.527423 -0.710759
vn 0.353779 0.612752 -0.706665
vn 0.225355 0.670702 -0.706664
vn 0.225349 0.670702 -0.706666
vn 0.087963 0.702055 -0.706669
vn 0.105445 0.699309 -0.707000
vn 0.140138 0.693190 -0.707000
vn 0.088202 0.703973 -0.704729
vn 0.087962 0.702055 -0.706669
vn 0.515665 0.478443 -0.710762
vn 0.530291 0.467923 -0.706994
vn 0.552886 0.440996 -0.706994
vn 0.413016 0.574488 -0.706669
vn 0.413025 0.574486 -0.706665
vn 0.290989 0.644935 -0.706671
vn 0.291011 0.644933 -0.706664
vn 0.353775 0.612746 -0.706672
vn 0.157455 0.689807 -0.706664
vn 0.157435 0.689805 -0.706670
vn 0.225355 0.670702 -0.706664
vn 0.174505 0.685344 -0.707002
vn 0.208486 0.675782 -0.707002
vn 0.157863 0.691682 -0.704737
vn 0.574251 0.412797 -0.706989
vn 0.594067 0.383732 -0.706989
vn 0.560714 0.424748 -0.710767
vn 0.468168 0.530506 -0.706670
vn 0.468172 0.530504 -0.706668
vn 0.353760 0.612763 -0.706665
vn 0.241853 0.664573 -0.707001
vn 0.274680 0.651690 -0.707002
vn 0.225962 0.672519 -0.704741
vn 0.225352 0.670704 -0.706663
vn 0.612498 0.353575 -0.706987
vn 0.629320 0.322686 -0.706986
vn 0.600235 0.366798 -0.710759
vn 0.518679 0.481239 -0.706669
vn 0.563995 0.427234 -0.706669
vn 0.518683 0.481237 -0.706668
vn 0.413019 0.574477 -0.706676
vn 0.413053 0.574467 -0.706665
vn 0.291011 0.644932 -0.706665
vn 0.291807 0.646684 -0.704733
vn 0.353760 0.612763 -0.706665
vn 0.306845 0.637185 -0.706994
vn 0.338285 0.621066 -0.706994
vn 0.291016 0.644931 -0.706663
vn 0.644625 0.290877 -0.707000
vn 0.658338 0.258343 -0.707000
vn 0.633774 0.305206 -0.710760
vn 0.563997 0.427226 -0.706672
vn 0.468144 0.530517 -0.706677
vn 0.468169 0.530507 -0.706668
vn 0.368744 0.603470 -0.707002
vn 0.398369 0.584337 -0.707003
vn 0.353761 0.612762 -0.706665
vn 0.354720 0.614424 -0.704739
vn 0.661020 0.240568 -0.710760
vn 0.670395 0.225220 -0.706998
vn 0.680783 0.191541 -0.706998
vn 0.603735 0.368937 -0.706675
vn 0.637471 0.306987 -0.706675
vn 0.603739 0.368934 -0.706673
vn 0.518686 0.481240 -0.706664
vn 0.518674 0.481246 -0.706668
vn 0.427044 0.563723 -0.707000
vn 0.454584 0.541760 -0.707000
vn 0.413055 0.574471 -0.706660
vn 0.468156 0.530530 -0.706660
vn 0.414162 0.576039 -0.704734
vn 0.413039 0.574477 -0.706665
vn 0.689472 0.157408 -0.707002
vn 0.696471 0.122788 -0.707002
vn 0.681682 0.173589 -0.710758
vn 0.637471 0.306999 -0.706670
vn 0.564004 0.427231 -0.706664
vn 0.564004 0.427230 -0.706664
vn 0.480983 0.518469 -0.706998
vn 0.506299 0.493777 -0.706998
vn 0.468160 0.530524 -0.706662
vn 0.469427 0.531961 -0.704738
vn 0.702554 0.035032 -0.710767
vn 0.701732 0.087942 -0.706993
vn 0.705241 0.052879 -0.706993
vn 0.706676 0.035238 -0.706659
vn 0.695579 0.104855 -0.710757
vn 0.664895 0.241978 -0.706655
vn 0.664866 0.242011 -0.706671
vn 0.685677 0.174606 -0.706654
vn 0.603761 0.368919 -0.706662
vn 0.603741 0.368935 -0.706671
vn 0.564004 0.427230 -0.706664
vn 0.518681 0.481247 -0.706662
vn 0.530256 0.467955 -0.706999
vn 0.552936 0.440926 -0.706998
vn 0.520087 0.482552 -0.704737
vn 0.518677 0.481249 -0.706663
vn 0.685671 0.174561 -0.706671
vn 0.637473 0.306992 -0.706671
vn 0.637467 0.306998 -0.706674
vn 0.565556 0.428365 -0.704734
vn 0.574190 0.412885 -0.706988
vn 0.594092 0.383694 -0.706989
vn 0.564016 0.427199 -0.706673
vn 0.706653 0.035288 -0.706679
vn 0.699631 0.105466 -0.706678
vn 0.699641 0.105449 -0.706671
vn 0.664858 0.242022 -0.706674
vn 0.664867 0.242012 -0.706670
vn 0.603729 0.368949 -0.706673
vn 0.612495 0.353553 -0.707001
vn 0.629334 0.322628 -0.707001
vn 0.605383 0.369960 -0.704727
vn 0.603762 0.368920 -0.706661
vn 0.685685 0.174565 -0.706657
vn 0.685661 0.174600 -0.706671
vn 0.637488 0.306998 -0.706655
vn 0.637476 0.307011 -0.706660
vn 0.664876 0.242029 -0.706656
vn 0.639199 0.307841 -0.704740
vn 0.644605 0.290922 -0.707000
vn 0.658344 0.258329 -0.707000
vn 0.699649 0.105450 -0.706662
vn 0.699659 0.105431 -0.706655
vn 0.706659 0.035249 -0.706676
vn 0.706670 0.035289 -0.706662
vn 0.664879 0.241975 -0.706671
vn 0.666687 0.242633 -0.704739
vn 0.670386 0.225240 -0.707000
vn 0.680784 0.191529 -0.707000
vn 0.699643 0.105428 -0.706672
vn 0.685663 0.174595 -0.706670
vn 0.687528 0.175070 -0.704738
vn 0.689479 0.157374 -0.707002
vn 0.696451 0.122889 -0.707003
vn 0.685660 0.174600 -0.706672
vn 0.706675 0.035260 -0.706659
vn 0.706673 0.035250 -0.706662
vn 0.699648 0.105463 -0.706662
vn 0.701550 0.105750 -0.704730
vn 0.701730 0.087813 -0.707010
vn 0.705226 0.052869 -0.707009
vn 0.708583 0.035355 -0.704741
vn 0.706989 -0.017603 -0.707006
vn 0.706989 -0.017624 -0.707005
vn 0.706989 0.017602 -0.707006
vn 0.706989 0.017623 -0.707005
vn 0.705242 -0.052880 -0.706992
vn 0.701733 -0.087942 -0.706992
vn 0.702554 -0.035032 -0.710767
vn 0.696472 -0.122785 -0.707001
vn 0.689473 -0.157408 -0.707001
vn 0.695580 -0.104855 -0.710756
vn 0.680782 -0.191536 -0.707000
vn 0.670389 -0.225231 -0.707000
vn 0.681681 -0.173594 -0.710758
vn 0.706675 -0.035289 -0.706658
vn 0.706657 -0.035236 -0.706678
vn 0.658338 -0.258343 -0.707000
vn 0.644628 -0.290870 -0.707000
vn 0.661020 -0.240568 -0.710760
vn 0.699636 -0.105467 -0.706673
vn 0.699632 -0.105449 -0.706679
vn 0.629318 -0.322685 -0.706988
vn 0.612492 -0.353582 -0.706989
vn 0.633773 -0.305206 -0.710761
vn 0.685675 -0.174611 -0.706654
vn 0.685669 -0.174561 -0.706673
vn 0.706659 -0.035249 -0.706676
vn 0.706670 -0.035289 -0.706662
vn 0.600238 -0.366794 -0.710758
vn 0.594076 -0.383715 -0.706991
vn 0.574237 -0.412813 -0.706992
vn 0.664881 -0.241973 -0.706670
vn 0.664882 -0.242017 -0.706654
vn 0.699652 -0.105431 -0.706662
vn 0.699655 -0.105453 -0.706656
vn 0.552893 -0.440987 -0.706994
vn 0.530283 -0.467932 -0.706994
vn 0.560716 -0.424750 -0.710764
vn 0.637473 -0.306995 -0.706670
vn 0.637473 -0.306988 -0.706673
vn 0.685672 -0.174561 -0.706670
vn 0.685676 -0.174604 -0.706656
vn 0.706675 -0.035260 -0.706659
vn 0.708583 -0.035355 -0.704742
vn 0.705225 -0.052868 -0.707009
vn 0.701731 -0.087804 -0.707011
vn 0.706673 -0.035250 -0.706662
vn 0.506271 -0.493809 -0.706995
vn 0.481045 -0.518414 -0.706996
vn 0.515661 -0.478449 -0.710761
vn 0.603736 -0.368939 -0.706673
vn 0.603738 -0.368932 -0.706675
vn 0.664864 -0.242011 -0.706673
vn 0.664864 -0.242020 -0.706670
vn 0.701551 -0.105753 -0.704729
vn 0.696451 -0.122896 -0.707003
vn 0.689480 -0.157375 -0.707001
vn 0.699647 -0.105466 -0.706662
vn 0.699642 -0.105430 -0.706672
vn 0.454576 -0.541777 -0.706992
vn 0.427040 -0.563736 -0.706993
vn 0.465457 -0.527417 -0.710761
vn 0.563997 -0.427236 -0.706666
vn 0.518676 -0.481246 -0.706666
vn 0.564003 -0.427213 -0.706675
vn 0.637470 -0.306993 -0.706673
vn 0.637470 -0.306996 -0.706672
vn 0.687529 -0.175070 -0.704737
vn 0.680782 -0.191539 -0.707000
vn 0.670390 -0.225228 -0.707000
vn 0.685661 -0.174600 -0.706671
vn 0.685661 -0.174595 -0.706672
vn 0.398378 -0.584339 -0.706995
vn 0.368769 -0.603463 -0.706995
vn 0.410623 -0.571146 -0.710760
vn 0.518679 -0.481245 -0.706665
vn 0.603758 -0.368901 -0.706674
vn 0.603748 -0.368946 -0.706659
vn 0.664881 -0.241970 -0.706671
vn 0.658344 -0.258329 -0.707000
vn 0.644605 -0.290922 -0.707000
vn 0.664878 -0.242025 -0.706655
vn 0.666690 -0.242628 -0.704738
vn 0.338231 -0.621090 -0.706999
vn 0.306835 -0.637186 -0.706998
vn 0.351712 -0.609197 -0.710759
vn 0.468165 -0.530515 -0.706665
vn 0.468174 -0.530496 -0.706673
vn 0.564004 -0.427240 -0.706658
vn 0.518678 -0.481244 -0.706666
vn 0.564011 -0.427218 -0.706666
vn 0.637484 -0.307007 -0.706655
vn 0.639201 -0.307834 -0.704741
vn 0.629332 -0.322627 -0.707003
vn 0.612483 -0.353568 -0.707003
vn 0.637484 -0.307003 -0.706656
vn 0.289309 -0.641189 -0.710758
vn 0.274723 -0.651672 -0.707001
vn 0.241872 -0.664566 -0.707001
vn 0.413023 -0.574484 -0.706669
vn 0.413028 -0.574475 -0.706673
vn 0.518682 -0.481242 -0.706665
vn 0.603758 -0.368901 -0.706674
vn 0.605376 -0.369965 -0.704731
vn 0.594090 -0.383693 -0.706991
vn 0.574188 -0.412883 -0.706991
vn 0.603740 -0.368966 -0.706656
vn 0.208446 -0.675798 -0.706999
vn 0.174511 -0.685346 -0.706998
vn 0.224029 -0.666805 -0.710762
vn 0.353777 -0.612748 -0.706669
vn 0.353769 -0.612759 -0.706664
vn 0.468161 -0.530511 -0.706670
vn 0.468152 -0.530527 -0.706665
vn 0.565549 -0.428372 -0.704735
vn 0.564009 -0.427205 -0.706675
vn 0.552953 -0.440909 -0.706995
vn 0.530258 -0.467957 -0.706996
vn 0.563997 -0.427235 -0.706666
vn 0.140146 -0.693189 -0.707000
vn 0.105395 -0.699317 -0.706999
vn 0.156534 -0.685797 -0.710759
vn 0.290998 -0.644935 -0.706668
vn 0.290992 -0.644941 -0.706664
vn 0.413041 -0.574469 -0.706670
vn 0.353779 -0.612752 -0.706665
vn 0.413033 -0.574481 -0.706665
vn 0.518678 -0.481245 -0.706666
vn 0.506301 -0.493779 -0.706995
vn 0.481005 -0.518452 -0.706995
vn 0.518680 -0.481240 -0.706668
vn 0.520089 -0.482554 -0.704734
vn 0.070431 -0.703697 -0.707000
vn 0.035241 -0.706335 -0.707000
vn 0.087468 -0.697976 -0.710759
vn 0.225359 -0.670697 -0.706668
vn 0.225342 -0.670711 -0.706659
vn 0.353756 -0.612756 -0.706673
vn 0.454536 -0.541796 -0.707004
vn 0.427067 -0.563702 -0.707004
vn 0.468154 -0.530528 -0.706663
vn 0.468164 -0.530511 -0.706668
vn 0.469439 -0.531957 -0.704733
vn 0.000000 -0.707216 -0.706997
vn -0.035241 -0.706338 -0.706997
vn 0.017536 -0.703217 -0.710759
vn 0.157437 -0.689815 -0.706660
vn 0.157449 -0.689807 -0.706666
vn 0.291019 -0.644921 -0.706672
vn 0.290994 -0.644944 -0.706661
vn 0.413042 -0.574471 -0.706668
vn 0.414152 -0.576047 -0.704732
vn 0.398400 -0.584325 -0.706995
vn 0.368720 -0.603493 -0.706995
vn 0.413030 -0.574486 -0.706663
vn -0.070431 -0.703700 -0.706998
vn -0.105395 -0.699318 -0.706998
vn -0.052570 -0.701465 -0.710762
vn 0.087979 -0.702058 -0.706665
vn 0.087981 -0.702057 -0.706665
vn 0.225359 -0.670696 -0.706668
vn 0.225343 -0.670708 -0.706662
vn 0.338285 -0.621066 -0.706994
vn 0.306845 -0.637185 -0.706994
vn 0.353760 -0.612763 -0.706665
vn 0.354733 -0.614418 -0.704737
vn 0.353771 -0.612752 -0.706669
vn -0.140146 -0.693192 -0.706996
vn -0.174512 -0.685349 -0.706995
vn -0.122147 -0.692747 -0.710762
vn 0.017639 -0.707326 -0.706667
vn 0.017633 -0.707329 -0.706665
vn 0.157441 -0.689806 -0.706668
vn 0.157436 -0.689809 -0.706666
vn 0.291019 -0.644922 -0.706671
vn 0.291794 -0.646692 -0.704731
vn 0.274682 -0.651693 -0.706998
vn 0.241888 -0.664564 -0.706997
vn 0.291002 -0.644936 -0.706665
vn -0.190519 -0.677146 -0.710757
vn -0.208446 -0.675800 -0.706997
vn -0.241873 -0.664570 -0.706997
vn -0.052877 -0.705568 -0.706666
vn -0.052874 -0.705567 -0.706667
vn 0.087980 -0.702053 -0.706669
vn 0.087976 -0.702055 -0.706667
vn 0.225964 -0.672526 -0.704733
vn 0.225349 -0.670696 -0.706671
vn 0.208452 -0.675797 -0.706998
vn 0.174506 -0.685348 -0.706998
vn 0.225341 -0.670702 -0.706669
vn -0.274724 -0.651676 -0.706997
vn -0.306835 -0.637188 -0.706996
vn -0.256997 -0.654805 -0.710762
vn -0.122861 -0.696796 -0.706669
vn -0.122871 -0.696798 -0.706665
vn 0.017638 -0.707324 -0.706669
vn 0.017633 -0.707326 -0.706667
vn 0.140139 -0.693194 -0.706995
vn 0.157441 -0.689804 -0.706670
vn 0.105408 -0.699319 -0.706995
vn 0.157436 -0.689807 -0.706668
vn 0.157864 -0.691686 -0.704733
vn -0.320916 -0.625963 -0.710763
vn -0.338229 -0.621088 -0.707001
vn -0.368766 -0.603458 -0.707001
vn -0.191624 -0.681101 -0.706670
vn -0.191632 -0.681101 -0.706667
vn -0.052874 -0.705568 -0.706667
vn -0.052874 -0.705567 -0.706667
vn 0.087992 -0.702051 -0.706670
vn 0.087976 -0.702058 -0.706665
vn 0.070416 -0.703700 -0.706999
vn 0.035240 -0.706336 -0.706999
vn 0.088232 -0.703965 -0.704733
vn -0.381636 -0.590909 -0.710761
vn -0.398376 -0.584336 -0.707000
vn -0.427036 -0.563730 -0.706999
vn -0.258490 -0.658639 -0.706667
vn -0.258501 -0.658639 -0.706663
vn -0.122853 -0.696798 -0.706668
vn -0.122872 -0.696801 -0.706662
vn 0.017638 -0.707326 -0.706667
vn 0.017678 -0.709251 -0.704735
vn 0.017630 -0.707329 -0.706665
vn 0.000000 -0.707216 -0.706997
vn -0.035240 -0.706338 -0.706997
vn -0.454569 -0.541767 -0.707004
vn -0.481039 -0.518408 -0.707004
vn -0.438594 -0.549960 -0.710759
vn -0.322793 -0.629624 -0.706667
vn -0.322808 -0.629622 -0.706662
vn -0.191644 -0.681105 -0.706661
vn -0.191625 -0.681104 -0.706667
vn -0.258490 -0.658639 -0.706667
vn -0.052873 -0.705567 -0.706667
vn -0.053018 -0.707490 -0.704732
vn -0.070417 -0.703703 -0.706996
vn -0.105408 -0.699319 -0.706995
vn -0.052874 -0.705568 -0.706667
vn -0.491153 -0.503577 -0.710759
vn -0.506272 -0.493809 -0.706995
vn -0.530283 -0.467931 -0.706994
vn -0.383868 -0.594364 -0.706666
vn -0.383862 -0.594365 -0.706668
vn -0.258505 -0.658626 -0.706673
vn -0.123189 -0.698696 -0.704733
vn -0.122854 -0.696798 -0.706668
vn -0.122853 -0.696797 -0.706669
vn -0.140138 -0.693191 -0.706999
vn -0.174505 -0.685346 -0.706999
vn -0.552891 -0.440985 -0.706996
vn -0.574233 -0.412810 -0.706996
vn -0.538869 -0.452171 -0.710748
vn -0.441161 -0.553179 -0.706661
vn -0.441147 -0.553183 -0.706666
vn -0.322775 -0.629625 -0.706674
vn -0.322807 -0.629621 -0.706664
vn -0.383865 -0.594370 -0.706663
vn -0.208452 -0.675798 -0.706997
vn -0.191635 -0.681098 -0.706669
vn -0.192158 -0.682954 -0.704734
vn -0.241888 -0.664564 -0.706997
vn -0.191642 -0.681098 -0.706668
vn -0.581217 -0.396250 -0.710755
vn -0.594069 -0.383710 -0.706999
vn -0.612483 -0.353577 -0.706999
vn -0.494017 -0.506513 -0.706676
vn -0.494059 -0.506496 -0.706659
vn -0.383872 -0.594361 -0.706666
vn -0.258487 -0.658637 -0.706669
vn -0.258509 -0.658635 -0.706663
vn -0.259191 -0.660431 -0.704734
vn -0.274683 -0.651695 -0.706996
vn -0.306844 -0.637184 -0.706996
vn -0.617777 -0.336423 -0.710754
vn -0.629307 -0.322679 -0.707002
vn -0.644626 -0.290869 -0.707002
vn -0.541999 -0.454798 -0.706680
vn -0.542005 -0.454795 -0.706677
vn -0.494051 -0.506487 -0.706671
vn -0.441159 -0.553174 -0.706666
vn -0.441144 -0.553180 -0.706671
vn -0.322778 -0.629632 -0.706667
vn -0.322795 -0.629628 -0.706662
vn -0.338281 -0.621059 -0.707002
vn -0.368716 -0.603487 -0.707002
vn -0.323673 -0.631341 -0.704731
vn -0.648195 -0.273227 -0.710767
vn -0.658339 -0.258343 -0.707000
vn -0.670390 -0.225231 -0.707000
vn -0.584608 -0.398561 -0.706670
vn -0.584583 -0.398578 -0.706681
vn -0.542014 -0.454803 -0.706664
vn -0.494042 -0.506505 -0.706665
vn -0.384911 -0.595983 -0.704732
vn -0.398397 -0.584321 -0.707000
vn -0.383865 -0.594364 -0.706668
vn -0.427070 -0.563706 -0.706999
vn -0.383872 -0.594361 -0.706666
vn -0.672183 -0.207339 -0.710760
vn -0.680785 -0.191537 -0.706997
vn -0.689476 -0.157409 -0.706998
vn -0.621383 -0.338380 -0.706670
vn -0.621378 -0.338384 -0.706672
vn -0.542014 -0.454804 -0.706664
vn -0.441176 -0.553162 -0.706665
vn -0.454545 -0.541806 -0.706990
vn -0.481008 -0.518455 -0.706991
vn -0.441156 -0.553170 -0.706672
vn -0.442373 -0.554663 -0.704738
vn -0.689479 -0.139404 -0.710764
vn -0.696481 -0.122786 -0.706992
vn -0.701732 -0.087942 -0.706992
vn -0.651968 -0.274865 -0.706673
vn -0.676124 -0.208554 -0.706655
vn -0.652001 -0.274831 -0.706656
vn -0.584605 -0.398576 -0.706664
vn -0.584593 -0.398585 -0.706669
vn -0.495374 -0.507906 -0.704724
vn -0.494019 -0.506517 -0.706672
vn -0.506301 -0.493779 -0.706995
vn -0.530259 -0.467958 -0.706994
vn -0.494042 -0.506505 -0.706665
vn -0.699942 -0.070024 -0.710758
vn -0.705228 -0.052879 -0.707006
vn -0.706988 -0.017603 -0.707006
vn -0.676122 -0.208521 -0.706667
vn -0.621365 -0.338412 -0.706671
vn -0.621394 -0.338385 -0.706658
vn -0.542020 -0.454797 -0.706664
vn -0.543496 -0.456036 -0.704729
vn -0.542012 -0.454802 -0.706667
vn -0.552951 -0.440908 -0.706997
vn -0.574182 -0.412879 -0.706997
vn -0.703433 0.000000 -0.710762
vn -0.706988 0.017602 -0.707006
vn -0.705228 0.052879 -0.707006
vn -0.704020 -0.070432 -0.706679
vn -0.693520 -0.140189 -0.706666
vn -0.693501 -0.140218 -0.706679
vn -0.651998 -0.274836 -0.706657
vn -0.651971 -0.274867 -0.706670
vn -0.584610 -0.398579 -0.706658
vn -0.584584 -0.398600 -0.706667
vn -0.586179 -0.399687 -0.704730
vn -0.594083 -0.383688 -0.707000
vn -0.612487 -0.353570 -0.706999
vn -0.699942 0.070024 -0.710759
vn -0.701732 0.087942 -0.706993
vn -0.696480 0.122786 -0.706993
vn -0.704035 -0.070485 -0.706659
vn -0.676121 -0.208521 -0.706668
vn -0.676117 -0.208526 -0.706670
vn -0.621398 -0.338380 -0.706657
vn -0.623075 -0.339294 -0.704739
vn -0.651985 -0.274830 -0.706671
vn -0.629332 -0.322627 -0.707002
vn -0.644602 -0.290921 -0.707003
vn -0.621365 -0.338413 -0.706669
vn -0.689476 0.157413 -0.706997
vn -0.680786 0.191537 -0.706996
vn -0.689479 0.139402 -0.710764
vn -0.707554 0.000000 -0.706660
vn -0.707554 0.000000 -0.706660
vn -0.704031 -0.070485 -0.706663
vn -0.693516 -0.140203 -0.706667
vn -0.693524 -0.140189 -0.706662
vn -0.651986 -0.274828 -0.706671
vn -0.676117 -0.208526 -0.706670
vn -0.653767 -0.275579 -0.704731
vn -0.658344 -0.258329 -0.707000
vn -0.670391 -0.225228 -0.707000
vn -0.672183 0.207342 -0.710760
vn -0.670391 0.225225 -0.707001
vn -0.658337 0.258343 -0.707001
vn -0.693502 0.140216 -0.706678
vn -0.704020 0.070432 -0.706679
vn -0.704035 0.070485 -0.706659
vn -0.704021 -0.070445 -0.706676
vn -0.676117 -0.208540 -0.706666
vn -0.677955 -0.209107 -0.704735
vn -0.680784 -0.191539 -0.706997
vn -0.689484 -0.157375 -0.706997
vn -0.644625 0.290876 -0.707001
vn -0.629308 0.322680 -0.707000
vn -0.648196 0.273223 -0.710768
vn -0.693519 0.140191 -0.706667
vn -0.707537 0.000000 -0.706676
vn -0.707537 0.000000 -0.706676
vn -0.704035 -0.070446 -0.706663
vn -0.693521 -0.140204 -0.706663
vn -0.693514 -0.140217 -0.706667
vn -0.695400 -0.140598 -0.704735
vn -0.696462 -0.122898 -0.706991
vn -0.701751 -0.087806 -0.706990
vn -0.612486 0.353568 -0.707001
vn -0.594062 0.383717 -0.707002
vn -0.617776 0.336428 -0.710753
vn -0.676121 0.208521 -0.706668
vn -0.652003 0.274827 -0.706656
vn -0.676123 0.208557 -0.706655
vn -0.693523 0.140191 -0.706663
vn -0.704021 0.070446 -0.706676
vn -0.704030 0.070484 -0.706663
vn -0.705936 -0.070647 -0.704744
vn -0.704037 -0.070457 -0.706659
vn -0.705228 -0.052869 -0.707006
vn -0.706988 -0.017623 -0.707006
vn -0.581221 0.396246 -0.710754
vn -0.574235 0.412812 -0.706994
vn -0.552900 0.440978 -0.706994
vn -0.651970 0.274861 -0.706673
vn -0.693517 0.140200 -0.706666
vn -0.704038 0.070448 -0.706660
vn -0.709463 0.000000 -0.704743
vn -0.707554 0.000000 -0.706660
vn -0.706988 0.017623 -0.707006
vn -0.707554 0.000000 -0.706660
vn -0.705229 0.052869 -0.707006
vn -0.538869 0.452171 -0.710748
vn -0.530283 0.467931 -0.706994
vn -0.506272 0.493809 -0.706995
vn -0.621378 0.338390 -0.706670
vn -0.621378 0.338383 -0.706672
vn -0.676120 0.208521 -0.706669
vn -0.676120 0.208527 -0.706667
vn -0.701750 0.087811 -0.706991
vn -0.696462 0.122898 -0.706992
vn -0.704034 0.070455 -0.706662
vn -0.705936 0.070646 -0.704743
vn -0.491153 0.503577 -0.710759
vn -0.481031 0.518419 -0.707002
vn -0.454581 0.541761 -0.707001
vn -0.584603 0.398551 -0.706680
vn -0.584596 0.398580 -0.706669
vn -0.651986 0.274831 -0.706670
vn -0.651984 0.274867 -0.706658
vn -0.676119 0.208527 -0.706668
vn -0.689487 0.157367 -0.706996
vn -0.680785 0.191540 -0.706996
vn -0.695399 0.140601 -0.704736
vn -0.693517 0.140200 -0.706667
vn -0.693518 0.140221 -0.706661
vn -0.427027 0.563742 -0.706996
vn -0.438594 0.549960 -0.710759
vn -0.398390 0.584330 -0.706996
vn -0.542003 0.454793 -0.706680
vn -0.494017 0.506513 -0.706676
vn -0.542001 0.454799 -0.706677
vn -0.621381 0.338384 -0.706670
vn -0.621374 0.338424 -0.706656
vn -0.670386 0.225239 -0.707001
vn -0.658343 0.258328 -0.707002
vn -0.676114 0.208534 -0.706671
vn -0.677957 0.209102 -0.704734
vn -0.381636 0.590909 -0.710761
vn -0.368754 0.603469 -0.706998
vn -0.338245 0.621084 -0.706998
vn -0.494059 0.506496 -0.706659
vn -0.584598 0.398581 -0.706667
vn -0.584601 0.398573 -0.706670
vn -0.644602 0.290921 -0.707003
vn -0.629332 0.322627 -0.707002
vn -0.653763 0.275584 -0.704732
vn -0.651983 0.274834 -0.706671
vn -0.651984 0.274830 -0.706672
vn -0.320916 0.625963 -0.710763
vn -0.306835 0.637188 -0.706996
vn -0.274709 0.651683 -0.706996
vn -0.441158 0.553175 -0.706666
vn -0.383868 0.594364 -0.706666
vn -0.441151 0.553188 -0.706661
vn -0.542014 0.454803 -0.706664
vn -0.542017 0.454796 -0.706667
vn -0.612497 0.353554 -0.706999
vn -0.594083 0.383688 -0.707000
vn -0.621387 0.338366 -0.706673
vn -0.623078 0.339287 -0.704740
vn -0.621374 0.338425 -0.706656
vn -0.256998 0.654809 -0.710758
vn -0.241889 0.664564 -0.706997
vn -0.208446 0.675800 -0.706997
vn -0.383852 0.594367 -0.706672
vn -0.494051 0.506487 -0.706671
vn -0.494042 0.506505 -0.706665
vn -0.574169 0.412898 -0.706998
vn -0.552951 0.440908 -0.706997
vn -0.586175 0.399695 -0.704729
vn -0.584603 0.398574 -0.706667
vn -0.584590 0.398615 -0.706655
vn -0.190519 0.677146 -0.710757
vn -0.174512 0.685349 -0.706995
vn -0.140146 0.693192 -0.706996
vn -0.322793 0.629625 -0.706666
vn -0.258500 0.658635 -0.706667
vn -0.322803 0.629614 -0.706671
vn -0.441145 0.553181 -0.706670
vn -0.383853 0.594370 -0.706669
vn -0.441148 0.553177 -0.706671
vn -0.542024 0.454787 -0.706667
vn -0.530276 0.467939 -0.706994
vn -0.506301 0.493779 -0.706995
vn -0.543502 0.456028 -0.704730
vn -0.542019 0.454797 -0.706664
vn -0.494042 0.506505 -0.706665
vn -0.122147 0.692747 -0.710762
vn -0.105395 0.699318 -0.706998
vn -0.070414 0.703702 -0.706998
vn -0.258500 0.658635 -0.706667
vn -0.383885 0.594362 -0.706658
vn -0.480987 0.518474 -0.706991
vn -0.454568 0.541787 -0.706990
vn -0.494009 0.506522 -0.706676
vn -0.495367 0.507915 -0.704722
vn -0.052570 0.701469 -0.710758
vn -0.035259 0.706337 -0.706997
vn 0.000000 0.707216 -0.706997
vn -0.122861 0.696796 -0.706669
vn -0.191625 0.681104 -0.706667
vn -0.191631 0.681099 -0.706670
vn -0.322804 0.629615 -0.706670
vn -0.322782 0.629638 -0.706659
vn -0.441151 0.553181 -0.706666
vn -0.441170 0.553154 -0.706675
vn -0.427072 0.563708 -0.706995
vn -0.398373 0.584342 -0.706996
vn -0.442375 0.554665 -0.704735
vn 0.035259 0.706338 -0.706996
vn 0.070414 0.703703 -0.706996
vn 0.017536 0.703217 -0.710759
vn -0.122871 0.696798 -0.706665
vn -0.258500 0.658635 -0.706667
vn -0.258507 0.658630 -0.706669
vn -0.368746 0.603473 -0.706998
vn -0.338283 0.621062 -0.706998
vn -0.383866 0.594365 -0.706666
vn -0.322777 0.629628 -0.706671
vn -0.384911 0.595983 -0.704732
vn -0.383878 0.594351 -0.706671
vn 0.105395 0.699317 -0.706999
vn 0.140146 0.693189 -0.707000
vn 0.087468 0.697976 -0.710759
vn 0.017639 0.707326 -0.706667
vn -0.052874 0.705569 -0.706666
vn -0.052877 0.705567 -0.706667
vn -0.122871 0.696797 -0.706666
vn -0.191630 0.681102 -0.706667
vn -0.191625 0.681105 -0.706665
vn -0.306812 0.637199 -0.706997
vn -0.274683 0.651695 -0.706996
vn -0.322793 0.629625 -0.706666
vn -0.323674 0.631344 -0.704727
vn 0.174511 0.685346 -0.706998
vn 0.208446 0.675798 -0.706999
vn 0.156534 0.685797 -0.710759
vn 0.017644 0.707324 -0.706669
vn -0.122866 0.696796 -0.706668
vn -0.258505 0.658627 -0.706672
vn -0.258488 0.658640 -0.706666
vn -0.241888 0.664564 -0.706997
vn -0.208487 0.675787 -0.706997
vn -0.191628 0.681098 -0.706671
vn -0.259191 0.660431 -0.704734
vn 0.241889 0.664563 -0.706997
vn 0.274709 0.651682 -0.706997
vn 0.224029 0.666805 -0.710762
vn 0.087979 0.702053 -0.706669
vn 0.157448 0.689803 -0.706670
vn 0.087980 0.702053 -0.706669
vn -0.052874 0.705568 -0.706667
vn -0.052874 0.705568 -0.706667
vn -0.174469 0.685355 -0.707000
vn -0.140138 0.693191 -0.706999
vn -0.192159 0.682958 -0.704730
vn -0.191635 0.681098 -0.706669
vn 0.306833 0.637183 -0.707002
vn 0.338243 0.621080 -0.707002
vn 0.289316 0.641184 -0.710760
vn 0.157436 0.689811 -0.706664
vn 0.017644 0.707328 -0.706665
vn 0.017638 0.707326 -0.706667
vn -0.105446 0.699314 -0.706995
vn -0.070417 0.703703 -0.706996
vn -0.122866 0.696796 -0.706668
vn -0.123204 0.698691 -0.704735
vn -0.122869 0.696794 -0.706669
vn 0.368754 0.603468 -0.706999
vn 0.398389 0.584328 -0.706999
vn 0.351712 0.609197 -0.710759
vn 0.225361 0.670701 -0.706663
vn 0.225338 0.670700 -0.706671
vn 0.291005 0.644928 -0.706671
vn 0.087981 0.702059 -0.706663
vn 0.087976 0.702058 -0.706665
vn -0.052873 0.705568 -0.706667
vn -0.035240 0.706338 -0.706997
vn 0.000000 0.707216 -0.706997
vn -0.052874 0.705567 -0.706667
vn -0.053018 0.707490 -0.704732
vn 0.427029 0.563744 -0.706993
vn 0.454587 0.541768 -0.706992
vn 0.410618 0.571153 -0.710759
vn 0.290992 0.644941 -0.706664
vn 0.157455 0.689809 -0.706662
vn 0.157436 0.689807 -0.706668
vn 0.017645 0.707326 -0.706667
vn 0.035240 0.706340 -0.706995
vn 0.070417 0.703704 -0.706995
vn 0.017693 0.709253 -0.704732
vn 0.017638 0.707324 -0.706669
vn 0.481035 0.518423 -0.706995
vn 0.506271 0.493809 -0.706995
vn 0.465459 0.527420 -0.710757
vn 0.353768 0.612758 -0.706665
vn 0.413018 0.574491 -0.706666
vn 0.353771 0.612758 -0.706664
vn 0.225341 0.670702 -0.706668
vn 0.225361 0.670702 -0.706662
vn 0.087976 0.702053 -0.706669
vn 0.087977 0.702054 -0.706669
vn 0.088217 0.703969 -0.704731
vn 0.105445 0.699309 -0.707000
vn 0.140138 0.693190 -0.707000
vn 0.515665 0.478443 -0.710762
vn 0.530281 0.467930 -0.706996
vn 0.552898 0.440976 -0.706996
vn 0.413028 0.574475 -0.706673
vn 0.291023 0.644931 -0.706660
vn 0.290989 0.644935 -0.706671
vn 0.157455 0.689807 -0.706664
vn 0.157435 0.689805 -0.706670
vn 0.157863 0.691682 -0.704737
vn 0.174469 0.685357 -0.706998
vn 0.208487 0.675786 -0.706998
vn 0.574237 0.412813 -0.706992
vn 0.594071 0.383723 -0.706991
vn 0.560716 0.424750 -0.710764
vn 0.468177 0.530499 -0.706669
vn 0.468165 0.530503 -0.706673
vn 0.518680 0.481240 -0.706668
vn 0.353756 0.612756 -0.706673
vn 0.353769 0.612754 -0.706669
vn 0.291021 0.644925 -0.706667
vn 0.225963 0.672522 -0.704737
vn 0.225352 0.670703 -0.706664
vn 0.241887 0.664560 -0.707001
vn 0.274680 0.651690 -0.707002
vn 0.225342 0.670703 -0.706667
vn 0.612498 0.353575 -0.706987
vn 0.629320 0.322686 -0.706986
vn 0.600235 0.366798 -0.710759
vn 0.518678 0.481244 -0.706666
vn 0.413028 0.574475 -0.706673
vn 0.413042 0.574471 -0.706668
vn 0.291807 0.646684 -0.704733
vn 0.306815 0.637204 -0.706990
vn 0.338287 0.621069 -0.706990
vn 0.291015 0.644930 -0.706665
vn 0.633774 0.305206 -0.710760
vn 0.644625 0.290877 -0.707000
vn 0.658338 0.258343 -0.707000
vn 0.563993 0.427232 -0.706672
vn 0.564006 0.427224 -0.706666
vn 0.603737 0.368938 -0.706673
vn 0.468146 0.530520 -0.706674
vn 0.468171 0.530509 -0.706665
vn 0.413044 0.574473 -0.706665
vn 0.353760 0.612763 -0.706665
vn 0.368746 0.603473 -0.706999
vn 0.398371 0.584340 -0.706999
vn 0.353762 0.612763 -0.706664
vn 0.354722 0.614427 -0.704735
vn 0.670391 0.225225 -0.707000
vn 0.661021 0.240565 -0.710760
vn 0.680782 0.191536 -0.707000
vn 0.603736 0.368939 -0.706673
vn 0.518678 0.481244 -0.706666
vn 0.518682 0.481242 -0.706665
vn 0.427069 0.563705 -0.707000
vn 0.454561 0.541779 -0.707000
vn 0.414164 0.576041 -0.704730
vn 0.413040 0.574478 -0.706663
vn 0.681681 0.173594 -0.710758
vn 0.689471 0.157412 -0.707002
vn 0.696471 0.122785 -0.707002
vn 0.637474 0.306988 -0.706672
vn 0.664881 0.241969 -0.706671
vn 0.637473 0.306989 -0.706673
vn 0.563997 0.427235 -0.706666
vn 0.564010 0.427226 -0.706661
vn 0.480985 0.518471 -0.706995
vn 0.506301 0.493779 -0.706995
vn 0.469429 0.531963 -0.704735
vn 0.518682 0.481242 -0.706665
vn 0.468152 0.530527 -0.706665
vn 0.468159 0.530524 -0.706663
vn 0.701732 0.087942 -0.706992
vn 0.705241 0.052880 -0.706993
vn 0.702554 0.035032 -0.710768
vn 0.695579 0.104855 -0.710757
vn 0.664882 0.242017 -0.706654
vn 0.603766 0.368914 -0.706660
vn 0.603736 0.368939 -0.706673
vn 0.637473 0.306989 -0.706673
vn 0.530275 0.467937 -0.706996
vn 0.552953 0.440909 -0.706995
vn 0.520097 0.482547 -0.704732
vn 0.518685 0.481237 -0.706667
vn 0.699636 0.105467 -0.706673
vn 0.685658 0.174607 -0.706672
vn 0.685688 0.174565 -0.706653
vn 0.637471 0.306997 -0.706670
vn 0.603754 0.368907 -0.706674
vn 0.563991 0.427230 -0.706674
vn 0.574177 0.412903 -0.706988
vn 0.594092 0.383694 -0.706989
vn 0.565549 0.428372 -0.704735
vn 0.564016 0.427211 -0.706666
vn 0.706657 0.035236 -0.706678
vn 0.706675 0.035288 -0.706658
vn 0.699632 0.105451 -0.706679
vn 0.664868 0.242012 -0.706668
vn 0.664863 0.242019 -0.706671
vn 0.603738 0.368964 -0.706658
vn 0.612493 0.353552 -0.707004
vn 0.629332 0.322627 -0.707003
vn 0.605378 0.369966 -0.704729
vn 0.685686 0.174565 -0.706656
vn 0.685662 0.174601 -0.706670
vn 0.637485 0.307004 -0.706655
vn 0.639197 0.307840 -0.704742
vn 0.637478 0.307012 -0.706658
vn 0.644603 0.290922 -0.707001
vn 0.658343 0.258328 -0.707002
vn 0.699649 0.105453 -0.706662
vn 0.706670 0.035288 -0.706662
vn 0.699660 0.105433 -0.706654
vn 0.706659 0.035249 -0.706676
vn 0.664897 0.241975 -0.706654
vn 0.685661 0.174600 -0.706671
vn 0.666689 0.242627 -0.704740
vn 0.670386 0.225240 -0.707000
vn 0.680782 0.191539 -0.707000
vn 0.664864 0.242020 -0.706670
vn 0.685661 0.174595 -0.706672
vn 0.687529 0.175070 -0.704737
vn 0.689481 0.157366 -0.707002
vn 0.696450 0.122896 -0.707004
vn 0.706675 0.035260 -0.706659
vn 0.699651 0.105431 -0.706663
vn 0.706673 0.035249 -0.706662
vn 0.699637 0.105462 -0.706672
vn 0.701551 0.105750 -0.704729
vn 0.701731 0.087808 -0.707010
vn 0.705226 0.052869 -0.707009
vn 0.708583 0.035355 -0.704741
vn 0.999689 -0.024918 0.000000
vn 0.999689 -0.024918 0.000000
vn 0.997202 -0.074757 0.000000
vn 0.997202 -0.074757 0.000000
vn 0.992261 -0.124169 0.000000
vn 0.992261 -0.124169 0.000000
vn 0.984787 -0.173767 0.000000
vn 0.984787 -0.173767 0.000000
vn 0.974926 -0.222528 0.000000
vn 0.974926 -0.222528 0.000000
vn 0.962630 -0.270822 0.000000
vn 0.962630 -0.270822 0.000000
vn 0.947926 -0.318489 0.000000
vn 0.947926 -0.318489 0.000000
vn 0.930899 -0.365277 0.000000
vn 0.930899 -0.365277 0.000000
vn 0.911471 -0.411364 0.000000
vn 0.911471 -0.411364 0.000000
vn 0.889879 -0.456197 0.000000
vn 0.889879 -0.456197 0.000000
vn 0.866069 -0.499924 0.000000
vn 0.866069 -0.499924 0.000000
vn 0.840033 -0.542535 0.000000
vn 0.840033 -0.542535 0.000000
vn 0.811891 -0.583809 0.000000
vn 0.811891 -0.583809 0.000000
vn 0.781849 -0.623468 0.000000
vn 0.781849 -0.623468 0.000000
vn 0.749780 -0.661687 0.000000
vn 0.749780 -0.661687 0.000000
vn 0.715905 -0.698198 0.000000
vn 0.715905 -0.698198 0.000000
vn 0.680107 -0.733113 0.000000
vn 0.680107 -0.733113 0.000000
vn 0.642782 -0.766049 0.000000
vn 0.642782 -0.766049 0.000000
vn 0.603841 -0.797105 0.000000
vn 0.603841 -0.797105 0.000000
vn 0.563296 -0.826255 0.000000
vn 0.563296 -0.826255 0.000000
vn 0.521406 -0.853309 0.000000
vn 0.521406 -0.853309 0.000000
vn 0.478331 -0.878179 0.000000
vn 0.478331 -0.878179 0.000000
vn 0.433875 -0.900973 0.000000
vn 0.433875 -0.900973 0.000000
vn 0.388399 -0.921491 0.000000
vn 0.388399 -0.921491 0.000000
vn 0.341980 -0.939707 0.000000
vn 0.341980 -0.939707 0.000000
vn 0.294800 -0.955559 0.000000
vn 0.294800 -0.955559 0.000000
vn 0.246750 -0.969079 0.000000
vn 0.246750 -0.969079 0.000000
vn 0.198155 -0.980171 0.000000
vn 0.198155 -0.980171 0.000000
vn 0.149099 -0.988822 0.000000
vn 0.149099 -0.988822 0.000000
vn 0.099569 -0.995031 0.000000
vn 0.049829 -0.998758 0.000000
vn 0.099569 -0.995031 0.000000
vn 0.049829 -0.998758 0.000000
vn 0.000000 -1.000000 0.000000
vn -0.049829 -0.998758 -0.000000
vn 0.000000 -1.000000 0.000000
vn -0.099569 -0.995031 -0.000000
vn -0.049829 -0.998758 0.000000
vn -0.099569 -0.995031 0.000000
vn -0.149099 -0.988822 0.000000
vn -0.198155 -0.980171 -0.000000
vn -0.149099 -0.988822 0.000000
vn -0.246750 -0.969079 -0.000000
vn -0.198155 -0.980171 0.000000
vn -0.246750 -0.969079 0.000000
vn -0.294800 -0.955559 0.000000
vn -0.294800 -0.955559 0.000000
vn -0.341980 -0.939707 0.000000
vn -0.341980 -0.939707 0.000000
vn -0.388399 -0.921491 -0.000000
vn -0.388399 -0.921491 0.000000
vn -0.433875 -0.900973 0.000000
vn -0.433875 -0.900973 0.000000
vn -0.478331 -0.878179 0.000000
vn -0.478331 -0.878179 0.000000
vn -0.521406 -0.853309 0.000000
vn -0.521406 -0.853309 0.000000
vn -0.563296 -0.826255 -0.000000
vn -0.563296 -0.826255 0.000000
vn -0.603841 -0.797105 0.000000
vn -0.603841 -0.797105 0.000000
vn -0.642782 -0.766049 0.000000
vn -0.642782 -0.766049 0.000000
vn -0.680107 -0.733113 -0.000000
vn -0.680107 -0.733113 0.000000
vn -0.715905 -0.698198 0.000000
vn -0.715905 -0.698198 0.000000
vn -0.749780 -0.661687 0.000000
vn -0.749780 -0.661687 0.000000
vn -0.781849 -0.623468 0.000000
vn -0.811891 -0.583809 -0.000000
vn -0.781849 -0.623468 0.000000
vn -0.811891 -0.583809 0.000000
vn -0.840033 -0.542535 0.000000
vn -0.840033 -0.542535 0.000000
vn -0.866069 -0.499924 0.000000
vn -0.866069 -0.499924 0.000000
vn -0.889879 -0.456197 0.000000
vn -0.889879 -0.456197 0.000000
vn -0.911471 -0.411364 0.000000
vn -0.911471 -0.411364 0.000000
vn -0.930899 -0.365277 0.000000
vn -0.930899 -0.365277 0.000000
vn -0.947926 -0.318489 0.000000
vn -0.947926 -0.318489 0.000000
vn -0.962630 -0.270822 0.000000
vn -0.962630 -0.270822 0.000000
vn -0.974926 -0.222528 0.000000
vn -0.974926 -0.222528 0.000000
vn -0.984787 -0.173767 0.000000
vn -0.984787 -0.173767 0.000000
vn -0.992261 -0.124169 0.000000
vn -0.997202 -0.074757 -0.000000
vn -0.992261 -0.124169 0.000000
vn -0.997202 -0.074757 0.000000
vn -0.999689 -0.024918 0.000000
vn -0.999689 -0.024918 0.000000
vn -0.999689 0.024918 0.000000
vn -0.999689 0.024918 0.000000
vn -0.997202 0.074757 0.000000
vn -0.997202 0.074757 0.000000
vn -0.992261 0.124169 0.000000
vn -0.992261 0.124169 0.000000
vn -0.984787 0.173767 0.000000
vn -0.984787 0.173767 0.000000
vn -0.974926 0.222528 0.000000
vn -0.974926 0.222528 0.000000
vn -0.962630 0.270822 0.000000
vn -0.962630 0.270822 0.000000
vn -0.947926 0.318489 0.000000
vn -0.947926 0.318489 0.000000
vn -0.930899 0.365277 0.000000
vn -0.930899 0.365277 0.000000
vn -0.911471 0.411364 0.000000
vn -0.911471 0.411364 0.000000
vn -0.889879 0.456197 0.000000
vn -0.889879 0.456197 0.000000
vn -0.866069 0.499924 0.000000
vn -0.866069 0.499924 0.000000
vn -0.840033 0.542535 0.000000
vn -0.840033 0.542535 0.000000
vn -0.811891 0.583809 0.000000
vn -0.811891 0.583809 0.000000
vn -0.781849 0.623468 0.000000
vn -0.781849 0.623468 0.000000
vn -0.749780 0.661687 0.000000
vn -0.749780 0.661687 0.000000
vn -0.715905 0.698198 0.000000
vn -0.715905 0.698198 0.000000
vn -0.680107 0.733113 0.000000
vn -0.680107 0.733113 0.000000
vn -0.642782 0.766049 0.000000
vn -0.642782 0.766049 0.000000
vn -0.603841 0.797105 0.000000
vn -0.603841 0.797105 0.000000
vn -0.563296 0.826255 0.000000
vn -0.563296 0.826255 0.000000
vn -0.521406 0.853309 0.000000
vn -0.521406 0.853309 0.000000
vn -0.478331 0.878179 0.000000
vn -0.478331 0.878179 0.000000
vn -0.433875 0.900973 0.000000
vn -0.433875 0.900973 0.000000
vn -0.388399 0.921491 0.000000
vn -0.388399 0.921491 0.000000
vn -0.341980 0.939707 0.000000
vn -0.341980 0.939707 0.000000
vn -0.294800 0.955559 0.000000
vn -0.294800 0.955559 0.000000
vn -0.246750 0.969079 0.000000
vn -0.246750 0.969079 0.000000
vn -0.198155 0.980171 0.000000
vn -0.198155 0.980171 0.000000
vn -0.149099 0.988822 0.000000
vn -0.149099 0.988822 0.000000
vn -0.099569 0.995031 0.000000
vn -0.099569 0.995031 0.000000
vn -0.049829 0.998758 0.000000
vn -0.049829 0.998758 0.000000
vn 0.000000 1.000000 -0.000000
vn 0.000000 1.000000 0.000000
vn 0.049829 0.998758 -0.000000
vn 0.049829 0.998758 0.000000
vn 0.099569 0.995031 -0.000000
vn 0.099569 0.995031 0.000000
vn 0.149099 0.988822 -0.000000
vn 0.149099 0.988822 0.000000
vn 0.198155 0.980171 -0.000000
vn 0.198155 0.980171 0.000000
vn 0.246750 0.969079 0.000000
vn 0.246750 0.969079 -0.000000
vn 0.294800 0.955559 0.000000
vn 0.294800 0.955559 -0.000000
vn 0.341980 0.939707 0.000000
vn 0.341980 0.939707 -0.000000
vn 0.388399 0.921491 0.000000
vn 0.388399 0.921491 -0.000000
vn 0.433875 0.900973 0.000000
vn 0.433875 0.900973 -0.000000
vn 0.478331 0.878179 0.000000
vn 0.478331 0.878179 -0.000000
vn 0.521406 0.853309 0.000000
vn 0.521406 0.853309 -0.000000
vn 0.563296 0.826255 0.000000
vn 0.563296 0.826255 -0.000000
vn 0.603841 0.797105 0.000000
vn 0.603841 0.797105 -0.000000
vn 0.642782 0.766049 0.000000
vn 0.642782 0.766049 -0.000000
vn 0.680107 0.733113 0.000000
vn 0.680107 0.733113 -0.000000
vn 0.715905 0.698198 0.000000
vn 0.715905 0.698198 -0.000000
vn 0.749780 0.661687 0.000000
vn 0.749780 0.661687 -0.000000
vn 0.781849 0.623468 -0.000000
vn 0.781849 0.623468 0.000000
vn 0.811891 0.583809 -0.000000
vn 0.811891 0.583809 0.000000
vn 0.840033 0.542535 -0.000000
vn 0.840033 0.542535 0.000000
vn 0.866069 0.499924 0.000000
vn 0.866069 0.499924 0.000000
vn 0.889879 0.456197 0.000000
vn 0.889879 0.456197 0.000000
vn 0.911471 0.411364 0.000000
vn 0.930899 0.365277 0.000000
vn 0.911471 0.411364 -0.000000
vn 0.947926 0.318489 0.000000
vn 0.930899 0.365277 0.000000
vn 0.947926 0.318489 0.000000
vn 0.962630 0.270822 0.000000
vn 0.962630 0.270822 -0.000000
vn 0.974926 0.222528 0.000000
vn 0.984787 0.173767 0.000000
vn 0.974926 0.222528 -0.000000
vn 0.984787 0.173767 0.000000
vn 0.992261 0.124169 0.000000
vn 0.992261 0.124169 -0.000000
vn 0.997202 0.074757 0.000000
vn 0.997202 0.074757 -0.000000
vn 0.999689 0.024918 0.000000
vn 0.999689 0.024918 -0.000000
vn 0.999689 -0.024920 0.000000
vn 0.999689 -0.024920 0.000000
vn 0.997202 -0.074757 0.000000
vn 0.997202 -0.074757 0.000000
vn 0.992263 -0.124156 0.000000
vn 0.992263 -0.124156 0.000000
vn 0.984785 -0.173776 0.000000
vn 0.984785 -0.173776 0.000000
vn 0.974926 -0.222528 0.000000
vn 0.974926 -0.222528 0.000000
vn 0.962626 -0.270836 0.000000
vn 0.962626 -0.270836 0.000000
vn 0.947932 -0.318473 0.000000
vn 0.947932 -0.318473 0.000000
vn 0.930899 -0.365277 0.000000
vn 0.930899 -0.365277 0.000000
vn 0.911471 -0.411364 0.000000
vn 0.911471 -0.411364 0.000000
vn 0.889879 -0.456197 0.000000
vn 0.889879 -0.456197 0.000000
vn 0.866055 -0.499948 0.000000
vn 0.866055 -0.499948 0.000000
vn 0.840033 -0.542535 0.000000
vn 0.840033 -0.542535 0.000000
vn 0.811891 -0.583809 0.000000
vn 0.811891 -0.583809 0.000000
vn 0.781870 -0.623441 0.000000
vn 0.781870 -0.623441 0.000000
vn 0.749780 -0.661687 0.000000
vn 0.749780 -0.661687 0.000000
vn 0.715905 -0.698198 0.000000
vn 0.715905 -0.698198 0.000000
vn 0.680137 -0.733085 0.000000
vn 0.680137 -0.733085 0.000000
vn 0.642718 -0.766103 0.000000
vn 0.642718 -0.766103 0.000000
vn 0.603876 -0.797079 0.000000
vn 0.603876 -0.797079 0.000000
vn 0.563333 -0.826230 0.000000
vn 0.563333 -0.826230 0.000000
vn 0.521366 -0.853333 0.000000
vn 0.521366 -0.853333 0.000000
vn 0.478331 -0.878179 0.000000
vn 0.478331 -0.878179 0.000000
vn 0.433875 -0.900973 0.000000
vn 0.433875 -0.900973 0.000000
vn 0.388399 -0.921491 0.000000
vn 0.388399 -0.921491 0.000000
vn 0.342028 -0.939690 0.000000
vn 0.342028 -0.939690 0.000000
vn 0.294750 -0.955574 0.000000
vn 0.294750 -0.955574 0.000000
vn 0.246750 -0.969079 0.000000
vn 0.246750 -0.969079 0.000000
vn 0.198155 -0.980171 0.000000
vn 0.198155 -0.980171 0.000000
vn 0.149046 -0.988830 0.000000
vn 0.149046 -0.988830 0.000000
vn 0.099569 -0.995031 0.000000
vn 0.049829 -0.998758 0.000000
vn 0.099569 -0.995031 0.000000
vn 0.049829 -0.998758 0.000000
vn 0.000000 -1.000000 0.000000
vn -0.049829 -0.998758 -0.000000
vn 0.000000 -1.000000 0.000000
vn -0.099569 -0.995031 -0.000000
vn -0.049829 -0.998758 0.000000
vn -0.099569 -0.995031 0.000000
vn -0.149046 -0.988830 0.000000
vn -0.198155 -0.980171 -0.000000
vn -0.149046 -0.988830 0.000000
vn -0.246750 -0.969079 -0.000000
vn -0.198155 -0.980171 0.000000
vn -0.246750 -0.969079 0.000000
vn -0.294750 -0.955574 0.000000
vn -0.294750 -0.955574 0.000000
vn -0.342028 -0.939690 0.000000
vn -0.342028 -0.939690 0.000000
vn -0.388399 -0.921491 -0.000000
vn -0.388399 -0.921491 0.000000
vn -0.433875 -0.900973 0.000000
vn -0.433875 -0.900973 0.000000
vn -0.478331 -0.878179 0.000000
vn -0.478331 -0.878179 0.000000
vn -0.521366 -0.853333 0.000000
vn -0.521366 -0.853333 0.000000
vn -0.563333 -0.826230 -0.000000
vn -0.563333 -0.826230 0.000000
vn -0.603876 -0.797079 0.000000
vn -0.603876 -0.797079 0.000000
vn -0.642718 -0.766103 0.000000
vn -0.642718 -0.766103 0.000000
vn -0.680137 -0.733085 -0.000000
vn -0.680137 -0.733085 0.000000
vn -0.715905 -0.698198 0.000000
vn -0.715905 -0.698198 0.000000
vn -0.749780 -0.661687 0.000000
vn -0.749780 -0.661687 0.000000
vn -0.781870 -0.623441 0.000000
vn -0.811891 -0.583809 -0.000000
vn -0.781870 -0.623441 0.000000
vn -0.811891 -0.583809 0.000000
vn -0.840033 -0.542535 0.000000
vn -0.840033 -0.542535 0.000000
vn -0.866055 -0.499948 0.000000
vn -0.866055 -0.499948 0.000000
vn -0.889879 -0.456197 0.000000
vn -0.889879 -0.456197 0.000000
vn -0.911471 -0.411364 0.000000
vn -0.911471 -0.411364 0.000000
vn -0.930899 -0.365277 0.000000
vn -0.930899 -0.365277 0.000000
vn -0.947932 -0.318473 0.000000
vn -0.947932 -0.318473 0.000000
vn -0.962626 -0.270836 0.000000
vn -0.962626 -0.270836 0.000000
vn -0.974926 -0.222528 0.000000
vn -0.974926 -0.222528 0.000000
vn -0.984785 -0.173776 0.000000
vn -0.984785 -0.173776 0.000000
vn -0.992263 -0.124156 0.000000
vn -0.997202 -0.074757 -0.000000
vn -0.992263 -0.124156 0.000000
vn -0.997202 -0.074757 0.000000
vn -0.999689 -0.024920 0.000000
vn -0.999689 -0.024920 0.000000
vn -0.999689 0.024918 0.000000
vn -0.999689 0.024918 0.000000
vn -0.997202 0.074757 0.000000
vn -0.997202 0.074757 0.000000
vn -0.992262 0.124163 0.000000
vn -0.992262 0.124163 0.000000
vn -0.984785 0.173776 0.000000
vn -0.984785 0.173776 0.000000
vn -0.974929 0.222516 0.000000
vn -0.974929 0.222516 0.000000
vn -0.962626 0.270836 0.000000
vn -0.962626 0.270836 0.000000
vn -0.947926 0.318489 0.000000
vn -0.947926 0.318489 0.000000
vn -0.930899 0.365277 0.000000
vn -0.930899 0.365277 0.000000
vn -0.911471 0.411364 0.000000
vn -0.911471 0.411364 0.000000
vn -0.889879 0.456197 0.000000
vn -0.889879 0.456197 0.000000
vn -0.866069 0.499924 0.000000
vn -0.866069 0.499924 0.000000
vn -0.840033 0.542535 0.000000
vn -0.840033 0.542535 0.000000
vn -0.811872 0.583835 0.000000
vn -0.811872 0.583835 0.000000
vn -0.781870 0.623441 0.000000
vn -0.781870 0.623441 0.000000
vn -0.749804 0.661660 0.000000
vn -0.749804 0.661660 0.000000
vn -0.715905 0.698198 0.000000
vn -0.715905 0.698198 0.000000
vn -0.680107 0.733113 0.000000
vn -0.680107 0.733113 0.000000
vn -0.642750 0.766076 0.000000
vn -0.642750 0.766076 0.000000
vn -0.603876 0.797079 0.000000
vn -0.603876 0.797079 0.000000
vn -0.563296 0.826255 0.000000
vn -0.563296 0.826255 0.000000
vn -0.521406 0.853309 0.000000
vn -0.521406 0.853309 0.000000
vn -0.478331 0.878179 0.000000
vn -0.478331 0.878179 0.000000
vn -0.433830 0.900995 0.000000
vn -0.433830 0.900995 0.000000
vn -0.388399 0.921491 0.000000
vn -0.388399 0.921491 0.000000
vn -0.342028 0.939690 0.000000
vn -0.342028 0.939690 0.000000
vn -0.294800 0.955559 0.000000
vn -0.294800 0.955559 0.000000
vn -0.246699 0.969092 0.000000
vn -0.246699 0.969092 0.000000
vn -0.198155 0.980171 0.000000
vn -0.198155 0.980171 0.000000
vn -0.149099 0.988822 0.000000
vn -0.149099 0.988822 0.000000
vn -0.099569 0.995031 0.000000
vn -0.099569 0.995031 0.000000
vn -0.049829 0.998758 0.000000
vn -0.049829 0.998758 0.000000
vn 0.000000 1.000000 -0.000000
vn 0.000000 1.000000 0.000000
vn 0.049829 0.998758 -0.000000
vn 0.049829 0.998758 0.000000
vn 0.099569 0.995031 -0.000000
vn 0.099569 0.995031 0.000000
vn 0.149099 0.988822 -0.000000
vn 0.149099 0.988822 0.000000
vn 0.198155 0.980171 -0.000000
vn 0.198155 0.980171 0.000000
vn 0.246699 0.969092 0.000000
vn 0.246699 0.969092 -0.000000
vn 0.294800 0.955559 0.000000
vn 0.294800 0.955559 -0.000000
vn 0.342028 0.939690 0.000000
vn 0.342028 0.939690 -0.000000
vn 0.388399 0.921491 0.000000
vn 0.388399 0.921491 -0.000000
vn 0.433830 0.900995 0.000000
vn 0.433830 0.900995 -0.000000
vn 0.478331 0.878179 0.000000
vn 0.478331 0.878179 -0.000000
vn 0.521406 0.853309 0.000000
vn 0.521406 0.853309 -0.000000
vn 0.563296 0.826255 0.000000
vn 0.563296 0.826255 -0.000000
vn 0.603876 0.797079 0.000000
vn 0.603876 0.797079 -0.000000
vn 0.642750 0.766076 0.000000
vn 0.642750 0.766076 -0.000000
vn 0.680107 0.733113 0.000000
vn 0.680107 0.733113 -0.000000
vn 0.715905 0.698198 0.000000
vn 0.715905 0.698198 -0.000000
vn 0.749804 0.661660 0.000000
vn 0.749804 0.661660 -0.000000
vn 0.781870 0.623441 -0.000000
vn 0.781870 0.623441 0.000000
vn 0.811872 0.583835 -0.000000
vn 0.811872 0.583835 0.000000
vn 0.840033 0.542535 -0.000000
vn 0.840033 0.542535 0.000000
vn 0.866069 0.499924 0.000000
vn 0.866069 0.499924 0.000000
vn 0.889879 0.456197 0.000000
vn 0.889879 0.456197 0.000000
vn 0.911471 0.411364 0.000000
vn 0.930899 0.365277 0.000000
vn 0.911471 0.411364 -0.000000
vn 0.947926 0.318489 0.000000
vn 0.930899 0.365277 0.000000
vn 0.947926 0.318489 0.000000
vn 0.962626 0.270836 0.000000
vn 0.962626 0.270836 -0.000000
vn 0.974929 0.222516 0.000000
vn 0.984785 0.173776 0.000000
vn 0.974929 0.222516 -0.000000
vn 0.984785 0.173776 0.000000
vn 0.992262 0.124163 0.000000
vn 0.992262 0.124163 -0.000000
vn 0.997202 0.074757 0.000000
vn 0.997202 0.074757 -0.000000
vn 0.999689 0.024918 0.000000
vn 0.999689 0.024918 -0.000000
vn -0.000000 -0.000000 -1.000000
vn 0.000000 0.000000 -1.000000
vn 0.000000 0.000000 -1.000000
vn 0.000000 0.000000 -1.000000
vn -0.000000 -0.000000 -1.000000
vn -0.000000 -0.000000 -1.000000
vn 0.000000 0.000000 -1.000000
vn -0.000000 -0.000000 -1.000000
vn -0.000000 -0.000000 -1.000000
vn -0.000000 -0.000000 -1.000000
vn 0.000000 0.000000 -1.000000
vn 0.000000 0.000000 -1.000000
vn 0.000000 0.000000 -1.000000
vn -0.000000 0.000000 -1.000000
vn 0.000000 0.000000 -1.000000
vn 0.000000 0.000000 -1.000000
vn -0.000000 0.000000 -1.000000
vn 0.000000 0.000000 -1.000000
vn -0.000000 0.000000 -1.000000
vn -0.000000 0.000000 -1.000000
vn 0.000000 0.000000 -1.000000
vn -0.000000 0.000000 -1.000000
vn -0.000000 0.000000 -1.000000
vn 0.000000 0.000000 -1.000000
vn 0.000000 0.000000 -1.000000
vn -0.000000 0.000000 -1.000000
vn -0.000000 0.000000 -1.000000
vn 0.000000 0.000000 -1.000000
vn 0.000000 0.000000 -1.000000
vn 0.000000 0.000000 -1.000000
vn 0.000000 0.000000 -1.000000
vn 0.000000 0.000000 -1.000000
vn -0.000000 0.000000 -1.000000
vn -0.000000 0.000000 -1.000000
vn -0.000000 0.000000 -1.000000
vn -0.000000 0.000000 -1.000000
vn 0.000000 0.000000 -1.000000
vn 0.000000 0.000000 -1.000000
vn -0.000000 0.000000 -1.000000
vn -0.000000 0.000000 -1.000000
vn 0.000000 0.000000 -1.000000
vn 0.000000 0.000000 -1.000000
vn 0.000000 0.000000 -1.000000
vn -0.000000 0.000000 -1.000000
vn -0.000000 0.000000 -1.000000
vn -0.000000 0.000000 -1.000000
vn 0.000000 0.000000 -1.000000
vn 0.000000 0.000000 -1.000000
vn 0.000000 0.000000 -1.000000
vn -0.000000 0.000000 -1.000000
vn -0.000000 0.000000 -1.000000
vn -0.000000 0.000000 -1.000000
vn -0.000000 0.000000 -1.000000
vn -0.000000 0.000000 -1.000000
vn -0.000000 0.000000 -1.000000
vn 0.000000 0.000000 -1.000000
vn 0.000000 0.000000 -1.000000
vn -0.000000 0.000000 -1.000000
vn -0.000000 0.000000 -1.000000
vn -0.000000 0.000000 -1.000000
vn -0.000000 0.000000 -1.000000
vn -0.000000 0.000000 -1.000000
vn 0.000000 0.000000 -1.000000
vn -0.000000 0.000000 -1.000000
vn -0.000000 0.000000 -1.000000
vn 0.000000 0.000000 -1.000000
vn 0.000000 0.000000 -1.000000
vn 0.000000 0.000000 -1.000000
vn 0.000000 0.000000 -1.000000
vn -0.000000 0.000000 -1.000000
vn -0.000000 0.000000 -1.000000
vn 0.000000 0.000000 -1.000000
vn -0.000000 0.000000 -1.000000
vn -0.000000 0.000000 -1.000000
vn -0.000000 0.000000 -1.000000
vn 0.000000 0.000000 -1.000000
vn 0.000000 0.000000 -1.000000
vn 0.000000 0.000000 -1.000000
vn -0.000000 0.000000 -1.000000
vn 0.000000 0.000000 -1.000000
vn 0.000000 0.000000 -1.000000
vn 0.000000 0.000000 -1.000000
vn 0.000000 0.000000 -1.000000
vn -0.000000 0.000000 -1.000000
vn -0.000000 0.000000 -1.000000
vn -0.000000 0.000000 -1.000000
vn -0.000000 0.000000 -1.000000
vn -0.000000 0.000000 -1.000000
vn 0.000000 0.000000 -1.000000
vn 0.000000 0.000000 -1.000000
vn 0.000000 0.000000 -1.000000
vn 0.000000 0.000000 -1.000000
vn 0.000000 0.000000 -1.000000
vn 0.000000 0.000000 -1.000000
vn 0.000000 0.000000 -1.000000
vn 0.000000 0.000000 -1.000000
vn -0.000000 0.000000 -1.000000
vn 0.000000 0.000000 -1.000000
vn -0.000000 0.000000 -1.000000
vn -0.000000 0.000000 -1.000000
vn -0.000000 0.000000 -1.000000
vn 0.000000 0.000000 -1.000000
vn 0.000000 0.000000 -1.000000
vn 0.000000 0.000000 -1.000000
vn 0.000000 0.000000 -1.000000
vn 0.000000 0.000000 -1.000000
vn 0.000000 0.000000 -1.000000
vn 0.000000 0.000000 -1.000000
vn 0.000000 0.000000 -1.000000
vn 0.000000 0.000000 -1.000000
vn -0.000000 0.000000 -1.000000
vn -0.000000 0.000000 -1.000000
vn 0.000000 0.000000 -1.000000
vn 0.000000 0.000000 -1.000000
vn 0.000000 0.000000 -1.000000
vn 0.000000 0.000000 -1.000000
vn 0.000000 0.000000 -1.000000
vn 0.000000 0.000000 -1.000000
vn 0.000000 0.000000 -1.000000
vn 0.000000 0.000000 -1.000000
vn 0.000000 0.000000 -1.000000
vn 0.000000 0.000000 -1.000000
vn 0.000000 0.000000 -1.000000
vn 0.000000 0.000000 -1.000000
vn -0.000000 -0.000000 -1.000000
vn 0.000000 0.000000 -1.000000
vn 0.000000 0.000000 -1.000000
vn 0.000000 0.000000 -1.000000
vn -0.000000 -0.000000 -1.000000
vn 0.000000 0.000000 -1.000000
vn -0.000000 -0.000000 -1.000000
vn -0.000000 -0.000000 -1.000000
vn -0.000000 -0.000000 -1.000000
vn 0.000000 0.000000 -1.000000
vn 0.000000 0.000000 -1.000000
vn -0.000000 -0.000000 -1.000000
vn 0.000000 0.000000 -1.000000
vn 0.000000 0.000000 -1.000000
vn 0.000000 0.000000 -1.000000
vn 0.000000 0.000000 -1.000000
vn -0.000000 0.000000 -1.000000
vn 0.000000 0.000000 -1.000000
vn 0.000000 0.000000 -1.000000
vn -0.000000 0.000000 -1.000000
vn -0.000000 0.000000 -1.000000
vn -0.000000 0.000000 -1.000000
vn 0.000000 0.000000 -1.000000
vn 0.000000 0.000000 -1.000000
vn 0.000000 0.000000 -1.000000
vn -0.000000 0.000000 -1.000000
vn 0.000000 0.000000 -1.000000
vn -0.000000 0.000000 -1.000000
vn -0.000000 0.000000 -1.000000
vn 0.000000 0.000000 -1.000000
vn -0.000000 0.000000 -1.000000
vn 0.000000 0.000000 -1.000000
vn 0.000000 0.000000 -1.000000
vn -0.000000 0.000000 -1.000000
vn -0.000000 0.000000 -1.000000
vn 0.000000 0.000000 -1.000000
vn 0.000000 0.000000 -1.000000
vn 0.000000 0.000000 -1.000000
vn 0.000000 0.000000 -1.000000
vn -0.000000 0.000000 -1.000000
vn -0.000000 0.000000 -1.000000
vn -0.000000 0.000000 -1.000000
vn -0.000000 0.000000 -1.000000
vn 0.000000 0.000000 -1.000000
vn 0.000000 0.000000 -1.000000
vn 0.000000 0.000000 -1.000000
vn -0.000000 0.000000 -1.000000
vn -0.000000 0.000000 -1.000000
vn 0.000000 0.000000 -1.000000
vn -0.000000 0.000000 -1.000000
vn -0.000000 0.000000 -1.000000
vn -0.000000 0.000000 -1.000000
vn 0.000000 0.000000 -1.000000
vn 0.000000 0.000000 -1.000000
vn -0.000000 0.000000 -1.000000
vn -0.000000 0.000000 -1.000000
vn -0.000000 0.000000 -1.000000
vn 0.000000 0.000000 -1.000000
vn -0.000000 0.000000 -1.000000
vn -0.000000 0.000000 -1.000000
vn -0.000000 0.000000 -1.000000
vn 0.000000 0.000000 -1.000000
vn 0.000000 0.000000 -1.000000
vn -0.000000 0.000000 -1.000000
vn 0.000000 0.000000 -1.000000
vn 0.000000 0.000000 -1.000000
vn 0.000000 0.000000 -1.000000
vn 0.000000 0.000000 -1.000000
vn -0.000000 0.000000 -1.000000
vn -0.000000 0.000000 -1.000000
vn -0.000000 0.000000 -1.000000
vn 0.000000 0.000000 -1.000000
vn 0.000000 0.000000 -1.000000
vn 0.000000 -0.000000 -1.000000
vn -0.000000 0.000000 -1.000000
vn 0.000000 0.000000 -1.000000
vn -0.000000 0.000000 -1.000000
vn 0.000000 0.000000 -1.000000
vn 0.000000 0.000000 -1.000000
vn 0.000000 0.000000 -1.000000
vn 0.000000 0.000000 -1.000000
vn 0.000000 0.000000 -1.000000
vn 0.000000 0.000000 -1.000000
vn 0.000000 0.000000 -1.000000
vn 0.000000 0.000000 -1.000000
vn 0.000000 0.000000 -1.000000
vn -0.000000 0.000000 -1.000000
vn -0.000000 0.000000 -1.000000
vn -0.000000 0.000000 -1.000000
vn -0.000000 0.000000 -1.000000
vn -0.000000 0.000000 -1.000000
vn -0.000000 0.000000 -1.000000
vn 0.000000 0.000000 -1.000000
vn 0.000000 0.000000 -1.000000
vn 0.000000 0.000000 -1.000000
vn 0.000000 0.000000 -1.000000
vn 0.000000 0.000000 -1.000000
vn 0.000000 0.000000 -1.000000
vn 0.000000 0.000000 -1.000000
vn 0.000000 0.000000 -1.000000
vn 0.000000 0.000000 -1.000000
vn 0.000000 0.000000 -1.000000
vn 0.000000 0.000000 -1.000000
vn -0.000000 0.000000 -1.000000
vn -0.000000 0.000000 -1.000000
vn 0.000000 0.000000 -1.000000
vn 0.000000 0.000000 -1.000000
vn 0.000000 0.000000 -1.000000
vn -0.000000 0.000000 -1.000000
vn -0.000000 0.000000 -1.000000
vn -0.000000 0.000000 -1.000000
vn 0.000000 0.000000 -1.000000
vn 0.000000 0.000000 -1.000000
vn 0.000000 0.000000 -1.000000
vn 0.000000 0.000000 -1.000000
vn 0.000000 0.000000 -1.000000
vn -0.000000 0.000000 -1.000000
vn 0.000000 0.000000 -1.000000
vn 0.000000 0.000000 -1.000000
vn 0.000000 0.000000 -1.000000
vn 0.000000 0.000000 -1.000000
vn 0.000000 0.000000 -1.000000
vn 0.000000 0.000000 -1.000000
vn 0.000000 0.000000 -1.000000
f 1//1 2//1 3//1
f 1//2 4//2 2//2
f 1//3 5//3 4//3
f 5//4 6//4 4//4
f 7//5 2//5 8//5
f 8//6 2//6 4//6
f 9//7 10//7 7//7
f 11//8 10//8 9//8
f 12//9 10//9 11//9
f 13//10 10//10 12//10
f 14//11 10//11 13//11
f 15//12 10//12 14//12
f 10//13 2//13 7//13
f 10//14 3//14 2//14
f 16//15 17//15 4//15
f 6//16 16//16 4//16
f 18//17 19//17 20//17
f 21//18 22//18 23//18
f 24//19 25//19 10//19
f 20//20 25//20 24//20
f 23//21 25//21 19//21
f 26//22 25//22 22//22
f 27//23 25//23 26//23
f 19//24 25//24 20//24
f 22//25 25//25 23//25
f 25//26 3//26 10//26
f 25//27 1//27 3//27
f 28//28 29//28 30//28
f 30//29 29//29 31//29
f 31//30 29//30 32//30
f 32//31 29//31 33//31
f 33//32 29//32 34//32
f 34//33 29//33 35//33
f 35//34 29//34 36//34
f 36//35 29//35 37//35
f 37//36 29//36 38//36
f 38//37 29//37 39//37
f 39//38 29//38 40//38
f 40//39 29//39 41//39
f 41//40 29//40 42//40
f 42//41 29//41 43//41
f 43//42 29//42 44//42
f 44//43 29//43 45//43
f 45//44 29//44 46//44
f 46//45 29//45 47//45
f 47//46 29//46 48//46
f 48//47 29//47 49//47
f 49//48 29//48 50//48
f 50//49 29//49 51//49
f 51//50 29//50 52//50
f 53//51 29//51 28//51
f 52//52 54//52 55//52
f 55//53 56//53 52//53
f 52//54 57//54 54//54
f 56//55 58//55 52//55
f 52//56 59//56 57//56
f 58//57 60//57 52//57
f 52//58 61//58 59//58
f 60//59 62//59 52//59
f 52//60 63//60 61//60
f 62//61 64//61 52//61
f 52//62 65//62 63//62
f 64//63 66//63 52//63
f 52//64 66//64 67//64
f 29//65 68//65 52//65
f 52//66 68//66 65//66
f 66//67 69//67 67//67
f 70//68 71//68 72//68
f 73//69 74//69 70//69
f 70//70 74//70 71//70
f 71//71 75//71 72//71
f 73//72 76//72 74//72
f 72//73 77//73 78//73
f 75//74 77//74 72//74
f 29//75 79//75 68//75
f 73//76 80//76 76//76
f 81//77 80//77 73//77
f 78//78 82//78 83//78
f 77//79 82//79 78//79
f 53//80 84//80 85//80
f 85//81 86//81 53//81
f 28//82 87//82 53//82
f 53//83 87//83 84//83
f 88//84 89//84 81//84
f 81//85 89//85 80//85
f 69//86 90//86 67//86
f 82//87 91//87 83//87
f 86//88 92//88 53//88
f 28//89 93//89 87//89
f 53//90 94//90 95//90
f 92//91 94//91 53//91
f 88//92 96//92 89//92
f 83//93 97//93 98//93
f 91//94 97//94 83//94
f 28//95 99//95 93//95
f 29//96 100//96 79//96
f 95//97 101//97 102//97
f 94//98 101//98 95//98
f 103//99 104//99 88//99
f 88//100 104//100 96//100
f 98//101 105//101 106//101
f 97//102 105//102 98//102
f 90//103 107//103 67//103
f 102//104 108//104 109//104
f 101//105 108//105 102//105
f 103//106 110//106 104//106
f 111//107 110//107 112//107
f 112//108 110//108 103//108
f 29//109 113//109 100//109
f 105//110 114//110 106//110
f 108//111 115//111 109//111
f 107//112 116//112 67//112
f 106//113 117//113 118//113
f 114//114 117//114 106//114
f 115//115 119//115 109//115
f 109//116 119//116 111//116
f 29//117 120//117 113//117
f 117//118 121//118 118//118
f 119//119 122//119 111//119
f 111//120 122//120 110//120
f 116//121 123//121 67//121
f 122//122 124//122 110//122
f 118//123 125//123 126//123
f 121//124 125//124 118//124
f 29//125 127//125 120//125
f 123//126 128//126 67//126
f 124//127 129//127 110//127
f 125//128 130//128 126//128
f 29//129 131//129 127//129
f 129//130 132//130 110//130
f 126//131 133//131 134//131
f 130//132 133//132 126//132
f 128//133 135//133 67//133
f 29//134 136//134 131//134
f 134//135 137//135 138//135
f 133//136 137//136 134//136
f 135//137 139//137 67//137
f 137//138 140//138 138//138
f 29//139 141//139 136//139
f 139//140 142//140 67//140
f 138//141 143//141 144//141
f 140//142 143//142 138//142
f 29//143 145//143 141//143
f 144//144 146//144 147//144
f 143//145 146//145 144//145
f 67//146 148//146 149//146
f 142//147 148//147 67//147
f 146//148 150//148 147//148
f 29//149 151//149 145//149
f 149//150 152//150 153//150
f 148//151 152//151 149//151
f 29//152 154//152 151//152
f 153//153 155//153 156//153
f 152//154 155//154 153//154
f 146//155 157//155 150//155
f 29//156 158//156 154//156
f 156//157 159//157 160//157
f 155//158 159//158 156//158
f 29//159 161//159 158//159
f 160//160 162//160 163//160
f 159//161 162//161 160//161
f 146//162 164//162 157//162
f 29//163 165//163 161//163
f 162//164 166//164 163//164
f 163//165 166//165 167//165
f 168//166 169//166 132//166
f 132//167 169//167 110//167
f 170//168 169//168 171//168
f 171//169 169//169 172//169
f 172//170 169//170 173//170
f 173//171 169//171 168//171
f 29//172 174//172 165//172
f 170//173 175//173 169//173
f 176//174 175//174 170//174
f 146//175 177//175 164//175
f 166//176 178//176 167//176
f 167//177 178//177 179//177
f 176//178 180//178 175//178
f 181//179 180//179 176//179
f 181//180 182//180 180//180
f 183//181 182//181 181//181
f 29//182 184//182 174//182
f 183//183 185//183 182//183
f 186//184 185//184 183//184
f 178//185 187//185 179//185
f 179//186 187//186 188//186
f 186//187 189//187 185//187
f 190//188 189//188 186//188
f 146//189 191//189 177//189
f 29//190 192//190 184//190
f 190//191 193//191 189//191
f 194//192 193//192 190//192
f 187//193 195//193 188//193
f 188//194 195//194 196//194
f 194//195 197//195 193//195
f 198//196 197//196 194//196
f 29//197 199//197 192//197
f 146//198 200//198 191//198
f 198//199 201//199 197//199
f 202//200 201//200 198//200
f 196//201 203//201 204//201
f 195//202 203//202 196//202
f 205//203 206//203 202//203
f 202//204 206//204 201//204
f 204//205 207//205 208//205
f 203//206 207//206 204//206
f 209//207 210//207 205//207
f 205//208 210//208 206//208
f 146//209 211//209 200//209
f 209//210 212//210 210//210
f 213//211 212//211 209//211
f 207//212 214//212 208//212
f 208//213 214//213 215//213
f 213//214 216//214 212//214
f 217//215 216//215 213//215
f 214//216 218//216 215//216
f 215//217 218//217 219//217
f 217//218 220//218 216//218
f 221//219 220//219 217//219
f 221//220 222//220 220//220
f 223//221 222//221 221//221
f 218//222 224//222 219//222
f 219//223 224//223 225//223
f 223//224 226//224 222//224
f 227//225 226//225 223//225
f 224//226 228//226 225//226
f 225//227 228//227 229//227
f 227//228 230//228 226//228
f 231//229 230//229 227//229
f 231//230 232//230 230//230
f 233//231 232//231 231//231
f 228//232 234//232 229//232
f 234//233 235//233 229//233
f 29//234 236//234 199//234
f 237//235 236//235 238//235
f 239//236 236//236 237//236
f 240//237 236//237 239//237
f 241//238 236//238 240//238
f 242//239 236//239 241//239
f 199//240 236//240 242//240
f 236//241 243//241 238//241
f 233//242 244//242 232//242
f 245//243 244//243 233//243
f 234//244 246//244 235//244
f 245//245 247//245 244//245
f 248//246 247//246 245//246
f 236//247 249//247 243//247
f 246//248 250//248 235//248
f 246//249 251//249 250//249
f 252//250 253//250 248//250
f 248//251 253//251 247//251
f 236//252 254//252 249//252
f 252//253 255//253 253//253
f 256//254 255//254 252//254
f 257//255 258//255 251//255
f 251//256 258//256 250//256
f 236//257 259//257 254//257
f 260//258 261//258 256//258
f 256//259 261//259 255//259
f 262//260 263//260 260//260
f 260//261 263//261 261//261
f 236//262 264//262 259//262
f 257//263 265//263 258//263
f 266//264 265//264 257//264
f 262//265 267//265 263//265
f 268//266 267//266 262//266
f 236//267 269//267 264//267
f 268//268 270//268 267//268
f 271//269 270//269 268//269
f 266//270 272//270 265//270
f 273//271 272//271 266//271
f 274//272 275//272 271//272
f 271//273 275//273 270//273
f 274//274 276//274 275//274
f 277//275 276//275 274//275
f 273//276 278//276 272//276
f 279//277 278//277 273//277
f 277//278 280//278 276//278
f 281//279 280//279 277//279
f 281//280 282//280 280//280
f 283//281 282//281 281//281
f 279//282 284//282 278//282
f 285//283 284//283 279//283
f 283//284 286//284 282//284
f 287//285 286//285 283//285
f 288//286 289//286 287//286
f 287//287 289//287 286//287
f 285//288 290//288 284//288
f 291//289 290//289 285//289
f 292//290 293//290 288//290
f 288//291 293//291 289//291
f 292//292 294//292 293//292
f 295//293 294//293 292//293
f 291//294 296//294 290//294
f 297//295 296//295 291//295
f 295//296 298//296 294//296
f 299//297 298//297 295//297
f 299//298 300//298 298//298
f 301//299 300//299 299//299
f 302//300 303//300 297//300
f 297//301 303//301 296//301
f 301//302 304//302 300//302
f 305//303 304//303 301//303
f 306//304 307//304 305//304
f 305//305 307//305 304//305
f 308//306 309//306 302//306
f 302//307 309//307 303//307
f 310//308 311//308 306//308
f 306//309 311//309 307//309
f 312//310 313//310 310//310
f 310//311 313//311 311//311
f 314//312 315//312 308//312
f 308//313 315//313 309//313
f 316//314 317//314 312//314
f 312//315 317//315 313//315
f 318//316 319//316 320//316
f 320//317 319//317 321//317
f 321//318 319//318 322//318
f 322//319 319//319 316//319
f 316//320 319//320 317//320
f 323//321 324//321 314//321
f 314//322 324//322 315//322
f 323//323 325//323 324//323
f 326//324 325//324 323//324
f 326//325 327//325 325//325
f 328//326 327//326 326//326
f 236//327 329//327 269//327
f 330//328 329//328 331//328
f 332//329 329//329 330//329
f 333//330 329//330 332//330
f 334//331 329//331 333//331
f 335//332 329//332 334//332
f 336//333 329//333 335//333
f 337//334 329//334 336//334
f 269//335 329//335 337//335
f 329//336 338//336 331//336
f 331//337 338//337 339//337
f 328//338 340//338 327//338
f 341//339 340//339 328//339
f 338//340 342//340 339//340
f 339//341 342//341 343//341
f 342//342 344//342 343//342
f 343//343 344//343 345//343
f 341//344 346//344 340//344
f 347//345 346//345 341//345
f 348//346 346//346 347//346
f 349//347 346//347 348//347
f 350//348 346//348 349//348
f 351//349 346//349 350//349
f 352//350 346//350 351//350
f 353//351 346//351 352//351
f 354//352 346//352 353//352
f 355//353 346//353 354//353
f 356//354 346//354 355//354
f 357//355 346//355 356//355
f 358//356 346//356 357//356
f 359//357 346//357 358//357
f 344//358 360//358 345//358
f 345//359 360//359 361//359
f 361//360 362//360 363//360
f 360//361 362//361 361//361
f 362//362 364//362 363//362
f 363//363 365//363 366//363
f 364//364 365//364 363//364
f 366//365 367//365 368//365
f 365//366 367//366 366//366
f 368//367 369//367 370//367
f 367//368 369//368 368//368
f 370//369 371//369 372//369
f 369//370 371//370 370//370
f 372//371 373//371 374//371
f 371//372 373//372 372//372
f 374//373 375//373 376//373
f 373//374 375//374 374//374
f 375//375 377//375 376//375
f 376//376 378//376 379//376
f 377//377 378//377 376//377
f 379//378 380//378 381//378
f 378//379 380//379 379//379
f 381//380 382//380 383//380
f 380//381 382//381 381//381
f 383//382 384//382 385//382
f 382//383 384//383 383//383
f 385//384 386//384 387//384
f 384//385 386//385 385//385
f 387//386 388//386 389//386
f 386//387 388//387 387//387
f 388//388 390//388 389//388
f 389//389 390//389 391//389
f 390//390 392//390 391//390
f 391//391 393//391 394//391
f 392//392 393//392 391//392
f 394//393 395//393 396//393
f 393//394 395//394 394//394
f 395//395 397//395 396//395
f 396//396 397//396 359//396
f 359//397 398//397 346//397
f 397//398 398//398 359//398
f 398//399 399//399 346//399
f 399//400 400//400 346//400
f 400//401 401//401 346//401
f 401//402 402//402 346//402
f 402//403 403//403 346//403
f 403//404 404//404 346//404
f 404//405 405//405 346//405
f 405//406 406//406 346//406
f 406//407 407//407 346//407
f 407//408 408//408 346//408
f 318//409 409//409 319//409
f 410//410 409//410 411//410
f 411//411 409//411 412//411
f 412//412 409//412 413//412
f 413//413 409//413 414//413
f 414//414 409//414 415//414
f 415//415 409//415 416//415
f 416//416 409//416 417//416
f 417//417 409//417 418//417
f 418//418 409//418 318//418
f 319//419 409//419 419//419
f 409//420 420//420 419//420
f 420//421 421//421 419//421
f 421//422 422//422 419//422
f 422//423 423//423 419//423
f 423//424 424//424 419//424
f 424//425 425//425 419//425
f 425//426 426//426 419//426
f 426//427 427//427 419//427
f 419//428 427//428 428//428
f 427//429 429//429 428//429
f 430//430 429//430 431//430
f 428//431 429//431 430//431
f 429//432 432//432 431//432
f 431//433 432//433 433//433
f 432//434 434//434 433//434
f 435//435 434//435 436//435
f 433//436 434//436 435//436
f 434//437 437//437 436//437
f 436//438 437//438 438//438
f 437//439 439//439 438//439
f 440//440 439//440 441//440
f 438//441 439//441 440//441
f 439//442 442//442 441//442
f 441//443 442//443 443//443
f 442//444 444//444 443//444
f 445//445 444//445 446//445
f 443//446 444//446 445//446
f 444//447 447//447 446//447
f 446//448 447//448 448//448
f 447//449 449//449 448//449
f 450//450 449//450 451//450
f 448//451 449//451 450//451
f 449//452 452//452 451//452
f 451//453 452//453 453//453
f 5//454 16//454 6//454
f 452//455 454//455 453//455
f 453//456 454//456 455//456
f 454//457 456//457 455//457
f 457//458 456//458 458//458
f 455//459 456//459 457//459
f 456//460 459//460 458//460
f 458//461 459//461 460//461
f 16//462 461//462 462//462
f 459//463 463//463 460//463
f 460//464 463//464 464//464
f 465//465 466//465 467//465
f 463//466 468//466 464//466
f 469//467 468//467 470//467
f 464//468 468//468 469//468
f 465//469 471//469 466//469
f 471//470 472//470 466//470
f 471//471 473//471 472//471
f 473//472 474//472 472//472
f 473//473 475//473 474//473
f 468//474 476//474 470//474
f 470//475 476//475 477//475
f 478//476 479//476 475//476
f 475//477 479//477 474//477
f 480//478 481//478 478//478
f 478//479 481//479 479//479
f 477//480 482//480 483//480
f 476//481 482//481 477//481
f 484//482 485//482 480//482
f 480//483 485//483 481//483
f 484//484 486//484 485//484
f 487//485 486//485 484//485
f 482//486 488//486 483//486
f 483//487 488//487 489//487
f 490//488 491//488 487//488
f 487//489 491//489 486//489
f 490//490 492//490 491//490
f 493//491 492//491 490//491
f 488//492 494//492 489//492
f 489//493 494//493 495//493
f 496//494 497//494 493//494
f 493//495 497//495 492//495
f 496//496 498//496 497//496
f 499//497 498//497 496//497
f 494//498 500//498 495//498
f 495//499 500//499 501//499
f 499//500 502//500 498//500
f 503//501 502//501 499//501
f 503//502 504//502 502//502
f 505//503 504//503 503//503
f 500//504 506//504 501//504
f 501//505 506//505 507//505
f 508//506 509//506 505//506
f 505//507 509//507 504//507
f 408//508 510//508 346//508
f 507//509 510//509 408//509
f 506//510 510//510 507//510
f 511//511 512//511 508//511
f 508//512 512//512 509//512
f 513//513 514//513 511//513
f 511//514 514//514 512//514
f 510//515 515//515 346//515
f 516//516 517//516 513//516
f 513//517 517//517 514//517
f 518//518 519//518 516//518
f 516//519 519//519 517//519
f 520//520 521//520 518//520
f 518//521 521//521 519//521
f 520//522 522//522 521//522
f 523//523 524//523 520//523
f 525//524 524//524 523//524
f 526//525 524//525 525//525
f 527//526 524//526 526//526
f 16//527 524//527 461//527
f 528//528 524//528 527//528
f 529//529 524//529 528//529
f 530//530 524//530 529//530
f 531//531 524//531 530//531
f 532//532 524//532 531//532
f 461//533 524//533 532//533
f 522//534 524//534 533//534
f 533//535 524//535 534//535
f 534//536 524//536 535//536
f 535//537 524//537 536//537
f 536//538 524//538 537//538
f 537//539 524//539 538//539
f 538//540 524//540 539//540
f 539//541 524//541 540//541
f 540//542 524//542 541//542
f 541//543 524//543 542//543
f 542//544 524//544 543//544
f 543//545 524//545 544//545
f 544//546 524//546 545//546
f 545//547 524//547 546//547
f 520//548 524//548 522//548
f 547//549 548//549 549//549
f 549//550 550//550 551//550
f 551//551 550//551 552//551
f 548//552 550//552 549//552
f 553//553 554//553 555//553
f 555//554 554//554 547//554
f 547//555 554//555 548//555
f 556//556 557//556 553//556
f 553//557 557//557 554//557
f 552//558 558//558 559//558
f 550//559 558//559 552//559
f 559//560 560//560 561//560
f 561//561 560//561 562//561
f 558//562 560//562 559//562
f 563//563 564//563 565//563
f 565//564 564//564 556//564
f 556//565 564//565 557//565
f 566//566 567//566 568//566
f 568//567 567//567 563//567
f 563//568 567//568 564//568
f 562//569 569//569 570//569
f 560//570 569//570 562//570
f 571//571 572//571 566//571
f 566//572 572//572 567//572
f 570//573 573//573 574//573
f 574//574 573//574 575//574
f 569//575 573//575 570//575
f 576//576 577//576 578//576
f 578//577 577//577 571//577
f 571//578 577//578 572//578
f 575//579 579//579 580//579
f 573//580 579//580 575//580
f 580//581 581//581 582//581
f 579//582 581//582 580//582
f 583//583 584//583 576//583
f 576//584 584//584 577//584
f 585//585 586//585 587//585
f 587//586 586//586 583//586
f 583//587 586//587 584//587
f 581//588 588//588 582//588
f 582//589 588//589 589//589
f 589//590 588//590 590//590
f 5//591 591//591 16//591
f 16//592 591//592 524//592
f 590//593 592//593 593//593
f 588//594 592//594 590//594
f 594//595 595//595 596//595
f 596//596 595//596 585//596
f 585//597 595//597 586//597
f 594//598 597//598 595//598
f 598//599 597//599 594//599
f 593//600 599//600 600//600
f 592//601 599//601 593//601
f 524//602 601//602 546//602
f 546//603 601//603 602//603
f 602//604 601//604 603//604
f 603//605 601//605 604//605
f 604//606 601//606 605//606
f 605//607 601//607 606//607
f 606//608 601//608 607//608
f 607//609 601//609 608//609
f 608//610 601//610 609//610
f 609//611 601//611 610//611
f 610//612 601//612 611//612
f 611//613 601//613 612//613
f 612//614 601//614 613//614
f 600//615 614//615 615//615
f 599//616 614//616 600//616
f 598//617 616//617 597//617
f 617//618 616//618 618//618
f 618//619 616//619 598//619
f 617//620 619//620 616//620
f 620//621 619//621 617//621
f 620//622 621//622 619//622
f 622//623 621//623 623//623
f 623//624 621//624 620//624
f 622//625 624//625 621//625
f 613//626 624//626 625//626
f 625//627 624//627 622//627
f 613//628 626//628 624//628
f 601//629 626//629 613//629
f 601//630 627//630 626//630
f 614//631 628//631 615//631
f 615//632 628//632 629//632
f 629//633 628//633 630//633
f 631//634 628//634 632//634
f 632//635 628//635 633//635
f 633//636 628//636 634//636
f 634//637 628//637 635//637
f 635//638 628//638 614//638
f 601//639 636//639 627//639
f 636//640 637//640 627//640
f 631//641 638//641 639//641
f 639//642 640//642 631//642
f 631//643 641//643 638//643
f 640//644 642//644 631//644
f 631//645 643//645 641//645
f 642//646 644//646 631//646
f 631//647 645//647 643//647
f 631//648 646//648 628//648
f 628//649 646//649 647//649
f 644//650 646//650 631//650
f 631//651 648//651 645//651
f 647//652 649//652 650//652
f 646//653 649//653 647//653
f 631//654 651//654 648//654
f 649//655 652//655 650//655
f 637//656 653//656 631//656
f 631//657 653//657 651//657
f 650//658 654//658 655//658
f 652//659 654//659 650//659
f 637//660 656//660 653//660
f 654//661 657//661 655//661
f 655//662 657//662 658//662
f 637//663 659//663 656//663
f 658//664 660//664 661//664
f 657//665 660//665 658//665
f 637//666 662//666 659//666
f 660//667 663//667 661//667
f 637//668 664//668 662//668
f 663//669 665//669 661//669
f 661//670 665//670 666//670
f 637//671 667//671 664//671
f 665//672 668//672 666//672
f 666//673 668//673 669//673
f 637//674 670//674 667//674
f 668//675 671//675 669//675
f 637//676 672//676 670//676
f 671//677 673//677 669//677
f 669//678 673//678 674//678
f 637//679 675//679 672//679
f 673//680 676//680 674//680
f 674//681 676//681 677//681
f 637//682 678//682 675//682
f 676//683 679//683 677//683
f 677//684 679//684 680//684
f 637//685 681//685 678//685
f 679//686 682//686 680//686
f 637//687 683//687 681//687
f 680//688 684//688 685//688
f 682//689 684//689 680//689
f 637//690 686//690 683//690
f 684//691 687//691 685//691
f 685//692 687//692 688//692
f 637//693 689//693 686//693
f 687//694 690//694 688//694
f 688//695 690//695 691//695
f 637//696 692//696 689//696
f 690//697 693//697 691//697
f 637//698 694//698 692//698
f 693//699 695//699 691//699
f 691//700 695//700 696//700
f 637//701 697//701 694//701
f 695//702 698//702 696//702
f 696//703 698//703 699//703
f 637//704 700//704 697//704
f 698//705 701//705 699//705
f 699//706 701//706 702//706
f 637//707 703//707 700//707
f 702//708 704//708 705//708
f 701//709 704//709 702//709
f 637//710 706//710 703//710
f 704//711 707//711 705//711
f 637//712 708//712 706//712
f 705//713 709//713 710//713
f 707//714 709//714 705//714
f 637//715 711//715 708//715
f 710//716 712//716 713//716
f 709//717 712//717 710//717
f 637//718 714//718 711//718
f 636//719 714//719 637//719
f 713//720 715//720 716//720
f 712//721 715//721 713//721
f 636//722 717//722 714//722
f 716//723 718//723 719//723
f 715//724 718//724 716//724
f 636//725 720//725 717//725
f 718//726 721//726 719//726
f 636//727 722//727 720//727
f 721//728 723//728 719//728
f 719//729 723//729 724//729
f 636//730 725//730 722//730
f 724//731 726//731 727//731
f 723//732 726//732 724//732
f 636//733 728//733 725//733
f 729//734 730//734 726//734
f 731//735 730//735 729//735
f 732//736 730//736 731//736
f 733//737 730//737 732//737
f 734//738 730//738 733//738
f 735//739 730//739 734//739
f 736//740 730//740 735//740
f 737//741 730//741 736//741
f 738//742 730//742 737//742
f 739//743 730//743 738//743
f 740//744 730//744 739//744
f 741//745 730//745 740//745
f 742//746 730//746 741//746
f 743//747 730//747 742//747
f 744//748 730//748 745//748
f 746//749 730//749 744//749
f 747//750 730//750 746//750
f 748//751 730//751 747//751
f 749//752 730//752 748//752
f 750//753 730//753 749//753
f 751//754 730//754 750//754
f 752//755 730//755 751//755
f 727//756 730//756 752//756
f 745//757 730//757 753//757
f 726//758 730//758 727//758
f 754//759 755//759 756//759
f 757//760 755//760 754//760
f 758//761 755//761 757//761
f 759//762 755//762 758//762
f 760//763 755//763 759//763
f 761//764 755//764 760//764
f 762//765 755//765 761//765
f 763//766 755//766 762//766
f 764//767 755//767 763//767
f 765//768 755//768 764//768
f 766//769 755//769 765//769
f 767//770 755//770 766//770
f 768//771 755//771 767//771
f 728//772 755//772 768//772
f 636//773 755//773 728//773
f 769//774 770//774 743//774
f 743//775 770//775 730//775
f 756//776 771//776 772//776
f 755//777 771//777 756//777
f 773//778 774//778 769//778
f 769//779 774//779 770//779
f 771//780 775//780 772//780
f 772//781 775//781 776//781
f 777//782 778//782 773//782
f 773//783 778//783 774//783
f 775//784 779//784 776//784
f 776//785 779//785 780//785
f 781//786 782//786 777//786
f 777//787 782//787 778//787
f 780//788 783//788 784//788
f 779//789 783//789 780//789
f 785//790 786//790 781//790
f 781//791 786//791 782//791
f 784//792 787//792 788//792
f 783//793 787//793 784//793
f 789//794 790//794 785//794
f 785//795 790//795 786//795
f 788//796 791//796 792//796
f 787//797 791//797 788//797
f 793//798 794//798 789//798
f 789//799 794//799 790//799
f 792//800 795//800 796//800
f 791//801 795//801 792//801
f 797//802 798//802 793//802
f 793//803 798//803 794//803
f 795//804 799//804 796//804
f 796//805 799//805 800//805
f 801//806 802//806 797//806
f 797//807 802//807 798//807
f 800//808 803//808 804//808
f 799//809 803//809 800//809
f 805//810 806//810 801//810
f 801//811 806//811 802//811
f 804//812 807//812 808//812
f 803//813 807//813 804//813
f 809//814 810//814 805//814
f 805//815 810//815 806//815
f 808//816 811//816 812//816
f 807//817 811//817 808//817
f 813//818 814//818 809//818
f 809//819 814//819 810//819
f 812//820 815//820 816//820
f 811//821 815//821 812//821
f 817//822 818//822 813//822
f 813//823 818//823 814//823
f 816//824 819//824 820//824
f 815//825 819//825 816//825
f 821//826 822//826 817//826
f 817//827 822//827 818//827
f 820//828 823//828 824//828
f 819//829 823//829 820//829
f 825//830 826//830 821//830
f 821//831 826//831 822//831
f 824//832 827//832 828//832
f 823//833 827//833 824//833
f 828//834 829//834 825//834
f 825//835 829//835 826//835
f 827//836 829//836 828//836
f 146//837 236//837 830//837
f 146//838 830//838 831//838
f 146//839 831//839 832//839
f 146//840 832//840 211//840
f 833//841 409//841 834//841
f 834//842 409//842 835//842
f 835//843 409//843 836//843
f 836//844 409//844 837//844
f 837//845 409//845 838//845
f 838//846 409//846 839//846
f 839//847 409//847 840//847
f 840//848 409//848 841//848
f 841//849 409//849 842//849
f 842//850 409//850 410//850
f 28//851 843//851 844//851
f 28//852 844//852 845//852
f 28//853 845//853 99//853
f 730//854 346//854 753//854
f 753//855 346//855 515//855
f 846//856 630//856 628//856
f 846//857 628//857 847//857
f 847//858 628//858 848//858
f 848//859 628//859 849//859
f 849//860 628//860 850//860
f 850//861 628//861 851//861
f 851//862 628//862 852//862
f 852//863 628//863 853//863
f 853//864 628//864 854//864
f 854//865 628//865 855//865
f 5//866 1//866 25//866
f 5//867 25//867 856//867
f 591//868 857//868 858//868
f 636//869 857//869 591//869
f 859//870 755//870 636//870
f 856//871 859//871 636//871
f 856//872 636//872 591//872
f 856//873 591//873 5//873
f 860//874 861//874 862//874
f 862//875 861//875 863//875
f 864//876 865//876 866//876
f 866//877 865//877 867//877
f 867//878 865//878 868//878
f 868//879 865//879 869//879
f 869//880 865//880 870//880
f 870//881 865//881 860//881
f 860//882 865//882 861//882
f 864//883 871//883 865//883
f 871//884 872//884 865//884
f 872//885 873//885 865//885
f 873//886 8//886 865//886
f 865//887 4//887 874//887
f 8//888 4//888 865//888
f 874//889 875//889 876//889
f 4//890 17//890 874//890
f 874//891 17//891 875//891
f 856//892 25//892 27//892
f 877//893 27//893 26//893
f 877//894 856//894 27//894
f 878//895 26//895 22//895
f 878//896 877//896 26//896
f 879//897 22//897 21//897
f 879//898 878//898 22//898
f 880//899 21//899 23//899
f 880//900 879//900 21//900
f 881//901 23//901 19//901
f 881//902 880//902 23//902
f 882//903 19//903 18//903
f 882//904 881//904 19//904
f 883//905 18//905 20//905
f 883//906 882//906 18//906
f 884//907 20//907 24//907
f 884//908 883//908 20//908
f 885//909 24//909 10//909
f 885//910 884//910 24//910
f 886//911 10//911 15//911
f 886//912 885//912 10//912
f 887//913 15//913 14//913
f 887//914 886//914 15//914
f 888//915 13//915 12//915
f 888//916 14//916 13//916
f 888//917 887//917 14//917
f 889//918 12//918 11//918
f 889//919 888//919 12//919
f 8//920 9//920 7//920
f 890//921 11//921 9//921
f 890//922 889//922 11//922
f 891//923 890//923 9//923
f 891//924 9//924 8//924
f 892//925 8//925 873//925
f 892//926 891//926 8//926
f 893//927 892//927 873//927
f 893//928 873//928 872//928
f 894//929 872//929 871//929
f 894//930 893//930 872//930
f 895//931 871//931 864//931
f 895//932 894//932 871//932
f 896//933 864//933 866//933
f 896//934 895//934 864//934
f 897//935 866//935 867//935
f 897//936 896//936 866//936
f 898//937 867//937 868//937
f 898//938 897//938 867//938
f 899//939 868//939 869//939
f 899//940 898//940 868//940
f 900//941 869//941 870//941
f 900//942 899//942 869//942
f 901//943 870//943 860//943
f 901//944 860//944 862//944
f 901//945 900//945 870//945
f 902//946 862//946 863//946
f 903//947 901//947 862//947
f 903//948 862//948 902//948
f 904//949 902//949 905//949
f 904//950 903//950 902//950
f 906//951 905//951 907//951
f 906//952 904//952 905//952
f 908//953 907//953 909//953
f 908//954 906//954 907//954
f 910//955 909//955 911//955
f 910//956 908//956 909//956
f 912//957 911//957 913//957
f 912//958 910//958 911//958
f 914//959 913//959 915//959
f 914//960 912//960 913//960
f 916//961 915//961 917//961
f 916//962 914//962 915//962
f 918//963 917//963 919//963
f 918//964 916//964 917//964
f 920//965 919//965 921//965
f 920//966 918//966 919//966
f 922//967 921//967 923//967
f 922//968 920//968 921//968
f 924//969 923//969 925//969
f 924//970 922//970 923//970
f 926//971 925//971 927//971
f 926//972 924//972 925//972
f 928//973 927//973 929//973
f 928//974 926//974 927//974
f 930//975 928//975 929//975
f 930//976 929//976 931//976
f 932//977 930//977 931//977
f 932//978 931//978 933//978
f 934//979 932//979 933//979
f 934//980 933//980 935//980
f 936//981 934//981 935//981
f 936//982 935//982 937//982
f 938//983 936//983 937//983
f 938//984 937//984 939//984
f 940//985 938//985 939//985
f 940//986 939//986 941//986
f 942//987 940//987 941//987
f 942//988 941//988 943//988
f 944//989 942//989 943//989
f 944//990 943//990 945//990
f 946//991 945//991 947//991
f 946//992 944//992 945//992
f 948//993 947//993 949//993
f 948//994 946//994 947//994
f 950//995 949//995 951//995
f 950//996 948//996 949//996
f 952//997 951//997 953//997
f 952//998 950//998 951//998
f 954//999 953//999 955//999
f 954//1000 952//1000 953//1000
f 956//1001 955//1001 957//1001
f 956//1002 954//1002 955//1002
f 958//1003 957//1003 959//1003
f 958//1004 956//1004 957//1004
f 960//1005 959//1005 961//1005
f 960//1006 958//1006 959//1006
f 962//1007 961//1007 963//1007
f 962//1008 960//1008 961//1008
f 964//1009 963//1009 965//1009
f 964//1010 962//1010 963//1010
f 966//1011 965//1011 967//1011
f 966//1012 964//1012 965//1012
f 968//1013 967//1013 969//1013
f 968//1014 966//1014 967//1014
f 970//1015 969//1015 971//1015
f 970//1016 968//1016 969//1016
f 972//1017 971//1017 973//1017
f 972//1018 970//1018 971//1018
f 974//1019 973//1019 975//1019
f 974//1020 972//1020 973//1020
f 976//1021 975//1021 977//1021
f 976//1022 974//1022 975//1022
f 17//1023 978//1023 875//1023
f 462//1024 979//1024 978//1024
f 16//1025 462//1025 978//1025
f 16//1026 978//1026 17//1026
f 980//1027 981//1027 833//1027
f 833//1028 981//1028 409//1028
f 981//1029 982//1029 409//1029
f 409//1030 982//1030 420//1030
f 420//1031 983//1031 421//1031
f 982//1032 983//1032 420//1032
f 421//1033 984//1033 422//1033
f 983//1034 984//1034 421//1034
f 422//1035 985//1035 423//1035
f 984//1036 985//1036 422//1036
f 423//1037 986//1037 424//1037
f 985//1038 986//1038 423//1038
f 424//1039 987//1039 425//1039
f 986//1040 987//1040 424//1040
f 425//1041 988//1041 426//1041
f 987//1042 988//1042 425//1042
f 426//1043 989//1043 427//1043
f 988//1044 989//1044 426//1044
f 989//1045 990//1045 427//1045
f 427//1046 990//1046 429//1046
f 429//1047 991//1047 432//1047
f 990//1048 991//1048 429//1048
f 432//1049 992//1049 434//1049
f 991//1050 992//1050 432//1050
f 434//1051 993//1051 437//1051
f 992//1052 993//1052 434//1052
f 437//1053 994//1053 439//1053
f 993//1054 994//1054 437//1054
f 439//1055 995//1055 442//1055
f 994//1056 995//1056 439//1056
f 442//1057 996//1057 444//1057
f 995//1058 996//1058 442//1058
f 444//1059 997//1059 447//1059
f 996//1060 997//1060 444//1060
f 447//1061 998//1061 449//1061
f 997//1062 998//1062 447//1062
f 449//1063 999//1063 452//1063
f 998//1064 999//1064 449//1064
f 452//1065 1000//1065 454//1065
f 454//1066 1000//1066 456//1066
f 999//1067 1000//1067 452//1067
f 1000//1068 1001//1068 456//1068
f 456//1069 1002//1069 459//1069
f 1001//1070 1002//1070 456//1070
f 459//1071 1003//1071 463//1071
f 1002//1072 1003//1072 459//1072
f 463//1073 1004//1073 468//1073
f 1003//1074 1004//1074 463//1074
f 468//1075 1005//1075 476//1075
f 476//1076 1005//1076 482//1076
f 1004//1077 1005//1077 468//1077
f 1005//1078 1006//1078 482//1078
f 482//1079 1007//1079 488//1079
f 1006//1080 1007//1080 482//1080
f 488//1081 1008//1081 494//1081
f 1007//1082 1008//1082 488//1082
f 494//1083 1009//1083 500//1083
f 500//1084 1009//1084 506//1084
f 1008//1085 1009//1085 494//1085
f 1009//1086 1010//1086 506//1086
f 506//1087 1011//1087 510//1087
f 510//1088 1011//1088 515//1088
f 1010//1089 1011//1089 506//1089
f 1011//1090 1012//1090 515//1090
f 515//1091 1013//1091 753//1091
f 1012//1092 1013//1092 515//1092
f 1013//1093 1014//1093 753//1093
f 753//1094 1014//1094 745//1094
f 1014//1095 1015//1095 745//1095
f 745//1096 1015//1096 744//1096
f 744//1097 1016//1097 746//1097
f 1015//1098 1016//1098 744//1098
f 746//1099 1017//1099 747//1099
f 1016//1100 1017//1100 746//1100
f 747//1101 1018//1101 748//1101
f 1017//1102 1018//1102 747//1102
f 748//1103 1019//1103 749//1103
f 1018//1104 1019//1104 748//1104
f 749//1105 1020//1105 750//1105
f 1019//1106 1020//1106 749//1106
f 750//1107 1021//1107 751//1107
f 1020//1108 1021//1108 750//1108
f 751//1109 1022//1109 752//1109
f 752//1110 1022//1110 727//1110
f 1021//1111 1022//1111 751//1111
f 1022//1112 1023//1112 727//1112
f 727//1113 1024//1113 724//1113
f 1023//1114 1024//1114 727//1114
f 724//1115 1025//1115 719//1115
f 1024//1116 1025//1116 724//1116
f 719//1117 1026//1117 716//1117
f 1025//1118 1026//1118 719//1118
f 716//1119 1027//1119 713//1119
f 1026//1120 1027//1120 716//1120
f 713//1121 1028//1121 710//1121
f 1027//1122 1028//1122 713//1122
f 710//1123 1029//1123 705//1123
f 1028//1124 1029//1124 710//1124
f 705//1125 1030//1125 702//1125
f 1029//1126 1030//1126 705//1126
f 702//1127 1031//1127 699//1127
f 1030//1128 1031//1128 702//1128
f 699//1129 1032//1129 696//1129
f 1031//1130 1032//1130 699//1130
f 696//1131 1033//1131 691//1131
f 1032//1132 1033//1132 696//1132
f 691//1133 1034//1133 688//1133
f 1033//1134 1034//1134 691//1134
f 688//1135 1035//1135 685//1135
f 1034//1136 1035//1136 688//1136
f 685//1137 1036//1137 680//1137
f 1035//1138 1036//1138 685//1138
f 680//1139 1037//1139 677//1139
f 677//1140 1037//1140 674//1140
f 1036//1141 1037//1141 680//1141
f 1037//1142 1038//1142 674//1142
f 674//1143 1039//1143 669//1143
f 1038//1144 1039//1144 674//1144
f 669//1145 1040//1145 666//1145
f 666//1146 1040//1146 661//1146
f 1039//1147 1040//1147 669//1147
f 1040//1148 1041//1148 661//1148
f 661//1149 1042//1149 658//1149
f 1041//1150 1042//1150 661//1150
f 658//1151 1043//1151 655//1151
f 1042//1152 1043//1152 658//1152
f 655//1153 1044//1153 650//1153
f 650//1154 1044//1154 647//1154
f 1043//1155 1044//1155 655//1155
f 1044//1156 1045//1156 647//1156
f 647//1157 1046//1157 628//1157
f 1045//1158 1046//1158 647//1158
f 1046//1159 1047//1159 855//1159
f 1046//1160 855//1160 628//1160
f 565//1161 1048//1161 1049//1161
f 563//1162 565//1162 1049//1162
f 563//1163 1049//1163 1050//1163
f 568//1164 563//1164 1050//1164
f 568//1165 1050//1165 1051//1165
f 566//1166 568//1166 1051//1166
f 566//1167 1051//1167 1052//1167
f 571//1168 566//1168 1052//1168
f 571//1169 1052//1169 1053//1169
f 578//1170 571//1170 1053//1170
f 578//1171 1053//1171 1054//1171
f 576//1172 1054//1172 1055//1172
f 576//1173 578//1173 1054//1173
f 583//1174 1055//1174 1056//1174
f 583//1175 576//1175 1055//1175
f 587//1176 1056//1176 1057//1176
f 587//1177 583//1177 1056//1177
f 585//1178 1057//1178 1058//1178
f 585//1179 587//1179 1057//1179
f 596//1180 1058//1180 1059//1180
f 596//1181 585//1181 1058//1181
f 594//1182 596//1182 1059//1182
f 594//1183 1059//1183 1060//1183
f 598//1184 594//1184 1060//1184
f 598//1185 1060//1185 1061//1185
f 618//1186 598//1186 1061//1186
f 618//1187 1061//1187 1062//1187
f 617//1188 618//1188 1062//1188
f 617//1189 1062//1189 1063//1189
f 620//1190 617//1190 1063//1190
f 620//1191 1063//1191 1064//1191
f 623//1192 620//1192 1064//1192
f 623//1193 1064//1193 1065//1193
f 622//1194 623//1194 1065//1194
f 622//1195 1065//1195 1066//1195
f 625//1196 622//1196 1066//1196
f 625//1197 1066//1197 1067//1197
f 613//1198 625//1198 1067//1198
f 613//1199 1067//1199 1068//1199
f 612//1200 613//1200 1068//1200
f 612//1201 1068//1201 1069//1201
f 611//1202 612//1202 1069//1202
f 611//1203 1069//1203 1070//1203
f 610//1204 611//1204 1070//1204
f 610//1205 1070//1205 1071//1205
f 609//1206 610//1206 1071//1206
f 609//1207 1071//1207 1072//1207
f 608//1208 609//1208 1072//1208
f 608//1209 1072//1209 1073//1209
f 607//1210 608//1210 1073//1210
f 607//1211 1073//1211 1074//1211
f 606//1212 607//1212 1074//1212
f 606//1213 1074//1213 1075//1213
f 605//1214 1075//1214 1076//1214
f 605//1215 606//1215 1075//1215
f 604//1216 1076//1216 1077//1216
f 604//1217 605//1217 1076//1217
f 603//1218 1077//1218 1078//1218
f 603//1219 604//1219 1077//1219
f 602//1220 1078//1220 1079//1220
f 602//1221 603//1221 1078//1221
f 546//1222 1079//1222 1080//1222
f 546//1223 602//1223 1079//1223
f 545//1224 1080//1224 1081//1224
f 545//1225 546//1225 1080//1225
f 544//1226 1081//1226 1082//1226
f 544//1227 545//1227 1081//1227
f 543//1228 1082//1228 1083//1228
f 543//1229 544//1229 1082//1229
f 542//1230 1083//1230 1084//1230
f 542//1231 543//1231 1083//1231
f 541//1232 542//1232 1084//1232
f 541//1233 1084//1233 1085//1233
f 540//1234 541//1234 1085//1234
f 540//1235 1085//1235 1086//1235
f 539//1236 540//1236 1086//1236
f 539//1237 1086//1237 1087//1237
f 538//1238 539//1238 1087//1238
f 538//1239 1087//1239 1088//1239
f 537//1240 538//1240 1088//1240
f 537//1241 1088//1241 1089//1241
f 536//1242 537//1242 1089//1242
f 536//1243 1089//1243 1090//1243
f 535//1244 536//1244 1090//1244
f 535//1245 1090//1245 1091//1245
f 534//1246 535//1246 1091//1246
f 534//1247 1091//1247 1092//1247
f 533//1248 534//1248 1092//1248
f 533//1249 1092//1249 1093//1249
f 522//1250 533//1250 1093//1250
f 522//1251 1093//1251 1094//1251
f 521//1252 522//1252 1094//1252
f 521//1253 1094//1253 1095//1253
f 519//1254 1095//1254 1096//1254
f 519//1255 521//1255 1095//1255
f 517//1256 1096//1256 1097//1256
f 517//1257 519//1257 1096//1257
f 514//1258 1097//1258 1098//1258
f 514//1259 517//1259 1097//1259
f 512//1260 1098//1260 1099//1260
f 512//1261 514//1261 1098//1261
f 509//1262 1099//1262 1100//1262
f 509//1263 512//1263 1099//1263
f 504//1264 1100//1264 1101//1264
f 504//1265 509//1265 1100//1265
f 502//1266 1101//1266 1102//1266
f 502//1267 504//1267 1101//1267
f 498//1268 1102//1268 1103//1268
f 498//1269 502//1269 1102//1269
f 497//1270 1103//1270 1104//1270
f 497//1271 498//1271 1103//1271
f 492//1272 1104//1272 1105//1272
f 492//1273 497//1273 1104//1273
f 491//1274 1105//1274 1106//1274
f 491//1275 492//1275 1105//1275
f 486//1276 1106//1276 1107//1276
f 486//1277 491//1277 1106//1277
f 485//1278 1107//1278 1108//1278
f 485//1279 486//1279 1107//1279
f 481//1280 1108//1280 1109//1280
f 481//1281 485//1281 1108//1281
f 479//1282 1109//1282 1110//1282
f 479//1283 481//1283 1109//1283
f 474//1284 479//1284 1110//1284
f 474//1285 1110//1285 1111//1285
f 472//1286 474//1286 1111//1286
f 472//1287 1111//1287 1112//1287
f 466//1288 472//1288 1112//1288
f 466//1289 1112//1289 1113//1289
f 467//1290 466//1290 1113//1290
f 467//1291 1113//1291 1114//1291
f 1115//1292 467//1292 1114//1292
f 1115//1293 1116//1293 467//1293
f 1117//1294 1115//1294 1114//1294
f 1117//1295 1114//1295 1118//1295
f 1119//1296 1118//1296 1120//1296
f 1119//1297 1117//1297 1118//1297
f 1121//1298 1120//1298 1122//1298
f 1121//1299 1119//1299 1120//1299
f 1123//1300 1122//1300 1124//1300
f 1123//1301 1121//1301 1122//1301
f 1125//1302 1124//1302 1126//1302
f 1125//1303 1123//1303 1124//1303
f 1127//1304 1126//1304 1128//1304
f 1127//1305 1125//1305 1126//1305
f 1129//1306 1128//1306 1130//1306
f 1129//1307 1127//1307 1128//1307
f 1131//1308 1130//1308 1132//1308
f 1131//1309 1129//1309 1130//1309
f 1133//1310 1132//1310 1134//1310
f 1133//1311 1131//1311 1132//1311
f 1135//1312 1134//1312 1136//1312
f 1135//1313 1133//1313 1134//1313
f 1137//1314 1136//1314 1138//1314
f 1137//1315 1135//1315 1136//1315
f 1139//1316 1138//1316 1140//1316
f 1139//1317 1137//1317 1138//1317
f 1141//1318 1140//1318 1142//1318
f 1141//1319 1139//1319 1140//1319
f 1143//1320 1142//1320 1144//1320
f 1143//1321 1141//1321 1142//1321
f 1145//1322 1144//1322 1146//1322
f 1145//1323 1143//1323 1144//1323
f 1147//1324 1146//1324 1148//1324
f 1147//1325 1145//1325 1146//1325
f 1149//1326 1148//1326 1150//1326
f 1149//1327 1147//1327 1148//1327
f 1151//1328 1150//1328 1152//1328
f 1151//1329 1149//1329 1150//1329
f 1153//1330 1152//1330 1154//1330
f 1153//1331 1151//1331 1152//1331
f 1155//1332 1153//1332 1154//1332
f 1155//1333 1154//1333 1156//1333
f 1157//1334 1155//1334 1156//1334
f 1157//1335 1156//1335 1158//1335
f 1159//1336 1158//1336 1160//1336
f 1159//1337 1157//1337 1158//1337
f 1161//1338 1160//1338 1162//1338
f 1161//1339 1159//1339 1160//1339
f 1163//1340 1162//1340 1164//1340
f 1163//1341 1161//1341 1162//1341
f 1165//1342 1164//1342 1166//1342
f 1165//1343 1163//1343 1164//1343
f 1167//1344 1166//1344 1168//1344
f 1167//1345 1165//1345 1166//1345
f 1169//1346 1167//1346 1168//1346
f 1169//1347 1168//1347 1170//1347
f 1171//1348 1169//1348 1170//1348
f 1171//1349 1170//1349 1172//1349
f 855//1350 1171//1350 1172//1350
f 855//1351 1172//1351 1173//1351
f 1047//1352 1171//1352 855//1352
f 854//1353 855//1353 1173//1353
f 854//1354 1173//1354 1174//1354
f 853//1355 854//1355 1174//1355
f 853//1356 1174//1356 1175//1356
f 852//1357 853//1357 1175//1357
f 852//1358 1175//1358 1176//1358
f 851//1359 852//1359 1176//1359
f 851//1360 1176//1360 1177//1360
f 850//1361 851//1361 1177//1361
f 850//1362 1177//1362 1178//1362
f 849//1363 850//1363 1178//1363
f 849//1364 1178//1364 1179//1364
f 848//1365 849//1365 1179//1365
f 848//1366 1179//1366 1180//1366
f 847//1367 848//1367 1180//1367
f 847//1368 1180//1368 1181//1368
f 846//1369 847//1369 1181//1369
f 846//1370 1181//1370 1182//1370
f 630//1371 846//1371 1182//1371
f 630//1372 1182//1372 1183//1372
f 629//1373 630//1373 1183//1373
f 629//1374 1183//1374 1184//1374
f 615//1375 1184//1375 1185//1375
f 615//1376 629//1376 1184//1376
f 600//1377 615//1377 1185//1377
f 600//1378 1185//1378 1186//1378
f 593//1379 1186//1379 1187//1379
f 593//1380 600//1380 1186//1380
f 590//1381 1187//1381 1188//1381
f 590//1382 593//1382 1187//1382
f 589//1383 1188//1383 1189//1383
f 589//1384 590//1384 1188//1384
f 582//1385 589//1385 1189//1385
f 582//1386 1189//1386 1190//1386
f 580//1387 582//1387 1190//1387
f 580//1388 1190//1388 1191//1388
f 575//1389 580//1389 1191//1389
f 575//1390 1191//1390 1192//1390
f 574//1391 575//1391 1192//1391
f 574//1392 1192//1392 1193//1392
f 570//1393 574//1393 1193//1393
f 570//1394 1193//1394 1194//1394
f 562//1395 570//1395 1194//1395
f 562//1396 1194//1396 1195//1396
f 561//1397 562//1397 1195//1397
f 561//1398 1195//1398 1196//1398
f 559//1399 561//1399 1196//1399
f 559//1400 1196//1400 1197//1400
f 552//1401 559//1401 1197//1401
f 552//1402 1197//1402 1198//1402
f 551//1403 552//1403 1198//1403
f 551//1404 1198//1404 1199//1404
f 549//1405 551//1405 1199//1405
f 549//1406 1199//1406 1200//1406
f 547//1407 549//1407 1200//1407
f 547//1408 1200//1408 1201//1408
f 555//1409 547//1409 1201//1409
f 555//1410 1201//1410 1202//1410
f 553//1411 555//1411 1202//1411
f 553//1412 1202//1412 1203//1412
f 556//1413 553//1413 1203//1413
f 556//1414 1203//1414 1048//1414
f 565//1415 556//1415 1048//1415
f 1116//1416 1204//1416 467//1416
f 467//1417 1204//1417 465//1417
f 465//1418 1205//1418 471//1418
f 1204//1419 1205//1419 465//1419
f 471//1420 1206//1420 473//1420
f 1205//1421 1206//1421 471//1421
f 473//1422 1207//1422 475//1422
f 1206//1423 1207//1423 473//1423
f 475//1424 1208//1424 478//1424
f 1207//1425 1208//1425 475//1425
f 478//1426 1209//1426 480//1426
f 1208//1427 1209//1427 478//1427
f 480//1428 1210//1428 484//1428
f 1209//1429 1210//1429 480//1429
f 484//1430 1211//1430 487//1430
f 1210//1431 1211//1431 484//1431
f 487//1432 1212//1432 490//1432
f 1211//1433 1212//1433 487//1433
f 1212//1434 1213//1434 490//1434
f 490//1435 1213//1435 493//1435
f 493//1436 1214//1436 496//1436
f 1213//1437 1214//1437 493//1437
f 496//1438 1215//1438 499//1438
f 1214//1439 1215//1439 496//1439
f 499//1440 1216//1440 503//1440
f 1215//1441 1216//1441 499//1441
f 503//1442 1217//1442 505//1442
f 1216//1443 1217//1443 503//1443
f 505//1444 1218//1444 508//1444
f 1217//1445 1218//1445 505//1445
f 508//1446 1219//1446 511//1446
f 1218//1447 1219//1447 508//1447
f 511//1448 1220//1448 513//1448
f 513//1449 1220//1449 516//1449
f 1219//1450 1220//1450 511//1450
f 1220//1451 1221//1451 516//1451
f 516//1452 1222//1452 518//1452
f 1221//1453 1222//1453 516//1453
f 518//1454 1223//1454 520//1454
f 1222//1455 1223//1455 518//1455
f 520//1456 1224//1456 523//1456
f 1223//1457 1224//1457 520//1457
f 523//1458 1225//1458 525//1458
f 1224//1459 1225//1459 523//1459
f 525//1460 1226//1460 526//1460
f 1225//1461 1226//1461 525//1461
f 526//1462 1227//1462 527//1462
f 1226//1463 1227//1463 526//1463
f 527//1464 1228//1464 528//1464
f 1227//1465 1228//1465 527//1465
f 528//1466 1229//1466 529//1466
f 1228//1467 1229//1467 528//1467
f 529//1468 1230//1468 530//1468
f 1229//1469 1230//1469 529//1469
f 530//1470 1231//1470 531//1470
f 1230//1471 1231//1471 530//1471
f 531//1472 1232//1472 532//1472
f 1231//1473 1232//1473 531//1473
f 532//1474 1233//1474 461//1474
f 1232//1475 1233//1475 532//1475
f 461//1476 1233//1476 462//1476
f 977//1477 462//1477 976//1477
f 979//1478 462//1478 977//1478
f 1233//1479 976//1479 462//1479
f 1234//1480 1235//1480 1236//1480
f 1234//1481 1237//1481 1235//1481
f 1238//1482 858//1482 1239//1482
f 1239//1483 858//1483 1240//1483
f 1237//1484 524//1484 1238//1484
f 1234//1485 524//1485 1237//1485
f 1238//1486 591//1486 858//1486
f 524//1487 591//1487 1238//1487
f 1241//1488 601//1488 1234//1488
f 601//1489 524//1489 1234//1489
f 857//1490 1242//1490 1243//1490
f 1243//1491 1242//1491 1244//1491
f 1245//1492 1241//1492 1246//1492
f 1245//1493 1247//1493 1241//1493
f 857//1494 636//1494 1242//1494
f 1242//1495 601//1495 1247//1495
f 636//1496 601//1496 1242//1496
f 1247//1497 601//1497 1241//1497
f 1248//1498 1249//1498 730//1498
f 1248//1499 730//1499 770//1499
f 1250//1500 770//1500 774//1500
f 1250//1501 1248//1501 770//1501
f 1251//1502 774//1502 778//1502
f 1251//1503 1250//1503 774//1503
f 1252//1504 778//1504 782//1504
f 1252//1505 1251//1505 778//1505
f 1253//1506 782//1506 786//1506
f 1253//1507 1252//1507 782//1507
f 1254//1508 786//1508 790//1508
f 1254//1509 1253//1509 786//1509
f 1255//1510 790//1510 794//1510
f 1255//1511 1254//1511 790//1511
f 1256//1512 794//1512 798//1512
f 1256//1513 1255//1513 794//1513
f 1257//1514 1256//1514 798//1514
f 1257//1515 798//1515 802//1515
f 1258//1516 802//1516 806//1516
f 1258//1517 1257//1517 802//1517
f 1259//1518 806//1518 810//1518
f 1259//1519 1258//1519 806//1519
f 1260//1520 810//1520 814//1520
f 1260//1521 1259//1521 810//1521
f 1261//1522 814//1522 818//1522
f 1261//1523 1260//1523 814//1523
f 1262//1524 818//1524 822//1524
f 1262//1525 1261//1525 818//1525
f 1263//1526 822//1526 826//1526
f 1263//1527 826//1527 829//1527
f 1263//1528 1262//1528 822//1528
f 1264//1529 1263//1529 829//1529
f 1265//1530 829//1530 827//1530
f 1265//1531 1264//1531 829//1531
f 1266//1532 827//1532 823//1532
f 1266//1533 1265//1533 827//1533
f 1267//1534 823//1534 819//1534
f 1267//1535 819//1535 815//1535
f 1267//1536 1266//1536 823//1536
f 1268//1537 1267//1537 815//1537
f 1269//1538 815//1538 811//1538
f 1269//1539 811//1539 807//1539
f 1269//1540 1268//1540 815//1540
f 1270//1541 1269//1541 807//1541
f 1271//1542 807//1542 803//1542
f 1271//1543 803//1543 799//1543
f 1271//1544 1270//1544 807//1544
f 1272//1545 1271//1545 799//1545
f 1273//1546 799//1546 795//1546
f 1273//1547 1272//1547 799//1547
f 1274//1548 795//1548 791//1548
f 1274//1549 1273//1549 795//1549
f 1275//1550 791//1550 787//1550
f 1275//1551 1274//1551 791//1551
f 1276//1552 787//1552 783//1552
f 1276//1553 1275//1553 787//1553
f 1277//1554 783//1554 779//1554
f 1277//1555 1276//1555 783//1555
f 1278//1556 779//1556 775//1556
f 1278//1557 775//1557 771//1557
f 1278//1558 1277//1558 779//1558
f 1279//1559 771//1559 755//1559
f 1279//1560 1278//1560 771//1560
f 859//1561 1279//1561 755//1561
f 1249//1562 1280//1562 730//1562
f 730//1563 1280//1563 346//1563
f 1281//1564 1282//1564 67//1564
f 1281//1565 67//1565 149//1565
f 1283//1566 149//1566 153//1566
f 1283//1567 1281//1567 149//1567
f 1284//1568 153//1568 156//1568
f 1284//1569 1283//1569 153//1569
f 1285//1570 156//1570 160//1570
f 1285//1571 1284//1571 156//1571
f 1286//1572 160//1572 163//1572
f 1286//1573 1285//1573 160//1573
f 1287//1574 163//1574 167//1574
f 1287//1575 1286//1575 163//1575
f 1288//1576 167//1576 179//1576
f 1288//1577 1287//1577 167//1577
f 1289//1578 179//1578 188//1578
f 1289//1579 1288//1579 179//1579
f 1290//1580 1289//1580 188//1580
f 1290//1581 188//1581 196//1581
f 1291//1582 196//1582 204//1582
f 1291//1583 1290//1583 196//1583
f 1292//1584 204//1584 208//1584
f 1292//1585 1291//1585 204//1585
f 1293//1586 208//1586 215//1586
f 1293//1587 1292//1587 208//1587
f 1294//1588 215//1588 219//1588
f 1294//1589 1293//1589 215//1589
f 1295//1590 219//1590 225//1590
f 1295//1591 1294//1591 219//1591
f 1296//1592 225//1592 229//1592
f 1296//1593 1295//1593 225//1593
f 1297//1594 229//1594 235//1594
f 1297//1595 1296//1595 229//1595
f 1298//1596 235//1596 250//1596
f 1298//1597 1297//1597 235//1597
f 1299//1598 250//1598 258//1598
f 1299//1599 1298//1599 250//1599
f 1300//1600 258//1600 265//1600
f 1300//1601 265//1601 272//1601
f 1300//1602 1299//1602 258//1602
f 1301//1603 1300//1603 272//1603
f 1302//1604 272//1604 278//1604
f 1302//1605 1301//1605 272//1605
f 1303//1606 278//1606 284//1606
f 1303//1607 1302//1607 278//1607
f 1304//1608 284//1608 290//1608
f 1304//1609 1303//1609 284//1609
f 1305//1610 290//1610 296//1610
f 1305//1611 296//1611 303//1611
f 1305//1612 1304//1612 290//1612
f 1306//1613 1305//1613 303//1613
f 1307//1614 303//1614 309//1614
f 1307//1615 1306//1615 303//1615
f 1308//1616 309//1616 315//1616
f 1308//1617 1307//1617 309//1617
f 1309//1618 315//1618 324//1618
f 1309//1619 324//1619 325//1619
f 1309//1620 1308//1620 315//1620
f 1310//1621 1309//1621 325//1621
f 1311//1622 325//1622 327//1622
f 1311//1623 327//1623 340//1623
f 1311//1624 1310//1624 325//1624
f 1312//1625 1311//1625 340//1625
f 1280//1626 340//1626 346//1626
f 1280//1627 1312//1627 340//1627
f 1282//1628 1313//1628 52//1628
f 1282//1629 52//1629 67//1629
f 1314//1630 1315//1630 28//1630
f 1314//1631 28//1631 30//1631
f 1316//1632 30//1632 31//1632
f 1316//1633 1314//1633 30//1633
f 1317//1634 31//1634 32//1634
f 1317//1635 1316//1635 31//1635
f 1318//1636 32//1636 33//1636
f 1318//1637 1317//1637 32//1637
f 1319//1638 33//1638 34//1638
f 1319//1639 1318//1639 33//1639
f 1320//1640 34//1640 35//1640
f 1320//1641 1319//1641 34//1641
f 1321//1642 35//1642 36//1642
f 1321//1643 1320//1643 35//1643
f 1322//1644 36//1644 37//1644
f 1322//1645 1321//1645 36//1645
f 1323//1646 37//1646 38//1646
f 1323//1647 1322//1647 37//1647
f 1324//1648 38//1648 39//1648
f 1324//1649 1323//1649 38//1649
f 1325//1650 39//1650 40//1650
f 1325//1651 1324//1651 39//1651
f 1326//1652 1325//1652 40//1652
f 1326//1653 40//1653 41//1653
f 1327//1654 1326//1654 41//1654
f 1327//1655 41//1655 42//1655
f 1328//1656 1327//1656 42//1656
f 1328//1657 42//1657 43//1657
f 1329//1658 1328//1658 43//1658
f 1329//1659 43//1659 44//1659
f 1330//1660 1329//1660 44//1660
f 1330//1661 44//1661 45//1661
f 1331//1662 45//1662 46//1662
f 1331//1663 1330//1663 45//1663
f 1332//1664 1331//1664 46//1664
f 1332//1665 46//1665 47//1665
f 1333//1666 47//1666 48//1666
f 1333//1667 1332//1667 47//1667
f 1334//1668 48//1668 49//1668
f 1334//1669 1333//1669 48//1669
f 1335//1670 49//1670 50//1670
f 1335//1671 1334//1671 49//1671
f 1336//1672 50//1672 51//1672
f 1336//1673 1335//1673 50//1673
f 1313//1674 1336//1674 51//1674
f 1313//1675 51//1675 52//1675
f 1315//1676 1337//1676 843//1676
f 1315//1677 843//1677 28//1677
f 292//1678 288//1678 1338//1678
f 292//1679 1338//1679 1339//1679
f 295//1680 1339//1680 1340//1680
f 295//1681 292//1681 1339//1681
f 299//1682 1340//1682 1341//1682
f 299//1683 295//1683 1340//1683
f 301//1684 1341//1684 1342//1684
f 301//1685 299//1685 1341//1685
f 305//1686 1342//1686 1343//1686
f 305//1687 301//1687 1342//1687
f 306//1688 1343//1688 1344//1688
f 306//1689 305//1689 1343//1689
f 310//1690 1344//1690 1345//1690
f 310//1691 306//1691 1344//1691
f 312//1692 1345//1692 1346//1692
f 312//1693 310//1693 1345//1693
f 316//1694 1346//1694 1347//1694
f 316//1695 312//1695 1346//1695
f 322//1696 1347//1696 1348//1696
f 322//1697 316//1697 1347//1697
f 321//1698 1348//1698 1349//1698
f 321//1699 322//1699 1348//1699
f 320//1700 321//1700 1349//1700
f 320//1701 1349//1701 1350//1701
f 318//1702 320//1702 1350//1702
f 318//1703 1350//1703 1351//1703
f 418//1704 318//1704 1351//1704
f 418//1705 1351//1705 1352//1705
f 417//1706 418//1706 1352//1706
f 417//1707 1352//1707 1353//1707
f 416//1708 417//1708 1353//1708
f 416//1709 1353//1709 1354//1709
f 415//1710 416//1710 1354//1710
f 415//1711 1354//1711 1355//1711
f 414//1712 415//1712 1355//1712
f 414//1713 1355//1713 1356//1713
f 413//1714 414//1714 1356//1714
f 413//1715 1356//1715 1357//1715
f 412//1716 1357//1716 1358//1716
f 412//1717 413//1717 1357//1717
f 411//1718 412//1718 1358//1718
f 411//1719 1358//1719 1359//1719
f 410//1720 1359//1720 1360//1720
f 410//1721 411//1721 1359//1721
f 842//1722 1360//1722 1361//1722
f 842//1723 410//1723 1360//1723
f 841//1724 1361//1724 1362//1724
f 841//1725 842//1725 1361//1725
f 840//1726 1362//1726 1363//1726
f 840//1727 841//1727 1362//1727
f 839//1728 1363//1728 1364//1728
f 839//1729 840//1729 1363//1729
f 838//1730 1364//1730 1365//1730
f 838//1731 839//1731 1364//1731
f 837//1732 1365//1732 1366//1732
f 837//1733 838//1733 1365//1733
f 836//1734 1366//1734 1367//1734
f 836//1735 837//1735 1366//1735
f 835//1736 1367//1736 1368//1736
f 835//1737 836//1737 1367//1737
f 834//1738 1368//1738 1369//1738
f 834//1739 835//1739 1368//1739
f 833//1740 1369//1740 1370//1740
f 833//1741 834//1741 1369//1741
f 1371//1742 1370//1742 1372//1742
f 1371//1743 980//1743 833//1743
f 1371//1744 833//1744 1370//1744
f 1373//1745 1372//1745 1374//1745
f 1373//1746 1371//1746 1372//1746
f 1375//1747 1374//1747 1376//1747
f 1375//1748 1373//1748 1374//1748
f 1377//1749 1376//1749 1378//1749
f 1377//1750 1375//1750 1376//1750
f 1379//1751 1377//1751 1378//1751
f 1379//1752 1378//1752 1380//1752
f 1381//1753 1379//1753 1380//1753
f 1381//1754 1380//1754 1382//1754
f 1383//1755 1381//1755 1382//1755
f 1383//1756 1382//1756 1384//1756
f 1385//1757 1384//1757 1386//1757
f 1385//1758 1383//1758 1384//1758
f 1387//1759 1385//1759 1386//1759
f 1387//1760 1386//1760 1388//1760
f 1389//1761 1388//1761 1390//1761
f 1389//1762 1387//1762 1388//1762
f 1391//1763 1390//1763 1392//1763
f 1391//1764 1389//1764 1390//1764
f 1393//1765 1392//1765 1394//1765
f 1393//1766 1391//1766 1392//1766
f 1395//1767 1394//1767 1396//1767
f 1395//1768 1393//1768 1394//1768
f 1397//1769 1396//1769 1398//1769
f 1397//1770 1395//1770 1396//1770
f 1399//1771 1398//1771 1400//1771
f 1399//1772 1397//1772 1398//1772
f 1401//1773 1400//1773 1402//1773
f 1401//1774 1399//1774 1400//1774
f 1403//1775 1402//1775 1404//1775
f 1403//1776 1401//1776 1402//1776
f 1405//1777 1404//1777 1406//1777
f 1405//1778 1403//1778 1404//1778
f 1407//1779 1406//1779 1408//1779
f 1407//1780 1405//1780 1406//1780
f 1409//1781 1408//1781 1410//1781
f 1409//1782 1407//1782 1408//1782
f 1411//1783 1410//1783 1412//1783
f 1411//1784 1409//1784 1410//1784
f 1413//1785 1412//1785 1414//1785
f 1413//1786 1411//1786 1412//1786
f 1415//1787 1414//1787 1416//1787
f 1415//1788 1413//1788 1414//1788
f 1417//1789 1416//1789 1418//1789
f 1417//1790 1415//1790 1416//1790
f 1419//1791 1418//1791 1420//1791
f 1419//1792 1417//1792 1418//1792
f 1421//1793 1420//1793 1422//1793
f 1421//1794 1419//1794 1420//1794
f 1423//1795 1422//1795 1424//1795
f 1423//1796 1421//1796 1422//1796
f 1425//1797 1423//1797 1424//1797
f 1425//1798 1424//1798 1426//1798
f 1427//1799 1425//1799 1426//1799
f 1427//1800 1426//1800 1428//1800
f 1429//1801 1427//1801 1428//1801
f 1429//1802 1428//1802 1430//1802
f 1431//1803 1429//1803 1430//1803
f 1431//1804 1430//1804 1432//1804
f 1433//1805 1431//1805 1432//1805
f 1433//1806 1432//1806 1434//1806
f 1435//1807 1433//1807 1434//1807
f 1435//1808 1434//1808 1436//1808
f 1437//1809 1435//1809 1436//1809
f 1437//1810 1436//1810 1438//1810
f 1439//1811 1437//1811 1438//1811
f 1439//1812 1438//1812 1440//1812
f 1441//1813 1439//1813 1440//1813
f 1441//1814 1440//1814 1442//1814
f 1443//1815 1441//1815 1442//1815
f 1443//1816 1442//1816 1444//1816
f 1445//1817 1443//1817 1444//1817
f 1445//1818 1444//1818 1446//1818
f 1447//1819 1445//1819 1446//1819
f 1447//1820 1446//1820 1448//1820
f 1449//1821 1447//1821 1448//1821
f 843//1822 1449//1822 1448//1822
f 843//1823 1448//1823 1450//1823
f 1337//1824 1449//1824 843//1824
f 844//1825 843//1825 1450//1825
f 844//1826 1450//1826 1451//1826
f 845//1827 844//1827 1451//1827
f 845//1828 1451//1828 1452//1828
f 99//1829 845//1829 1452//1829
f 99//1830 1452//1830 1453//1830
f 93//1831 99//1831 1453//1831
f 93//1832 1453//1832 1454//1832
f 87//1833 93//1833 1454//1833
f 87//1834 1454//1834 1455//1834
f 84//1835 87//1835 1455//1835
f 84//1836 1455//1836 1456//1836
f 85//1837 84//1837 1456//1837
f 85//1838 1456//1838 1457//1838
f 86//1839 1457//1839 1458//1839
f 86//1840 85//1840 1457//1840
f 92//1841 86//1841 1458//1841
f 92//1842 1458//1842 1459//1842
f 94//1843 1459//1843 1460//1843
f 94//1844 92//1844 1459//1844
f 101//1845 1460//1845 1461//1845
f 101//1846 94//1846 1460//1846
f 108//1847 1461//1847 1462//1847
f 108//1848 101//1848 1461//1848
f 115//1849 1462//1849 1463//1849
f 115//1850 108//1850 1462//1850
f 119//1851 115//1851 1463//1851
f 119//1852 1463//1852 1464//1852
f 122//1853 119//1853 1464//1853
f 122//1854 1464//1854 1465//1854
f 124//1855 122//1855 1465//1855
f 124//1856 1465//1856 1466//1856
f 129//1857 124//1857 1466//1857
f 129//1858 1466//1858 1467//1858
f 132//1859 129//1859 1467//1859
f 132//1860 1467//1860 1468//1860
f 168//1861 132//1861 1468//1861
f 168//1862 1468//1862 1469//1862
f 173//1863 168//1863 1469//1863
f 173//1864 1469//1864 1470//1864
f 172//1865 173//1865 1470//1865
f 172//1866 1470//1866 1471//1866
f 171//1867 172//1867 1471//1867
f 171//1868 1471//1868 1472//1868
f 170//1869 171//1869 1472//1869
f 170//1870 1472//1870 1473//1870
f 176//1871 170//1871 1473//1871
f 176//1872 1473//1872 1474//1872
f 181//1873 176//1873 1474//1873
f 181//1874 1474//1874 1475//1874
f 183//1875 181//1875 1475//1875
f 183//1876 1475//1876 1476//1876
f 186//1877 183//1877 1476//1877
f 186//1878 1476//1878 1477//1878
f 190//1879 1477//1879 1478//1879
f 190//1880 186//1880 1477//1880
f 194//1881 1478//1881 1479//1881
f 194//1882 190//1882 1478//1882
f 198//1883 1479//1883 1480//1883
f 198//1884 194//1884 1479//1884
f 202//1885 1480//1885 1481//1885
f 202//1886 198//1886 1480//1886
f 205//1887 1481//1887 1482//1887
f 205//1888 202//1888 1481//1888
f 209//1889 1482//1889 1483//1889
f 209//1890 205//1890 1482//1890
f 213//1891 1483//1891 1484//1891
f 213//1892 209//1892 1483//1892
f 217//1893 1484//1893 1485//1893
f 217//1894 213//1894 1484//1894
f 221//1895 1485//1895 1486//1895
f 221//1896 217//1896 1485//1896
f 223//1897 1486//1897 1487//1897
f 223//1898 221//1898 1486//1898
f 227//1899 1487//1899 1488//1899
f 227//1900 223//1900 1487//1900
f 231//1901 227//1901 1488//1901
f 231//1902 1488//1902 1489//1902
f 233//1903 231//1903 1489//1903
f 233//1904 1489//1904 1490//1904
f 245//1905 233//1905 1490//1905
f 245//1906 1490//1906 1491//1906
f 248//1907 245//1907 1491//1907
f 248//1908 1491//1908 1492//1908
f 252//1909 248//1909 1492//1909
f 252//1910 1492//1910 1493//1910
f 256//1911 252//1911 1493//1911
f 256//1912 1493//1912 1494//1912
f 260//1913 256//1913 1494//1913
f 260//1914 1494//1914 1495//1914
f 262//1915 260//1915 1495//1915
f 262//1916 1495//1916 1496//1916
f 268//1917 262//1917 1496//1917
f 268//1918 1496//1918 1497//1918
f 271//1919 268//1919 1497//1919
f 271//1920 1497//1920 1498//1920
f 274//1921 1498//1921 1499//1921
f 274//1922 271//1922 1498//1922
f 277//1923 1499//1923 1500//1923
f 277//1924 274//1924 1499//1924
f 281//1925 1500//1925 1501//1925
f 281//1926 277//1926 1500//1926
f 283//1927 1501//1927 1502//1927
f 283//1928 281//1928 1501//1928
f 287//1929 1502//1929 1503//1929
f 287//1930 283//1930 1502//1930
f 288//1931 1503//1931 1338//1931
f 288//1932 287//1932 1503//1932
f 236//1933 29//1933 1504//1933
f 236//1934 1504//1934 1505//1934
f 53//1935 95//1935 1506//1935
f 1506//1936 95//1936 1507//1936
f 1507//1937 102//1937 1508//1937
f 95//1938 102//1938 1507//1938
f 1508//1939 109//1939 1509//1939
f 102//1940 109//1940 1508//1940
f 1509//1941 111//1941 1510//1941
f 109//1942 111//1942 1509//1942
f 1510//1943 112//1943 1511//1943
f 111//1944 112//1944 1510//1944
f 1511//1945 103//1945 1512//1945
f 112//1946 103//1946 1511//1946
f 1512//1947 88//1947 1513//1947
f 103//1948 88//1948 1512//1948
f 1513//1949 81//1949 1514//1949
f 88//1950 81//1950 1513//1950
f 81//1951 73//1951 1514//1951
f 1514//1952 73//1952 1515//1952
f 1515//1953 70//1953 1516//1953
f 73//1954 70//1954 1515//1954
f 1516//1955 72//1955 1517//1955
f 70//1956 72//1956 1516//1956
f 1517//1957 78//1957 1518//1957
f 72//1958 78//1958 1517//1958
f 1518//1959 83//1959 1519//1959
f 78//1960 83//1960 1518//1960
f 1519//1961 98//1961 1520//1961
f 83//1962 98//1962 1519//1962
f 1520//1963 106//1963 1521//1963
f 98//1964 106//1964 1520//1964
f 1521//1965 118//1965 1522//1965
f 106//1966 118//1966 1521//1966
f 1522//1967 126//1967 1523//1967
f 118//1968 126//1968 1522//1968
f 1523//1969 134//1969 1524//1969
f 126//1970 134//1970 1523//1970
f 1524//1971 138//1971 1525//1971
f 1525//1972 138//1972 1526//1972
f 134//1973 138//1973 1524//1973
f 138//1974 144//1974 1526//1974
f 1526//1975 147//1975 1527//1975
f 144//1976 147//1976 1526//1976
f 1527//1977 150//1977 1528//1977
f 147//1978 150//1978 1527//1978
f 1528//1979 157//1979 1529//1979
f 150//1980 157//1980 1528//1980
f 1529//1981 164//1981 1530//1981
f 1530//1982 164//1982 1531//1982
f 157//1983 164//1983 1529//1983
f 164//1984 177//1984 1531//1984
f 1531//1985 191//1985 1532//1985
f 177//1986 191//1986 1531//1986
f 1532//1987 200//1987 1533//1987
f 191//1988 200//1988 1532//1988
f 1533//1989 211//1989 1534//1989
f 1534//1990 211//1990 1535//1990
f 200//1991 211//1991 1533//1991
f 211//1992 832//1992 1535//1992
f 1535//1993 831//1993 1536//1993
f 1536//1994 831//1994 1537//1994
f 832//1995 831//1995 1535//1995
f 831//1996 830//1996 1537//1996
f 1537//1997 236//1997 1505//1997
f 830//1998 236//1998 1537//1998
f 29//1999 53//1999 1504//1999
f 1504//2000 53//2000 1506//2000
f 1538//2001 1539//2001 341//2001
f 341//2002 1539//2002 347//2002
f 347//2003 1540//2003 348//2003
f 1539//2004 1540//2004 347//2004
f 348//2005 1541//2005 349//2005
f 1540//2006 1541//2006 348//2006
f 349//2007 1542//2007 350//2007
f 1541//2008 1542//2008 349//2008
f 350//2009 1543//2009 351//2009
f 1542//2010 1543//2010 350//2010
f 351//2011 1544//2011 352//2011
f 352//2012 1544//2012 353//2012
f 1543//2013 1544//2013 351//2013
f 1544//2014 1545//2014 353//2014
f 353//2015 1546//2015 354//2015
f 1545//2016 1546//2016 353//2016
f 354//2017 1547//2017 355//2017
f 1546//2018 1547//2018 354//2018
f 355//2019 1548//2019 356//2019
f 1547//2020 1548//2020 355//2020
f 1548//2021 1549//2021 356//2021
f 356//2022 1549//2022 357//2022
f 1549//2023 1550//2023 357//2023
f 357//2024 1550//2024 358//2024
f 1550//2025 1551//2025 358//2025
f 358//2026 1551//2026 359//2026
f 1551//2027 1552//2027 359//2027
f 359//2028 1552//2028 396//2028
f 396//2029 1553//2029 394//2029
f 1552//2030 1553//2030 396//2030
f 394//2031 1554//2031 391//2031
f 1553//2032 1554//2032 394//2032
f 391//2033 1555//2033 389//2033
f 1554//2034 1555//2034 391//2034
f 389//2035 1556//2035 387//2035
f 1555//2036 1556//2036 389//2036
f 387//2037 1557//2037 385//2037
f 385//2038 1557//2038 383//2038
f 1556//2039 1557//2039 387//2039
f 383//2040 1558//2040 381//2040
f 1557//2041 1558//2041 383//2041
f 1558//2042 1559//2042 381//2042
f 381//2043 1560//2043 379//2043
f 1559//2044 1560//2044 381//2044
f 379//2045 1561//2045 376//2045
f 1560//2046 1561//2046 379//2046
f 376//2047 1562//2047 374//2047
f 1561//2048 1562//2048 376//2048
f 374//2049 1563//2049 372//2049
f 1562//2050 1563//2050 374//2050
f 372//2051 1564//2051 370//2051
f 1563//2052 1564//2052 372//2052
f 370//2053 1565//2053 368//2053
f 1564//2054 1565//2054 370//2054
f 368//2055 1566//2055 366//2055
f 1565//2056 1566//2056 368//2056
f 366//2057 1567//2057 363//2057
f 1566//2058 1567//2058 366//2058
f 363//2059 1568//2059 361//2059
f 1567//2060 1568//2060 363//2060
f 361//2061 1569//2061 345//2061
f 1568//2062 1569//2062 361//2062
f 345//2063 1570//2063 343//2063
f 343//2064 1570//2064 339//2064
f 1569//2065 1570//2065 345//2065
f 1570//2066 1571//2066 339//2066
f 339//2067 1572//2067 331//2067
f 1571//2068 1572//2068 339//2068
f 331//2069 1573//2069 330//2069
f 1572//2070 1573//2070 331//2070
f 330//2071 1574//2071 332//2071
f 1573//2072 1574//2072 330//2072
f 332//2073 1575//2073 333//2073
f 1574//2074 1575//2074 332//2074
f 1575//2075 1576//2075 333//2075
f 333//2076 1576//2076 334//2076
f 1576//2077 1577//2077 334//2077
f 334//2078 1577//2078 335//2078
f 1577//2079 1578//2079 335//2079
f 335//2080 1578//2080 336//2080
f 1578//2081 1579//2081 336//2081
f 336//2082 1579//2082 337//2082
f 337//2083 1579//2083 269//2083
f 1579//2084 1580//2084 269//2084
f 1580//2085 1581//2085 269//2085
f 269//2086 1581//2086 264//2086
f 1581//2087 1582//2087 264//2087
f 264//2088 1582//2088 259//2088
f 1582//2089 1583//2089 259//2089
f 259//2090 1583//2090 254//2090
f 1583//2091 1584//2091 254//2091
f 254//2092 1584//2092 249//2092
f 1584//2093 1585//2093 249//2093
f 249//2094 1585//2094 243//2094
f 243//2095 1586//2095 238//2095
f 1585//2096 1586//2096 243//2096
f 238//2097 1587//2097 237//2097
f 1586//2098 1587//2098 238//2098
f 237//2099 1588//2099 239//2099
f 1587//2100 1588//2100 237//2100
f 239//2101 1589//2101 240//2101
f 1588//2102 1589//2102 239//2102
f 240//2103 1590//2103 241//2103
f 1589//2104 1590//2104 240//2104
f 241//2105 1591//2105 242//2105
f 1590//2106 1591//2106 241//2106
f 242//2107 1592//2107 199//2107
f 1591//2108 1592//2108 242//2108
f 199//2109 1593//2109 192//2109
f 1592//2110 1593//2110 199//2110
f 192//2111 1594//2111 184//2111
f 1593//2112 1594//2112 192//2112
f 184//2113 1595//2113 174//2113
f 1594//2114 1595//2114 184//2114
f 174//2115 1596//2115 165//2115
f 1595//2116 1596//2116 174//2116
f 165//2117 1597//2117 161//2117
f 1596//2118 1597//2118 165//2118
f 161//2119 1598//2119 158//2119
f 1597//2120 1598//2120 161//2120
f 158//2121 1599//2121 154//2121
f 1598//2122 1599//2122 158//2122
f 1599//2123 1600//2123 154//2123
f 154//2124 1600//2124 151//2124
f 1600//2125 1601//2125 151//2125
f 151//2126 1601//2126 145//2126
f 1601//2127 1602//2127 145//2127
f 145//2128 1602//2128 141//2128
f 1602//2129 1603//2129 141//2129
f 141//2130 1603//2130 136//2130
f 1603//2131 1604//2131 136//2131
f 136//2132 1604//2132 131//2132
f 1604//2133 1605//2133 131//2133
f 131//2134 1605//2134 127//2134
f 1605//2135 1606//2135 127//2135
f 127//2136 1606//2136 120//2136
f 1606//2137 1607//2137 120//2137
f 120//2138 1607//2138 113//2138
f 1607//2139 1608//2139 113//2139
f 113//2140 1608//2140 100//2140
f 1608//2141 1609//2141 100//2141
f 100//2142 1609//2142 79//2142
f 1609//2143 1610//2143 79//2143
f 79//2144 1610//2144 68//2144
f 1610//2145 1611//2145 68//2145
f 68//2146 1611//2146 65//2146
f 65//2147 1611//2147 63//2147
f 1611//2148 1612//2148 63//2148
f 1612//2149 1613//2149 63//2149
f 63//2150 1613//2150 61//2150
f 1613//2151 1614//2151 61//2151
f 61//2152 1614//2152 59//2152
f 1614//2153 1615//2153 59//2153
f 59//2154 1615//2154 57//2154
f 1615//2155 1616//2155 57//2155
f 57//2156 1616//2156 54//2156
f 1616//2157 1617//2157 54//2157
f 54//2158 1617//2158 55//2158
f 1617//2159 1618//2159 55//2159
f 55//2160 1618//2160 56//2160
f 1618//2161 1619//2161 56//2161
f 56//2162 1619//2162 58//2162
f 1619//2163 1620//2163 58//2163
f 58//2164 1620//2164 60//2164
f 60//2165 1621//2165 62//2165
f 1620//2166 1621//2166 60//2166
f 62//2167 1622//2167 64//2167
f 1621//2168 1622//2168 62//2168
f 64//2169 1623//2169 66//2169
f 1622//2170 1623//2170 64//2170
f 66//2171 1624//2171 69//2171
f 1623//2172 1624//2172 66//2172
f 69//2173 1625//2173 90//2173
f 1624//2174 1625//2174 69//2174
f 1625//2175 1626//2175 90//2175
f 90//2176 1626//2176 107//2176
f 1626//2177 1627//2177 107//2177
f 107//2178 1627//2178 116//2178
f 1627//2179 1628//2179 116//2179
f 116//2180 1628//2180 123//2180
f 1628//2181 1629//2181 123//2181
f 123//2182 1629//2182 128//2182
f 1629//2183 1630//2183 128//2183
f 128//2184 1630//2184 135//2184
f 1630//2185 1631//2185 135//2185
f 135//2186 1631//2186 139//2186
f 1631//2187 1632//2187 139//2187
f 139//2188 1632//2188 142//2188
f 1632//2189 1633//2189 142//2189
f 142//2190 1633//2190 148//2190
f 1633//2191 1634//2191 148//2191
f 148//2192 1634//2192 152//2192
f 1634//2193 1635//2193 152//2193
f 152//2194 1635//2194 155//2194
f 1635//2195 1636//2195 155//2195
f 155//2196 1636//2196 159//2196
f 1636//2197 1637//2197 159//2197
f 159//2198 1637//2198 162//2198
f 162//2199 1638//2199 166//2199
f 1637//2200 1638//2200 162//2200
f 166//2201 1639//2201 178//2201
f 1638//2202 1639//2202 166//2202
f 178//2203 1640//2203 187//2203
f 1639//2204 1640//2204 178//2204
f 187//2205 1641//2205 195//2205
f 1640//2206 1641//2206 187//2206
f 195//2207 1642//2207 203//2207
f 1641//2208 1642//2208 195//2208
f 203//2209 1643//2209 207//2209
f 1642//2210 1643//2210 203//2210
f 207//2211 1644//2211 214//2211
f 1643//2212 1644//2212 207//2212
f 214//2213 1645//2213 218//2213
f 1644//2214 1645//2214 214//2214
f 218//2215 1646//2215 224//2215
f 1645//2216 1646//2216 218//2216
f 224//2217 1647//2217 228//2217
f 1646//2218 1647//2218 224//2218
f 228//2219 1648//2219 234//2219
f 1647//2220 1648//2220 228//2220
f 234//2221 1649//2221 246//2221
f 1648//2222 1649//2222 234//2222
f 246//2223 1650//2223 251//2223
f 1649//2224 1650//2224 246//2224
f 1650//2225 1651//2225 251//2225
f 251//2226 1651//2226 257//2226
f 1651//2227 1652//2227 257//2227
f 257//2228 1652//2228 266//2228
f 1652//2229 1653//2229 266//2229
f 266//2230 1653//2230 273//2230
f 1653//2231 1654//2231 273//2231
f 273//2232 1654//2232 279//2232
f 279//2233 1655//2233 285//2233
f 1654//2234 1655//2234 279//2234
f 285//2235 1656//2235 291//2235
f 1655//2236 1656//2236 285//2236
f 291//2237 1657//2237 297//2237
f 1656//2238 1657//2238 291//2238
f 297//2239 1658//2239 302//2239
f 1657//2240 1658//2240 297//2240
f 302//2241 1659//2241 308//2241
f 1658//2242 1659//2242 302//2242
f 308//2243 1660//2243 314//2243
f 1659//2244 1660//2244 308//2244
f 314//2245 1661//2245 323//2245
f 1660//2246 1661//2246 314//2246
f 323//2247 1662//2247 326//2247
f 1661//2248 1662//2248 323//2248
f 326//2249 1663//2249 328//2249
f 1662//2250 1663//2250 326//2250
f 328//2251 1538//2251 341//2251
f 1663//2252 1538//2252 328//2252
f 236//2253 1664//2253 329//2253
f 1665//2254 236//2254 146//2254
f 1665//2255 1664//2255 236//2255
f 1664//2256 1666//2256 329//2256
f 329//2257 1666//2257 338//2257
f 338//2258 1667//2258 342//2258
f 1666//2259 1667//2259 338//2259
f 342//2260 1668//2260 344//2260
f 1667//2261 1668//2261 342//2261
f 344//2262 1669//2262 360//2262
f 1668//2263 1669//2263 344//2263
f 360//2264 1670//2264 362//2264
f 1669//2265 1670//2265 360//2265
f 362//2266 1671//2266 364//2266
f 1670//2267 1671//2267 362//2267
f 364//2268 1672//2268 365//2268
f 1671//2269 1672//2269 364//2269
f 365//2270 1673//2270 367//2270
f 1672//2271 1673//2271 365//2271
f 1673//2272 1674//2272 367//2272
f 367//2273 1674//2273 369//2273
f 369//2274 1675//2274 371//2274
f 1674//2275 1675//2275 369//2275
f 371//2276 1676//2276 373//2276
f 1675//2277 1676//2277 371//2277
f 373//2278 1677//2278 375//2278
f 1676//2279 1677//2279 373//2279
f 375//2280 1678//2280 377//2280
f 1677//2281 1678//2281 375//2281
f 377//2282 1679//2282 378//2282
f 1678//2283 1679//2283 377//2283
f 378//2284 1680//2284 380//2284
f 1679//2285 1680//2285 378//2285
f 380//2286 1681//2286 382//2286
f 1680//2287 1681//2287 380//2287
f 382//2288 1682//2288 384//2288
f 1681//2289 1682//2289 382//2289
f 384//2290 1683//2290 386//2290
f 1682//2291 1683//2291 384//2291
f 386//2292 1684//2292 388//2292
f 388//2293 1684//2293 390//2293
f 1683//2294 1684//2294 386//2294
f 1684//2295 1685//2295 390//2295
f 390//2296 1686//2296 392//2296
f 1685//2297 1686//2297 390//2297
f 392//2298 1687//2298 393//2298
f 1686//2299 1687//2299 392//2299
f 393//2300 1688//2300 395//2300
f 1687//2301 1688//2301 393//2301
f 395//2302 1689//2302 397//2302
f 397//2303 1689//2303 398//2303
f 1688//2304 1689//2304 395//2304
f 1689//2305 1690//2305 398//2305
f 398//2306 1691//2306 399//2306
f 1690//2307 1691//2307 398//2307
f 399//2308 1692//2308 400//2308
f 1691//2309 1692//2309 399//2309
f 400//2310 1693//2310 401//2310
f 401//2311 1693//2311 402//2311
f 1692//2312 1693//2312 400//2312
f 1693//2313 1694//2313 402//2313
f 402//2314 1695//2314 403//2314
f 403//2315 1695//2315 404//2315
f 1694//2316 1695//2316 402//2316
f 1695//2317 1696//2317 404//2317
f 404//2318 1697//2318 405//2318
f 1696//2319 1697//2319 404//2319
f 1697//2320 1698//2320 406//2320
f 1697//2321 406//2321 405//2321
f 1698//2322 1699//2322 406//2322
f 406//2323 1699//2323 407//2323
f 407//2324 1700//2324 408//2324
f 1699//2325 1700//2325 407//2325
f 408//2326 1701//2326 507//2326
f 1700//2327 1701//2327 408//2327
f 507//2328 1702//2328 501//2328
f 1701//2329 1702//2329 507//2329
f 501//2330 1703//2330 495//2330
f 1702//2331 1703//2331 501//2331
f 495//2332 1704//2332 489//2332
f 1703//2333 1704//2333 495//2333
f 489//2334 1705//2334 483//2334
f 1704//2335 1705//2335 489//2335
f 483//2336 1706//2336 477//2336
f 1705//2337 1706//2337 483//2337
f 1706//2338 1707//2338 477//2338
f 477//2339 1707//2339 470//2339
f 470//2340 1707//2340 469//2340
f 1707//2341 1708//2341 469//2341
f 469//2342 1709//2342 464//2342
f 1708//2343 1709//2343 469//2343
f 464//2344 1710//2344 460//2344
f 460//2345 1710//2345 458//2345
f 1709//2346 1710//2346 464//2346
f 1710//2347 1711//2347 458//2347
f 458//2348 1712//2348 457//2348
f 1711//2349 1712//2349 458//2349
f 457//2350 1713//2350 455//2350
f 1712//2351 1713//2351 457//2351
f 455//2352 1714//2352 453//2352
f 1713//2353 1714//2353 455//2353
f 453//2354 1715//2354 451//2354
f 1714//2355 1715//2355 453//2355
f 451//2356 1716//2356 450//2356
f 1715//2357 1716//2357 451//2357
f 450//2358 1717//2358 448//2358
f 1716//2359 1717//2359 450//2359
f 448//2360 1718//2360 446//2360
f 1717//2361 1718//2361 448//2361
f 446//2362 1719//2362 445//2362
f 445//2363 1719//2363 443//2363
f 1718//2364 1719//2364 446//2364
f 1719//2365 1720//2365 443//2365
f 443//2366 1721//2366 441//2366
f 1720//2367 1721//2367 443//2367
f 441//2368 1722//2368 440//2368
f 440//2369 1722//2369 438//2369
f 1721//2370 1722//2370 441//2370
f 1722//2371 1723//2371 438//2371
f 438//2372 1724//2372 436//2372
f 1723//2373 1724//2373 438//2373
f 436//2374 1725//2374 435//2374
f 435//2375 1725//2375 433//2375
f 1724//2376 1725//2376 436//2376
f 1725//2377 1726//2377 433//2377
f 433//2378 1727//2378 431//2378
f 1726//2379 1727//2379 433//2379
f 431//2380 1728//2380 430//2380
f 430//2381 1728//2381 428//2381
f 1727//2382 1728//2382 431//2382
f 428//2383 1729//2383 419//2383
f 1728//2384 1729//2384 428//2384
f 1729//2385 1730//2385 419//2385
f 1730//2386 1731//2386 319//2386
f 1730//2387 319//2387 419//2387
f 1731//2388 1732//2388 319//2388
f 319//2389 1732//2389 317//2389
f 317//2390 1733//2390 313//2390
f 1732//2391 1733//2391 317//2391
f 1733//2392 1734//2392 313//2392
f 313//2393 1734//2393 311//2393
f 1734//2394 1735//2394 311//2394
f 311//2395 1735//2395 307//2395
f 307//2396 1736//2396 304//2396
f 1735//2397 1736//2397 307//2397
f 304//2398 1737//2398 300//2398
f 1736//2399 1737//2399 304//2399
f 1737//2400 1738//2400 300//2400
f 300//2401 1738//2401 298//2401
f 298//2402 1739//2402 294//2402
f 1738//2403 1739//2403 298//2403
f 294//2404 1740//2404 293//2404
f 1739//2405 1740//2405 294//2405
f 293//2406 1741//2406 289//2406
f 1740//2407 1741//2407 293//2407
f 289//2408 1742//2408 286//2408
f 1741//2409 1742//2409 289//2409
f 286//2410 1743//2410 282//2410
f 1742//2411 1743//2411 286//2411
f 282//2412 1744//2412 280//2412
f 1743//2413 1744//2413 282//2413
f 280//2414 1745//2414 276//2414
f 1744//2415 1745//2415 280//2415
f 276//2416 1746//2416 275//2416
f 1745//2417 1746//2417 276//2417
f 275//2418 1747//2418 270//2418
f 270//2419 1747//2419 267//2419
f 1746//2420 1747//2420 275//2420
f 1747//2421 1748//2421 267//2421
f 267//2422 1749//2422 263//2422
f 1748//2423 1749//2423 267//2423
f 263//2424 1750//2424 261//2424
f 1749//2425 1750//2425 263//2425
f 261//2426 1751//2426 255//2426
f 1750//2427 1751//2427 261//2427
f 255//2428 1752//2428 253//2428
f 1751//2429 1752//2429 255//2429
f 253//2430 1753//2430 247//2430
f 1752//2431 1753//2431 253//2431
f 247//2432 1754//2432 244//2432
f 244//2433 1754//2433 232//2433
f 1753//2434 1754//2434 247//2434
f 232//2435 1755//2435 230//2435
f 1754//2436 1755//2436 232//2436
f 1755//2437 1756//2437 230//2437
f 230//2438 1757//2438 226//2438
f 1756//2439 1757//2439 230//2439
f 226//2440 1758//2440 222//2440
f 1757//2441 1758//2441 226//2441
f 222//2442 1759//2442 220//2442
f 1758//2443 1759//2443 222//2443
f 1759//2444 1760//2444 220//2444
f 220//2445 1760//2445 216//2445
f 216//2446 1760//2446 212//2446
f 1760//2447 1761//2447 212//2447
f 1761//2448 1762//2448 212//2448
f 212//2449 1762//2449 210//2449
f 1762//2450 1763//2450 210//2450
f 210//2451 1763//2451 206//2451
f 1763//2452 1764//2452 206//2452
f 206//2453 1764//2453 201//2453
f 201//2454 1764//2454 197//2454
f 1764//2455 1765//2455 197//2455
f 197//2456 1765//2456 193//2456
f 1765//2457 1766//2457 193//2457
f 193//2458 1766//2458 189//2458
f 1766//2459 1767//2459 189//2459
f 1767//2460 1768//2460 189//2460
f 189//2461 1768//2461 185//2461
f 1768//2462 1769//2462 185//2462
f 185//2463 1769//2463 182//2463
f 182//2464 1770//2464 180//2464
f 1769//2465 1770//2465 182//2465
f 180//2466 1770//2466 175//2466
f 1770//2467 1771//2467 175//2467
f 175//2468 1772//2468 169//2468
f 1771//2469 1772//2469 175//2469
f 1772//2470 1773//2470 169//2470
f 169//2471 1773//2471 110//2471
f 1773//2472 1774//2472 110//2472
f 110//2473 1774//2473 104//2473
f 104//2474 1775//2474 96//2474
f 1774//2475 1775//2475 104//2475
f 96//2476 1776//2476 89//2476
f 1775//2477 1776//2477 96//2477
f 89//2478 1777//2478 80//2478
f 1776//2479 1777//2479 89//2479
f 80//2480 1778//2480 76//2480
f 1777//2481 1778//2481 80//2481
f 76//2482 1779//2482 74//2482
f 1778//2483 1779//2483 76//2483
f 74//2484 1780//2484 71//2484
f 1779//2485 1780//2485 74//2485
f 71//2486 1781//2486 75//2486
f 1780//2487 1781//2487 71//2487
f 75//2488 1782//2488 77//2488
f 1781//2489 1782//2489 75//2489
f 77//2490 1783//2490 82//2490
f 1782//2491 1783//2491 77//2491
f 82//2492 1784//2492 91//2492
f 1783//2493 1784//2493 82//2493
f 1784//2494 1785//2494 91//2494
f 91//2495 1785//2495 97//2495
f 1785//2496 1786//2496 97//2496
f 97//2497 1786//2497 105//2497
f 1786//2498 1787//2498 105//2498
f 105//2499 1787//2499 114//2499
f 1787//2500 1788//2500 114//2500
f 114//2501 1788//2501 117//2501
f 1788//2502 1789//2502 117//2502
f 117//2503 1789//2503 121//2503
f 121//2504 1790//2504 125//2504
f 1789//2505 1790//2505 121//2505
f 1790//2506 1791//2506 125//2506
f 125//2507 1791//2507 130//2507
f 130//2508 1792//2508 133//2508
f 1791//2509 1792//2509 130//2509
f 133//2510 1793//2510 137//2510
f 1792//2511 1793//2511 133//2511
f 137//2512 1794//2512 140//2512
f 1793//2513 1794//2513 137//2513
f 140//2514 1795//2514 143//2514
f 1794//2515 1795//2515 140//2515
f 1795//2516 1665//2516 143//2516
f 143//2517 1665//2517 146//2517
f 637//2518 631//2518 1796//2518
f 637//2519 1796//2519 1797//2519
f 631//2520 632//2520 1796//2520
f 1796//2521 632//2521 1798//2521
f 1798//2522 633//2522 1799//2522
f 632//2523 633//2523 1798//2523
f 1799//2524 634//2524 1800//2524
f 633//2525 634//2525 1799//2525
f 1800//2526 635//2526 1801//2526
f 634//2527 635//2527 1800//2527
f 1801//2528 614//2528 1802//2528
f 635//2529 614//2529 1801//2529
f 1802//2530 599//2530 1803//2530
f 614//2531 599//2531 1802//2531
f 1803//2532 592//2532 1804//2532
f 599//2533 592//2533 1803//2533
f 1804//2534 588//2534 1805//2534
f 592//2535 588//2535 1804//2535
f 588//2536 581//2536 1805//2536
f 1805//2537 581//2537 1806//2537
f 1806//2538 579//2538 1807//2538
f 581//2539 579//2539 1806//2539
f 1807//2540 573//2540 1808//2540
f 579//2541 573//2541 1807//2541
f 1808//2542 569//2542 1809//2542
f 573//2543 569//2543 1808//2543
f 1809//2544 560//2544 1810//2544
f 569//2545 560//2545 1809//2545
f 1810//2546 558//2546 1811//2546
f 560//2547 558//2547 1810//2547
f 1811//2548 550//2548 1812//2548
f 558//2549 550//2549 1811//2549
f 1812//2550 548//2550 1813//2550
f 550//2551 548//2551 1812//2551
f 1813//2552 554//2552 1814//2552
f 548//2553 554//2553 1813//2553
f 1814//2554 557//2554 1815//2554
f 554//2555 557//2555 1814//2555
f 1815//2556 564//2556 1816//2556
f 557//2557 564//2557 1815//2557
f 1816//2558 567//2558 1817//2558
f 564//2559 567//2559 1816//2559
f 1817//2560 572//2560 1818//2560
f 1818//2561 572//2561 1819//2561
f 567//2562 572//2562 1817//2562
f 572//2563 577//2563 1819//2563
f 1819//2564 584//2564 1820//2564
f 1820//2565 584//2565 1821//2565
f 577//2566 584//2566 1819//2566
f 1821//2567 586//2567 1822//2567
f 584//2568 586//2568 1821//2568
f 586//2569 595//2569 1822//2569
f 1822//2570 597//2570 1823//2570
f 1823//2571 597//2571 1824//2571
f 595//2572 597//2572 1822//2572
f 597//2573 616//2573 1824//2573
f 1824//2574 619//2574 1825//2574
f 616//2575 619//2575 1824//2575
f 1825//2576 621//2576 1826//2576
f 1826//2577 621//2577 1827//2577
f 619//2578 621//2578 1825//2578
f 621//2579 624//2579 1827//2579
f 1827//2580 626//2580 1828//2580
f 624//2581 626//2581 1827//2581
f 1828//2582 627//2582 1829//2582
f 626//2583 627//2583 1828//2583
f 627//2584 637//2584 1829//2584
f 1829//2585 637//2585 1797//2585
f 1830//2586 1831//2586 743//2586
f 743//2587 1831//2587 769//2587
f 769//2588 1832//2588 773//2588
f 1831//2589 1832//2589 769//2589
f 773//2590 1833//2590 777//2590
f 1832//2591 1833//2591 773//2591
f 777//2592 1834//2592 781//2592
f 1833//2593 1834//2593 777//2593
f 781//2594 1835//2594 785//2594
f 1834//2595 1835//2595 781//2595
f 785//2596 1836//2596 789//2596
f 789//2597 1836//2597 793//2597
f 1835//2598 1836//2598 785//2598
f 1836//2599 1837//2599 793//2599
f 793//2600 1838//2600 797//2600
f 1837//2601 1838//2601 793//2601
f 797//2602 1839//2602 801//2602
f 1838//2603 1839//2603 797//2603
f 801//2604 1840//2604 805//2604
f 1839//2605 1840//2605 801//2605
f 1840//2606 1841//2606 805//2606
f 805//2607 1841//2607 809//2607
f 1841//2608 1842//2608 809//2608
f 809//2609 1842//2609 813//2609
f 1842//2610 1843//2610 813//2610
f 813//2611 1843//2611 817//2611
f 1843//2612 1844//2612 817//2612
f 817//2613 1844//2613 821//2613
f 821//2614 1845//2614 825//2614
f 1844//2615 1845//2615 821//2615
f 825//2616 1846//2616 828//2616
f 1845//2617 1846//2617 825//2617
f 828//2618 1847//2618 824//2618
f 1846//2619 1847//2619 828//2619
f 824//2620 1848//2620 820//2620
f 1847//2621 1848//2621 824//2621
f 820//2622 1849//2622 816//2622
f 816//2623 1849//2623 812//2623
f 1848//2624 1849//2624 820//2624
f 812//2625 1850//2625 808//2625
f 1849//2626 1850//2626 812//2626
f 1850//2627 1851//2627 808//2627
f 808//2628 1852//2628 804//2628
f 1851//2629 1852//2629 808//2629
f 804//2630 1853//2630 800//2630
f 1852//2631 1853//2631 804//2631
f 800//2632 1854//2632 796//2632
f 1853//2633 1854//2633 800//2633
f 796//2634 1855//2634 792//2634
f 1854//2635 1855//2635 796//2635
f 792//2636 1856//2636 788//2636
f 1855//2637 1856//2637 792//2637
f 788//2638 1857//2638 784//2638
f 1856//2639 1857//2639 788//2639
f 784//2640 1858//2640 780//2640
f 1857//2641 1858//2641 784//2641
f 780//2642 1859//2642 776//2642
f 1858//2643 1859//2643 780//2643
f 776//2644 1860//2644 772//2644
f 1859//2645 1860//2645 776//2645
f 772//2646 1861//2646 756//2646
f 1860//2647 1861//2647 772//2647
f 756//2648 1862//2648 754//2648
f 754//2649 1862//2649 757//2649
f 1861//2650 1862//2650 756//2650
f 1862//2651 1863//2651 757//2651
f 757//2652 1864//2652 758//2652
f 1863//2653 1864//2653 757//2653
f 758//2654 1865//2654 759//2654
f 1864//2655 1865//2655 758//2655
f 759//2656 1866//2656 760//2656
f 1865//2657 1866//2657 759//2657
f 760//2658 1867//2658 761//2658
f 1866//2659 1867//2659 760//2659
f 1867//2660 1868//2660 761//2660
f 761//2661 1868//2661 762//2661
f 1868//2662 1869//2662 762//2662
f 762//2663 1869//2663 763//2663
f 1869//2664 1870//2664 763//2664
f 763//2665 1870//2665 764//2665
f 1870//2666 1871//2666 764//2666
f 764//2667 1871//2667 765//2667
f 765//2668 1871//2668 766//2668
f 1871//2669 1872//2669 766//2669
f 1872//2670 1873//2670 766//2670
f 766//2671 1873//2671 767//2671
f 1873//2672 1874//2672 767//2672
f 767//2673 1874//2673 768//2673
f 1874//2674 1875//2674 768//2674
f 768//2675 1875//2675 728//2675
f 1875//2676 1876//2676 728//2676
f 728//2677 1876//2677 725//2677
f 1876//2678 1877//2678 725//2678
f 725//2679 1877//2679 722//2679
f 722//2680 1878//2680 720//2680
f 1877//2681 1878//2681 722//2681
f 720//2682 1879//2682 717//2682
f 1878//2683 1879//2683 720//2683
f 717//2684 1880//2684 714//2684
f 1879//2685 1880//2685 717//2685
f 714//2686 1881//2686 711//2686
f 1880//2687 1881//2687 714//2687
f 711//2688 1882//2688 708//2688
f 1881//2689 1882//2689 711//2689
f 708//2690 1883//2690 706//2690
f 1882//2691 1883//2691 708//2691
f 706//2692 1884//2692 703//2692
f 1883//2693 1884//2693 706//2693
f 703//2694 1885//2694 700//2694
f 1884//2695 1885//2695 703//2695
f 700//2696 1886//2696 697//2696
f 1885//2697 1886//2697 700//2697
f 697//2698 1887//2698 694//2698
f 1886//2699 1887//2699 697//2699
f 694//2700 1888//2700 692//2700
f 1887//2701 1888//2701 694//2701
f 692//2702 1889//2702 689//2702
f 1888//2703 1889//2703 692//2703
f 689//2704 1890//2704 686//2704
f 1889//2705 1890//2705 689//2705
f 686//2706 1891//2706 683//2706
f 1890//2707 1891//2707 686//2707
f 1891//2708 1892//2708 683//2708
f 683//2709 1892//2709 681//2709
f 1892//2710 1893//2710 681//2710
f 681//2711 1893//2711 678//2711
f 1893//2712 1894//2712 678//2712
f 678//2713 1894//2713 675//2713
f 1894//2714 1895//2714 675//2714
f 675//2715 1895//2715 672//2715
f 1895//2716 1896//2716 672//2716
f 672//2717 1896//2717 670//2717
f 1896//2718 1897//2718 670//2718
f 670//2719 1897//2719 667//2719
f 1897//2720 1898//2720 667//2720
f 667//2721 1898//2721 664//2721
f 1898//2722 1899//2722 664//2722
f 664//2723 1899//2723 662//2723
f 1899//2724 1900//2724 662//2724
f 662//2725 1900//2725 659//2725
f 1900//2726 1901//2726 659//2726
f 659//2727 1901//2727 656//2727
f 1901//2728 1902//2728 656//2728
f 656//2729 1902//2729 653//2729
f 1902//2730 1903//2730 653//2730
f 653//2731 1903//2731 651//2731
f 651//2732 1903//2732 648//2732
f 1903//2733 1904//2733 648//2733
f 1904//2734 1905//2734 648//2734
f 648//2735 1905//2735 645//2735
f 1905//2736 1906//2736 645//2736
f 645//2737 1906//2737 643//2737
f 1906//2738 1907//2738 643//2738
f 643//2739 1907//2739 641//2739
f 1907//2740 1908//2740 641//2740
f 641//2741 1908//2741 638//2741
f 1908//2742 1909//2742 638//2742
f 638//2743 1909//2743 639//2743
f 1909//2744 1910//2744 639//2744
f 639//2745 1910//2745 640//2745
f 1910//2746 1911//2746 640//2746
f 640//2747 1911//2747 642//2747
f 1911//2748 1912//2748 642//2748
f 642//2749 1912//2749 644//2749
f 644//2750 1913//2750 646//2750
f 1912//2751 1913//2751 644//2751
f 646//2752 1914//2752 649//2752
f 1913//2753 1914//2753 646//2753
f 649//2754 1915//2754 652//2754
f 1914//2755 1915//2755 649//2755
f 652//2756 1916//2756 654//2756
f 1915//2757 1916//2757 652//2757
f 654//2758 1917//2758 657//2758
f 1916//2759 1917//2759 654//2759
f 1917//2760 1918//2760 657//2760
f 657//2761 1918//2761 660//2761
f 1918//2762 1919//2762 660//2762
f 660//2763 1919//2763 663//2763
f 1919//2764 1920//2764 663//2764
f 663//2765 1920//2765 665//2765
f 1920//2766 1921//2766 665//2766
f 665//2767 1921//2767 668//2767
f 1921//2768 1922//2768 668//2768
f 668//2769 1922//2769 671//2769
f 1922//2770 1923//2770 671//2770
f 671//2771 1923//2771 673//2771
f 1923//2772 1924//2772 673//2772
f 673//2773 1924//2773 676//2773
f 1924//2774 1925//2774 676//2774
f 676//2775 1925//2775 679//2775
f 1925//2776 1926//2776 679//2776
f 679//2777 1926//2777 682//2777
f 1926//2778 1927//2778 682//2778
f 682//2779 1927//2779 684//2779
f 1927//2780 1928//2780 684//2780
f 684//2781 1928//2781 687//2781
f 1928//2782 1929//2782 687//2782
f 687//2783 1929//2783 690//2783
f 690//2784 1930//2784 693//2784
f 1929//2785 1930//2785 690//2785
f 693//2786 1931//2786 695//2786
f 1930//2787 1931//2787 693//2787
f 695//2788 1932//2788 698//2788
f 1931//2789 1932//2789 695//2789
f 698//2790 1933//2790 701//2790
f 1932//2791 1933//2791 698//2791
f 701//2792 1934//2792 704//2792
f 1933//2793 1934//2793 701//2793
f 704//2794 1935//2794 707//2794
f 1934//2795 1935//2795 704//2795
f 707//2796 1936//2796 709//2796
f 1935//2797 1936//2797 707//2797
f 709//2798 1937//2798 712//2798
f 1936//2799 1937//2799 709//2799
f 712//2800 1938//2800 715//2800
f 1937//2801 1938//2801 712//2801
f 715//2802 1939//2802 718//2802
f 1938//2803 1939//2803 715//2803
f 718//2804 1940//2804 721//2804
f 1939//2805 1940//2805 718//2805
f 721//2806 1941//2806 723//2806
f 1940//2807 1941//2807 721//2807
f 723//2808 1942//2808 726//2808
f 1941//2809 1942//2809 723//2809
f 1942//2810 1943//2810 726//2810
f 726//2811 1943//2811 729//2811
f 1943//2812 1944//2812 729//2812
f 729//2813 1944//2813 731//2813
f 1944//2814 1945//2814 731//2814
f 731//2815 1945//2815 732//2815
f 1945//2816 1946//2816 732//2816
f 732//2817 1946//2817 733//2817
f 733//2818 1947//2818 734//2818
f 1946//2819 1947//2819 733//2819
f 734//2820 1948//2820 735//2820
f 1947//2821 1948//2821 734//2821
f 735//2822 1949//2822 736//2822
f 1948//2823 1949//2823 735//2823
f 736//2824 1950//2824 737//2824
f 1949//2825 1950//2825 736//2825
f 737//2826 1951//2826 738//2826
f 1950//2827 1951//2827 737//2827
f 738//2828 1952//2828 739//2828
f 1951//2829 1952//2829 738//2829
f 739//2830 1953//2830 740//2830
f 1952//2831 1953//2831 739//2831
f 740//2832 1954//2832 741//2832
f 1953//2833 1954//2833 740//2833
f 741//2834 1955//2834 742//2834
f 1954//2835 1955//2835 741//2835
f 742//2836 1830//2836 743//2836
f 1955//2837 1830//2837 742//2837
f 1616//2838 1313//2838 1617//2838
f 1618//2839 1617//2839 1313//2839
f 1615//2840 1313//2840 1616//2840
f 1619//2841 1618//2841 1313//2841
f 1614//2842 1313//2842 1615//2842
f 1620//2843 1619//2843 1313//2843
f 1613//2844 1313//2844 1614//2844
f 1621//2845 1620//2845 1313//2845
f 1612//2846 1313//2846 1613//2846
f 1622//2847 1621//2847 1313//2847
f 1611//2848 1313//2848 1612//2848
f 1623//2849 1313//2849 1282//2849
f 1623//2850 1622//2850 1313//2850
f 1610//2851 1335//2851 1336//2851
f 1610//2852 1336//2852 1313//2852
f 1610//2853 1313//2853 1611//2853
f 1624//2854 1623//2854 1282//2854
f 1779//2855 1315//2855 1780//2855
f 1781//2856 1780//2856 1315//2856
f 1778//2857 1315//2857 1779//2857
f 1782//2858 1781//2858 1315//2858
f 1609//2859 1332//2859 1333//2859
f 1609//2860 1333//2860 1334//2860
f 1609//2861 1334//2861 1335//2861
f 1609//2862 1335//2862 1610//2862
f 1777//2863 1315//2863 1778//2863
f 1783//2864 1782//2864 1315//2864
f 1776//2865 1315//2865 1777//2865
f 1625//2866 1624//2866 1282//2866
f 1784//2867 1783//2867 1315//2867
f 1775//2868 1315//2868 1776//2868
f 1785//2869 1784//2869 1315//2869
f 1608//2870 1332//2870 1609//2870
f 1608//2871 1330//2871 1331//2871
f 1608//2872 1331//2872 1332//2872
f 1774//2873 1315//2873 1775//2873
f 1786//2874 1785//2874 1315//2874
f 1626//2875 1625//2875 1282//2875
f 1773//2876 1315//2876 1774//2876
f 1607//2877 1330//2877 1608//2877
f 1607//2878 1326//2878 1327//2878
f 1607//2879 1327//2879 1328//2879
f 1607//2880 1328//2880 1329//2880
f 1607//2881 1329//2881 1330//2881
f 1787//2882 1786//2882 1315//2882
f 1337//2883 1315//2883 1773//2883
f 1627//2884 1626//2884 1282//2884
f 1788//2885 1787//2885 1315//2885
f 1606//2886 1326//2886 1607//2886
f 1606//2887 1323//2887 1324//2887
f 1606//2888 1324//2888 1325//2888
f 1606//2889 1325//2889 1326//2889
f 1789//2890 1788//2890 1315//2890
f 1628//2891 1627//2891 1282//2891
f 1447//2892 1449//2892 1337//2892
f 1790//2893 1789//2893 1315//2893
f 1605//2894 1319//2894 1320//2894
f 1605//2895 1320//2895 1321//2895
f 1605//2896 1321//2896 1322//2896
f 1605//2897 1322//2897 1323//2897
f 1605//2898 1323//2898 1606//2898
f 1629//2899 1628//2899 1282//2899
f 1791//2900 1790//2900 1315//2900
f 1443//2901 1445//2901 1447//2901
f 1604//2902 1319//2902 1605//2902
f 1604//2903 1314//2903 1316//2903
f 1604//2904 1316//2904 1317//2904
f 1604//2905 1317//2905 1318//2905
f 1604//2906 1318//2906 1319//2906
f 1792//2907 1791//2907 1315//2907
f 1630//2908 1629//2908 1282//2908
f 1603//2909 1314//2909 1604//2909
f 1603//2910 1315//2910 1314//2910
f 1793//2911 1792//2911 1315//2911
f 1439//2912 1441//2912 1443//2912
f 1439//2913 1447//2913 1337//2913
f 1439//2914 1443//2914 1447//2914
f 1631//2915 1630//2915 1282//2915
f 1794//2916 1793//2916 1315//2916
f 1602//2917 1315//2917 1603//2917
f 1632//2918 1631//2918 1282//2918
f 1795//2919 1794//2919 1315//2919
f 1435//2920 1437//2920 1439//2920
f 1435//2921 1439//2921 1337//2921
f 1601//2922 1315//2922 1602//2922
f 1665//2923 1795//2923 1315//2923
f 1633//2924 1282//2924 1281//2924
f 1633//2925 1632//2925 1282//2925
f 1600//2926 1315//2926 1601//2926
f 1634//2927 1281//2927 1283//2927
f 1634//2928 1633//2928 1281//2928
f 1599//2929 1315//2929 1600//2929
f 1429//2930 1431//2930 1433//2930
f 1635//2931 1634//2931 1283//2931
f 1635//2932 1283//2932 1284//2932
f 1427//2933 1429//2933 1433//2933
f 1427//2934 1433//2934 1435//2934
f 1598//2935 1315//2935 1599//2935
f 1598//2936 1665//2936 1315//2936
f 1636//2937 1635//2937 1284//2937
f 1636//2938 1284//2938 1285//2938
f 1597//2939 1665//2939 1598//2939
f 1637//2940 1285//2940 1286//2940
f 1637//2941 1636//2941 1285//2941
f 1423//2942 1425//2942 1427//2942
f 1423//2943 1435//2943 1337//2943
f 1423//2944 1427//2944 1435//2944
f 1596//2945 1665//2945 1597//2945
f 1638//2946 1637//2946 1286//2946
f 1638//2947 1286//2947 1287//2947
f 1772//2948 1337//2948 1773//2948
f 1595//2949 1665//2949 1596//2949
f 1419//2950 1423//2950 1337//2950
f 1419//2951 1421//2951 1423//2951
f 1771//2952 1337//2952 1772//2952
f 1639//2953 1638//2953 1287//2953
f 1639//2954 1287//2954 1288//2954
f 1770//2955 1337//2955 1771//2955
f 1769//2956 1337//2956 1770//2956
f 1594//2957 1665//2957 1595//2957
f 1768//2958 1337//2958 1769//2958
f 1640//2959 1639//2959 1288//2959
f 1640//2960 1288//2960 1289//2960
f 1415//2961 1417//2961 1419//2961
f 1767//2962 1337//2962 1768//2962
f 1593//2963 1665//2963 1594//2963
f 1766//2964 1337//2964 1767//2964
f 1641//2965 1640//2965 1289//2965
f 1641//2966 1289//2966 1290//2966
f 1413//2967 1415//2967 1419//2967
f 1765//2968 1337//2968 1766//2968
f 1592//2969 1665//2969 1593//2969
f 1764//2970 1337//2970 1765//2970
f 1642//2971 1641//2971 1290//2971
f 1642//2972 1290//2972 1291//2972
f 1763//2973 1337//2973 1764//2973
f 1591//2974 1665//2974 1592//2974
f 1409//2975 1411//2975 1413//2975
f 1409//2976 1413//2976 1419//2976
f 1643//2977 1642//2977 1291//2977
f 1643//2978 1291//2978 1292//2978
f 1762//2979 1337//2979 1763//2979
f 1590//2980 1665//2980 1591//2980
f 1407//2981 1409//2981 1419//2981
f 1761//2982 1337//2982 1762//2982
f 1644//2983 1292//2983 1293//2983
f 1644//2984 1643//2984 1292//2984
f 1405//2985 1419//2985 1337//2985
f 1405//2986 1407//2986 1419//2986
f 1760//2987 1337//2987 1761//2987
f 1589//2988 1665//2988 1590//2988
f 1645//2989 1293//2989 1294//2989
f 1645//2990 1644//2990 1293//2990
f 1759//2991 1337//2991 1760//2991
f 1403//2992 1405//2992 1337//2992
f 1588//2993 1665//2993 1589//2993
f 1758//2994 1337//2994 1759//2994
f 1646//2995 1645//2995 1294//2995
f 1646//2996 1294//2996 1295//2996
f 1757//2997 1337//2997 1758//2997
f 1587//2998 1665//2998 1588//2998
f 1399//2999 1403//2999 1337//2999
f 1399//3000 1401//3000 1403//3000
f 1647//3001 1646//3001 1295//3001
f 1647//3002 1295//3002 1296//3002
f 1756//3003 1337//3003 1757//3003
f 1586//3004 1665//3004 1587//3004
f 1755//3005 1337//3005 1756//3005
f 1648//3006 1647//3006 1296//3006
f 1297//3007 1648//3007 1296//3007
f 1395//3008 1397//3008 1399//3008
f 1395//3009 1399//3009 1337//3009
f 1585//3010 1665//3010 1586//3010
f 1754//3011 1337//3011 1755//3011
f 1649//3012 1648//3012 1297//3012
f 1753//3013 1337//3013 1754//3013
f 1584//3014 1665//3014 1585//3014
f 1298//3015 1649//3015 1297//3015
f 1650//3016 1649//3016 1298//3016
f 1752//3017 1337//3017 1753//3017
f 1583//3018 1665//3018 1584//3018
f 1387//3019 1389//3019 1391//3019
f 1387//3020 1391//3020 1393//3020
f 1299//3021 1650//3021 1298//3021
f 1299//3022 1651//3022 1650//3022
f 1385//3023 1393//3023 1395//3023
f 1385//3024 1387//3024 1393//3024
f 1383//3025 1395//3025 1337//3025
f 1383//3026 1385//3026 1395//3026
f 1300//3027 1651//3027 1299//3027
f 1300//3028 1652//3028 1651//3028
f 1301//3029 1652//3029 1300//3029
f 1301//3030 1653//3030 1652//3030
f 1377//3031 1379//3031 1381//3031
f 1375//3032 1381//3032 1383//3032
f 1375//3033 1377//3033 1381//3033
f 1302//3034 1653//3034 1301//3034
f 1302//3035 1654//3035 1653//3035
f 1371//3036 1373//3036 1375//3036
f 980//3037 1375//3037 1383//3037
f 980//3038 1371//3038 1375//3038
f 980//3039 1337//3039 1752//3039
f 980//3040 1744//3040 1743//3040
f 980//3041 1383//3041 1337//3041
f 980//3042 1745//3042 1744//3042
f 980//3043 1746//3043 1745//3043
f 980//3044 1747//3044 1746//3044
f 980//3045 1748//3045 1747//3045
f 980//3046 1749//3046 1748//3046
f 980//3047 1750//3047 1749//3047
f 980//3048 1751//3048 1750//3048
f 980//3049 1752//3049 1751//3049
f 1303//3050 1654//3050 1302//3050
f 1303//3051 1655//3051 1654//3051
f 1742//3052 980//3052 1743//3052
f 1741//3053 980//3053 1742//3053
f 1304//3054 1655//3054 1303//3054
f 1304//3055 1656//3055 1655//3055
f 1740//3056 980//3056 1741//3056
f 1739//3057 980//3057 1740//3057
f 1305//3058 1656//3058 1304//3058
f 1305//3059 1657//3059 1656//3059
f 1738//3060 980//3060 1739//3060
f 1737//3061 980//3061 1738//3061
f 1306//3062 1657//3062 1305//3062
f 1306//3063 1658//3063 1657//3063
f 1736//3064 980//3064 1737//3064
f 1735//3065 980//3065 1736//3065
f 1307//3066 1658//3066 1306//3066
f 1307//3067 1659//3067 1658//3067
f 1734//3068 980//3068 1735//3068
f 1733//3069 980//3069 1734//3069
f 1308//3070 1659//3070 1307//3070
f 1308//3071 1660//3071 1659//3071
f 1732//3072 980//3072 1733//3072
f 1731//3073 980//3073 1732//3073
f 1309//3074 1660//3074 1308//3074
f 1309//3075 1661//3075 1660//3075
f 1310//3076 1661//3076 1309//3076
f 1310//3077 1662//3077 1661//3077
f 1311//3078 1662//3078 1310//3078
f 1311//3079 1663//3079 1662//3079
f 1664//3080 1573//3080 1572//3080
f 1664//3081 1574//3081 1573//3081
f 1664//3082 1575//3082 1574//3082
f 1664//3083 1576//3083 1575//3083
f 1664//3084 1577//3084 1576//3084
f 1664//3085 1578//3085 1577//3085
f 1664//3086 1579//3086 1578//3086
f 1664//3087 1580//3087 1579//3087
f 1664//3088 1581//3088 1580//3088
f 1664//3089 1582//3089 1581//3089
f 1664//3090 1583//3090 1582//3090
f 1664//3091 1665//3091 1583//3091
f 1666//3092 1572//3092 1571//3092
f 1666//3093 1664//3093 1572//3093
f 1312//3094 1538//3094 1663//3094
f 1312//3095 1663//3095 1311//3095
f 1667//3096 1571//3096 1570//3096
f 1667//3097 1666//3097 1571//3097
f 1668//3098 1570//3098 1569//3098
f 1668//3099 1667//3099 1570//3099
f 1280//3100 1538//3100 1312//3100
f 1280//3101 1539//3101 1538//3101
f 1280//3102 1540//3102 1539//3102
f 1280//3103 1541//3103 1540//3103
f 1280//3104 1542//3104 1541//3104
f 1280//3105 1543//3105 1542//3105
f 1280//3106 1544//3106 1543//3106
f 1280//3107 1545//3107 1544//3107
f 1280//3108 1546//3108 1545//3108
f 1280//3109 1547//3109 1546//3109
f 1280//3110 1548//3110 1547//3110
f 1280//3111 1549//3111 1548//3111
f 1280//3112 1550//3112 1549//3112
f 1280//3113 1551//3113 1550//3113
f 1669//3114 1569//3114 1568//3114
f 1669//3115 1668//3115 1569//3115
f 1670//3116 1568//3116 1567//3116
f 1670//3117 1669//3117 1568//3117
f 1671//3118 1670//3118 1567//3118
f 1672//3119 1567//3119 1566//3119
f 1672//3120 1671//3120 1567//3120
f 950//3121 946//3121 948//3121
f 952//3122 946//3122 950//3122
f 1673//3123 1566//3123 1565//3123
f 1673//3124 1672//3124 1566//3124
f 936//3125 946//3125 952//3125
f 936//3126 938//3126 940//3126
f 936//3127 940//3127 942//3127
f 936//3128 942//3128 944//3128
f 936//3129 944//3129 946//3129
f 954//3130 936//3130 952//3130
f 932//3131 936//3131 954//3131
f 932//3132 934//3132 936//3132
f 1674//3133 1565//3133 1564//3133
f 1674//3134 1673//3134 1565//3134
f 958//3135 954//3135 956//3135
f 1675//3136 1564//3136 1563//3136
f 1675//3137 1674//3137 1564//3137
f 926//3138 928//3138 930//3138
f 964//3139 932//3139 954//3139
f 964//3140 958//3140 960//3140
f 964//3141 960//3141 962//3141
f 964//3142 954//3142 958//3142
f 1676//3143 1563//3143 1562//3143
f 1676//3144 1675//3144 1563//3144
f 966//3145 932//3145 964//3145
f 966//3146 926//3146 930//3146
f 966//3147 930//3147 932//3147
f 1677//3148 1676//3148 1562//3148
f 1677//3149 1562//3149 1561//3149
f 1678//3150 1677//3150 1561//3150
f 970//3151 926//3151 966//3151
f 970//3152 924//3152 926//3152
f 970//3153 966//3153 968//3153
f 1679//3154 1678//3154 1561//3154
f 1679//3155 1561//3155 1560//3155
f 1680//3156 1679//3156 1560//3156
f 1680//3157 1560//3157 1559//3157
f 914//3158 916//3158 918//3158
f 914//3159 918//3159 920//3159
f 976//3160 924//3160 970//3160
f 976//3161 970//3161 972//3161
f 976//3162 972//3162 974//3162
f 1681//3163 1680//3163 1559//3163
f 1681//3164 1559//3164 1558//3164
f 1682//3165 1681//3165 1558//3165
f 1682//3166 1558//3166 1557//3166
f 910//3167 912//3167 914//3167
f 1683//3168 1682//3168 1557//3168
f 1683//3169 1557//3169 1556//3169
f 1684//3170 1683//3170 1556//3170
f 1684//3171 1556//3171 1555//3171
f 906//3172 908//3172 910//3172
f 906//3173 914//3173 920//3173
f 906//3174 920//3174 922//3174
f 906//3175 922//3175 924//3175
f 906//3176 910//3176 914//3176
f 1685//3177 1684//3177 1555//3177
f 1685//3178 1555//3178 1554//3178
f 1686//3179 1685//3179 1554//3179
f 904//3180 906//3180 924//3180
f 1687//3181 1554//3181 1553//3181
f 1687//3182 1686//3182 1554//3182
f 1688//3183 1687//3183 1553//3183
f 1688//3184 1553//3184 1552//3184
f 1689//3185 1688//3185 1552//3185
f 1689//3186 1552//3186 1551//3186
f 1690//3187 1689//3187 1551//3187
f 1690//3188 1551//3188 1280//3188
f 900//3189 901//3189 903//3189
f 1691//3190 1690//3190 1280//3190
f 899//3191 900//3191 903//3191
f 899//3192 903//3192 904//3192
f 1692//3193 1691//3193 1280//3193
f 1693//3194 1692//3194 1280//3194
f 898//3195 899//3195 904//3195
f 898//3196 904//3196 924//3196
f 1694//3197 1693//3197 1280//3197
f 1695//3198 1694//3198 1280//3198
f 1696//3199 1695//3199 1280//3199
f 896//3200 898//3200 924//3200
f 896//3201 897//3201 898//3201
f 1697//3202 1696//3202 1280//3202
f 894//3203 895//3203 896//3203
f 893//3204 894//3204 896//3204
f 892//3205 896//3205 924//3205
f 892//3206 893//3206 896//3206
f 891//3207 892//3207 924//3207
f 890//3208 891//3208 924//3208
f 888//3209 889//3209 890//3209
f 887//3210 888//3210 890//3210
f 886//3211 887//3211 890//3211
f 885//3212 886//3212 890//3212
f 884//3213 885//3213 890//3213
f 882//3214 883//3214 884//3214
f 882//3215 884//3215 890//3215
f 1698//3216 1697//3216 1280//3216
f 1699//3217 1698//3217 1280//3217
f 1700//3218 1699//3218 1280//3218
f 879//3219 880//3219 881//3219
f 879//3220 881//3220 882//3220
f 981//3221 1731//3221 1730//3221
f 981//3222 980//3222 1731//3222
f 982//3223 981//3223 1730//3223
f 877//3224 878//3224 879//3224
f 856//3225 882//3225 890//3225
f 856//3226 890//3226 924//3226
f 856//3227 924//3227 976//3227
f 856//3228 877//3228 879//3228
f 856//3229 879//3229 882//3229
f 983//3230 982//3230 1730//3230
f 984//3231 983//3231 1730//3231
f 985//3232 984//3232 1730//3232
f 986//3233 985//3233 1730//3233
f 987//3234 986//3234 1730//3234
f 988//3235 987//3235 1730//3235
f 989//3236 1730//3236 1729//3236
f 989//3237 988//3237 1730//3237
f 990//3238 989//3238 1729//3238
f 990//3239 1728//3239 1727//3239
f 990//3240 1729//3240 1728//3240
f 991//3241 1727//3241 1726//3241
f 991//3242 990//3242 1727//3242
f 992//3243 991//3243 1726//3243
f 992//3244 1725//3244 1724//3244
f 992//3245 1726//3245 1725//3245
f 993//3246 992//3246 1724//3246
f 993//3247 1724//3247 1723//3247
f 994//3248 993//3248 1723//3248
f 994//3249 1722//3249 1721//3249
f 994//3250 1723//3250 1722//3250
f 995//3251 1721//3251 1720//3251
f 995//3252 994//3252 1721//3252
f 996//3253 1719//3253 1718//3253
f 996//3254 1720//3254 1719//3254
f 996//3255 995//3255 1720//3255
f 997//3256 996//3256 1718//3256
f 997//3257 1718//3257 1717//3257
f 998//3258 1716//3258 1715//3258
f 998//3259 1717//3259 1716//3259
f 998//3260 997//3260 1717//3260
f 999//3261 1715//3261 1714//3261
f 999//3262 998//3262 1715//3262
f 1000//3263 1714//3263 1713//3263
f 1000//3264 999//3264 1714//3264
f 1001//3265 1712//3265 1711//3265
f 1001//3266 1713//3266 1712//3266
f 1001//3267 1000//3267 1713//3267
f 1147//3268 1143//3268 1145//3268
f 1133//3269 1135//3269 1137//3269
f 1133//3270 1137//3270 1139//3270
f 1149//3271 1139//3271 1141//3271
f 1149//3272 1141//3272 1143//3272
f 1149//3273 1143//3273 1147//3273
f 1149//3274 1133//3274 1139//3274
f 1131//3275 1133//3275 1149//3275
f 1153//3276 1131//3276 1149//3276
f 1153//3277 1129//3277 1131//3277
f 1153//3278 1149//3278 1151//3278
f 1127//3279 1129//3279 1153//3279
f 1002//3280 1001//3280 1711//3280
f 1002//3281 1711//3281 1710//3281
f 1157//3282 1127//3282 1153//3282
f 1157//3283 1125//3283 1127//3283
f 1157//3284 1153//3284 1155//3284
f 1161//3285 1157//3285 1159//3285
f 1119//3286 1125//3286 1157//3286
f 1119//3287 1121//3287 1123//3287
f 1119//3288 1123//3288 1125//3288
f 1119//3289 1157//3289 1161//3289
f 1163//3290 1119//3290 1161//3290
f 1233//3291 856//3291 976//3291
f 1003//3292 1002//3292 1710//3292
f 1003//3293 1710//3293 1709//3293
f 1232//3294 856//3294 1233//3294
f 1167//3295 1115//3295 1117//3295
f 1167//3296 1117//3296 1119//3296
f 1167//3297 1119//3297 1163//3297
f 1167//3298 1163//3298 1165//3298
f 1231//3299 856//3299 1232//3299
f 1116//3300 1115//3300 1167//3300
f 1171//3301 1116//3301 1167//3301
f 1171//3302 1167//3302 1169//3302
f 1004//3303 1708//3303 1707//3303
f 1004//3304 1709//3304 1708//3304
f 1004//3305 1003//3305 1709//3305
f 1047//3306 1116//3306 1171//3306
f 1047//3307 1204//3307 1116//3307
f 1047//3308 1205//3308 1204//3308
f 1206//3309 1205//3309 1047//3309
f 1207//3310 1206//3310 1047//3310
f 1005//3311 1707//3311 1706//3311
f 1005//3312 1004//3312 1707//3312
f 1208//3313 1207//3313 1047//3313
f 1209//3314 1208//3314 1047//3314
f 1210//3315 1209//3315 1047//3315
f 1006//3316 1706//3316 1705//3316
f 1006//3317 1005//3317 1706//3317
f 1007//3318 1705//3318 1704//3318
f 1007//3319 1006//3319 1705//3319
f 1008//3320 1704//3320 1703//3320
f 1008//3321 1007//3321 1704//3321
f 1009//3322 1703//3322 1702//3322
f 1009//3323 1008//3323 1703//3323
f 1010//3324 1702//3324 1701//3324
f 1010//3325 1009//3325 1702//3325
f 1011//3326 1010//3326 1701//3326
f 1011//3327 1701//3327 1700//3327
f 1011//3328 1700//3328 1280//3328
f 1012//3329 1011//3329 1280//3329
f 1013//3330 1012//3330 1280//3330
f 1908//3331 1046//3331 1909//3331
f 1910//3332 1909//3332 1046//3332
f 1907//3333 1046//3333 1908//3333
f 1911//3334 1910//3334 1046//3334
f 1906//3335 1046//3335 1907//3335
f 1912//3336 1911//3336 1046//3336
f 1905//3337 1046//3337 1906//3337
f 1913//3338 1912//3338 1046//3338
f 1913//3339 1046//3339 1045//3339
f 1904//3340 1046//3340 1905//3340
f 1914//3341 1913//3341 1045//3341
f 1914//3342 1045//3342 1044//3342
f 1903//3343 1046//3343 1904//3343
f 1915//3344 1914//3344 1044//3344
f 1902//3345 1046//3345 1903//3345
f 1916//3346 1044//3346 1043//3346
f 1916//3347 1915//3347 1044//3347
f 1901//3348 1046//3348 1902//3348
f 1901//3349 1047//3349 1046//3349
f 1917//3350 1916//3350 1043//3350
f 1917//3351 1043//3351 1042//3351
f 1900//3352 1047//3352 1901//3352
f 1918//3353 1917//3353 1042//3353
f 1918//3354 1042//3354 1041//3354
f 1899//3355 1047//3355 1900//3355
f 1919//3356 1918//3356 1041//3356
f 1898//3357 1047//3357 1899//3357
f 1920//3358 1919//3358 1041//3358
f 1920//3359 1041//3359 1040//3359
f 1897//3360 1047//3360 1898//3360
f 1921//3361 1920//3361 1040//3361
f 1921//3362 1040//3362 1039//3362
f 1896//3363 1047//3363 1897//3363
f 1922//3364 1921//3364 1039//3364
f 1895//3365 1047//3365 1896//3365
f 1923//3366 1922//3366 1039//3366
f 1923//3367 1039//3367 1038//3367
f 1894//3368 1047//3368 1895//3368
f 1924//3369 1923//3369 1038//3369
f 1924//3370 1038//3370 1037//3370
f 1893//3371 1211//3371 1210//3371
f 1893//3372 1047//3372 1894//3372
f 1893//3373 1210//3373 1047//3373
f 1925//3374 1924//3374 1037//3374
f 1925//3375 1037//3375 1036//3375
f 1892//3376 1212//3376 1211//3376
f 1892//3377 1211//3377 1893//3377
f 1926//3378 1925//3378 1036//3378
f 1891//3379 1212//3379 1892//3379
f 1891//3380 1213//3380 1212//3380
f 1927//3381 1926//3381 1036//3381
f 1927//3382 1036//3382 1035//3382
f 1890//3383 1214//3383 1213//3383
f 1890//3384 1213//3384 1891//3384
f 1928//3385 1927//3385 1035//3385
f 1928//3386 1035//3386 1034//3386
f 1889//3387 1215//3387 1214//3387
f 1889//3388 1214//3388 1890//3388
f 1929//3389 1928//3389 1034//3389
f 1929//3390 1034//3390 1033//3390
f 1888//3391 1216//3391 1215//3391
f 1888//3392 1215//3392 1889//3392
f 1930//3393 1929//3393 1033//3393
f 1887//3394 1217//3394 1216//3394
f 1887//3395 1216//3395 1888//3395
f 1931//3396 1930//3396 1033//3396
f 1931//3397 1033//3397 1032//3397
f 1886//3398 1218//3398 1217//3398
f 1886//3399 1219//3399 1218//3399
f 1886//3400 1217//3400 1887//3400
f 1932//3401 1032//3401 1031//3401
f 1932//3402 1931//3402 1032//3402
f 1885//3403 1220//3403 1219//3403
f 1885//3404 1219//3404 1886//3404
f 1933//3405 1031//3405 1030//3405
f 1933//3406 1932//3406 1031//3406
f 1884//3407 1221//3407 1220//3407
f 1884//3408 1220//3408 1885//3408
f 1934//3409 1030//3409 1029//3409
f 1934//3410 1933//3410 1030//3410
f 1883//3411 1222//3411 1221//3411
f 1883//3412 1221//3412 1884//3412
f 1935//3413 1934//3413 1029//3413
f 1882//3414 1223//3414 1222//3414
f 1882//3415 1222//3415 1883//3415
f 1936//3416 1029//3416 1028//3416
f 1936//3417 1935//3417 1029//3417
f 1881//3418 1224//3418 1223//3418
f 1881//3419 1223//3419 1882//3419
f 1937//3420 1028//3420 1027//3420
f 1937//3421 1936//3421 1028//3421
f 1880//3422 1225//3422 1224//3422
f 1880//3423 1224//3423 1881//3423
f 1938//3424 1937//3424 1027//3424
f 1938//3425 1027//3425 1026//3425
f 1879//3426 1226//3426 1225//3426
f 1879//3427 1225//3427 1880//3427
f 1939//3428 1938//3428 1026//3428
f 1939//3429 1026//3429 1025//3429
f 1878//3430 1227//3430 1226//3430
f 1878//3431 1226//3431 1879//3431
f 1940//3432 1939//3432 1025//3432
f 1877//3433 1227//3433 1878//3433
f 1941//3434 1940//3434 1025//3434
f 1941//3435 1025//3435 1024//3435
f 1942//3436 1941//3436 1024//3436
f 1942//3437 1024//3437 1023//3437
f 859//3438 1228//3438 1227//3438
f 859//3439 1229//3439 1228//3439
f 859//3440 1230//3440 1229//3440
f 859//3441 1231//3441 1230//3441
f 859//3442 856//3442 1231//3442
f 859//3443 1227//3443 1877//3443
f 859//3444 1862//3444 1861//3444
f 859//3445 1863//3445 1862//3445
f 859//3446 1864//3446 1863//3446
f 859//3447 1865//3447 1864//3447
f 859//3448 1866//3448 1865//3448
f 859//3449 1867//3449 1866//3449
f 859//3450 1868//3450 1867//3450
f 859//3451 1869//3451 1868//3451
f 859//3452 1870//3452 1869//3452
f 859//3453 1871//3453 1870//3453
f 859//3454 1872//3454 1871//3454
f 859//3455 1873//3455 1872//3455
f 859//3456 1874//3456 1873//3456
f 859//3457 1875//3457 1874//3457
f 859//3458 1876//3458 1875//3458
f 859//3459 1877//3459 1876//3459
f 1249//3460 1942//3460 1023//3460
f 1249//3461 1015//3461 1014//3461
f 1249//3462 1016//3462 1015//3462
f 1249//3463 1017//3463 1016//3463
f 1249//3464 1018//3464 1017//3464
f 1249//3465 1019//3465 1018//3465
f 1249//3466 1020//3466 1019//3466
f 1249//3467 1021//3467 1020//3467
f 1249//3468 1943//3468 1942//3468
f 1249//3469 1022//3469 1021//3469
f 1249//3470 1023//3470 1022//3470
f 1249//3471 1944//3471 1943//3471
f 1249//3472 1945//3472 1944//3472
f 1249//3473 1946//3473 1945//3473
f 1249//3474 1947//3474 1946//3474
f 1249//3475 1948//3475 1947//3475
f 1249//3476 1949//3476 1948//3476
f 1249//3477 1950//3477 1949//3477
f 1249//3478 1951//3478 1950//3478
f 1249//3479 1952//3479 1951//3479
f 1249//3480 1953//3480 1952//3480
f 1249//3481 1954//3481 1953//3481
f 1249//3482 1955//3482 1954//3482
f 1249//3483 1830//3483 1955//3483
f 1249//3484 1014//3484 1013//3484
f 1279//3485 859//3485 1861//3485
f 1279//3486 1861//3486 1860//3486
f 1248//3487 1831//3487 1830//3487
f 1248//3488 1830//3488 1249//3488
f 1278//3489 1279//3489 1860//3489
f 1278//3490 1860//3490 1859//3490
f 1250//3491 1831//3491 1248//3491
f 1250//3492 1832//3492 1831//3492
f 1277//3493 1278//3493 1859//3493
f 1277//3494 1859//3494 1858//3494
f 1251//3495 1832//3495 1250//3495
f 1251//3496 1833//3496 1832//3496
f 1276//3497 1277//3497 1858//3497
f 1276//3498 1858//3498 1857//3498
f 1252//3499 1833//3499 1251//3499
f 1252//3500 1834//3500 1833//3500
f 1253//3501 1834//3501 1252//3501
f 1253//3502 1835//3502 1834//3502
f 1275//3503 1276//3503 1857//3503
f 1275//3504 1857//3504 1856//3504
f 1254//3505 1836//3505 1835//3505
f 1254//3506 1835//3506 1253//3506
f 1274//3507 1275//3507 1856//3507
f 1274//3508 1856//3508 1855//3508
f 1255//3509 1837//3509 1836//3509
f 1255//3510 1836//3510 1254//3510
f 1273//3511 1274//3511 1855//3511
f 1273//3512 1855//3512 1854//3512
f 1256//3513 1837//3513 1255//3513
f 1256//3514 1838//3514 1837//3514
f 1272//3515 1273//3515 1854//3515
f 1272//3516 1854//3516 1853//3516
f 1257//3517 1838//3517 1256//3517
f 1257//3518 1839//3518 1838//3518
f 1271//3519 1853//3519 1852//3519
f 1271//3520 1272//3520 1853//3520
f 1258//3521 1840//3521 1839//3521
f 1258//3522 1839//3522 1257//3522
f 1270//3523 1852//3523 1851//3523
f 1270//3524 1271//3524 1852//3524
f 1259//3525 1841//3525 1840//3525
f 1259//3526 1840//3526 1258//3526
f 1269//3527 1851//3527 1850//3527
f 1269//3528 1270//3528 1851//3528
f 1260//3529 1842//3529 1841//3529
f 1260//3530 1841//3530 1259//3530
f 1268//3531 1850//3531 1849//3531
f 1268//3532 1269//3532 1850//3532
f 1261//3533 1843//3533 1842//3533
f 1261//3534 1842//3534 1260//3534
f 1267//3535 1268//3535 1849//3535
f 1267//3536 1849//3536 1848//3536
f 1262//3537 1844//3537 1843//3537
f 1262//3538 1843//3538 1261//3538
f 1266//3539 1267//3539 1848//3539
f 1266//3540 1848//3540 1847//3540
f 1263//3541 1845//3541 1844//3541
f 1263//3542 1844//3542 1262//3542
f 1265//3543 1847//3543 1846//3543
f 1265//3544 1266//3544 1847//3544
f 1264//3545 1265//3545 1846//3545
f 1264//3546 1845//3546 1263//3546
f 1264//3547 1846//3547 1845//3547
f 1280//3548 1249//3548 1013//3548
f 858//3549 857//3549 1240//3549
f 1240//3550 857//3550 1243//3550
f 876//3551 978//3551 1956//3551
f 876//3552 875//3552 978//3552
f 1956//3553 874//3553 876//3553
f 1957//3554 1956//3554 1958//3554
f 1957//3555 1959//3555 1956//3555
f 1959//3556 874//3556 1956//3556
f 1959//3557 1960//3557 865//3557
f 1959//3558 865//3558 874//3558
f 1961//3559 861//3559 865//3559
f 1962//3560 1963//3560 1961//3560
f 1960//3561 1962//3561 1961//3561
f 865//3562 1960//3562 1961//3562
f 863//3563 1961//3563 902//3563
f 863//3564 861//3564 1961//3564
f 921//3565 1963//3565 923//3565
f 923//3566 1963//3566 925//3566
f 925//3567 1963//3567 927//3567
f 927//3568 1963//3568 929//3568
f 929//3569 1963//3569 931//3569
f 931//3570 1963//3570 933//3570
f 933//3571 1963//3571 935//3571
f 935//3572 1963//3572 937//3572
f 937//3573 1963//3573 939//3573
f 939//3574 1963//3574 941//3574
f 941//3575 1963//3575 943//3575
f 943//3576 1963//3576 945//3576
f 945//3577 1963//3577 947//3577
f 947//3578 1963//3578 949//3578
f 949//3579 1963//3579 951//3579
f 951//3580 1963//3580 953//3580
f 953//3581 1963//3581 955//3581
f 955//3582 1963//3582 957//3582
f 957//3583 1963//3583 959//3583
f 959//3584 1963//3584 961//3584
f 961//3585 1963//3585 963//3585
f 963//3586 1963//3586 965//3586
f 965//3587 1963//3587 967//3587
f 967//3588 1963//3588 969//3588
f 969//3589 1963//3589 971//3589
f 971//3590 1963//3590 973//3590
f 973//3591 1963//3591 975//3591
f 975//3592 1963//3592 977//3592
f 902//3593 1961//3593 905//3593
f 905//3594 1961//3594 907//3594
f 907//3595 1961//3595 909//3595
f 909//3596 1961//3596 911//3596
f 911//3597 1961//3597 913//3597
f 913//3598 1961//3598 915//3598
f 915//3599 1961//3599 917//3599
f 917//3600 1961//3600 919//3600
f 921//3601 1961//3601 1963//3601
f 919//3602 1961//3602 921//3602
f 977//3603 1958//3603 979//3603
f 1958//3604 978//3604 979//3604
f 1956//3605 978//3605 1958//3605
f 1963//3606 1958//3606 977//3606
f 1140//3607 1964//3607 1142//3607
f 1142//3608 1964//3608 1965//3608
f 1142//3609 1966//3609 1144//3609
f 1965//3610 1966//3610 1142//3610
f 1140//3611 1967//3611 1964//3611
f 1138//3612 1967//3612 1140//3612
f 1966//3613 1968//3613 1144//3613
f 1144//3614 1968//3614 1146//3614
f 1138//3615 1969//3615 1967//3615
f 1136//3616 1969//3616 1138//3616
f 1968//3617 1970//3617 1146//3617
f 1148//3618 1970//3618 1150//3618
f 1146//3619 1970//3619 1148//3619
f 1134//3620 1971//3620 1136//3620
f 1132//3621 1971//3621 1134//3621
f 1136//3622 1971//3622 1969//3622
f 1970//3623 1972//3623 1150//3623
f 1132//3624 1973//3624 1971//3624
f 1972//3625 1974//3625 1150//3625
f 1150//3626 1974//3626 1152//3626
f 1132//3627 1975//3627 1973//3627
f 1130//3628 1975//3628 1132//3628
f 1152//3629 1976//3629 1154//3629
f 1974//3630 1976//3630 1152//3630
f 1130//3631 1977//3631 1975//3631
f 1128//3632 1977//3632 1130//3632
f 1154//3633 1978//3633 1156//3633
f 1976//3634 1978//3634 1154//3634
f 1126//3635 1979//3635 1128//3635
f 1128//3636 1979//3636 1977//3636
f 1978//3637 1980//3637 1156//3637
f 1158//3638 1980//3638 1160//3638
f 1156//3639 1980//3639 1158//3639
f 1124//3640 1981//3640 1126//3640
f 1126//3641 1981//3641 1979//3641
f 1980//3642 1982//3642 1160//3642
f 1122//3643 1983//3643 1124//3643
f 1124//3644 1983//3644 1981//3644
f 1982//3645 1984//3645 1160//3645
f 1160//3646 1984//3646 1162//3646
f 1122//3647 1985//3647 1983//3647
f 1120//3648 1985//3648 1122//3648
f 1162//3649 1986//3649 1164//3649
f 1984//3650 1986//3650 1162//3650
f 1118//3651 1987//3651 1120//3651
f 1120//3652 1987//3652 1985//3652
f 1986//3653 1988//3653 1164//3653
f 1164//3654 1988//3654 1166//3654
f 1114//3655 1989//3655 1118//3655
f 1118//3656 1989//3656 1987//3656
f 1113//3657 1989//3657 1114//3657
f 1166//3658 1990//3658 1168//3658
f 1988//3659 1990//3659 1166//3659
f 1113//3660 1991//3660 1989//3660
f 1168//3661 1992//3661 1170//3661
f 1990//3662 1992//3662 1168//3662
f 1113//3663 1993//3663 1991//3663
f 1112//3664 1993//3664 1113//3664
f 1170//3665 1994//3665 1172//3665
f 1992//3666 1994//3666 1170//3666
f 1111//3667 1995//3667 1112//3667
f 1112//3668 1995//3668 1993//3668
f 1172//3669 1996//3669 1173//3669
f 1994//3670 1996//3670 1172//3670
f 1110//3671 1997//3671 1111//3671
f 1111//3672 1997//3672 1995//3672
f 1173//3673 1998//3673 1174//3673
f 1996//3674 1998//3674 1173//3674
f 1109//3675 1999//3675 1110//3675
f 1110//3676 1999//3676 1997//3676
f 1175//3677 2000//3677 1176//3677
f 1174//3678 2000//3678 1175//3678
f 1998//3679 2000//3679 1174//3679
f 1109//3680 2001//3680 1999//3680
f 1108//3681 2001//3681 1109//3681
f 2000//3682 2002//3682 1176//3682
f 1108//3683 2003//3683 2001//3683
f 1107//3684 2003//3684 1108//3684
f 2002//3685 2004//3685 1176//3685
f 1176//3686 2004//3686 1177//3686
f 1107//3687 2005//3687 2003//3687
f 1106//3688 2005//3688 1107//3688
f 1177//3689 2006//3689 1178//3689
f 2004//3690 2006//3690 1177//3690
f 1106//3691 2007//3691 2005//3691
f 1105//3692 2007//3692 1106//3692
f 1178//3693 2008//3693 1179//3693
f 2006//3694 2008//3694 1178//3694
f 1105//3695 2009//3695 2007//3695
f 1104//3696 2009//3696 1105//3696
f 1179//3697 2010//3697 1180//3697
f 2008//3698 2010//3698 1179//3698
f 1104//3699 2011//3699 2009//3699
f 1103//3700 2011//3700 1104//3700
f 2010//3701 2012//3701 1180//3701
f 1180//3702 2012//3702 1181//3702
f 1103//3703 2013//3703 2011//3703
f 1102//3704 2013//3704 1103//3704
f 2012//3705 2014//3705 1181//3705
f 1181//3706 2014//3706 1182//3706
f 1102//3707 2015//3707 2013//3707
f 1101//3708 2015//3708 1102//3708
f 1182//3709 2016//3709 1183//3709
f 2014//3710 2016//3710 1182//3710
f 1101//3711 2017//3711 2015//3711
f 1100//3712 2017//3712 1101//3712
f 1183//3713 2018//3713 1184//3713
f 2016//3714 2018//3714 1183//3714
f 1100//3715 2019//3715 2017//3715
f 1099//3716 2019//3716 1100//3716
f 1184//3717 2020//3717 1185//3717
f 2018//3718 2020//3718 1184//3718
f 1099//3719 2021//3719 2019//3719
f 1098//3720 2021//3720 1099//3720
f 1185//3721 2022//3721 1186//3721
f 2020//3722 2022//3722 1185//3722
f 1097//3723 2023//3723 1098//3723
f 1098//3724 2023//3724 2021//3724
f 1186//3725 2024//3725 1187//3725
f 2022//3726 2024//3726 1186//3726
f 1096//3727 2025//3727 1097//3727
f 1097//3728 2025//3728 2023//3728
f 1187//3729 2026//3729 1188//3729
f 2024//3730 2026//3730 1187//3730
f 1096//3731 2027//3731 2025//3731
f 1096//3732 1095//3732 2027//3732
f 2028//3733 1189//3733 2026//3733
f 2026//3734 1189//3734 1188//3734
f 2028//3735 2029//3735 1189//3735
f 2027//3736 1094//3736 2030//3736
f 1095//3737 1094//3737 2027//3737
f 2029//3738 1190//3738 1189//3738
f 2030//3739 1093//3739 2031//3739
f 1094//3740 1093//3740 2030//3740
f 2029//3741 1191//3741 1190//3741
f 2032//3742 1191//3742 2029//3742
f 2031//3743 1092//3743 2033//3743
f 2033//3744 1092//3744 2034//3744
f 1093//3745 1092//3745 2031//3745
f 2032//3746 1192//3746 1191//3746
f 2035//3747 1192//3747 2032//3747
f 1092//3748 1091//3748 2034//3748
f 2036//3749 1193//3749 2037//3749
f 2037//3750 1193//3750 2035//3750
f 2035//3751 1193//3751 1192//3751
f 2034//3752 1090//3752 2038//3752
f 1091//3753 1090//3753 2034//3753
f 2036//3754 1194//3754 1193//3754
f 2039//3755 1194//3755 2036//3755
f 2038//3756 1089//3756 2040//3756
f 1090//3757 1089//3757 2038//3757
f 2039//3758 1195//3758 1194//3758
f 2040//3759 1088//3759 2041//3759
f 1089//3760 1088//3760 2040//3760
f 2039//3761 1196//3761 1195//3761
f 2042//3762 1196//3762 2039//3762
f 2041//3763 1087//3763 2043//3763
f 1088//3764 1087//3764 2041//3764
f 2044//3765 1197//3765 2042//3765
f 2042//3766 1197//3766 1196//3766
f 2043//3767 1086//3767 2045//3767
f 1087//3768 1086//3768 2043//3768
f 2046//3769 1198//3769 2044//3769
f 2044//3770 1198//3770 1197//3770
f 2045//3771 1085//3771 2047//3771
f 1086//3772 1085//3772 2045//3772
f 2048//3773 1199//3773 2046//3773
f 2046//3774 1199//3774 1198//3774
f 2047//3775 1084//3775 2049//3775
f 2049//3776 1084//3776 2050//3776
f 1085//3777 1084//3777 2047//3777
f 2051//3778 1200//3778 2048//3778
f 2048//3779 1200//3779 1199//3779
f 1084//3780 1083//3780 2050//3780
f 2051//3781 1201//3781 1200//3781
f 2052//3782 1201//3782 2051//3782
f 2050//3783 1082//3783 2053//3783
f 1083//3784 1082//3784 2050//3784
f 2054//3785 1202//3785 2052//3785
f 2052//3786 1202//3786 1201//3786
f 2053//3787 1081//3787 2055//3787
f 1082//3788 1081//3788 2053//3788
f 2056//3789 1203//3789 2054//3789
f 2054//3790 1203//3790 1202//3790
f 2055//3791 1080//3791 2057//3791
f 1081//3792 1080//3792 2055//3792
f 2058//3793 1048//3793 2056//3793
f 2056//3794 1048//3794 1203//3794
f 2059//3795 1048//3795 2058//3795
f 2057//3796 1079//3796 2060//3796
f 1080//3797 1079//3797 2057//3797
f 2061//3798 1049//3798 2059//3798
f 2059//3799 1049//3799 1048//3799
f 2060//3800 1078//3800 2062//3800
f 1079//3801 1078//3801 2060//3801
f 2061//3802 1050//3802 1049//3802
f 2062//3803 1077//3803 2063//3803
f 1078//3804 1077//3804 2062//3804
f 2064//3805 1051//3805 2061//3805
f 2061//3806 1051//3806 1050//3806
f 2063//3807 1076//3807 2065//3807
f 1077//3808 1076//3808 2063//3808
f 2064//3809 1052//3809 1051//3809
f 2066//3810 1052//3810 2064//3810
f 2065//3811 1075//3811 2067//3811
f 2067//3812 1075//3812 2068//3812
f 1076//3813 1075//3813 2065//3813
f 2066//3814 1053//3814 1052//3814
f 2069//3815 1053//3815 2066//3815
f 2068//3816 1074//3816 2070//3816
f 1075//3817 1074//3817 2068//3817
f 2069//3818 1054//3818 1053//3818
f 2071//3819 1054//3819 2069//3819
f 1074//3820 1073//3820 2070//3820
f 2071//3821 1055//3821 1054//3821
f 2072//3822 1055//3822 2071//3822
f 1073//3823 1072//3823 2070//3823
f 2070//3824 1072//3824 2073//3824
f 2073//3825 1072//3825 2074//3825
f 2072//3826 1056//3826 1055//3826
f 2075//3827 1056//3827 2072//3827
f 1072//3828 1071//3828 2074//3828
f 2075//3829 1057//3829 1056//3829
f 2076//3830 1057//3830 2075//3830
f 1071//3831 1070//3831 2074//3831
f 2074//3832 1070//3832 2077//3832
f 2076//3833 1058//3833 1057//3833
f 2078//3834 1058//3834 2076//3834
f 1070//3835 1069//3835 2077//3835
f 2077//3836 1069//3836 2079//3836
f 2078//3837 1059//3837 1058//3837
f 2080//3838 1059//3838 2081//3838
f 2081//3839 1059//3839 2078//3839
f 2079//3840 1068//3840 2082//3840
f 1069//3841 1068//3841 2079//3841
f 2080//3842 1060//3842 1059//3842
f 2082//3843 1067//3843 2083//3843
f 1068//3844 1067//3844 2082//3844
f 2080//3845 1061//3845 1060//3845
f 2084//3846 1061//3846 2080//3846
f 2083//3847 1066//3847 2085//3847
f 1067//3848 1066//3848 2083//3848
f 2086//3849 1062//3849 2087//3849
f 2087//3850 1062//3850 2084//3850
f 2084//3851 1062//3851 1061//3851
f 2085//3852 1065//3852 2088//3852
f 1066//3853 1065//3853 2085//3853
f 2086//3854 1063//3854 1062//3854
f 2088//3855 1064//3855 2089//3855
f 2089//3856 1064//3856 2086//3856
f 2086//3857 1064//3857 1063//3857
f 1065//3858 1064//3858 2088//3858
f 1244//3859 1239//3859 1240//3859
f 1244//3860 1240//3860 1243//3860
f 1239//3861 1244//3861 1238//3861
f 1238//3862 1244//3862 1242//3862
f 1238//3863 1242//3863 1237//3863
f 1237//3864 1242//3864 1247//3864
f 1245//3865 1235//3865 1247//3865
f 1247//3866 1235//3866 1237//3866
f 1236//3867 1246//3867 1234//3867
f 1234//3868 1246//3868 1241//3868
f 1246//3869 1236//3869 1245//3869
f 1245//3870 1236//3870 1235//3870
f 1456//3871 2090//3871 1457//3871
f 1457//3872 2090//3872 2091//3872
f 1457//3873 2092//3873 1458//3873
f 2091//3874 2092//3874 1457//3874
f 1456//3875 2093//3875 2090//3875
f 1455//3876 2093//3876 1456//3876
f 2092//3877 2094//3877 1458//3877
f 1458//3878 2094//3878 1459//3878
f 1455//3879 2095//3879 2093//3879
f 1454//3880 2095//3880 1455//3880
f 2094//3881 2096//3881 1459//3881
f 1460//3882 2096//3882 1461//3882
f 1459//3883 2096//3883 1460//3883
f 1453//3884 2097//3884 1454//3884
f 1452//3885 2097//3885 1453//3885
f 1454//3886 2097//3886 2095//3886
f 2096//3887 2098//3887 1461//3887
f 1452//3888 2099//3888 2097//3888
f 2098//3889 2100//3889 1461//3889
f 1461//3890 2100//3890 1462//3890
f 1452//3891 2101//3891 2099//3891
f 1451//3892 2101//3892 1452//3892
f 1462//3893 2102//3893 1463//3893
f 2100//3894 2102//3894 1462//3894
f 1451//3895 2103//3895 2101//3895
f 1450//3896 2103//3896 1451//3896
f 1463//3897 2104//3897 1464//3897
f 2102//3898 2104//3898 1463//3898
f 1448//3899 2105//3899 1450//3899
f 1450//3900 2105//3900 2103//3900
f 2104//3901 2106//3901 1464//3901
f 1465//3902 2106//3902 1466//3902
f 1464//3903 2106//3903 1465//3903
f 1446//3904 2107//3904 1448//3904
f 1448//3905 2107//3905 2105//3905
f 2106//3906 2108//3906 1466//3906
f 1444//3907 2109//3907 1446//3907
f 1446//3908 2109//3908 2107//3908
f 2108//3909 2110//3909 1466//3909
f 1466//3910 2110//3910 1467//3910
f 1444//3911 2111//3911 2109//3911
f 1442//3912 2111//3912 1444//3912
f 1467//3913 2112//3913 1468//3913
f 2110//3914 2112//3914 1467//3914
f 1440//3915 2113//3915 1442//3915
f 1442//3916 2113//3916 2111//3916
f 2112//3917 2114//3917 1468//3917
f 1468//3918 2114//3918 1469//3918
f 1438//3919 2115//3919 1440//3919
f 1440//3920 2115//3920 2113//3920
f 1436//3921 2115//3921 1438//3921
f 1469//3922 2116//3922 1470//3922
f 2114//3923 2116//3923 1469//3923
f 1436//3924 2117//3924 2115//3924
f 1470//3925 2118//3925 1471//3925
f 2116//3926 2118//3926 1470//3926
f 1436//3927 2119//3927 2117//3927
f 1434//3928 2119//3928 1436//3928
f 1471//3929 2120//3929 1472//3929
f 2118//3930 2120//3930 1471//3930
f 1432//3931 2121//3931 1434//3931
f 1434//3932 2121//3932 2119//3932
f 1472//3933 2122//3933 1473//3933
f 2120//3934 2122//3934 1472//3934
f 1430//3935 2123//3935 1432//3935
f 1432//3936 2123//3936 2121//3936
f 1473//3937 2124//3937 1474//3937
f 2122//3938 2124//3938 1473//3938
f 1428//3939 2125//3939 1430//3939
f 1430//3940 2125//3940 2123//3940
f 1475//3941 2126//3941 1476//3941
f 1474//3942 2126//3942 1475//3942
f 2124//3943 2126//3943 1474//3943
f 1428//3944 2127//3944 2125//3944
f 1426//3945 2127//3945 1428//3945
f 2126//3946 2128//3946 1476//3946
f 1426//3947 2129//3947 2127//3947
f 1424//3948 2129//3948 1426//3948
f 2128//3949 2130//3949 1476//3949
f 1476//3950 2130//3950 1477//3950
f 1424//3951 2131//3951 2129//3951
f 1422//3952 2131//3952 1424//3952
f 1477//3953 2132//3953 1478//3953
f 2130//3954 2132//3954 1477//3954
f 1422//3955 2133//3955 2131//3955
f 1420//3956 2133//3956 1422//3956
f 1478//3957 2134//3957 1479//3957
f 2132//3958 2134//3958 1478//3958
f 1420//3959 2135//3959 2133//3959
f 1418//3960 2135//3960 1420//3960
f 1479//3961 2136//3961 1480//3961
f 2134//3962 2136//3962 1479//3962
f 1418//3963 2137//3963 2135//3963
f 1416//3964 2137//3964 1418//3964
f 2136//3965 2138//3965 1480//3965
f 1480//3966 2138//3966 1481//3966
f 1416//3967 2139//3967 2137//3967
f 1414//3968 2139//3968 1416//3968
f 2138//3969 2140//3969 1481//3969
f 1481//3970 2140//3970 1482//3970
f 1414//3971 2141//3971 2139//3971
f 1412//3972 2141//3972 1414//3972
f 1482//3973 2142//3973 1483//3973
f 2140//3974 2142//3974 1482//3974
f 1412//3975 2143//3975 2141//3975
f 1410//3976 2143//3976 1412//3976
f 1483//3977 2144//3977 1484//3977
f 2142//3978 2144//3978 1483//3978
f 1410//3979 2145//3979 2143//3979
f 1408//3980 2145//3980 1410//3980
f 1484//3981 2146//3981 1485//3981
f 2144//3982 2146//3982 1484//3982
f 1408//3983 2147//3983 2145//3983
f 1406//3984 2147//3984 1408//3984
f 1485//3985 2148//3985 1486//3985
f 2146//3986 2148//3986 1485//3986
f 1404//3987 2149//3987 1406//3987
f 1406//3988 2149//3988 2147//3988
f 1486//3989 2150//3989 1487//3989
f 2148//3990 2150//3990 1486//3990
f 1402//3991 2151//3991 1404//3991
f 1404//3992 2151//3992 2149//3992
f 1487//3993 2152//3993 1488//3993
f 2150//3994 2152//3994 1487//3994
f 1402//3995 2153//3995 2151//3995
f 1402//3996 1400//3996 2153//3996
f 2154//3997 1489//3997 2152//3997
f 2152//3998 1489//3998 1488//3998
f 2154//3999 2155//3999 1489//3999
f 2153//4000 1398//4000 2156//4000
f 1400//4001 1398//4001 2153//4001
f 2155//4002 1490//4002 1489//4002
f 2156//4003 1396//4003 2157//4003
f 1398//4004 1396//4004 2156//4004
f 2155//4005 1491//4005 1490//4005
f 2158//4006 1491//4006 2155//4006
f 2157//4007 1394//4007 2159//4007
f 2159//4008 1394//4008 2160//4008
f 1396//4009 1394//4009 2157//4009
f 2158//4010 1492//4010 1491//4010
f 2161//4011 1492//4011 2158//4011
f 1394//4012 1392//4012 2160//4012
f 2162//4013 1493//4013 2163//4013
f 2163//4014 1493//4014 2161//4014
f 2161//4015 1493//4015 1492//4015
f 2160//4016 1390//4016 2164//4016
f 1392//4017 1390//4017 2160//4017
f 2162//4018 1494//4018 1493//4018
f 2165//4019 1494//4019 2162//4019
f 2164//4020 1388//4020 2166//4020
f 1390//4021 1388//4021 2164//4021
f 2165//4022 1495//4022 1494//4022
f 2166//4023 1386//4023 2167//4023
f 1388//4024 1386//4024 2166//4024
f 2165//4025 1496//4025 1495//4025
f 2168//4026 1496//4026 2165//4026
f 2167//4027 1384//4027 2169//4027
f 1386//4028 1384//4028 2167//4028
f 2170//4029 1497//4029 2168//4029
f 2168//4030 1497//4030 1496//4030
f 2169//4031 1382//4031 2171//4031
f 1384//4032 1382//4032 2169//4032
f 2172//4033 1498//4033 2170//4033
f 2170//4034 1498//4034 1497//4034
f 2171//4035 1380//4035 2173//4035
f 1382//4036 1380//4036 2171//4036
f 2174//4037 1499//4037 2172//4037
f 2172//4038 1499//4038 1498//4038
f 2173//4039 1378//4039 2175//4039
f 2175//4040 1378//4040 2176//4040
f 1380//4041 1378//4041 2173//4041
f 2177//4042 1500//4042 2174//4042
f 2174//4043 1500//4043 1499//4043
f 1378//4044 1376//4044 2176//4044
f 2177//4045 1501//4045 1500//4045
f 2178//4046 1501//4046 2177//4046
f 2176//4047 1374//4047 2179//4047
f 1376//4048 1374//4048 2176//4048
f 2180//4049 1502//4049 2178//4049
f 2178//4050 1502//4050 1501//4050
f 2179//4051 1372//4051 2181//4051
f 1374//4052 1372//4052 2179//4052
f 2182//4053 1503//4053 2180//4053
f 2180//4054 1503//4054 1502//4054
f 2181//4055 1370//4055 2183//4055
f 1372//4056 1370//4056 2181//4056
f 2184//4057 1338//4057 2182//4057
f 2182//4058 1338//4058 1503//4058
f 2185//4059 1338//4059 2184//4059
f 2183//4060 1369//4060 2186//4060
f 1370//4061 1369//4061 2183//4061
f 2187//4062 1339//4062 2185//4062
f 2185//4063 1339//4063 1338//4063
f 2186//4064 1368//4064 2188//4064
f 1369//4065 1368//4065 2186//4065
f 2187//4066 1340//4066 1339//4066
f 2188//4067 1367//4067 2189//4067
f 1368//4068 1367//4068 2188//4068
f 2190//4069 1341//4069 2187//4069
f 2187//4070 1341//4070 1340//4070
f 2189//4071 1366//4071 2191//4071
f 1367//4072 1366//4072 2189//4072
f 2190//4073 1342//4073 1341//4073
f 2192//4074 1342//4074 2190//4074
f 2191//4075 1365//4075 2193//4075
f 2193//4076 1365//4076 2194//4076
f 1366//4077 1365//4077 2191//4077
f 2192//4078 1343//4078 1342//4078
f 2195//4079 1343//4079 2192//4079
f 2194//4080 1364//4080 2196//4080
f 1365//4081 1364//4081 2194//4081
f 2195//4082 1344//4082 1343//4082
f 2197//4083 1344//4083 2195//4083
f 1364//4084 1363//4084 2196//4084
f 2197//4085 1345//4085 1344//4085
f 2198//4086 1345//4086 2197//4086
f 1363//4087 1362//4087 2196//4087
f 2196//4088 1362//4088 2199//4088
f 2199//4089 1362//4089 2200//4089
f 2198//4090 1346//4090 1345//4090
f 2201//4091 1346//4091 2198//4091
f 1362//4092 1361//4092 2200//4092
f 2201//4093 1347//4093 1346//4093
f 2202//4094 1347//4094 2201//4094
f 1361//4095 1360//4095 2200//4095
f 2200//4096 1360//4096 2203//4096
f 2202//4097 1348//4097 1347//4097
f 2204//4098 1348//4098 2202//4098
f 1360//4099 1359//4099 2203//4099
f 2203//4100 1359//4100 2205//4100
f 2204//4101 1349//4101 1348//4101
f 2206//4102 1349//4102 2207//4102
f 2207//4103 1349//4103 2204//4103
f 2205//4104 1358//4104 2208//4104
f 1359//4105 1358//4105 2205//4105
f 2206//4106 1350//4106 1349//4106
f 2208//4107 1357//4107 2209//4107
f 1358//4108 1357//4108 2208//4108
f 2206//4109 1351//4109 1350//4109
f 2210//4110 1351//4110 2206//4110
f 2209//4111 1356//4111 2211//4111
f 1357//4112 1356//4112 2209//4112
f 2212//4113 1352//4113 2213//4113
f 2213//4114 1352//4114 2210//4114
f 2210//4115 1352//4115 1351//4115
f 2211//4116 1355//4116 2214//4116
f 1356//4117 1355//4117 2211//4117
f 2212//4118 1353//4118 1352//4118
f 2214//4119 1354//4119 2215//4119
f 2215//4120 1354//4120 2212//4120
f 2212//4121 1354//4121 1353//4121
f 1355//4122 1354//4122 2214//4122
f 1507//4123 1504//4123 1506//4123
f 1508//4124 1504//4124 1507//4124
f 1509//4125 1504//4125 1508//4125
f 1510//4126 1504//4126 1509//4126
f 1511//4127 1504//4127 1510//4127
f 1512//4128 1504//4128 1511//4128
f 1513//4129 1504//4129 1512//4129
f 1514//4130 1504//4130 1513//4130
f 1515//4131 1504//4131 1514//4131
f 1516//4132 1504//4132 1515//4132
f 1517//4133 1504//4133 1516//4133
f 1518//4134 1504//4134 1517//4134
f 1519//4135 1504//4135 1518//4135
f 1520//4136 1504//4136 1519//4136
f 1521//4137 1504//4137 1520//4137
f 1522//4138 1504//4138 1521//4138
f 1522//4139 1523//4139 1504//4139
f 1523//4140 1524//4140 1504//4140
f 1524//4141 1525//4141 1504//4141
f 1525//4142 1526//4142 1504//4142
f 1526//4143 1527//4143 1504//4143
f 1527//4144 1528//4144 1504//4144
f 1528//4145 1529//4145 1504//4145
f 1529//4146 1530//4146 1504//4146
f 1530//4147 1531//4147 1504//4147
f 1531//4148 1532//4148 1504//4148
f 1532//4149 1533//4149 1504//4149
f 1533//4150 1534//4150 1504//4150
f 1534//4151 1535//4151 1504//4151
f 1535//4152 1536//4152 1504//4152
f 1536//4153 1537//4153 1504//4153
f 1537//4154 1505//4154 1504//4154
f 1798//4155 1797//4155 1796//4155
f 1799//4156 1797//4156 1798//4156
f 1800//4157 1797//4157 1799//4157
f 1801//4158 1797//4158 1800//4158
f 1802//4159 1797//4159 1801//4159
f 1803//4160 1797//4160 1802//4160
f 1804//4161 1797//4161 1803//4161
f 1805//4162 1797//4162 1804//4162
f 1806//4163 1797//4163 1805//4163
f 1807//4164 1797//4164 1806//4164
f 1808//4165 1797//4165 1807//4165
f 1809//4166 1797//4166 1808//4166
f 1810//4167 1797//4167 1809//4167
f 1811//4168 1797//4168 1810//4168
f 1812//4169 1797//4169 1811//4169
f 1813//4170 1797//4170 1812//4170
f 1814//4171 1797//4171 1813//4171
f 1815//4172 1797//4172 1814//4172
f 1816//4173 1797//4173 1815//4173
f 1817//4174 1797//4174 1816//4174
f 1818//4175 1797//4175 1817//4175
f 1819//4176 1797//4176 1818//4176
f 1820//4177 1797//4177 1819//4177
f 1821//4178 1797//4178 1820//4178
f 1822//4179 1797//4179 1821//4179
f 1823//4180 1797//4180 1822//4180
f 1824//4181 1797//4181 1823//4181
f 1825//4182 1797//4182 1824//4182
f 1826//4183 1797//4183 1825//4183
f 1827//4184 1797//4184 1826//4184
f 1828//4185 1797//4185 1827//4185
f 1829//4186 1797//4186 1828//4186
f 1962//4187 1959//4187 1957//4187
f 1960//4188 1959//4188 1962//4188
f 1957//4189 1958//4189 1963//4189
f 1962//4190 1957//4190 1963//4190
f 2216//4191 2058//4191 2056//4191
f 2217//4192 2218//4192 2219//4192
f 2216//4193 2059//4193 2058//4193
f 2218//4194 2220//4194 2219//4194
f 2221//4195 2056//4195 2054//4195
f 2221//4196 2054//4196 2052//4196
f 2221//4197 2216//4197 2056//4197
f 2222//4198 2052//4198 2051//4198
f 2222//4199 2051//4199 2048//4199
f 2222//4200 2221//4200 2052//4200
f 2223//4201 2048//4201 2046//4201
f 2223//4202 2046//4202 2044//4202
f 2223//4203 2222//4203 2048//4203
f 2224//4204 2225//4204 2216//4204
f 2224//4205 2216//4205 2221//4205
f 2226//4206 2044//4206 2042//4206
f 2226//4207 2042//4207 2039//4207
f 2226//4208 2223//4208 2044//4208
f 2227//4209 2221//4209 2222//4209
f 2227//4210 2224//4210 2221//4210
f 2228//4211 2039//4211 2036//4211
f 2228//4212 2036//4212 2037//4212
f 2228//4213 2226//4213 2039//4213
f 2229//4214 2222//4214 2223//4214
f 2229//4215 2227//4215 2222//4215
f 2230//4216 2231//4216 2225//4216
f 2230//4217 2225//4217 2224//4217
f 2232//4218 2037//4218 2035//4218
f 2232//4219 2035//4219 2032//4219
f 2232//4220 2228//4220 2037//4220
f 2233//4221 2223//4221 2226//4221
f 2233//4222 2229//4222 2223//4222
f 2234//4223 2230//4223 2224//4223
f 2234//4224 2224//4224 2227//4224
f 2235//4225 2032//4225 2029//4225
f 2235//4226 2029//4226 2028//4226
f 2235//4227 2232//4227 2032//4227
f 2236//4228 2233//4228 2226//4228
f 2236//4229 2226//4229 2228//4229
f 2237//4230 2227//4230 2229//4230
f 2237//4231 2234//4231 2227//4231
f 2238//4232 2219//4232 2231//4232
f 2238//4233 2217//4233 2219//4233
f 2238//4234 2239//4234 2217//4234
f 2238//4235 2240//4235 2239//4235
f 2238//4236 2231//4236 2230//4236
f 2241//4237 2028//4237 2026//4237
f 2241//4238 2026//4238 2024//4238
f 2241//4239 2235//4239 2028//4239
f 2242//4240 2232//4240 2235//4240
f 2242//4241 2236//4241 2228//4241
f 2242//4242 2228//4242 2232//4242
f 2243//4243 2229//4243 2233//4243
f 2243//4244 2237//4244 2229//4244
f 2244//4245 2240//4245 2238//4245
f 2244//4246 2245//4246 2240//4246
f 2244//4247 2246//4247 2245//4247
f 2244//4248 2238//4248 2230//4248
f 2244//4249 2230//4249 2234//4249
f 2247//4250 2024//4250 2022//4250
f 2247//4251 2022//4251 2020//4251
f 2247//4252 2241//4252 2024//4252
f 2248//4253 2242//4253 2235//4253
f 2249//4254 2233//4254 2236//4254
f 2249//4255 2243//4255 2233//4255
f 2250//4256 2246//4256 2244//4256
f 2250//4257 2251//4257 2246//4257
f 2250//4258 2252//4258 2251//4258
f 2250//4259 2234//4259 2237//4259
f 2250//4260 2244//4260 2234//4260
f 2253//4261 2020//4261 2018//4261
f 2253//4262 2018//4262 2016//4262
f 2253//4263 2247//4263 2020//4263
f 2254//4264 2248//4264 2235//4264
f 2254//4265 2235//4265 2241//4265
f 2255//4266 2249//4266 2236//4266
f 2255//4267 2236//4267 2242//4267
f 2256//4268 2250//4268 2237//4268
f 2256//4269 2257//4269 2252//4269
f 2256//4270 2258//4270 2257//4270
f 2256//4271 2237//4271 2243//4271
f 2256//4272 2252//4272 2250//4272
f 2259//4273 2016//4273 2014//4273
f 2259//4274 2014//4274 2012//4274
f 2259//4275 2253//4275 2016//4275
f 2260//4276 2241//4276 2247//4276
f 2260//4277 2254//4277 2241//4277
f 2260//4278 2247//4278 2253//4278
f 2261//4279 2255//4279 2242//4279
f 2261//4280 2242//4280 2248//4280
f 2262//4281 2256//4281 2243//4281
f 2262//4282 2258//4282 2256//4282
f 2262//4283 2263//4283 2258//4283
f 2262//4284 2264//4284 2263//4284
f 2262//4285 2243//4285 2249//4285
f 2265//4286 2259//4286 2012//4286
f 2265//4287 2012//4287 2010//4287
f 2265//4288 2010//4288 2008//4288
f 2266//4289 2260//4289 2253//4289
f 2267//4290 2248//4290 2254//4290
f 2267//4291 2261//4291 2248//4291
f 2268//4292 2249//4292 2255//4292
f 2268//4293 2264//4293 2262//4293
f 2268//4294 2269//4294 2264//4294
f 2268//4295 2270//4295 2269//4295
f 2268//4296 2262//4296 2249//4296
f 2271//4297 2008//4297 2006//4297
f 2271//4298 2006//4298 2004//4298
f 2271//4299 2265//4299 2008//4299
f 2272//4300 2266//4300 2253//4300
f 2272//4301 2253//4301 2259//4301
f 2273//4302 2254//4302 2260//4302
f 2273//4303 2267//4303 2254//4303
f 2274//4304 2270//4304 2268//4304
f 2274//4305 2268//4305 2255//4305
f 2274//4306 2275//4306 2270//4306
f 2274//4307 2276//4307 2275//4307
f 2274//4308 2255//4308 2261//4308
f 2277//4309 2004//4309 2002//4309
f 2277//4310 2002//4310 2000//4310
f 2277//4311 2271//4311 2004//4311
f 2278//4312 2272//4312 2259//4312
f 2278//4313 2259//4313 2265//4313
f 2279//4314 2273//4314 2260//4314
f 2279//4315 2260//4315 2266//4315
f 2280//4316 2274//4316 2261//4316
f 2280//4317 2281//4317 2276//4317
f 2280//4318 2282//4318 2281//4318
f 2280//4319 2276//4319 2274//4319
f 2280//4320 2261//4320 2267//4320
f 2283//4321 2000//4321 1998//4321
f 2283//4322 1998//4322 1996//4322
f 2283//4323 2277//4323 2000//4323
f 2284//4324 2278//4324 2265//4324
f 2284//4325 2265//4325 2271//4325
f 2284//4326 2271//4326 2277//4326
f 2285//4327 2279//4327 2266//4327
f 2285//4328 2266//4328 2272//4328
f 2286//4329 2273//4329 2279//4329
f 2286//4330 2280//4330 2267//4330
f 2286//4331 2287//4331 2282//4331
f 2286//4332 2288//4332 2287//4332
f 2286//4333 2267//4333 2273//4333
f 2286//4334 2282//4334 2280//4334
f 2289//4335 1996//4335 1994//4335
f 2289//4336 1994//4336 1992//4336
f 2289//4337 2283//4337 1996//4337
f 2290//4338 2284//4338 2277//4338
f 2291//4339 2272//4339 2278//4339
f 2291//4340 2285//4340 2272//4340
f 2292//4341 2279//4341 2285//4341
f 2292//4342 2286//4342 2279//4342
f 2292//4343 2288//4343 2286//4343
f 2292//4344 2293//4344 2288//4344
f 2292//4345 2294//4345 2293//4345
f 2295//4346 1992//4346 1990//4346
f 2295//4347 1990//4347 1988//4347
f 2295//4348 2289//4348 1992//4348
f 2296//4349 2277//4349 2283//4349
f 2296//4350 2290//4350 2277//4350
f 2297//4351 2278//4351 2284//4351
f 2297//4352 2284//4352 2290//4352
f 2297//4353 2291//4353 2278//4353
f 2298//4354 2292//4354 2285//4354
f 2298//4355 2299//4355 2294//4355
f 2298//4356 2300//4356 2299//4356
f 2298//4357 2294//4357 2292//4357
f 2301//4358 2295//4358 1988//4358
f 2301//4359 1988//4359 1986//4359
f 2301//4360 1986//4360 1984//4360
f 2302//4361 2296//4361 2283//4361
f 2302//4362 2283//4362 2289//4362
f 2303//4363 2297//4363 2290//4363
f 2304//4364 2300//4364 2298//4364
f 2304//4365 2298//4365 2285//4365
f 2304//4366 2285//4366 2291//4366
f 2304//4367 2305//4367 2300//4367
f 2304//4368 2306//4368 2305//4368
f 2307//4369 2301//4369 1984//4369
f 2307//4370 1984//4370 1982//4370
f 2307//4371 1982//4371 1980//4371
f 2308//4372 2295//4372 2301//4372
f 2308//4373 2289//4373 2295//4373
f 2308//4374 2302//4374 2289//4374
f 2309//4375 2290//4375 2296//4375
f 2309//4376 2303//4376 2290//4376
f 2310//4377 2304//4377 2291//4377
f 2310//4378 2306//4378 2304//4378
f 2310//4379 2291//4379 2297//4379
f 2310//4380 2311//4380 2306//4380
f 2310//4381 2312//4381 2311//4381
f 2313//4382 2307//4382 1980//4382
f 2313//4383 1980//4383 1978//4383
f 2313//4384 1978//4384 1976//4384
f 2314//4385 2308//4385 2301//4385
f 2315//4386 2309//4386 2296//4386
f 2315//4387 2296//4387 2302//4387
f 2316//4388 2317//4388 2312//4388
f 2316//4389 2318//4389 2317//4389
f 2316//4390 2297//4390 2303//4390
f 2316//4391 2310//4391 2297//4391
f 2316//4392 2312//4392 2310//4392
f 2319//4393 1976//4393 1974//4393
f 2319//4394 1974//4394 1972//4394
f 2319//4395 2313//4395 1976//4395
f 2320//4396 2301//4396 2307//4396
f 2320//4397 2314//4397 2301//4397
f 2321//4398 2315//4398 2302//4398
f 2321//4399 2302//4399 2308//4399
f 2322//4400 2318//4400 2316//4400
f 2322//4401 2323//4401 2318//4401
f 2322//4402 2324//4402 2323//4402
f 2322//4403 2316//4403 2303//4403
f 2322//4404 2303//4404 2309//4404
f 2325//4405 2319//4405 1972//4405
f 2325//4406 1972//4406 1970//4406
f 2325//4407 1970//4407 1968//4407
f 2326//4408 2307//4408 2313//4408
f 2326//4409 2320//4409 2307//4409
f 2327//4410 2321//4410 2308//4410
f 2327//4411 2308//4411 2314//4411
f 2328//4412 2322//4412 2309//4412
f 2328//4413 2309//4413 2315//4413
f 2328//4414 2329//4414 2324//4414
f 2328//4415 2330//4415 2329//4415
f 2328//4416 2324//4416 2322//4416
f 2331//4417 1968//4417 1966//4417
f 2331//4418 1966//4418 1965//4418
f 2331//4419 2325//4419 1968//4419
f 2332//4420 2326//4420 2313//4420
f 2332//4421 2313//4421 2319//4421
f 2333//4422 2314//4422 2320//4422
f 2333//4423 2320//4423 2326//4423
f 2333//4424 2327//4424 2314//4424
f 2334//4425 2315//4425 2321//4425
f 2334//4426 2328//4426 2315//4426
f 2334//4427 2335//4427 2330//4427
f 2334//4428 2336//4428 2335//4428
f 2334//4429 2330//4429 2328//4429
f 2337//4430 2331//4430 1965//4430
f 2337//4431 1965//4431 1964//4431
f 2337//4432 1964//4432 1967//4432
f 2338//4433 2319//4433 2325//4433
f 2338//4434 2332//4434 2319//4434
f 2339//4435 2333//4435 2326//4435
f 2340//4436 2336//4436 2334//4436
f 2340//4437 2341//4437 2336//4437
f 2340//4438 2342//4438 2341//4438
f 2340//4439 2327//4439 2333//4439
f 2340//4440 2334//4440 2321//4440
f 2340//4441 2321//4441 2327//4441
f 2343//4442 2337//4442 1967//4442
f 2343//4443 1967//4443 1969//4443
f 2343//4444 1969//4444 1971//4444
f 2344//4445 2325//4445 2331//4445
f 2344//4446 2338//4446 2325//4446
f 2345//4447 2339//4447 2326//4447
f 2345//4448 2326//4448 2332//4448
f 2346//4449 2342//4449 2340//4449
f 2346//4450 2347//4450 2342//4450
f 2346//4451 2340//4451 2333//4451
f 2346//4452 2348//4452 2347//4452
f 2349//4453 2343//4453 1971//4453
f 2349//4454 1971//4454 1973//4454
f 2349//4455 1973//4455 1975//4455
f 2350//4456 2344//4456 2331//4456
f 2350//4457 2337//4457 2343//4457
f 2350//4458 2331//4458 2337//4458
f 2351//4459 2332//4459 2338//4459
f 2351//4460 2345//4460 2332//4460
f 2352//4461 2333//4461 2339//4461
f 2352//4462 2346//4462 2333//4462
f 2352//4463 2353//4463 2348//4463
f 2352//4464 2354//4464 2353//4464
f 2352//4465 2348//4465 2346//4465
f 2355//4466 1975//4466 1977//4466
f 2355//4467 1977//4467 1979//4467
f 2355//4468 2349//4468 1975//4468
f 2356//4469 2350//4469 2343//4469
f 2357//4470 2338//4470 2344//4470
f 2357//4471 2351//4471 2338//4471
f 2358//4472 2345//4472 2351//4472
f 2358//4473 2339//4473 2345//4473
f 2358//4474 2354//4474 2352//4474
f 2358//4475 2352//4475 2339//4475
f 2358//4476 2359//4476 2354//4476
f 2358//4477 2360//4477 2359//4477
f 2361//4478 2355//4478 1979//4478
f 2361//4479 1979//4479 1981//4479
f 2361//4480 1981//4480 1983//4480
f 2362//4481 2343//4481 2349//4481
f 2362//4482 2356//4482 2343//4482
f 2363//4483 2357//4483 2344//4483
f 2363//4484 2350//4484 2356//4484
f 2363//4485 2344//4485 2350//4485
f 2364//4486 2365//4486 2360//4486
f 2364//4487 2366//4487 2365//4487
f 2364//4488 2360//4488 2358//4488
f 2364//4489 2358//4489 2351//4489
f 2367//4490 2361//4490 1983//4490
f 2367//4491 1983//4491 1985//4491
f 2367//4492 1985//4492 1987//4492
f 2368//4493 2362//4493 2349//4493
f 2368//4494 2349//4494 2355//4494
f 2369//4495 2363//4495 2356//4495
f 2369//4496 2356//4496 2362//4496
f 2370//4497 2351//4497 2357//4497
f 2370//4498 2371//4498 2366//4498
f 2370//4499 2372//4499 2371//4499
f 2370//4500 2366//4500 2364//4500
f 2370//4501 2364//4501 2351//4501
f 2373//4502 2367//4502 1987//4502
f 2373//4503 1987//4503 1989//4503
f 2373//4504 1989//4504 1991//4504
f 2374//4505 2355//4505 2361//4505
f 2374//4506 2368//4506 2355//4506
f 2375//4507 2369//4507 2362//4507
f 2376//4508 2372//4508 2370//4508
f 2376//4509 2357//4509 2363//4509
f 2376//4510 2363//4510 2369//4510
f 2376//4511 2377//4511 2372//4511
f 2376//4512 2378//4512 2377//4512
f 2376//4513 2370//4513 2357//4513
f 2379//4514 2373//4514 1991//4514
f 2379//4515 1991//4515 1993//4515
f 2379//4516 1993//4516 1995//4516
f 2380//4517 2374//4517 2361//4517
f 2380//4518 2367//4518 2373//4518
f 2380//4519 2361//4519 2367//4519
f 2381//4520 2362//4520 2368//4520
f 2381//4521 2375//4521 2362//4521
f 2382//4522 2376//4522 2369//4522
f 2382//4523 2378//4523 2376//4523
f 2382//4524 2383//4524 2378//4524
f 2382//4525 2384//4525 2383//4525
f 2385//4526 2379//4526 1995//4526
f 2385//4527 1995//4527 1997//4527
f 2385//4528 1997//4528 1999//4528
f 2386//4529 2380//4529 2373//4529
f 2387//4530 2381//4530 2368//4530
f 2387//4531 2368//4531 2374//4531
f 2388//4532 2382//4532 2369//4532
f 2388//4533 2369//4533 2375//4533
f 2388//4534 2384//4534 2382//4534
f 2388//4535 2389//4535 2384//4535
f 2388//4536 2390//4536 2389//4536
f 2391//4537 2385//4537 1999//4537
f 2391//4538 1999//4538 2001//4538
f 2391//4539 2001//4539 2003//4539
f 2392//4540 2373//4540 2379//4540
f 2392//4541 2386//4541 2373//4541
f 2393//4542 2387//4542 2374//4542
f 2393//4543 2374//4543 2380//4543
f 2394//4544 2375//4544 2381//4544
f 2394//4545 2381//4545 2387//4545
f 2394//4546 2390//4546 2388//4546
f 2394//4547 2388//4547 2375//4547
f 2394//4548 2395//4548 2390//4548
f 2394//4549 2396//4549 2395//4549
f 2397//4550 2003//4550 2005//4550
f 2397//4551 2005//4551 2007//4551
f 2397//4552 2391//4552 2003//4552
f 2398//4553 2379//4553 2385//4553
f 2398//4554 2392//4554 2379//4554
f 2399//4555 2380//4555 2386//4555
f 2399//4556 2393//4556 2380//4556
f 2400//4557 2394//4557 2387//4557
f 2400//4558 2396//4558 2394//4558
f 2400//4559 2401//4559 2396//4559
f 2400//4560 2402//4560 2401//4560
f 2403//4561 2397//4561 2007//4561
f 2403//4562 2007//4562 2009//4562
f 2403//4563 2009//4563 2011//4563
f 2404//4564 2391//4564 2397//4564
f 2404//4565 2398//4565 2385//4565
f 2404//4566 2385//4566 2391//4566
f 2405//4567 2386//4567 2392//4567
f 2405//4568 2399//4568 2386//4568
f 2406//4569 2387//4569 2393//4569
f 2406//4570 2393//4570 2399//4570
f 2406//4571 2400//4571 2387//4571
f 2406//4572 2402//4572 2400//4572
f 2406//4573 2407//4573 2402//4573
f 2406//4574 2408//4574 2407//4574
f 2409//4575 2403//4575 2011//4575
f 2409//4576 2011//4576 2013//4576
f 2409//4577 2013//4577 2015//4577
f 2410//4578 2404//4578 2397//4578
f 2411//4579 2392//4579 2398//4579
f 2411//4580 2405//4580 2392//4580
f 2412//4581 2406//4581 2399//4581
f 2412//4582 2408//4582 2406//4582
f 2412//4583 2413//4583 2408//4583
f 2412//4584 2414//4584 2413//4584
f 2415//4585 2409//4585 2015//4585
f 2415//4586 2015//4586 2017//4586
f 2415//4587 2017//4587 2019//4587
f 2416//4588 2397//4588 2403//4588
f 2416//4589 2410//4589 2397//4589
f 2416//4590 2403//4590 2409//4590
f 2417//4591 2398//4591 2404//4591
f 2417//4592 2411//4592 2398//4592
f 2418//4593 2414//4593 2412//4593
f 2418//4594 2412//4594 2399//4594
f 2418//4595 2399//4595 2405//4595
f 2418//4596 2419//4596 2414//4596
f 2418//4597 2420//4597 2419//4597
f 2421//4598 2415//4598 2019//4598
f 2421//4599 2019//4599 2021//4599
f 2421//4600 2021//4600 2023//4600
f 2422//4601 2416//4601 2409//4601
f 2423//4602 2404//4602 2410//4602
f 2423//4603 2417//4603 2404//4603
f 2424//4604 2405//4604 2411//4604
f 2424//4605 2418//4605 2405//4605
f 2424//4606 2411//4606 2417//4606
f 2424//4607 2420//4607 2418//4607
f 2424//4608 2425//4608 2420//4608
f 2424//4609 2426//4609 2425//4609
f 2427//4610 2023//4610 2025//4610
f 2427//4611 2025//4611 2027//4611
f 2427//4612 2421//4612 2023//4612
f 2428//4613 2422//4613 2409//4613
f 2428//4614 2415//4614 2421//4614
f 2428//4615 2409//4615 2415//4615
f 2429//4616 2423//4616 2410//4616
f 2429//4617 2410//4617 2416//4617
f 2430//4618 2431//4618 2426//4618
f 2430//4619 2432//4619 2431//4619
f 2430//4620 2424//4620 2417//4620
f 2430//4621 2426//4621 2424//4621
f 2433//4622 2427//4622 2027//4622
f 2433//4623 2027//4623 2030//4623
f 2433//4624 2030//4624 2031//4624
f 2434//4625 2428//4625 2421//4625
f 2435//4626 2416//4626 2422//4626
f 2435//4627 2429//4627 2416//4627
f 2436//4628 2437//4628 2432//4628
f 2436//4629 2438//4629 2437//4629
f 2436//4630 2417//4630 2423//4630
f 2436//4631 2430//4631 2417//4631
f 2436//4632 2432//4632 2430//4632
f 2439//4633 2433//4633 2031//4633
f 2439//4634 2031//4634 2033//4634
f 2439//4635 2033//4635 2034//4635
f 2440//4636 2434//4636 2421//4636
f 2440//4637 2421//4637 2427//4637
f 2441//4638 2422//4638 2428//4638
f 2441//4639 2435//4639 2422//4639
f 2442//4640 2438//4640 2436//4640
f 2442//4641 2443//4641 2438//4641
f 2442//4642 2444//4642 2443//4642
f 2442//4643 2423//4643 2429//4643
f 2442//4644 2436//4644 2423//4644
f 2442//4645 2429//4645 2435//4645
f 2445//4646 2439//4646 2034//4646
f 2445//4647 2034//4647 2038//4647
f 2445//4648 2038//4648 2040//4648
f 2446//4649 2433//4649 2439//4649
f 2446//4650 2440//4650 2427//4650
f 2446//4651 2427//4651 2433//4651
f 2447//4652 2441//4652 2428//4652
f 2447//4653 2428//4653 2434//4653
f 2448//4654 2449//4654 2444//4654
f 2448//4655 2450//4655 2449//4655
f 2448//4656 2442//4656 2435//4656
f 2448//4657 2444//4657 2442//4657
f 2451//4658 2445//4658 2040//4658
f 2451//4659 2040//4659 2041//4659
f 2451//4660 2041//4660 2043//4660
f 2452//4661 2439//4661 2445//4661
f 2452//4662 2446//4662 2439//4662
f 2453//4663 2434//4663 2440//4663
f 2453//4664 2447//4664 2434//4664
f 2454//4665 2455//4665 2450//4665
f 2454//4666 2456//4666 2455//4666
f 2454//4667 2450//4667 2448//4667
f 2454//4668 2435//4668 2441//4668
f 2454//4669 2448//4669 2435//4669
f 2457//4670 2451//4670 2043//4670
f 2457//4671 2043//4671 2045//4671
f 2457//4672 2045//4672 2047//4672
f 2458//4673 2452//4673 2445//4673
f 2459//4674 2440//4674 2446//4674
f 2459//4675 2453//4675 2440//4675
f 2460//4676 2461//4676 2456//4676
f 2460//4677 2462//4677 2461//4677
f 2460//4678 2441//4678 2447//4678
f 2460//4679 2456//4679 2454//4679
f 2460//4680 2454//4680 2441//4680
f 2463//4681 2457//4681 2047//4681
f 2463//4682 2047//4682 2049//4682
f 2463//4683 2049//4683 2050//4683
f 2464//4684 2445//4684 2451//4684
f 2464//4685 2458//4685 2445//4685
f 2465//4686 2459//4686 2446//4686
f 2465//4687 2446//4687 2452//4687
f 2466//4688 2467//4688 2462//4688
f 2466//4689 2468//4689 2467//4689
f 2466//4690 2460//4690 2447//4690
f 2466//4691 2462//4691 2460//4691
f 2466//4692 2447//4692 2453//4692
f 2469//4693 2463//4693 2050//4693
f 2469//4694 2050//4694 2053//4694
f 2469//4695 2053//4695 2055//4695
f 2470//4696 2464//4696 2451//4696
f 2470//4697 2457//4697 2463//4697
f 2470//4698 2451//4698 2457//4698
f 2471//4699 2465//4699 2452//4699
f 2471//4700 2452//4700 2458//4700
f 2472//4701 2473//4701 2468//4701
f 2472//4702 2474//4702 2473//4702
f 2472//4703 2466//4703 2453//4703
f 2472//4704 2468//4704 2466//4704
f 2472//4705 2453//4705 2459//4705
f 2475//4706 2469//4706 2055//4706
f 2475//4707 2055//4707 2057//4707
f 2475//4708 2057//4708 2060//4708
f 2476//4709 2470//4709 2463//4709
f 2477//4710 2458//4710 2464//4710
f 2477//4711 2471//4711 2458//4711
f 2478//4712 2465//4712 2471//4712
f 2478//4713 2479//4713 2474//4713
f 2478//4714 2480//4714 2479//4714
f 2478//4715 2472//4715 2459//4715
f 2478//4716 2459//4716 2465//4716
f 2478//4717 2474//4717 2472//4717
f 2481//4718 2060//4718 2062//4718
f 2481//4719 2062//4719 2063//4719
f 2481//4720 2475//4720 2060//4720
f 2482//4721 2463//4721 2469//4721
f 2482//4722 2469//4722 2475//4722
f 2482//4723 2476//4723 2463//4723
f 2483//4724 2464//4724 2470//4724
f 2483//4725 2477//4725 2464//4725
f 2484//4726 2480//4726 2478//4726
f 2484//4727 2485//4727 2480//4727
f 2484//4728 2486//4728 2485//4728
f 2484//4729 2478//4729 2471//4729
f 2487//4730 2063//4730 2065//4730
f 2487//4731 2065//4731 2067//4731
f 2487//4732 2481//4732 2063//4732
f 2488//4733 2482//4733 2475//4733
f 2489//4734 2483//4734 2470//4734
f 2489//4735 2470//4735 2476//4735
f 2490//4736 2491//4736 2486//4736
f 2490//4737 2492//4737 2491//4737
f 2490//4738 2471//4738 2477//4738
f 2490//4739 2477//4739 2483//4739
f 2490//4740 2484//4740 2471//4740
f 2490//4741 2486//4741 2484//4741
f 2493//4742 2067//4742 2068//4742
f 2493//4743 2068//4743 2070//4743
f 2493//4744 2487//4744 2067//4744
f 2494//4745 2488//4745 2475//4745
f 2494//4746 2475//4746 2481//4746
f 2494//4747 2481//4747 2487//4747
f 2495//4748 2476//4748 2482//4748
f 2495//4749 2489//4749 2476//4749
f 2495//4750 2482//4750 2488//4750
f 2496//4751 2492//4751 2490//4751
f 2496//4752 2497//4752 2492//4752
f 2496//4753 2498//4753 2497//4753
f 2496//4754 2490//4754 2483//4754
f 2499//4755 2070//4755 2073//4755
f 2499//4756 2073//4756 2074//4756
f 2499//4757 2493//4757 2070//4757
f 2500//4758 2494//4758 2487//4758
f 2501//4759 2495//4759 2488//4759
f 2502//4760 2483//4760 2489//4760
f 2502//4761 2503//4761 2498//4761
f 2502//4762 2504//4762 2503//4762
f 2502//4763 2498//4763 2496//4763
f 2502//4764 2489//4764 2495//4764
f 2502//4765 2496//4765 2483//4765
f 2505//4766 2074//4766 2077//4766
f 2505//4767 2077//4767 2079//4767
f 2505//4768 2499//4768 2074//4768
f 2506//4769 2493//4769 2499//4769
f 2506//4770 2487//4770 2493//4770
f 2506//4771 2500//4771 2487//4771
f 2507//4772 2488//4772 2494//4772
f 2507//4773 2501//4773 2488//4773
f 2508//4774 2509//4774 2504//4774
f 2508//4775 2510//4775 2509//4775
f 2508//4776 2504//4776 2502//4776
f 2508//4777 2502//4777 2495//4777
f 2511//4778 2079//4778 2082//4778
f 2511//4779 2082//4779 2083//4779
f 2511//4780 2505//4780 2079//4780
f 2512//4781 2506//4781 2499//4781
f 2513//4782 2494//4782 2500//4782
f 2513//4783 2507//4783 2494//4783
f 2514//4784 2515//4784 2510//4784
f 2514//4785 2516//4785 2515//4785
f 2514//4786 2510//4786 2508//4786
f 2514//4787 2495//4787 2501//4787
f 2514//4788 2508//4788 2495//4788
f 2517//4789 2083//4789 2085//4789
f 2517//4790 2085//4790 2088//4790
f 2517//4791 2511//4791 2083//4791
f 2518//4792 2512//4792 2499//4792
f 2518//4793 2505//4793 2511//4793
f 2518//4794 2499//4794 2505//4794
f 2519//4795 2513//4795 2500//4795
f 2519//4796 2500//4796 2506//4796
f 2520//4797 2514//4797 2501//4797
f 2520//4798 2521//4798 2516//4798
f 2520//4799 2522//4799 2521//4799
f 2520//4800 2501//4800 2507//4800
f 2520//4801 2516//4801 2514//4801
f 2523//4802 2088//4802 2089//4802
f 2523//4803 2089//4803 2086//4803
f 2523//4804 2517//4804 2088//4804
f 2524//4805 2518//4805 2511//4805
f 2525//4806 2519//4806 2506//4806
f 2525//4807 2506//4807 2512//4807
f 2526//4808 2507//4808 2513//4808
f 2526//4809 2527//4809 2522//4809
f 2526//4810 2528//4810 2527//4810
f 2526//4811 2522//4811 2520//4811
f 2526//4812 2520//4812 2507//4812
f 2529//4813 2523//4813 2086//4813
f 2529//4814 2086//4814 2087//4814
f 2529//4815 2087//4815 2084//4815
f 2530//4816 2511//4816 2517//4816
f 2530//4817 2524//4817 2511//4817
f 2531//4818 2512//4818 2518//4818
f 2531//4819 2525//4819 2512//4819
f 2531//4820 2518//4820 2524//4820
f 2532//4821 2513//4821 2519//4821
f 2532//4822 2526//4822 2513//4822
f 2532//4823 2519//4823 2525//4823
f 2532//4824 2533//4824 2528//4824
f 2532//4825 2534//4825 2533//4825
f 2532//4826 2528//4826 2526//4826
f 2535//4827 2084//4827 2080//4827
f 2535//4828 2080//4828 2081//4828
f 2535//4829 2529//4829 2084//4829
f 2536//4830 2530//4830 2517//4830
f 2536//4831 2517//4831 2523//4831
f 2537//4832 2531//4832 2524//4832
f 2538//4833 2539//4833 2534//4833
f 2538//4834 2540//4834 2539//4834
f 2538//4835 2534//4835 2532//4835
f 2538//4836 2532//4836 2525//4836
f 2541//4837 2081//4837 2078//4837
f 2541//4838 2078//4838 2076//4838
f 2541//4839 2535//4839 2081//4839
f 2542//4840 2523//4840 2529//4840
f 2542//4841 2529//4841 2535//4841
f 2542//4842 2536//4842 2523//4842
f 2543//4843 2524//4843 2530//4843
f 2543//4844 2537//4844 2524//4844
f 2544//4845 2525//4845 2531//4845
f 2544//4846 2540//4846 2538//4846
f 2544//4847 2531//4847 2537//4847
f 2544//4848 2545//4848 2540//4848
f 2544//4849 2546//4849 2545//4849
f 2544//4850 2538//4850 2525//4850
f 2547//4851 2076//4851 2075//4851
f 2547//4852 2075//4852 2072//4852
f 2547//4853 2541//4853 2076//4853
f 2548//4854 2542//4854 2535//4854
f 2549//4855 2543//4855 2530//4855
f 2549//4856 2530//4856 2536//4856
f 2550//4857 2551//4857 2546//4857
f 2550//4858 2552//4858 2551//4858
f 2550//4859 2544//4859 2537//4859
f 2550//4860 2546//4860 2544//4860
f 2553//4861 2547//4861 2072//4861
f 2553//4862 2072//4862 2071//4862
f 2553//4863 2071//4863 2069//4863
f 2554//4864 2535//4864 2541//4864
f 2554//4865 2541//4865 2547//4865
f 2554//4866 2548//4866 2535//4866
f 2555//4867 2536//4867 2542//4867
f 2555//4868 2549//4868 2536//4868
f 2556//4869 2557//4869 2552//4869
f 2556//4870 2558//4870 2557//4870
f 2556//4871 2537//4871 2543//4871
f 2556//4872 2543//4872 2549//4872
f 2556//4873 2552//4873 2550//4873
f 2556//4874 2550//4874 2537//4874
f 2559//4875 2069//4875 2066//4875
f 2559//4876 2066//4876 2064//4876
f 2559//4877 2553//4877 2069//4877
f 2560//4878 2554//4878 2547//4878
f 2561//4879 2542//4879 2548//4879
f 2561//4880 2555//4880 2542//4880
f 2562//4881 2563//4881 2558//4881
f 2562//4882 2564//4882 2563//4882
f 2562//4883 2556//4883 2549//4883
f 2562//4884 2558//4884 2556//4884
f 2565//4885 2059//4885 2216//4885
f 2565//4886 2064//4886 2061//4886
f 2565//4887 2061//4887 2059//4887
f 2565//4888 2216//4888 2225//4888
f 2565//4889 2559//4889 2064//4889
f 2566//4890 2547//4890 2553//4890
f 2566//4891 2560//4891 2547//4891
f 2566//4892 2553//4892 2559//4892
f 2567//4893 2561//4893 2548//4893
f 2567//4894 2548//4894 2554//4894
f 2568//4895 2555//4895 2561//4895
f 2568//4896 2562//4896 2549//4896
f 2568//4897 2569//4897 2564//4897
f 2568//4898 2570//4898 2569//4898
f 2568//4899 2564//4899 2562//4899
f 2568//4900 2549//4900 2555//4900
f 2571//4901 2566//4901 2559//4901
f 2572//4902 2567//4902 2554//4902
f 2572//4903 2554//4903 2560//4903
f 2573//4904 2570//4904 2568//4904
f 2573//4905 2574//4905 2570//4905
f 2573//4906 2575//4906 2574//4906
f 2573//4907 2568//4907 2561//4907
f 2576//4908 2565//4908 2225//4908
f 2576//4909 2559//4909 2565//4909
f 2576//4910 2571//4910 2559//4910
f 2577//4911 2572//4911 2560//4911
f 2577//4912 2560//4912 2566//4912
f 2578//4913 2573//4913 2561//4913
f 2578//4914 2579//4914 2575//4914
f 2578//4915 2580//4915 2579//4915
f 2578//4916 2575//4916 2573//4916
f 2578//4917 2561//4917 2567//4917
f 2581//4918 2566//4918 2571//4918
f 2581//4919 2577//4919 2566//4919
f 2582//4920 2567//4920 2572//4920
f 2582//4921 2578//4921 2567//4921
f 2582//4922 2572//4922 2577//4922
f 2582//4923 2580//4923 2578//4923
f 2582//4924 2583//4924 2580//4924
f 2582//4925 2584//4925 2583//4925
f 2585//4926 2571//4926 2576//4926
f 2585//4927 2581//4927 2571//4927
f 2585//4928 2225//4928 2231//4928
f 2585//4929 2576//4929 2225//4929
f 2586//4930 2582//4930 2577//4930
f 2586//4931 2584//4931 2582//4931
f 2586//4932 2587//4932 2584//4932
f 2586//4933 2588//4933 2587//4933
f 2589//4934 2581//4934 2585//4934
f 2589//4935 2586//4935 2577//4935
f 2589//4936 2588//4936 2586//4936
f 2589//4937 2590//4937 2588//4937
f 2589//4938 2591//4938 2590//4938
f 2589//4939 2577//4939 2581//4939
f 2592//4940 2231//4940 2219//4940
f 2592//4941 2585//4941 2231//4941
f 2592//4942 2589//4942 2585//4942
f 2592//4943 2591//4943 2589//4943
f 2592//4944 2593//4944 2591//4944
f 2592//4945 2220//4945 2593//4945
f 2592//4946 2219//4946 2220//4946
f 2594//4947 2184//4947 2182//4947
f 2595//4948 2596//4948 2597//4948
f 2594//4949 2185//4949 2184//4949
f 2596//4950 2598//4950 2597//4950
f 2599//4951 2182//4951 2180//4951
f 2599//4952 2180//4952 2178//4952
f 2599//4953 2594//4953 2182//4953
f 2600//4954 2178//4954 2177//4954
f 2600//4955 2177//4955 2174//4955
f 2600//4956 2599//4956 2178//4956
f 2601//4957 2174//4957 2172//4957
f 2601//4958 2172//4958 2170//4958
f 2601//4959 2600//4959 2174//4959
f 2602//4960 2603//4960 2594//4960
f 2602//4961 2594//4961 2599//4961
f 2604//4962 2170//4962 2168//4962
f 2604//4963 2168//4963 2165//4963
f 2604//4964 2601//4964 2170//4964
f 2605//4965 2599//4965 2600//4965
f 2605//4966 2602//4966 2599//4966
f 2606//4967 2165//4967 2162//4967
f 2606//4968 2162//4968 2163//4968
f 2606//4969 2604//4969 2165//4969
f 2607//4970 2600//4970 2601//4970
f 2607//4971 2605//4971 2600//4971
f 2608//4972 2609//4972 2603//4972
f 2608//4973 2603//4973 2602//4973
f 2610//4974 2606//4974 2163//4974
f 2610//4975 2163//4975 2161//4975
f 2610//4976 2161//4976 2158//4976
f 2611//4977 2601//4977 2604//4977
f 2611//4978 2607//4978 2601//4978
f 2612//4979 2608//4979 2602//4979
f 2612//4980 2602//4980 2605//4980
f 2613//4981 2158//4981 2155//4981
f 2613//4982 2155//4982 2154//4982
f 2613//4983 2610//4983 2158//4983
f 2614//4984 2611//4984 2604//4984
f 2614//4985 2604//4985 2606//4985
f 2615//4986 2605//4986 2607//4986
f 2615//4987 2612//4987 2605//4987
f 2616//4988 2597//4988 2609//4988
f 2616//4989 2595//4989 2597//4989
f 2616//4990 2617//4990 2595//4990
f 2616//4991 2618//4991 2617//4991
f 2616//4992 2609//4992 2608//4992
f 2619//4993 2154//4993 2152//4993
f 2619//4994 2152//4994 2150//4994
f 2619//4995 2613//4995 2154//4995
f 2620//4996 2614//4996 2606//4996
f 2620//4997 2606//4997 2610//4997
f 2621//4998 2607//4998 2611//4998
f 2621//4999 2615//4999 2607//4999
f 2622//5000 2618//5000 2616//5000
f 2622//5001 2623//5001 2618//5001
f 2622//5002 2624//5002 2623//5002
f 2622//5003 2616//5003 2608//5003
f 2622//5004 2608//5004 2612//5004
f 2625//5005 2150//5005 2148//5005
f 2625//5006 2148//5006 2146//5006
f 2625//5007 2619//5007 2150//5007
f 2626//5008 2610//5008 2613//5008
f 2626//5009 2613//5009 2619//5009
f 2626//5010 2620//5010 2610//5010
f 2627//5011 2611//5011 2614//5011
f 2627//5012 2621//5012 2611//5012
f 2628//5013 2624//5013 2622//5013
f 2628//5014 2629//5014 2624//5014
f 2628//5015 2630//5015 2629//5015
f 2628//5016 2612//5016 2615//5016
f 2628//5017 2622//5017 2612//5017
f 2631//5018 2146//5018 2144//5018
f 2631//5019 2144//5019 2142//5019
f 2631//5020 2625//5020 2146//5020
f 2632//5021 2626//5021 2619//5021
f 2633//5022 2627//5022 2614//5022
f 2633//5023 2614//5023 2620//5023
f 2634//5024 2628//5024 2615//5024
f 2634//5025 2635//5025 2630//5025
f 2634//5026 2636//5026 2635//5026
f 2634//5027 2615//5027 2621//5027
f 2634//5028 2630//5028 2628//5028
f 2637//5029 2142//5029 2140//5029
f 2637//5030 2140//5030 2138//5030
f 2637//5031 2631//5031 2142//5031
f 2638//5032 2632//5032 2619//5032
f 2638//5033 2619//5033 2625//5033
f 2639//5034 2633//5034 2620//5034
f 2639//5035 2626//5035 2632//5035
f 2639//5036 2620//5036 2626//5036
f 2640//5037 2634//5037 2621//5037
f 2640//5038 2636//5038 2634//5038
f 2640//5039 2641//5039 2636//5039
f 2640//5040 2642//5040 2641//5040
f 2640//5041 2621//5041 2627//5041
f 2643//5042 2637//5042 2138//5042
f 2643//5043 2138//5043 2136//5043
f 2643//5044 2136//5044 2134//5044
f 2644//5045 2625//5045 2631//5045
f 2644//5046 2638//5046 2625//5046
f 2645//5047 2639//5047 2632//5047
f 2646//5048 2627//5048 2633//5048
f 2646//5049 2642//5049 2640//5049
f 2646//5050 2647//5050 2642//5050
f 2646//5051 2648//5051 2647//5051
f 2646//5052 2640//5052 2627//5052
f 2649//5053 2134//5053 2132//5053
f 2649//5054 2132//5054 2130//5054
f 2649//5055 2643//5055 2134//5055
f 2650//5056 2644//5056 2631//5056
f 2650//5057 2631//5057 2637//5057
f 2651//5058 2632//5058 2638//5058
f 2651//5059 2645//5059 2632//5059
f 2652//5060 2648//5060 2646//5060
f 2652//5061 2646//5061 2633//5061
f 2652//5062 2653//5062 2648//5062
f 2652//5063 2654//5063 2653//5063
f 2652//5064 2633//5064 2639//5064
f 2655//5065 2130//5065 2128//5065
f 2655//5066 2128//5066 2126//5066
f 2655//5067 2649//5067 2130//5067
f 2656//5068 2637//5068 2643//5068
f 2656//5069 2650//5069 2637//5069
f 2657//5070 2651//5070 2638//5070
f 2657//5071 2644//5071 2650//5071
f 2657//5072 2638//5072 2644//5072
f 2658//5073 2652//5073 2639//5073
f 2658//5074 2659//5074 2654//5074
f 2658//5075 2660//5075 2659//5075
f 2658//5076 2639//5076 2645//5076
f 2658//5077 2654//5077 2652//5077
f 2661//5078 2126//5078 2124//5078
f 2661//5079 2124//5079 2122//5079
f 2661//5080 2655//5080 2126//5080
f 2662//5081 2656//5081 2643//5081
f 2662//5082 2643//5082 2649//5082
f 2663//5083 2657//5083 2650//5083
f 2664//5084 2665//5084 2660//5084
f 2664//5085 2666//5085 2665//5085
f 2664//5086 2645//5086 2651//5086
f 2664//5087 2658//5087 2645//5087
f 2664//5088 2660//5088 2658//5088
f 2667//5089 2122//5089 2120//5089
f 2667//5090 2120//5090 2118//5090
f 2667//5091 2661//5091 2122//5091
f 2668//5092 2662//5092 2649//5092
f 2668//5093 2649//5093 2655//5093
f 2669//5094 2663//5094 2650//5094
f 2669//5095 2650//5095 2656//5095
f 2670//5096 2651//5096 2657//5096
f 2670//5097 2666//5097 2664//5097
f 2670//5098 2671//5098 2666//5098
f 2670//5099 2672//5099 2671//5099
f 2670//5100 2664//5100 2651//5100
f 2673//5101 2118//5101 2116//5101
f 2673//5102 2116//5102 2114//5102
f 2673//5103 2667//5103 2118//5103
f 2674//5104 2655//5104 2661//5104
f 2674//5105 2668//5105 2655//5105
f 2675//5106 2656//5106 2662//5106
f 2675//5107 2669//5107 2656//5107
f 2676//5108 2677//5108 2672//5108
f 2676//5109 2678//5109 2677//5109
f 2676//5110 2657//5110 2663//5110
f 2676//5111 2672//5111 2670//5111
f 2676//5112 2670//5112 2657//5112
f 2679//5113 2114//5113 2112//5113
f 2679//5114 2112//5114 2110//5114
f 2679//5115 2673//5115 2114//5115
f 2680//5116 2661//5116 2667//5116
f 2680//5117 2674//5117 2661//5117
f 2681//5118 2675//5118 2662//5118
f 2681//5119 2662//5119 2668//5119
f 2682//5120 2663//5120 2669//5120
f 2682//5121 2678//5121 2676//5121
f 2682//5122 2683//5122 2678//5122
f 2682//5123 2684//5123 2683//5123
f 2682//5124 2676//5124 2663//5124
f 2685//5125 2679//5125 2110//5125
f 2685//5126 2110//5126 2108//5126
f 2685//5127 2108//5127 2106//5127
f 2686//5128 2667//5128 2673//5128
f 2686//5129 2680//5129 2667//5129
f 2687//5130 2668//5130 2674//5130
f 2687//5131 2681//5131 2668//5131
f 2688//5132 2684//5132 2682//5132
f 2688//5133 2682//5133 2669//5133
f 2688//5134 2689//5134 2684//5134
f 2688//5135 2690//5135 2689//5135
f 2688//5136 2669//5136 2675//5136
f 2691//5137 2106//5137 2104//5137
f 2691//5138 2104//5138 2102//5138
f 2691//5139 2685//5139 2106//5139
f 2692//5140 2673//5140 2679//5140
f 2692//5141 2686//5141 2673//5141
f 2693//5142 2687//5142 2674//5142
f 2693//5143 2674//5143 2680//5143
f 2694//5144 2695//5144 2690//5144
f 2694//5145 2675//5145 2681//5145
f 2694//5146 2696//5146 2695//5146
f 2694//5147 2688//5147 2675//5147
f 2694//5148 2690//5148 2688//5148
f 2697//5149 2691//5149 2102//5149
f 2697//5150 2102//5150 2100//5150
f 2697//5151 2100//5151 2098//5151
f 2698//5152 2692//5152 2679//5152
f 2698//5153 2679//5153 2685//5153
f 2699//5154 2680//5154 2686//5154
f 2699//5155 2693//5155 2680//5155
f 2700//5156 2694//5156 2681//5156
f 2700//5157 2681//5157 2687//5157
f 2700//5158 2701//5158 2696//5158
f 2700//5159 2702//5159 2701//5159
f 2700//5160 2696//5160 2694//5160
f 2703//5161 2697//5161 2098//5161
f 2703//5162 2098//5162 2096//5162
f 2703//5163 2096//5163 2094//5163
f 2704//5164 2698//5164 2685//5164
f 2704//5165 2685//5165 2691//5165
f 2705//5166 2699//5166 2686//5166
f 2705//5167 2686//5167 2692//5167
f 2706//5168 2687//5168 2693//5168
f 2706//5169 2702//5169 2700//5169
f 2706//5170 2700//5170 2687//5170
f 2706//5171 2707//5171 2702//5171
f 2706//5172 2708//5172 2707//5172
f 2709//5173 2094//5173 2092//5173
f 2709//5174 2092//5174 2091//5174
f 2709//5175 2703//5175 2094//5175
f 2710//5176 2691//5176 2697//5176
f 2710//5177 2704//5177 2691//5177
f 2711//5178 2705//5178 2692//5178
f 2711//5179 2692//5179 2698//5179
f 2711//5180 2698//5180 2704//5180
f 2712//5181 2706//5181 2693//5181
f 2712//5182 2708//5182 2706//5182
f 2712//5183 2713//5183 2708//5183
f 2712//5184 2714//5184 2713//5184
f 2712//5185 2693//5185 2699//5185
f 2715//5186 2709//5186 2091//5186
f 2715//5187 2091//5187 2090//5187
f 2715//5188 2090//5188 2093//5188
f 2716//5189 2697//5189 2703//5189
f 2716//5190 2710//5190 2697//5190
f 2717//5191 2711//5191 2704//5191
f 2718//5192 2714//5192 2712//5192
f 2718//5193 2712//5193 2699//5193
f 2718//5194 2699//5194 2705//5194
f 2718//5195 2719//5195 2714//5195
f 2718//5196 2720//5196 2719//5196
f 2721//5197 2093//5197 2095//5197
f 2721//5198 2095//5198 2097//5198
f 2721//5199 2715//5199 2093//5199
f 2722//5200 2703//5200 2709//5200
f 2722//5201 2716//5201 2703//5201
f 2723//5202 2717//5202 2704//5202
f 2723//5203 2704//5203 2710//5203
f 2723//5204 2710//5204 2716//5204
f 2724//5205 2725//5205 2720//5205
f 2724//5206 2718//5206 2705//5206
f 2724//5207 2720//5207 2718//5207
f 2724//5208 2726//5208 2725//5208
f 2724//5209 2705//5209 2711//5209
f 2727//5210 2721//5210 2097//5210
f 2727//5211 2097//5211 2099//5211
f 2727//5212 2099//5212 2101//5212
f 2728//5213 2709//5213 2715//5213
f 2728//5214 2722//5214 2709//5214
f 2729//5215 2723//5215 2716//5215
f 2730//5216 2724//5216 2711//5216
f 2730//5217 2711//5217 2717//5217
f 2730//5218 2726//5218 2724//5218
f 2730//5219 2731//5219 2726//5219
f 2730//5220 2732//5220 2731//5220
f 2733//5221 2727//5221 2101//5221
f 2733//5222 2101//5222 2103//5222
f 2733//5223 2103//5223 2105//5223
f 2734//5224 2715//5224 2721//5224
f 2734//5225 2728//5225 2715//5225
f 2735//5226 2722//5226 2728//5226
f 2735//5227 2729//5227 2716//5227
f 2735//5228 2716//5228 2722//5228
f 2736//5229 2717//5229 2723//5229
f 2736//5230 2730//5230 2717//5230
f 2736//5231 2737//5231 2732//5231
f 2736//5232 2738//5232 2737//5232
f 2736//5233 2732//5233 2730//5233
f 2739//5234 2733//5234 2105//5234
f 2739//5235 2105//5235 2107//5235
f 2739//5236 2107//5236 2109//5236
f 2740//5237 2721//5237 2727//5237
f 2740//5238 2734//5238 2721//5238
f 2741//5239 2728//5239 2734//5239
f 2741//5240 2735//5240 2728//5240
f 2742//5241 2738//5241 2736//5241
f 2742//5242 2743//5242 2738//5242
f 2742//5243 2736//5243 2723//5243
f 2742//5244 2744//5244 2743//5244
f 2742//5245 2723//5245 2729//5245
f 2745//5246 2739//5246 2109//5246
f 2745//5247 2109//5247 2111//5247
f 2745//5248 2111//5248 2113//5248
f 2746//5249 2740//5249 2727//5249
f 2746//5250 2727//5250 2733//5250
f 2747//5251 2741//5251 2734//5251
f 2748//5252 2742//5252 2729//5252
f 2748//5253 2749//5253 2744//5253
f 2748//5254 2750//5254 2749//5254
f 2748//5255 2729//5255 2735//5255
f 2748//5256 2744//5256 2742//5256
f 2751//5257 2745//5257 2113//5257
f 2751//5258 2113//5258 2115//5258
f 2751//5259 2115//5259 2117//5259
f 2752//5260 2746//5260 2733//5260
f 2752//5261 2739//5261 2745//5261
f 2752//5262 2733//5262 2739//5262
f 2753//5263 2747//5263 2734//5263
f 2753//5264 2734//5264 2740//5264
f 2754//5265 2750//5265 2748//5265
f 2754//5266 2748//5266 2735//5266
f 2754//5267 2755//5267 2750//5267
f 2754//5268 2756//5268 2755//5268
f 2754//5269 2735//5269 2741//5269
f 2757//5270 2751//5270 2117//5270
f 2757//5271 2117//5271 2119//5271
f 2757//5272 2119//5272 2121//5272
f 2758//5273 2752//5273 2745//5273
f 2759//5274 2753//5274 2740//5274
f 2759//5275 2740//5275 2746//5275
f 2760//5276 2754//5276 2741//5276
f 2760//5277 2756//5277 2754//5277
f 2760//5278 2741//5278 2747//5278
f 2760//5279 2761//5279 2756//5279
f 2760//5280 2762//5280 2761//5280
f 2763//5281 2757//5281 2121//5281
f 2763//5282 2121//5282 2123//5282
f 2763//5283 2123//5283 2125//5283
f 2764//5284 2751//5284 2757//5284
f 2764//5285 2758//5285 2745//5285
f 2764//5286 2745//5286 2751//5286
f 2765//5287 2759//5287 2746//5287
f 2765//5288 2746//5288 2752//5288
f 2766//5289 2747//5289 2753//5289
f 2766//5290 2760//5290 2747//5290
f 2766//5291 2762//5291 2760//5291
f 2766//5292 2767//5292 2762//5292
f 2766//5293 2768//5293 2767//5293
f 2769//5294 2763//5294 2125//5294
f 2769//5295 2125//5295 2127//5295
f 2769//5296 2127//5296 2129//5296
f 2770//5297 2764//5297 2757//5297
f 2771//5298 2752//5298 2758//5298
f 2771//5299 2765//5299 2752//5299
f 2772//5300 2766//5300 2753//5300
f 2772//5301 2768//5301 2766//5301
f 2772//5302 2759//5302 2765//5302
f 2772//5303 2773//5303 2768//5303
f 2772//5304 2774//5304 2773//5304
f 2772//5305 2753//5305 2759//5305
f 2775//5306 2129//5306 2131//5306
f 2775//5307 2131//5307 2133//5307
f 2775//5308 2769//5308 2129//5308
f 2776//5309 2770//5309 2757//5309
f 2776//5310 2757//5310 2763//5310
f 2777//5311 2764//5311 2770//5311
f 2777//5312 2771//5312 2758//5312
f 2777//5313 2758//5313 2764//5313
f 2778//5314 2772//5314 2765//5314
f 2778//5315 2765//5315 2771//5315
f 2778//5316 2774//5316 2772//5316
f 2778//5317 2779//5317 2774//5317
f 2778//5318 2780//5318 2779//5318
f 2781//5319 2775//5319 2133//5319
f 2781//5320 2133//5320 2135//5320
f 2781//5321 2135//5321 2137//5321
f 2782//5322 2769//5322 2775//5322
f 2782//5323 2763//5323 2769//5323
f 2782//5324 2776//5324 2763//5324
f 2783//5325 2777//5325 2770//5325
f 2784//5326 2778//5326 2771//5326
f 2784//5327 2780//5327 2778//5327
f 2784//5328 2785//5328 2780//5328
f 2784//5329 2786//5329 2785//5329
f 2787//5330 2137//5330 2139//5330
f 2787//5331 2139//5331 2141//5331
f 2787//5332 2781//5332 2137//5332
f 2788//5333 2782//5333 2775//5333
f 2789//5334 2783//5334 2770//5334
f 2789//5335 2770//5335 2776//5335
f 2790//5336 2777//5336 2783//5336
f 2790//5337 2771//5337 2777//5337
f 2790//5338 2784//5338 2771//5338
f 2790//5339 2786//5339 2784//5339
f 2790//5340 2791//5340 2786//5340
f 2790//5341 2792//5341 2791//5341
f 2793//5342 2141//5342 2143//5342
f 2793//5343 2143//5343 2145//5343
f 2793//5344 2787//5344 2141//5344
f 2794//5345 2788//5345 2775//5345
f 2794//5346 2781//5346 2787//5346
f 2794//5347 2775//5347 2781//5347
f 2795//5348 2782//5348 2788//5348
f 2795//5349 2789//5349 2776//5349
f 2795//5350 2776//5350 2782//5350
f 2796//5351 2792//5351 2790//5351
f 2796//5352 2790//5352 2783//5352
f 2796//5353 2797//5353 2792//5353
f 2796//5354 2798//5354 2797//5354
f 2799//5355 2793//5355 2145//5355
f 2799//5356 2145//5356 2147//5356
f 2799//5357 2147//5357 2149//5357
f 2800//5358 2794//5358 2787//5358
f 2801//5359 2795//5359 2788//5359
f 2802//5360 2789//5360 2795//5360
f 2802//5361 2798//5361 2796//5361
f 2802//5362 2783//5362 2789//5362
f 2802//5363 2803//5363 2798//5363
f 2802//5364 2796//5364 2783//5364
f 2802//5365 2804//5365 2803//5365
f 2805//5366 2799//5366 2149//5366
f 2805//5367 2149//5367 2151//5367
f 2805//5368 2151//5368 2153//5368
f 2806//5369 2787//5369 2793//5369
f 2806//5370 2800//5370 2787//5370
f 2807//5371 2788//5371 2794//5371
f 2807//5372 2801//5372 2788//5372
f 2808//5373 2809//5373 2804//5373
f 2808//5374 2810//5374 2809//5374
f 2808//5375 2802//5375 2795//5375
f 2808//5376 2804//5376 2802//5376
f 2811//5377 2805//5377 2153//5377
f 2811//5378 2153//5378 2156//5378
f 2811//5379 2156//5379 2157//5379
f 2812//5380 2793//5380 2799//5380
f 2812//5381 2806//5381 2793//5381
f 2813//5382 2807//5382 2794//5382
f 2813//5383 2794//5383 2800//5383
f 2814//5384 2801//5384 2807//5384
f 2814//5385 2815//5385 2810//5385
f 2814//5386 2816//5386 2815//5386
f 2814//5387 2810//5387 2808//5387
f 2814//5388 2795//5388 2801//5388
f 2814//5389 2808//5389 2795//5389
f 2817//5390 2157//5390 2159//5390
f 2817//5391 2811//5391 2157//5391
f 2817//5392 2159//5392 2160//5392
f 2818//5393 2812//5393 2799//5393
f 2818//5394 2805//5394 2811//5394
f 2818//5395 2799//5395 2805//5395
f 2819//5396 2800//5396 2806//5396
f 2819//5397 2813//5397 2800//5397
f 2820//5398 2821//5398 2816//5398
f 2820//5399 2822//5399 2821//5399
f 2820//5400 2814//5400 2807//5400
f 2820//5401 2816//5401 2814//5401
f 2823//5402 2817//5402 2160//5402
f 2823//5403 2160//5403 2164//5403
f 2823//5404 2164//5404 2166//5404
f 2824//5405 2818//5405 2811//5405
f 2825//5406 2806//5406 2812//5406
f 2825//5407 2819//5407 2806//5407
f 2826//5408 2827//5408 2822//5408
f 2826//5409 2828//5409 2827//5409
f 2826//5410 2822//5410 2820//5410
f 2826//5411 2820//5411 2807//5411
f 2826//5412 2807//5412 2813//5412
f 2829//5413 2823//5413 2166//5413
f 2829//5414 2166//5414 2167//5414
f 2829//5415 2167//5415 2169//5415
f 2830//5416 2811//5416 2817//5416
f 2830//5417 2817//5417 2823//5417
f 2830//5418 2824//5418 2811//5418
f 2831//5419 2812//5419 2818//5419
f 2831//5420 2825//5420 2812//5420
f 2832//5421 2833//5421 2828//5421
f 2832//5422 2834//5422 2833//5422
f 2832//5423 2826//5423 2813//5423
f 2832//5424 2828//5424 2826//5424
f 2832//5425 2813//5425 2819//5425
f 2835//5426 2829//5426 2169//5426
f 2835//5427 2169//5427 2171//5427
f 2835//5428 2171//5428 2173//5428
f 2836//5429 2830//5429 2823//5429
f 2837//5430 2818//5430 2824//5430
f 2837//5431 2831//5431 2818//5431
f 2838//5432 2839//5432 2834//5432
f 2838//5433 2840//5433 2839//5433
f 2838//5434 2834//5434 2832//5434
f 2838//5435 2819//5435 2825//5435
f 2838//5436 2832//5436 2819//5436
f 2841//5437 2835//5437 2173//5437
f 2841//5438 2173//5438 2175//5438
f 2841//5439 2175//5439 2176//5439
f 2842//5440 2823//5440 2829//5440
f 2842//5441 2829//5441 2835//5441
f 2842//5442 2836//5442 2823//5442
f 2843//5443 2824//5443 2830//5443
f 2843//5444 2830//5444 2836//5444
f 2843//5445 2837//5445 2824//5445
f 2844//5446 2838//5446 2825//5446
f 2844//5447 2845//5447 2840//5447
f 2844//5448 2846//5448 2845//5448
f 2844//5449 2840//5449 2838//5449
f 2844//5450 2825//5450 2831//5450
f 2844//5451 2831//5451 2837//5451
f 2847//5452 2841//5452 2176//5452
f 2847//5453 2176//5453 2179//5453
f 2847//5454 2179//5454 2181//5454
f 2848//5455 2842//5455 2835//5455
f 2849//5456 2843//5456 2836//5456
f 2850//5457 2851//5457 2846//5457
f 2850//5458 2852//5458 2851//5458
f 2850//5459 2844//5459 2837//5459
f 2850//5460 2846//5460 2844//5460
f 2853//5461 2847//5461 2181//5461
f 2853//5462 2181//5462 2183//5462
f 2853//5463 2183//5463 2186//5463
f 2854//5464 2841//5464 2847//5464
f 2854//5465 2848//5465 2835//5465
f 2854//5466 2835//5466 2841//5466
f 2855//5467 2836//5467 2842//5467
f 2855//5468 2849//5468 2836//5468
f 2856//5469 2837//5469 2843//5469
f 2856//5470 2850//5470 2837//5470
f 2856//5471 2857//5471 2852//5471
f 2856//5472 2858//5472 2857//5472
f 2856//5473 2852//5473 2850//5473
f 2859//5474 2186//5474 2188//5474
f 2859//5475 2188//5475 2189//5475
f 2859//5476 2853//5476 2186//5476
f 2860//5477 2854//5477 2847//5477
f 2861//5478 2842//5478 2848//5478
f 2861//5479 2855//5479 2842//5479
f 2862//5480 2863//5480 2858//5480
f 2862//5481 2864//5481 2863//5481
f 2862//5482 2856//5482 2843//5482
f 2862//5483 2849//5483 2855//5483
f 2862//5484 2858//5484 2856//5484
f 2862//5485 2843//5485 2849//5485
f 2865//5486 2189//5486 2191//5486
f 2865//5487 2191//5487 2193//5487
f 2865//5488 2859//5488 2189//5488
f 2866//5489 2853//5489 2859//5489
f 2866//5490 2860//5490 2847//5490
f 2866//5491 2847//5491 2853//5491
f 2867//5492 2854//5492 2860//5492
f 2867//5493 2861//5493 2848//5493
f 2867//5494 2848//5494 2854//5494
f 2868//5495 2869//5495 2864//5495
f 2868//5496 2870//5496 2869//5496
f 2868//5497 2862//5497 2855//5497
f 2868//5498 2864//5498 2862//5498
f 2871//5499 2193//5499 2194//5499
f 2871//5500 2194//5500 2196//5500
f 2871//5501 2865//5501 2193//5501
f 2872//5502 2866//5502 2859//5502
f 2873//5503 2867//5503 2860//5503
f 2874//5504 2855//5504 2861//5504
f 2874//5505 2868//5505 2855//5505
f 2874//5506 2875//5506 2870//5506
f 2874//5507 2876//5507 2875//5507
f 2874//5508 2861//5508 2867//5508
f 2874//5509 2870//5509 2868//5509
f 2877//5510 2196//5510 2199//5510
f 2877//5511 2199//5511 2200//5511
f 2877//5512 2871//5512 2196//5512
f 2878//5513 2859//5513 2865//5513
f 2878//5514 2865//5514 2871//5514
f 2878//5515 2872//5515 2859//5515
f 2879//5516 2873//5516 2860//5516
f 2879//5517 2860//5517 2866//5517
f 2880//5518 2881//5518 2876//5518
f 2880//5519 2882//5519 2881//5519
f 2880//5520 2876//5520 2874//5520
f 2880//5521 2874//5521 2867//5521
f 2883//5522 2200//5522 2203//5522
f 2883//5523 2203//5523 2205//5523
f 2883//5524 2877//5524 2200//5524
f 2884//5525 2878//5525 2871//5525
f 2885//5526 2866//5526 2872//5526
f 2885//5527 2879//5527 2866//5527
f 2886//5528 2887//5528 2882//5528
f 2886//5529 2888//5529 2887//5529
f 2886//5530 2867//5530 2873//5530
f 2886//5531 2882//5531 2880//5531
f 2886//5532 2880//5532 2867//5532
f 2889//5533 2205//5533 2208//5533
f 2889//5534 2208//5534 2209//5534
f 2889//5535 2883//5535 2205//5535
f 2890//5536 2884//5536 2871//5536
f 2890//5537 2871//5537 2877//5537
f 2890//5538 2877//5538 2883//5538
f 2891//5539 2872//5539 2878//5539
f 2891//5540 2885//5540 2872//5540
f 2892//5541 2886//5541 2873//5541
f 2892//5542 2893//5542 2888//5542
f 2892//5543 2894//5543 2893//5543
f 2892//5544 2873//5544 2879//5544
f 2892//5545 2888//5545 2886//5545
f 2895//5546 2209//5546 2211//5546
f 2895//5547 2211//5547 2214//5547
f 2895//5548 2889//5548 2209//5548
f 2896//5549 2890//5549 2883//5549
f 2897//5550 2891//5550 2878//5550
f 2897//5551 2878//5551 2884//5551
f 2898//5552 2892//5552 2879//5552
f 2898//5553 2899//5553 2894//5553
f 2898//5554 2900//5554 2899//5554
f 2898//5555 2894//5555 2892//5555
f 2898//5556 2879//5556 2885//5556
f 2901//5557 2214//5557 2215//5557
f 2901//5558 2215//5558 2212//5558
f 2901//5559 2895//5559 2214//5559
f 2902//5560 2883//5560 2889//5560
f 2902//5561 2889//5561 2895//5561
f 2902//5562 2896//5562 2883//5562
f 2903//5563 2897//5563 2884//5563
f 2903//5564 2884//5564 2890//5564
f 2904//5565 2885//5565 2891//5565
f 2904//5566 2898//5566 2885//5566
f 2904//5567 2900//5567 2898//5567
f 2904//5568 2905//5568 2900//5568
f 2904//5569 2906//5569 2905//5569
f 2907//5570 2901//5570 2212//5570
f 2907//5571 2212//5571 2213//5571
f 2907//5572 2213//5572 2210//5572
f 2908//5573 2902//5573 2895//5573
f 2909//5574 2903//5574 2890//5574
f 2909//5575 2890//5575 2896//5575
f 2910//5576 2891//5576 2897//5576
f 2910//5577 2904//5577 2891//5577
f 2910//5578 2906//5578 2904//5578
f 2910//5579 2911//5579 2906//5579
f 2910//5580 2912//5580 2911//5580
f 2913//5581 2210//5581 2206//5581
f 2913//5582 2206//5582 2207//5582
f 2913//5583 2907//5583 2210//5583
f 2914//5584 2895//5584 2901//5584
f 2914//5585 2908//5585 2895//5585
f 2914//5586 2901//5586 2907//5586
f 2915//5587 2909//5587 2896//5587
f 2915//5588 2896//5588 2902//5588
f 2916//5589 2903//5589 2909//5589
f 2916//5590 2912//5590 2910//5590
f 2916//5591 2910//5591 2897//5591
f 2916//5592 2917//5592 2912//5592
f 2916//5593 2918//5593 2917//5593
f 2916//5594 2897//5594 2903//5594
f 2919//5595 2207//5595 2204//5595
f 2919//5596 2204//5596 2202//5596
f 2919//5597 2913//5597 2207//5597
f 2920//5598 2914//5598 2907//5598
f 2921//5599 2902//5599 2908//5599
f 2921//5600 2915//5600 2902//5600
f 2922//5601 2918//5601 2916//5601
f 2922//5602 2923//5602 2918//5602
f 2922//5603 2924//5603 2923//5603
f 2922//5604 2916//5604 2909//5604
f 2925//5605 2919//5605 2202//5605
f 2925//5606 2202//5606 2201//5606
f 2925//5607 2201//5607 2198//5607
f 2926//5608 2907//5608 2913//5608
f 2926//5609 2920//5609 2907//5609
f 2926//5610 2913//5610 2919//5610
f 2927//5611 2921//5611 2908//5611
f 2927//5612 2908//5612 2914//5612
f 2928//5613 2915//5613 2921//5613
f 2928//5614 2909//5614 2915//5614
f 2928//5615 2929//5615 2924//5615
f 2928//5616 2930//5616 2929//5616
f 2928//5617 2922//5617 2909//5617
f 2928//5618 2924//5618 2922//5618
f 2931//5619 2198//5619 2197//5619
f 2931//5620 2925//5620 2198//5620
f 2931//5621 2197//5621 2195//5621
f 2932//5622 2926//5622 2919//5622
f 2933//5623 2914//5623 2920//5623
f 2933//5624 2927//5624 2914//5624
f 2934//5625 2935//5625 2930//5625
f 2934//5626 2936//5626 2935//5626
f 2934//5627 2930//5627 2928//5627
f 2934//5628 2928//5628 2921//5628
f 2937//5629 2931//5629 2195//5629
f 2937//5630 2195//5630 2192//5630
f 2937//5631 2192//5631 2190//5631
f 2938//5632 2919//5632 2925//5632
f 2938//5633 2925//5633 2931//5633
f 2938//5634 2932//5634 2919//5634
f 2939//5635 2933//5635 2920//5635
f 2939//5636 2920//5636 2926//5636
f 2940//5637 2941//5637 2936//5637
f 2940//5638 2942//5638 2941//5638
f 2940//5639 2936//5639 2934//5639
f 2940//5640 2927//5640 2933//5640
f 2940//5641 2921//5641 2927//5641
f 2940//5642 2934//5642 2921//5642
f 2943//5643 2190//5643 2187//5643
f 2943//5644 2187//5644 2185//5644
f 2943//5645 2185//5645 2594//5645
f 2943//5646 2937//5646 2190//5646
f 2944//5647 2938//5647 2931//5647
f 2945//5648 2939//5648 2926//5648
f 2945//5649 2926//5649 2932//5649
f 2945//5650 2932//5650 2938//5650
f 2946//5651 2947//5651 2942//5651
f 2946//5652 2948//5652 2947//5652
f 2946//5653 2942//5653 2940//5653
f 2946//5654 2940//5654 2933//5654
f 2949//5655 2937//5655 2943//5655
f 2949//5656 2931//5656 2937//5656
f 2949//5657 2944//5657 2931//5657
f 2950//5658 2945//5658 2938//5658
f 2951//5659 2939//5659 2945//5659
f 2951//5660 2933//5660 2939//5660
f 2951//5661 2952//5661 2948//5661
f 2951//5662 2953//5662 2952//5662
f 2951//5663 2948//5663 2946//5663
f 2951//5664 2946//5664 2933//5664
f 2954//5665 2943//5665 2594//5665
f 2954//5666 2594//5666 2603//5666
f 2954//5667 2949//5667 2943//5667
f 2955//5668 2938//5668 2944//5668
f 2955//5669 2950//5669 2938//5669
f 2956//5670 2951//5670 2945//5670
f 2956//5671 2957//5671 2953//5671
f 2956//5672 2958//5672 2957//5672
f 2956//5673 2953//5673 2951//5673
f 2959//5674 2944//5674 2949//5674
f 2959//5675 2955//5675 2944//5675
f 2960//5676 2945//5676 2950//5676
f 2960//5677 2958//5677 2956//5677
f 2960//5678 2956//5678 2945//5678
f 2960//5679 2961//5679 2958//5679
f 2960//5680 2962//5680 2961//5680
f 2963//5681 2949//5681 2954//5681
f 2963//5682 2954//5682 2603//5682
f 2963//5683 2959//5683 2949//5683
f 2963//5684 2603//5684 2609//5684
f 2964//5685 2960//5685 2950//5685
f 2964//5686 2955//5686 2959//5686
f 2964//5687 2962//5687 2960//5687
f 2964//5688 2965//5688 2962//5688
f 2964//5689 2966//5689 2965//5689
f 2964//5690 2950//5690 2955//5690
f 2967//5691 2964//5691 2959//5691
f 2967//5692 2966//5692 2964//5692
f 2967//5693 2968//5693 2966//5693
f 2967//5694 2969//5694 2968//5694
f 2970//5695 2609//5695 2597//5695
f 2970//5696 2959//5696 2963//5696
f 2970//5697 2963//5697 2609//5697
f 2970//5698 2967//5698 2959//5698
f 2970//5699 2969//5699 2967//5699
f 2970//5700 2971//5700 2969//5700
f 2970//5701 2598//5701 2971//5701
f 2970//5702 2597//5702 2598//5702
f 2218//5703 2217//5703 2972//5703
f 2972//5704 2217//5704 2973//5704
f 2973//5705 2239//5705 2974//5705
f 2217//5706 2239//5706 2973//5706
f 2974//5707 2240//5707 2975//5707
f 2239//5708 2240//5708 2974//5708
f 2975//5709 2245//5709 2976//5709
f 2240//5710 2245//5710 2975//5710
f 2976//5711 2246//5711 2977//5711
f 2245//5712 2246//5712 2976//5712
f 2977//5713 2251//5713 2978//5713
f 2246//5714 2251//5714 2977//5714
f 2978//5715 2252//5715 2979//5715
f 2251//5716 2252//5716 2978//5716
f 2979//5717 2257//5717 2980//5717
f 2252//5718 2257//5718 2979//5718
f 2980//5719 2258//5719 2981//5719
f 2257//5720 2258//5720 2980//5720
f 2981//5721 2263//5721 2982//5721
f 2258//5722 2263//5722 2981//5722
f 2263//5723 2264//5723 2982//5723
f 2982//5724 2264//5724 2983//5724
f 2264//5725 2269//5725 2983//5725
f 2983//5726 2269//5726 2984//5726
f 2269//5727 2270//5727 2984//5727
f 2984//5728 2270//5728 2985//5728
f 2270//5729 2275//5729 2985//5729
f 2985//5730 2275//5730 2986//5730
f 2986//5731 2276//5731 2987//5731
f 2275//5732 2276//5732 2986//5732
f 2987//5733 2281//5733 2988//5733
f 2276//5734 2281//5734 2987//5734
f 2988//5735 2282//5735 2989//5735
f 2281//5736 2282//5736 2988//5736
f 2989//5737 2287//5737 2990//5737
f 2282//5738 2287//5738 2989//5738
f 2990//5739 2288//5739 2991//5739
f 2287//5740 2288//5740 2990//5740
f 2991//5741 2293//5741 2992//5741
f 2288//5742 2293//5742 2991//5742
f 2992//5743 2294//5743 2993//5743
f 2293//5744 2294//5744 2992//5744
f 2993//5745 2299//5745 2994//5745
f 2294//5746 2299//5746 2993//5746
f 2994//5747 2300//5747 2995//5747
f 2299//5748 2300//5748 2994//5748
f 2995//5749 2305//5749 2996//5749
f 2300//5750 2305//5750 2995//5750
f 2996//5751 2306//5751 2997//5751
f 2305//5752 2306//5752 2996//5752
f 2997//5753 2311//5753 2998//5753
f 2306//5754 2311//5754 2997//5754
f 2998//5755 2312//5755 2999//5755
f 2311//5756 2312//5756 2998//5756
f 2999//5757 2317//5757 3000//5757
f 2312//5758 2317//5758 2999//5758
f 3000//5759 2318//5759 3001//5759
f 2317//5760 2318//5760 3000//5760
f 3001//5761 2323//5761 3002//5761
f 3002//5762 2323//5762 3003//5762
f 2318//5763 2323//5763 3001//5763
f 2323//5764 2324//5764 3003//5764
f 3003//5765 2329//5765 3004//5765
f 3004//5766 2329//5766 3005//5766
f 2324//5767 2329//5767 3003//5767
f 3005//5768 2330//5768 3006//5768
f 2329//5769 2330//5769 3005//5769
f 2330//5770 2335//5770 3006//5770
f 3006//5771 2336//5771 3007//5771
f 3007//5772 2336//5772 3008//5772
f 2335//5773 2336//5773 3006//5773
f 3008//5774 2341//5774 3009//5774
f 2336//5775 2341//5775 3008//5775
f 2341//5776 2342//5776 3009//5776
f 2342//5777 2347//5777 3009//5777
f 3009//5778 2347//5778 3010//5778
f 2347//5779 2348//5779 3010//5779
f 3010//5780 2348//5780 3011//5780
f 3011//5781 2348//5781 3012//5781
f 2348//5782 2353//5782 3012//5782
f 2353//5783 2354//5783 3012//5783
f 3012//5784 2354//5784 3013//5784
f 2354//5785 2359//5785 3013//5785
f 3013//5786 2359//5786 3014//5786
f 2359//5787 2360//5787 3014//5787
f 3014//5788 2360//5788 3015//5788
f 3015//5789 2360//5789 3016//5789
f 2360//5790 2365//5790 3016//5790
f 2365//5791 2366//5791 3016//5791
f 3016//5792 2366//5792 3017//5792
f 2366//5793 2371//5793 3017//5793
f 3017//5794 2371//5794 3018//5794
f 3018//5795 2371//5795 3019//5795
f 2371//5796 2372//5796 3019//5796
f 3019//5797 2377//5797 3020//5797
f 2372//5798 2377//5798 3019//5798
f 3020//5799 2378//5799 3021//5799
f 2377//5800 2378//5800 3020//5800
f 3021//5801 2383//5801 3022//5801
f 3022//5802 2383//5802 3023//5802
f 2378//5803 2383//5803 3021//5803
f 2383//5804 2384//5804 3023//5804
f 3023//5805 2389//5805 3024//5805
f 2384//5806 2389//5806 3023//5806
f 3024//5807 2390//5807 3025//5807
f 2389//5808 2390//5808 3024//5808
f 3025//5809 2395//5809 3026//5809
f 2390//5810 2395//5810 3025//5810
f 3026//5811 2396//5811 3027//5811
f 2395//5812 2396//5812 3026//5812
f 3027//5813 2401//5813 3028//5813
f 2396//5814 2401//5814 3027//5814
f 3028//5815 2402//5815 3029//5815
f 2401//5816 2402//5816 3028//5816
f 3029//5817 2407//5817 3030//5817
f 2402//5818 2407//5818 3029//5818
f 3030//5819 2408//5819 3031//5819
f 2407//5820 2408//5820 3030//5820
f 3031//5821 2413//5821 3032//5821
f 2408//5822 2413//5822 3031//5822
f 3032//5823 2414//5823 3033//5823
f 3033//5824 2414//5824 3034//5824
f 2413//5825 2414//5825 3032//5825
f 2414//5826 2419//5826 3034//5826
f 2419//5827 2420//5827 3034//5827
f 3034//5828 2420//5828 3035//5828
f 2420//5829 2425//5829 3035//5829
f 3035//5830 2425//5830 3036//5830
f 2425//5831 2426//5831 3036//5831
f 3036//5832 2426//5832 3037//5832
f 3037//5833 2426//5833 3038//5833
f 2426//5834 2431//5834 3038//5834
f 2431//5835 2432//5835 3038//5835
f 3038//5836 2432//5836 3039//5836
f 2432//5837 2437//5837 3039//5837
f 3039//5838 2437//5838 3040//5838
f 3040//5839 2437//5839 3041//5839
f 2437//5840 2438//5840 3041//5840
f 2438//5841 2443//5841 3041//5841
f 3041//5842 2443//5842 3042//5842
f 3042//5843 2443//5843 3043//5843
f 2443//5844 2444//5844 3043//5844
f 2444//5845 2449//5845 3043//5845
f 3043//5846 2449//5846 3044//5846
f 3044//5847 2449//5847 3045//5847
f 2449//5848 2450//5848 3045//5848
f 2450//5849 2455//5849 3045//5849
f 3045//5850 2455//5850 3046//5850
f 2455//5851 2456//5851 3046//5851
f 3046//5852 2456//5852 3047//5852
f 3047//5853 2456//5853 3048//5853
f 2456//5854 2461//5854 3048//5854
f 2461//5855 2462//5855 3048//5855
f 3048//5856 2462//5856 3049//5856
f 3049//5857 2462//5857 3050//5857
f 2462//5858 2467//5858 3050//5858
f 2467//5859 2468//5859 3050//5859
f 3050//5860 2468//5860 3051//5860
f 3051//5861 2468//5861 3052//5861
f 2468//5862 2473//5862 3052//5862
f 2473//5863 2474//5863 3052//5863
f 3052//5864 2474//5864 3053//5864
f 2474//5865 2479//5865 3053//5865
f 3053//5866 2479//5866 3054//5866
f 3054//5867 2480//5867 3055//5867
f 2479//5868 2480//5868 3054//5868
f 3055//5869 2485//5869 3056//5869
f 2480//5870 2485//5870 3055//5870
f 3056//5871 2486//5871 3057//5871
f 2485//5872 2486//5872 3056//5872
f 3057//5873 2491//5873 3058//5873
f 2486//5874 2491//5874 3057//5874
f 3058//5875 2492//5875 3059//5875
f 2491//5876 2492//5876 3058//5876
f 2492//5877 2497//5877 3059//5877
f 3059//5878 2497//5878 3060//5878
f 2497//5879 2498//5879 3060//5879
f 3060//5880 2498//5880 3061//5880
f 2498//5881 2503//5881 3061//5881
f 3061//5882 2503//5882 3062//5882
f 2503//5883 2504//5883 3062//5883
f 3062//5884 2504//5884 3063//5884
f 2504//5885 2509//5885 3063//5885
f 3063//5886 2509//5886 3064//5886
f 2509//5887 2510//5887 3064//5887
f 3064//5888 2510//5888 3065//5888
f 2510//5889 2515//5889 3065//5889
f 3065//5890 2515//5890 3066//5890
f 2515//5891 2516//5891 3066//5891
f 3066//5892 2516//5892 3067//5892
f 2516//5893 2521//5893 3067//5893
f 3067//5894 2521//5894 3068//5894
f 2521//5895 2522//5895 3068//5895
f 3068//5896 2522//5896 3069//5896
f 2522//5897 2527//5897 3069//5897
f 3069//5898 2527//5898 3070//5898
f 2527//5899 2528//5899 3070//5899
f 3070//5900 2528//5900 3071//5900
f 3071//5901 2533//5901 3072//5901
f 2528//5902 2533//5902 3071//5902
f 3072//5903 2534//5903 3073//5903
f 2533//5904 2534//5904 3072//5904
f 3073//5905 2539//5905 3074//5905
f 2534//5906 2539//5906 3073//5906
f 3074//5907 2540//5907 3075//5907
f 2539//5908 2540//5908 3074//5908
f 3075//5909 2545//5909 3076//5909
f 2540//5910 2545//5910 3075//5910
f 3076//5911 2546//5911 3077//5911
f 2545//5912 2546//5912 3076//5912
f 3077//5913 2551//5913 3078//5913
f 2546//5914 2551//5914 3077//5914
f 3078//5915 2552//5915 3079//5915
f 2551//5916 2552//5916 3078//5916
f 3079//5917 2557//5917 3080//5917
f 2552//5918 2557//5918 3079//5918
f 3080//5919 2558//5919 3081//5919
f 2557//5920 2558//5920 3080//5920
f 3081//5921 2563//5921 3082//5921
f 2558//5922 2563//5922 3081//5922
f 3082//5923 2564//5923 3083//5923
f 2563//5924 2564//5924 3082//5924
f 3083//5925 2569//5925 3084//5925
f 2564//5926 2569//5926 3083//5926
f 2569//5927 2570//5927 3084//5927
f 3084//5928 2570//5928 3085//5928
f 2570//5929 2574//5929 3085//5929
f 3085//5930 2574//5930 3086//5930
f 2574//5931 2575//5931 3086//5931
f 3086//5932 2575//5932 3087//5932
f 3087//5933 2575//5933 3088//5933
f 2575//5934 2579//5934 3088//5934
f 3088//5935 2579//5935 3089//5935
f 2579//5936 2580//5936 3089//5936
f 3089//5937 2583//5937 3090//5937
f 3090//5938 2583//5938 3091//5938
f 2580//5939 2583//5939 3089//5939
f 3091//5940 2584//5940 3092//5940
f 2583//5941 2584//5941 3091//5941
f 2584//5942 2587//5942 3092//5942
f 3092//5943 2588//5943 3093//5943
f 2587//5944 2588//5944 3092//5944
f 3093//5945 2590//5945 3094//5945
f 3094//5946 2590//5946 3095//5946
f 2588//5947 2590//5947 3093//5947
f 2590//5948 2591//5948 3095//5948
f 3095//5949 2593//5949 3096//5949
f 2591//5950 2593//5950 3095//5950
f 3096//5951 2220//5951 3097//5951
f 2593//5952 2220//5952 3096//5952
f 3097//5953 2218//5953 2972//5953
f 2220//5954 2218//5954 3097//5954
f 2596//5955 2595//5955 3098//5955
f 3098//5956 2595//5956 3099//5956
f 3099//5957 2617//5957 3100//5957
f 2595//5958 2617//5958 3099//5958
f 3100//5959 2618//5959 3101//5959
f 2617//5960 2618//5960 3100//5960
f 3101//5961 2623//5961 3102//5961
f 2618//5962 2623//5962 3101//5962
f 3102//5963 2624//5963 3103//5963
f 2623//5964 2624//5964 3102//5964
f 3103//5965 2629//5965 3104//5965
f 2624//5966 2629//5966 3103//5966
f 3104//5967 2630//5967 3105//5967
f 2629//5968 2630//5968 3104//5968
f 3105//5969 2635//5969 3106//5969
f 2630//5970 2635//5970 3105//5970
f 3106//5971 2636//5971 3107//5971
f 2635//5972 2636//5972 3106//5972
f 3107//5973 2641//5973 3108//5973
f 2636//5974 2641//5974 3107//5974
f 2641//5975 2642//5975 3108//5975
f 3108//5976 2642//5976 3109//5976
f 2642//5977 2647//5977 3109//5977
f 3109//5978 2647//5978 3110//5978
f 2647//5979 2648//5979 3110//5979
f 3110//5980 2648//5980 3111//5980
f 2648//5981 2653//5981 3111//5981
f 3111//5982 2653//5982 3112//5982
f 3112//5983 2654//5983 3113//5983
f 2653//5984 2654//5984 3112//5984
f 3113//5985 2659//5985 3114//5985
f 2654//5986 2659//5986 3113//5986
f 3114//5987 2660//5987 3115//5987
f 2659//5988 2660//5988 3114//5988
f 3115//5989 2665//5989 3116//5989
f 2660//5990 2665//5990 3115//5990
f 3116//5991 2666//5991 3117//5991
f 2665//5992 2666//5992 3116//5992
f 3117//5993 2671//5993 3118//5993
f 2666//5994 2671//5994 3117//5994
f 3118//5995 2672//5995 3119//5995
f 2671//5996 2672//5996 3118//5996
f 3119//5997 2677//5997 3120//5997
f 2672//5998 2677//5998 3119//5998
f 3120//5999 2678//5999 3121//5999
f 2677//6000 2678//6000 3120//6000
f 3121//6001 2683//6001 3122//6001
f 2678//6002 2683//6002 3121//6002
f 3122//6003 2684//6003 3123//6003
f 2683//6004 2684//6004 3122//6004
f 3123//6005 2689//6005 3124//6005
f 2684//6006 2689//6006 3123//6006
f 3124//6007 2690//6007 3125//6007
f 2689//6008 2690//6008 3124//6008
f 3125//6009 2695//6009 3126//6009
f 2690//6010 2695//6010 3125//6010
f 3126//6011 2696//6011 3127//6011
f 2695//6012 2696//6012 3126//6012
f 3127//6013 2701//6013 3128//6013
f 3128//6014 2701//6014 3129//6014
f 2696//6015 2701//6015 3127//6015
f 2701//6016 2702//6016 3129//6016
f 3129//6017 2707//6017 3130//6017
f 3130//6018 2707//6018 3131//6018
f 2702//6019 2707//6019 3129//6019
f 3131//6020 2708//6020 3132//6020
f 2707//6021 2708//6021 3131//6021
f 2708//6022 2713//6022 3132//6022
f 3132//6023 2714//6023 3133//6023
f 3133//6024 2714//6024 3134//6024
f 2713//6025 2714//6025 3132//6025
f 3134//6026 2719//6026 3135//6026
f 2714//6027 2719//6027 3134//6027
f 2719//6028 2720//6028 3135//6028
f 2720//6029 2725//6029 3135//6029
f 3135//6030 2725//6030 3136//6030
f 2725//6031 2726//6031 3136//6031
f 3136//6032 2726//6032 3137//6032
f 3137//6033 2726//6033 3138//6033
f 2726//6034 2731//6034 3138//6034
f 2731//6035 2732//6035 3138//6035
f 3138//6036 2732//6036 3139//6036
f 2732//6037 2737//6037 3139//6037
f 3139//6038 2737//6038 3140//6038
f 2737//6039 2738//6039 3140//6039
f 3140//6040 2738//6040 3141//6040
f 3141//6041 2738//6041 3142//6041
f 2738//6042 2743//6042 3142//6042
f 2743//6043 2744//6043 3142//6043
f 3142//6044 2744//6044 3143//6044
f 2744//6045 2749//6045 3143//6045
f 3143//6046 2749//6046 3144//6046
f 3144//6047 2749//6047 3145//6047
f 2749//6048 2750//6048 3145//6048
f 3145//6049 2755//6049 3146//6049
f 2750//6050 2755//6050 3145//6050
f 3146//6051 2756//6051 3147//6051
f 2755//6052 2756//6052 3146//6052
f 3147//6053 2761//6053 3148//6053
f 3148//6054 2761//6054 3149//6054
f 2756//6055 2761//6055 3147//6055
f 2761//6056 2762//6056 3149//6056
f 3149//6057 2767//6057 3150//6057
f 2762//6058 2767//6058 3149//6058
f 3150//6059 2768//6059 3151//6059
f 2767//6060 2768//6060 3150//6060
f 3151//6061 2773//6061 3152//6061
f 2768//6062 2773//6062 3151//6062
f 3152//6063 2774//6063 3153//6063
f 2773//6064 2774//6064 3152//6064
f 3153//6065 2779//6065 3154//6065
f 2774//6066 2779//6066 3153//6066
f 3154//6067 2780//6067 3155//6067
f 2779//6068 2780//6068 3154//6068
f 3155//6069 2785//6069 3156//6069
f 2780//6070 2785//6070 3155//6070
f 3156//6071 2786//6071 3157//6071
f 2785//6072 2786//6072 3156//6072
f 3157//6073 2791//6073 3158//6073
f 2786//6074 2791//6074 3157//6074
f 3158//6075 2792//6075 3159//6075
f 3159//6076 2792//6076 3160//6076
f 2791//6077 2792//6077 3158//6077
f 2792//6078 2797//6078 3160//6078
f 2797//6079 2798//6079 3160//6079
f 3160//6080 2798//6080 3161//6080
f 2798//6081 2803//6081 3161//6081
f 3161//6082 2803//6082 3162//6082
f 2803//6083 2804//6083 3162//6083
f 3162//6084 2804//6084 3163//6084
f 3163//6085 2804//6085 3164//6085
f 2804//6086 2809//6086 3164//6086
f 2809//6087 2810//6087 3164//6087
f 3164//6088 2810//6088 3165//6088
f 2810//6089 2815//6089 3165//6089
f 3165//6090 2815//6090 3166//6090
f 3166//6091 2815//6091 3167//6091
f 2815//6092 2816//6092 3167//6092
f 2816//6093 2821//6093 3167//6093
f 3167//6094 2821//6094 3168//6094
f 3168//6095 2821//6095 3169//6095
f 2821//6096 2822//6096 3169//6096
f 2822//6097 2827//6097 3169//6097
f 3169//6098 2827//6098 3170//6098
f 3170//6099 2827//6099 3171//6099
f 2827//6100 2828//6100 3171//6100
f 2828//6101 2833//6101 3171//6101
f 3171//6102 2833//6102 3172//6102
f 2833//6103 2834//6103 3172//6103
f 3172//6104 2834//6104 3173//6104
f 3173//6105 2834//6105 3174//6105
f 2834//6106 2839//6106 3174//6106
f 2839//6107 2840//6107 3174//6107
f 3174//6108 2840//6108 3175//6108
f 3175//6109 2840//6109 3176//6109
f 2840//6110 2845//6110 3176//6110
f 2845//6111 2846//6111 3176//6111
f 3176//6112 2846//6112 3177//6112
f 3177//6113 2846//6113 3178//6113
f 2846//6114 2851//6114 3178//6114
f 2851//6115 2852//6115 3178//6115
f 3178//6116 2852//6116 3179//6116
f 2852//6117 2857//6117 3179//6117
f 3179//6118 2857//6118 3180//6118
f 3180//6119 2858//6119 3181//6119
f 2857//6120 2858//6120 3180//6120
f 3181//6121 2863//6121 3182//6121
f 2858//6122 2863//6122 3181//6122
f 3182//6123 2864//6123 3183//6123
f 2863//6124 2864//6124 3182//6124
f 3183//6125 2869//6125 3184//6125
f 2864//6126 2869//6126 3183//6126
f 3184//6127 2870//6127 3185//6127
f 2869//6128 2870//6128 3184//6128
f 2870//6129 2875//6129 3185//6129
f 3185//6130 2875//6130 3186//6130
f 2875//6131 2876//6131 3186//6131
f 3186//6132 2876//6132 3187//6132
f 2876//6133 2881//6133 3187//6133
f 3187//6134 2881//6134 3188//6134
f 2881//6135 2882//6135 3188//6135
f 3188//6136 2882//6136 3189//6136
f 2882//6137 2887//6137 3189//6137
f 3189//6138 2887//6138 3190//6138
f 2887//6139 2888//6139 3190//6139
f 3190//6140 2888//6140 3191//6140
f 2888//6141 2893//6141 3191//6141
f 3191//6142 2893//6142 3192//6142
f 2893//6143 2894//6143 3192//6143
f 3192//6144 2894//6144 3193//6144
f 2894//6145 2899//6145 3193//6145
f 3193//6146 2899//6146 3194//6146
f 2899//6147 2900//6147 3194//6147
f 3194//6148 2900//6148 3195//6148
f 2900//6149 2905//6149 3195//6149
f 3195//6150 2905//6150 3196//6150
f 2905//6151 2906//6151 3196//6151
f 3196//6152 2906//6152 3197//6152
f 3197//6153 2911//6153 3198//6153
f 2906//6154 2911//6154 3197//6154
f 3198//6155 2912//6155 3199//6155
f 2911//6156 2912//6156 3198//6156
f 3199//6157 2917//6157 3200//6157
f 2912//6158 2917//6158 3199//6158
f 3200//6159 2918//6159 3201//6159
f 2917//6160 2918//6160 3200//6160
f 3201//6161 2923//6161 3202//6161
f 2918//6162 2923//6162 3201//6162
f 3202//6163 2924//6163 3203//6163
f 2923//6164 2924//6164 3202//6164
f 3203//6165 2929//6165 3204//6165
f 2924//6166 2929//6166 3203//6166
f 3204//6167 2930//6167 3205//6167
f 2929//6168 2930//6168 3204//6168
f 3205//6169 2935//6169 3206//6169
f 2930//6170 2935//6170 3205//6170
f 3206//6171 2936//6171 3207//6171
f 2935//6172 2936//6172 3206//6172
f 3207//6173 2941//6173 3208//6173
f 2936//6174 2941//6174 3207//6174
f 3208//6175 2942//6175 3209//6175
f 2941//6176 2942//6176 3208//6176
f 3209//6177 2947//6177 3210//6177
f 2942//6178 2947//6178 3209//6178
f 2947//6179 2948//6179 3210//6179
f 3210//6180 2948//6180 3211//6180
f 2948//6181 2952//6181 3211//6181
f 3211//6182 2952//6182 3212//6182
f 2952//6183 2953//6183 3212//6183
f 3212//6184 2953//6184 3213//6184
f 3213//6185 2953//6185 3214//6185
f 2953//6186 2957//6186 3214//6186
f 3214//6187 2957//6187 3215//6187
f 2957//6188 2958//6188 3215//6188
f 3215//6189 2961//6189 3216//6189
f 3216//6190 2961//6190 3217//6190
f 2958//6191 2961//6191 3215//6191
f 3217//6192 2962//6192 3218//6192
f 2961//6193 2962//6193 3217//6193
f 2962//6194 2965//6194 3218//6194
f 3218//6195 2966//6195 3219//6195
f 2965//6196 2966//6196 3218//6196
f 3219//6197 2968//6197 3220//6197
f 3220//6198 2968//6198 3221//6198
f 2966//6199 2968//6199 3219//6199
f 2968//6200 2969//6200 3221//6200
f 3221//6201 2971//6201 3222//6201
f 2969//6202 2971//6202 3221//6202
f 3222//6203 2598//6203 3223//6203
f 2971//6204 2598//6204 3222//6204
f 3223//6205 2596//6205 3098//6205
f 2598//6206 2596//6206 3223//6206
f 3020//6207 3021//6207 3019//6207
f 3021//6208 3016//6208 3019//6208
f 3018//6209 3016//6209 3017//6209
f 3019//6210 3016//6210 3018//6210
f 3022//6211 3023//6211 3021//6211
f 3024//6212 3025//6212 3023//6212
f 3014//6213 3012//6213 3013//6213
f 3025//6214 3027//6214 3023//6214
f 3026//6215 3027//6215 3025//6215
f 3028//6216 3029//6216 3027//6216
f 3011//6217 3009//6217 3010//6217
f 3009//6218 3007//6218 3008//6218
f 3011//6219 3007//6219 3009//6219
f 3004//6220 3002//6220 3003//6220
f 3005//6221 3002//6221 3004//6221
f 3002//6222 3000//6222 3001//6222
f 3006//6223 3000//6223 3005//6223
f 3007//6224 3000//6224 3006//6224
f 3005//6225 3000//6225 3002//6225
f 3038//6226 3039//6226 3037//6226
f 3000//6227 2998//6227 2999//6227
f 3040//6228 3042//6228 3039//6228
f 3041//6229 3042//6229 3040//6229
f 2998//6230 2996//6230 2997//6230
f 3000//6231 2996//6231 2998//6231
f 3043//6232 3044//6232 3042//6232
f 3044//6233 3045//6233 3042//6233
f 2994//6234 2992//6234 2993//6234
f 2995//6235 2992//6235 2994//6235
f 3000//6236 2991//6236 2996//6236
f 2996//6237 2991//6237 2995//6237
f 2995//6238 2991//6238 2992//6238
f 3011//6239 2991//6239 3007//6239
f 3007//6240 2991//6240 3000//6240
f 3046//6241 3048//6241 3045//6241
f 3047//6242 3048//6242 3046//6242
f 2991//6243 2989//6243 2990//6243
f 2991//6244 2988//6244 2989//6244
f 3049//6245 3051//6245 3048//6245
f 3050//6246 3051//6246 3049//6246
f 2988//6247 2986//6247 2987//6247
f 2991//6248 2985//6248 2988//6248
f 2988//6249 2985//6249 2986//6249
f 3012//6250 2985//6250 3011//6250
f 3015//6251 2985//6251 3014//6251
f 3014//6252 2985//6252 3012//6252
f 3011//6253 2985//6253 2991//6253
f 2985//6254 2983//6254 2984//6254
f 3015//6255 2983//6255 2985//6255
f 3021//6256 2983//6256 3016//6256
f 3016//6257 2983//6257 3015//6257
f 3053//6258 3057//6258 3052//6258
f 3054//6259 3057//6259 3053//6259
f 3055//6260 3057//6260 3054//6260
f 3056//6261 3057//6261 3055//6261
f 2982//6262 2980//6262 2981//6262
f 2983//6263 2980//6263 2982//6263
f 3051//6264 3059//6264 3048//6264
f 3057//6265 3059//6265 3052//6265
f 3048//6266 3059//6266 3045//6266
f 3052//6267 3059//6267 3051//6267
f 3058//6268 3059//6268 3057//6268
f 2980//6269 2978//6269 2979//6269
f 3060//6270 3062//6270 3059//6270
f 3061//6271 3062//6271 3060//6271
f 2983//6272 2975//6272 2980//6272
f 2977//6273 2975//6273 2976//6273
f 2978//6274 2975//6274 2977//6274
f 2980//6275 2975//6275 2978//6275
f 3023//6276 2975//6276 3021//6276
f 3027//6277 2975//6277 3023//6277
f 3021//6278 2975//6278 2983//6278
f 3063//6279 3065//6279 3062//6279
f 3064//6280 3065//6280 3063//6280
f 3062//6281 3065//6281 3059//6281
f 2974//6282 2972//6282 2973//6282
f 2975//6283 2972//6283 2974//6283
f 2975//6284 3097//6284 2972//6284
f 3029//6285 3097//6285 3027//6285
f 3027//6286 3097//6286 2975//6286
f 3066//6287 3068//6287 3065//6287
f 3067//6288 3068//6288 3066//6288
f 3097//6289 3095//6289 3096//6289
f 3030//6290 3095//6290 3029//6290
f 3031//6291 3095//6291 3030//6291
f 3032//6292 3095//6292 3031//6292
f 3033//6293 3095//6293 3032//6293
f 3034//6294 3095//6294 3033//6294
f 3029//6295 3095//6295 3097//6295
f 3069//6296 3071//6296 3068//6296
f 3070//6297 3071//6297 3069//6297
f 3095//6298 3093//6298 3094//6298
f 3095//6299 3092//6299 3093//6299
f 3068//6300 3073//6300 3065//6300
f 3071//6301 3073//6301 3068//6301
f 3072//6302 3073//6302 3071//6302
f 3039//6303 3091//6303 3037//6303
f 3095//6304 3091//6304 3092//6304
f 3035//6305 3091//6305 3034//6305
f 3036//6306 3091//6306 3035//6306
f 3037//6307 3091//6307 3036//6307
f 3034//6308 3091//6308 3095//6308
f 3074//6309 3075//6309 3073//6309
f 3065//6310 3075//6310 3059//6310
f 3073//6311 3075//6311 3065//6311
f 3091//6312 3089//6312 3090//6312
f 3089//6313 3087//6313 3088//6313
f 3091//6314 3087//6314 3089//6314
f 3076//6315 3078//6315 3075//6315
f 3077//6316 3078//6316 3076//6316
f 3045//6317 3086//6317 3042//6317
f 3042//6318 3086//6318 3039//6318
f 3039//6319 3086//6319 3091//6319
f 3091//6320 3086//6320 3087//6320
f 3079//6321 3080//6321 3078//6321
f 3078//6322 3080//6322 3075//6322
f 3086//6323 3084//6323 3085//6323
f 3086//6324 3083//6324 3084//6324
f 3045//6325 3083//6325 3086//6325
f 3059//6326 3083//6326 3045//6326
f 3081//6327 3082//6327 3080//6327
f 3075//6328 3082//6328 3059//6328
f 3080//6329 3082//6329 3075//6329
f 3059//6330 3082//6330 3083//6330
f 3146//6331 3147//6331 3145//6331
f 3147//6332 3142//6332 3145//6332
f 3144//6333 3142//6333 3143//6333
f 3145//6334 3142//6334 3144//6334
f 3148//6335 3149//6335 3147//6335
f 3140//6336 3138//6336 3139//6336
f 3150//6337 3153//6337 3149//6337
f 3151//6338 3153//6338 3150//6338
f 3152//6339 3153//6339 3151//6339
f 3141//6340 3137//6340 3140//6340
f 3140//6341 3137//6341 3138//6341
f 3154//6342 3155//6342 3153//6342
f 3137//6343 3135//6343 3136//6343
f 3135//6344 3133//6344 3134//6344
f 3137//6345 3133//6345 3135//6345
f 3133//6346 3131//6346 3132//6346
f 3130//6347 3128//6347 3129//6347
f 3131//6348 3128//6348 3130//6348
f 3128//6349 3126//6349 3127//6349
f 3164//6350 3165//6350 3163//6350
f 3166//6351 3168//6351 3165//6351
f 3167//6352 3168//6352 3166//6352
f 3124//6353 3122//6353 3123//6353
f 3125//6354 3122//6354 3124//6354
f 3126//6355 3122//6355 3125//6355
f 3169//6356 3170//6356 3168//6356
f 3121//6357 3119//6357 3120//6357
f 3170//6358 3172//6358 3168//6358
f 3171//6359 3172//6359 3170//6359
f 3121//6360 3118//6360 3119//6360
f 3173//6361 3174//6361 3172//6361
f 3117//6362 3115//6362 3116//6362
f 3118//6363 3115//6363 3117//6363
f 3175//6364 3176//6364 3174//6364
f 3176//6365 3177//6365 3174//6365
f 3113//6366 3111//6366 3112//6366
f 3114//6367 3111//6367 3113//6367
f 3115//6368 3111//6368 3114//6368
f 3118//6369 3111//6369 3115//6369
f 3174//6370 3180//6370 3172//6370
f 3177//6371 3180//6371 3174//6371
f 3178//6372 3180//6372 3177//6372
f 3179//6373 3180//6373 3178//6373
f 3121//6374 3109//6374 3118//6374
f 3111//6375 3109//6375 3110//6375
f 3122//6376 3109//6376 3121//6376
f 3147//6377 3109//6377 3142//6377
f 3142//6378 3109//6378 3141//6378
f 3118//6379 3109//6379 3111//6379
f 3141//6380 3109//6380 3137//6380
f 3137//6381 3109//6381 3133//6381
f 3133//6382 3109//6382 3131//6382
f 3128//6383 3109//6383 3126//6383
f 3126//6384 3109//6384 3122//6384
f 3131//6385 3109//6385 3128//6385
f 3181//6386 3182//6386 3180//6386
f 3182//6387 3183//6387 3180//6387
f 3109//6388 3107//6388 3108//6388
f 3183//6389 3185//6389 3180//6389
f 3184//6390 3185//6390 3183//6390
f 3186//6391 3187//6391 3185//6391
f 3105//6392 3103//6392 3104//6392
f 3106//6393 3103//6393 3105//6393
f 3187//6394 3188//6394 3185//6394
f 3107//6395 3102//6395 3106//6395
f 3109//6396 3102//6396 3107//6396
f 3106//6397 3102//6397 3103//6397
f 3109//6398 3101//6398 3102//6398
f 3188//6399 3191//6399 3185//6399
f 3189//6400 3191//6400 3188//6400
f 3190//6401 3191//6401 3189//6401
f 3101//6402 3099//6402 3100//6402
f 3109//6403 3223//6403 3101//6403
f 3099//6404 3223//6404 3098//6404
f 3149//6405 3223//6405 3147//6405
f 3147//6406 3223//6406 3109//6406
f 3153//6407 3223//6407 3149//6407
f 3101//6408 3223//6408 3099//6408
f 3192//6409 3194//6409 3191//6409
f 3193//6410 3194//6410 3192//6410
f 3223//6411 3221//6411 3222//6411
f 3195//6412 3197//6412 3194//6412
f 3196//6413 3197//6413 3195//6413
f 3223//6414 3219//6414 3221//6414
f 3221//6415 3219//6415 3220//6415
f 3223//6416 3218//6416 3219//6416
f 3156//6417 3218//6417 3155//6417
f 3157//6418 3218//6418 3156//6418
f 3158//6419 3218//6419 3157//6419
f 3159//6420 3218//6420 3158//6420
f 3160//6421 3218//6421 3159//6421
f 3155//6422 3218//6422 3153//6422
f 3153//6423 3218//6423 3223//6423
f 3194//6424 3199//6424 3191//6424
f 3197//6425 3199//6425 3194//6425
f 3198//6426 3199//6426 3197//6426
f 3218//6427 3216//6427 3217//6427
f 3200//6428 3201//6428 3199//6428
f 3191//6429 3201//6429 3185//6429
f 3199//6430 3201//6430 3191//6430
f 3216//6431 3214//6431 3215//6431
f 3218//6432 3214//6432 3216//6432
f 3202//6433 3203//6433 3201//6433
f 3165//6434 3212//6434 3163//6434
f 3168//6435 3212//6435 3165//6435
f 3214//6436 3212//6436 3213//6436
f 3218//6437 3212//6437 3214//6437
f 3160//6438 3212//6438 3218//6438
f 3161//6439 3212//6439 3160//6439
f 3162//6440 3212//6440 3161//6440
f 3163//6441 3212//6441 3162//6441
f 3204//6442 3206//6442 3203//6442
f 3205//6443 3206//6443 3204//6443
f 3203//6444 3206//6444 3201//6444
f 3212//6445 3210//6445 3211//6445
f 3185//6446 3209//6446 3180//6446
f 3172//6447 3209//6447 3168//6447
f 3168//6448 3209//6448 3212//6448
f 3212//6449 3209//6449 3210//6449
f 3180//6450 3209//6450 3172//6450
f 3201//6451 3209//6451 3185//6451
f 3207//6452 3208//6452 3206//6452
f 3206//6453 3208//6453 3201//6453
f 3201//6454 3208//6454 3209//6454
