# Created by FreeCAD <https://www.freecad.org>
v 0.000000 -4.000000 37.000000
v 0.000000 -76.000000 37.000000
v 0.000000 -76.000000 41.000000
v 0.000000 -4.000000 41.000000
v 0.004818 -76.196274 37.000000
v 0.004818 -76.196274 41.000000
v 0.019261 -76.392067 37.000000
v 0.019261 -76.392067 41.000000
v 0.043294 -76.586922 37.000000
v 0.043294 -76.586922 41.000000
v 0.076859 -76.780365 37.000000
v 0.076859 -76.780365 41.000000
v 0.119875 -76.971924 37.000000
v 0.119875 -76.971924 41.000000
v 0.172239 -77.161140 37.000000
v 0.172239 -77.161140 41.000000
v 0.233824 -77.347557 37.000000
v 0.233824 -77.347557 41.000000
v 0.304482 -77.530731 37.000000
v 0.304482 -77.530731 41.000000
v 0.384043 -77.710220 37.000000
v 0.384043 -77.710220 41.000000
v 0.472315 -77.885590 37.000000
v 0.472315 -77.885590 41.000000
v 0.569086 -78.056412 37.000000
v 0.569086 -78.056412 41.000000
v 0.674122 -78.222282 37.000000
v 0.674122 -78.222282 41.000000
v 0.787170 -78.382797 37.000000
v 0.787170 -78.382797 41.000000
v 0.907958 -78.537575 37.000000
v 0.907958 -78.537575 41.000000
v 1.036196 -78.686234 37.000000
v 1.036196 -78.686234 41.000000
v 1.171573 -78.828430 37.000000
v 1.171573 -78.828430 41.000000
v 1.313764 -78.963806 37.000000
v 1.313764 -78.963806 41.000000
v 1.462427 -79.092041 37.000000
v 1.462427 -79.092041 41.000000
v 1.617203 -79.212830 37.000000
v 1.617203 -79.212830 41.000000
v 1.777719 -79.325882 37.000000
v 1.777719 -79.325882 41.000000
v 1.943589 -79.430916 41.000000
v 1.943589 -79.430916 37.000000
v 2.114413 -79.527687 37.000000
v 2.114413 -79.527687 41.000000
v 2.289780 -79.615959 37.000000
v 2.289780 -79.615959 41.000000
v 2.469266 -79.695518 41.000000
v 2.469266 -79.695518 37.000000
v 2.652441 -79.766174 37.000000
v 2.652441 -79.766174 41.000000
v 2.838861 -79.827759 37.000000
v 2.838861 -79.827759 41.000000
v 3.028079 -79.880127 41.000000
v 3.028079 -79.880127 37.000000
v 3.219639 -79.923141 37.000000
v 3.219639 -79.923141 41.000000
v 3.413078 -79.956703 37.000000
v 3.413078 -79.956703 41.000000
v 3.607931 -79.980736 41.000000
v 3.607931 -79.980736 37.000000
v 3.803729 -79.995178 37.000000
v 3.803729 -79.995178 41.000000
v 4.000000 -80.000000 37.000000
v 4.000000 -80.000000 41.000000
v 4.000000 0.000000 37.000000
v 3.803729 -0.004818 37.000000
v 4.000000 0.000000 41.000000
v 3.803729 -0.004818 41.000000
v 3.607931 -0.019261 37.000000
v 3.607931 -0.019261 41.000000
v 3.413078 -0.043294 37.000000
v 3.413078 -0.043294 41.000000
v 3.219639 -0.076859 37.000000
v 3.219639 -0.076859 41.000000
v 3.028079 -0.119875 37.000000
v 3.028079 -0.119875 41.000000
v 2.838861 -0.172239 37.000000
v 2.838861 -0.172239 41.000000
v 2.652441 -0.233824 37.000000
v 2.652441 -0.233824 41.000000
v 2.469266 -0.304482 37.000000
v 2.469266 -0.304482 41.000000
v 2.289780 -0.384043 37.000000
v 2.289780 -0.384043 41.000000
v 2.114413 -0.472315 37.000000
v 2.114413 -0.472315 41.000000
v 1.943589 -0.569086 37.000000
v 1.943589 -0.569086 41.000000
v 1.777719 -0.674122 37.000000
v 1.777719 -0.674122 41.000000
v 1.617203 -0.787170 37.000000
v 1.617203 -0.787170 41.000000
v 1.462427 -0.907958 37.000000
v 1.462427 -0.907958 41.000000
v 1.313764 -1.036196 37.000000
v 1.313764 -1.036196 41.000000
v 1.171573 -1.171573 37.000000
v 1.171573 -1.171573 41.000000
v 1.036196 -1.313764 37.000000
v 1.036196 -1.313764 41.000000
v 0.907958 -1.462427 37.000000
v 0.907958 -1.462427 41.000000
v 0.787170 -1.617203 37.000000
v 0.787170 -1.617203 41.000000
v 0.674122 -1.777719 37.000000
v 0.674122 -1.777719 41.000000
v 0.569086 -1.943589 37.000000
v 0.569086 -1.943589 41.000000
v 0.472315 -2.114413 37.000000
v 0.472315 -2.114413 41.000000
v 0.384043 -2.289780 37.000000
v 0.384043 -2.289780 41.000000
v 0.304482 -2.469266 37.000000
v 0.304482 -2.469266 41.000000
v 0.233824 -2.652441 41.000000
v 0.233824 -2.652441 37.000000
v 0.172239 -2.838861 37.000000
v 0.172239 -2.838861 41.000000
v 0.119875 -3.028079 41.000000
v 0.119875 -3.028079 37.000000
v 0.076859 -3.219639 37.000000
v 0.076859 -3.219639 41.000000
v 0.043294 -3.413078 37.000000
v 0.043294 -3.413078 41.000000
v 0.019261 -3.607931 37.000000
v 0.019261 -3.607931 41.000000
v 0.004818 -3.803729 41.000000
v 0.004818 -3.803729 37.000000
v 8.200000 -64.000000 37.000000
v 3.800000 -64.000000 37.000000
v 23.000000 -71.800003 37.000000
v 23.000000 -76.199997 37.000000
v 12.387286 -57.496380 37.000000
v 12.463879 -57.574905 37.000000
v 12.544291 -57.649517 37.000000
v 12.314702 -57.414131 37.000000
v 12.628323 -57.720028 37.000000
v 12.246308 -57.328369 37.000000
v 12.715764 -57.786263 37.000000
v 12.182275 -57.239304 37.000000
v 12.806398 -57.848057 37.000000
v 12.122760 -57.147156 37.000000
v 12.900000 -57.905254 37.000000
v 12.067912 -57.052158 37.000000
v 12.996337 -57.957718 37.000000
v 12.017868 -56.954544 37.000000
v 13.095168 -58.005314 37.000000
v 11.972753 -56.854557 37.000000
v 13.196250 -58.047924 37.000000
v 11.932676 -56.752445 37.000000
v 13.299330 -58.085442 37.000000
v 11.897739 -56.648460 37.000000
v 13.404151 -58.117775 37.000000
v 13.510454 -58.144840 37.000000
v 13.617974 -58.166576 37.000000
v 13.726444 -58.182926 37.000000
v 13.835594 -58.193848 37.000000
v 13.945152 -58.199318 37.000000
v 3.800000 -48.000000 37.000000
v 14.054848 -58.199318 37.000000
v 14.164406 -58.193848 37.000000
v 14.273556 -58.182926 37.000000
v 14.382026 -58.166576 37.000000
v 14.489546 -58.144840 37.000000
v 14.595849 -58.117775 37.000000
v 14.700670 -58.085442 37.000000
v 14.803750 -58.047924 37.000000
v 14.904832 -58.005314 37.000000
v 15.003663 -57.957718 37.000000
v 15.100000 -57.905254 37.000000
v 15.193602 -57.848057 37.000000
v 15.284236 -57.786263 37.000000
v 15.371677 -57.720028 37.000000
v 15.455709 -57.649517 37.000000
v 15.536121 -57.574905 37.000000
v 15.612714 -57.496380 37.000000
v 15.685298 -57.414131 37.000000
v 15.753692 -57.328369 37.000000
v 15.817725 -57.239304 37.000000
v 15.877240 -57.147156 37.000000
v 15.932088 -57.052158 37.000000
v 15.982132 -56.954544 37.000000
v 16.027248 -56.854557 37.000000
v 16.067324 -56.752445 37.000000
v 16.102261 -56.648460 37.000000
v 16.131969 -56.542866 37.000000
v 16.156380 -56.435921 37.000000
v 13.835594 -53.806152 37.000000
v 8.200000 -48.000000 37.000000
v 13.945152 -53.800682 37.000000
v 13.726444 -53.817074 37.000000
v 13.617974 -53.833424 37.000000
v 13.510454 -53.855160 37.000000
v 13.404151 -53.882225 37.000000
v 13.299330 -53.914558 37.000000
v 13.196250 -53.952076 37.000000
v 13.095168 -53.994686 37.000000
v 12.996337 -54.042282 37.000000
v 12.900000 -54.094746 37.000000
v 12.806398 -54.151943 37.000000
v 12.715764 -54.213737 37.000000
v 12.628323 -54.279972 37.000000
v 12.544291 -54.350483 37.000000
v 12.463879 -54.425095 37.000000
v 12.387286 -54.503620 37.000000
v 12.314702 -54.585869 37.000000
v 12.246308 -54.671631 37.000000
v 12.182275 -54.760696 37.000000
v 12.122760 -54.852844 37.000000
v 12.067912 -54.947842 37.000000
v 12.017868 -55.045456 37.000000
v 11.972753 -55.145443 37.000000
v 11.932676 -55.247555 37.000000
v 11.897739 -55.351540 37.000000
v 14.054848 -53.800682 37.000000
v 14.164406 -53.806152 37.000000
v 14.273556 -53.817074 37.000000
v 14.382026 -53.833424 37.000000
v 14.489546 -53.855160 37.000000
v 14.595849 -53.882225 37.000000
v 14.700670 -53.914558 37.000000
v 14.803750 -53.952076 37.000000
v 14.904832 -53.994686 37.000000
v 37.799999 -76.199997 37.000000
v 16.197266 -55.890339 37.000000
v 37.799999 -71.800003 37.000000
v 16.200001 -56.000000 37.000000
v 16.189068 -55.780952 37.000000
v 16.175428 -55.672108 37.000000
v 16.156380 -55.564079 37.000000
v 16.131969 -55.457134 37.000000
v 16.102261 -55.351540 37.000000
v 16.067324 -55.247555 37.000000
v 16.027248 -55.145443 37.000000
v 16.175428 -56.327892 37.000000
v 16.189068 -56.219048 37.000000
v 16.197266 -56.109661 37.000000
v 3.800000 -32.000000 37.000000
v 8.200000 -32.000000 37.000000
v 15.284236 -54.213737 37.000000
v 15.371677 -54.279972 37.000000
v 15.193602 -54.151943 37.000000
v 15.100000 -54.094746 37.000000
v 15.003663 -54.042282 37.000000
v 52.599998 -76.199997 37.000000
v 52.599998 -71.800003 37.000000
v 3.800000 -16.000000 37.000000
v 8.200000 -16.000000 37.000000
v 12.387286 -15.496380 37.000000
v 12.463879 -15.574907 37.000000
v 12.544291 -15.649519 37.000000
v 12.314702 -15.414133 37.000000
v 12.628323 -15.720029 37.000000
v 12.246308 -15.328370 37.000000
v 12.715764 -15.786263 37.000000
v 12.182275 -15.239305 37.000000
v 12.806398 -15.848057 37.000000
v 12.122760 -15.147158 37.000000
v 12.900000 -15.905256 37.000000
v 12.067912 -15.052158 37.000000
v 12.996337 -15.957718 37.000000
v 12.017868 -14.954544 37.000000
v 13.095168 -16.005312 37.000000
v 11.972753 -14.854556 37.000000
v 13.196250 -16.047922 37.000000
v 11.932676 -14.752444 37.000000
v 13.299330 -16.085440 37.000000
v 11.897739 -14.648461 37.000000
v 13.404151 -16.117773 37.000000
v 11.868030 -14.542867 37.000000
v 13.510454 -16.144842 37.000000
v 11.843620 -14.435922 37.000000
v 13.617974 -16.166576 37.000000
v 11.824573 -14.327893 37.000000
v 13.726444 -16.182926 37.000000
v 11.810932 -14.219049 37.000000
v 13.835594 -16.193848 37.000000
v 11.802734 -14.109661 37.000000
v 13.945152 -16.199316 37.000000
v 11.800000 -14.000000 37.000000
v 14.054848 -16.199316 37.000000
v 11.802734 -13.890339 37.000000
v 14.164406 -16.193848 37.000000
v 11.810932 -13.780951 37.000000
v 14.273556 -16.182926 37.000000
v 11.824573 -13.672107 37.000000
v 14.382026 -16.166576 37.000000
v 11.843620 -13.564078 37.000000
v 14.489546 -16.144842 37.000000
v 11.868030 -13.457133 37.000000
v 14.595849 -16.117773 37.000000
v 11.897739 -13.351539 37.000000
v 14.700670 -16.085440 37.000000
v 11.932676 -13.247556 37.000000
v 14.803750 -16.047922 37.000000
v 11.972753 -13.145444 37.000000
v 14.904832 -16.005312 37.000000
v 12.017868 -13.045456 37.000000
v 15.003663 -15.957718 37.000000
v 12.067912 -12.947842 37.000000
v 15.100000 -15.905256 37.000000
v 12.122760 -12.852842 37.000000
v 15.193602 -15.848057 37.000000
v 12.182275 -12.760695 37.000000
v 12.246308 -12.671630 37.000000
v 12.314702 -12.585867 37.000000
v 12.387286 -12.503620 37.000000
v 12.463879 -12.425093 37.000000
v 13.835594 -11.806151 37.000000
v 13.945152 -11.800684 37.000000
v 13.726444 -11.817074 37.000000
v 13.617974 -11.833423 37.000000
v 13.510454 -11.855159 37.000000
v 13.404151 -11.882227 37.000000
v 13.299330 -11.914559 37.000000
v 13.196250 -11.952078 37.000000
v 13.095168 -11.994687 37.000000
v 12.996337 -12.042282 37.000000
v 12.900000 -12.094744 37.000000
v 12.806398 -12.151943 37.000000
v 12.715764 -12.213737 37.000000
v 12.628323 -12.279971 37.000000
v 12.544291 -12.350481 37.000000
v 67.400002 -71.800003 37.000000
v 82.199997 -71.800003 37.000000
v 67.400002 -76.199997 37.000000
v 82.199997 -76.199997 37.000000
v 16.197266 -13.890339 37.000000
v 23.000000 -8.200000 37.000000
v 16.200001 -14.000000 37.000000
v 16.189068 -13.780951 37.000000
v 16.175428 -13.672107 37.000000
v 16.156380 -13.564078 37.000000
v 16.131969 -13.457133 37.000000
v 16.102261 -13.351539 37.000000
v 16.067324 -13.247556 37.000000
v 16.027248 -13.145444 37.000000
v 15.982132 -13.045456 37.000000
v 15.932088 -12.947842 37.000000
v 15.877240 -12.852842 37.000000
v 15.817725 -12.760695 37.000000
v 15.753692 -12.671630 37.000000
v 15.685298 -12.585867 37.000000
v 15.612714 -12.503620 37.000000
v 15.536121 -12.425093 37.000000
v 15.455709 -12.350481 37.000000
v 15.371677 -12.279971 37.000000
v 15.284236 -12.213737 37.000000
v 15.193602 -12.151943 37.000000
v 15.100000 -12.094744 37.000000
v 16.175428 -14.327893 37.000000
v 16.156380 -14.435922 37.000000
v 15.003663 -12.042282 37.000000
v 16.189068 -14.219049 37.000000
v 14.904832 -11.994687 37.000000
v 16.197266 -14.109661 37.000000
v 14.803750 -11.952078 37.000000
v 15.612714 -15.496380 37.000000
v 32.387287 -15.496380 37.000000
v 15.536121 -15.574907 37.000000
v 32.463879 -15.574907 37.000000
v 32.544292 -15.649519 37.000000
v 15.455709 -15.649519 37.000000
v 32.314701 -15.414133 37.000000
v 15.685298 -15.414133 37.000000
v 32.628323 -15.720029 37.000000
v 15.371677 -15.720029 37.000000
v 15.753692 -15.328370 37.000000
v 32.246307 -15.328370 37.000000
v 32.715763 -15.786263 37.000000
v 15.284236 -15.786263 37.000000
v 32.182274 -15.239305 37.000000
v 15.817725 -15.239305 37.000000
v 32.806396 -15.848057 37.000000
v 15.877240 -15.147158 37.000000
v 32.122761 -15.147158 37.000000
v 15.932088 -15.052158 37.000000
v 32.900002 -15.905256 37.000000
v 32.067913 -15.052158 37.000000
v 32.996338 -15.957718 37.000000
v 15.982132 -14.954544 37.000000
v 32.017868 -14.954544 37.000000
v 16.027248 -14.854556 37.000000
v 33.095169 -16.005312 37.000000
v 31.972752 -14.854556 37.000000
v 33.196251 -16.047922 37.000000
v 16.067324 -14.752444 37.000000
v 31.932676 -14.752444 37.000000
v 33.299328 -16.085440 37.000000
v 16.102261 -14.648461 37.000000
v 31.897739 -14.648461 37.000000
v 33.404152 -16.117773 37.000000
v 16.131969 -14.542867 37.000000
v 31.868031 -14.542867 37.000000
v 33.510452 -16.144842 37.000000
v 31.843620 -14.435922 37.000000
v 33.617973 -16.166576 37.000000
v 15.455709 -54.350483 37.000000
v 31.824572 -14.327893 37.000000
v 33.726444 -16.182926 37.000000
v 15.536121 -54.425095 37.000000
v 31.810932 -14.219049 37.000000
v 33.835594 -16.193848 37.000000
v 15.612714 -54.503620 37.000000
v 31.802734 -14.109661 37.000000
v 33.945152 -16.199316 37.000000
v 15.685298 -54.585869 37.000000
v 31.799999 -14.000000 37.000000
v 34.054848 -16.199316 37.000000
v 15.753692 -54.671631 37.000000
v 31.802734 -13.890339 37.000000
v 34.164406 -16.193848 37.000000
v 15.817725 -54.760696 37.000000
v 31.810932 -13.780951 37.000000
v 34.273556 -16.182926 37.000000
v 15.877240 -54.852844 37.000000
v 31.824572 -13.672107 37.000000
v 34.382027 -16.166576 37.000000
v 15.932088 -54.947842 37.000000
v 31.843620 -13.564078 37.000000
v 34.489548 -16.144842 37.000000
v 15.982132 -55.045456 37.000000
v 31.868031 -13.457133 37.000000
v 34.595848 -16.117773 37.000000
v 31.897739 -13.351539 37.000000
v 34.700672 -16.085440 37.000000
v 31.932676 -13.247556 37.000000
v 34.803749 -16.047922 37.000000
v 31.972752 -13.145444 37.000000
v 34.904831 -16.005312 37.000000
v 32.017868 -13.045456 37.000000
v 35.003662 -15.957718 37.000000
v 32.067913 -12.947842 37.000000
v 35.099998 -15.905256 37.000000
v 14.700670 -11.914559 37.000000
v 23.000000 -3.800000 37.000000
v 14.595849 -11.882227 37.000000
v 14.489546 -11.855159 37.000000
v 14.382026 -11.833423 37.000000
v 14.273556 -11.817074 37.000000
v 14.164406 -11.806151 37.000000
v 14.054848 -11.800684 37.000000
v 32.122761 -12.852842 37.000000
v 35.193604 -15.848057 37.000000
v 32.182274 -12.760695 37.000000
v 35.284237 -15.786263 37.000000
v 32.246307 -12.671630 37.000000
v 35.371677 -15.720029 37.000000
v 32.314701 -12.585867 37.000000
v 35.455708 -15.649519 37.000000
v 32.387287 -12.503620 37.000000
v 32.463879 -12.425093 37.000000
v 32.544292 -12.350481 37.000000
v 32.628323 -12.279971 37.000000
v 32.715763 -12.213737 37.000000
v 32.806396 -12.151943 37.000000
v 32.900002 -12.094744 37.000000
v 36.189068 -13.780951 37.000000
v 37.799999 -8.200000 37.000000
v 36.197266 -13.890339 37.000000
v 36.175426 -13.672107 37.000000
v 36.156380 -13.564078 37.000000
v 36.131969 -13.457133 37.000000
v 36.102261 -13.351539 37.000000
v 36.067326 -13.247556 37.000000
v 36.027248 -13.145444 37.000000
v 35.982132 -13.045456 37.000000
v 35.932087 -12.947842 37.000000
v 35.877239 -12.852842 37.000000
v 35.817726 -12.760695 37.000000
v 35.753693 -12.671630 37.000000
v 35.685299 -12.585867 37.000000
v 35.612713 -12.503620 37.000000
v 35.536121 -12.425093 37.000000
v 35.455708 -12.350481 37.000000
v 35.371677 -12.279971 37.000000
v 35.284237 -12.213737 37.000000
v 35.193604 -12.151943 37.000000
v 35.099998 -12.094744 37.000000
v 35.003662 -12.042282 37.000000
v 34.904831 -11.994687 37.000000
v 34.803749 -11.952078 37.000000
v 34.700672 -11.914559 37.000000
v 34.595848 -11.882227 37.000000
v 34.489548 -11.855159 37.000000
v 34.382027 -11.833423 37.000000
v 34.273556 -11.817074 37.000000
v 34.164406 -11.806151 37.000000
v 34.054848 -11.800684 37.000000
v 33.945152 -11.800684 37.000000
v 33.835594 -11.806151 37.000000
v 33.726444 -11.817074 37.000000
v 33.617973 -11.833423 37.000000
v 33.510452 -11.855159 37.000000
v 116.000000 -80.000000 37.000000
v 97.000000 -71.800003 37.000000
v 97.000000 -76.199997 37.000000
v 116.196274 -79.995178 37.000000
v 116.586922 -79.956703 37.000000
v 116.392067 -79.980736 37.000000
v 116.780365 -79.923141 37.000000
v 116.971924 -79.880127 37.000000
v 117.161140 -79.827759 37.000000
v 117.530731 -79.695518 37.000000
v 117.347557 -79.766174 37.000000
v 117.710220 -79.615959 37.000000
v 118.056412 -79.430916 37.000000
v 117.885590 -79.527687 37.000000
v 118.382797 -79.212830 37.000000
v 118.222282 -79.325882 37.000000
v 118.537575 -79.092041 37.000000
v 118.686234 -78.963806 37.000000
v 118.828430 -78.828430 37.000000
v 119.212830 -78.382797 37.000000
v 118.963806 -78.686234 37.000000
v 119.092041 -78.537575 37.000000
v 119.325882 -78.222282 37.000000
v 119.527687 -77.885590 37.000000
v 119.430916 -78.056412 37.000000
v 119.615959 -77.710220 37.000000
v 119.695518 -77.530731 37.000000
v 119.827759 -77.161140 37.000000
v 119.766174 -77.347557 37.000000
v 119.956703 -76.586922 37.000000
v 119.880127 -76.971924 37.000000
v 119.923141 -76.780365 37.000000
v 119.995178 -76.196274 37.000000
v 119.980736 -76.392067 37.000000
v 120.000000 -76.000000 37.000000
v 52.599998 -8.200000 37.000000
v 36.200001 -14.000000 37.000000
v 35.536121 -15.574907 37.000000
v 35.612713 -15.496380 37.000000
v 35.685299 -15.414133 37.000000
v 35.753693 -15.328370 37.000000
v 35.817726 -15.239305 37.000000
v 35.877239 -15.147158 37.000000
v 35.932087 -15.052158 37.000000
v 35.982132 -14.954544 37.000000
v 36.027248 -14.854556 37.000000
v 36.067326 -14.752444 37.000000
v 36.102261 -14.648461 37.000000
v 36.131969 -14.542867 37.000000
v 36.156380 -14.435922 37.000000
v 36.175426 -14.327893 37.000000
v 36.189068 -14.219049 37.000000
v 36.197266 -14.109661 37.000000
v 104.387283 -57.496380 37.000000
v 104.463882 -57.574905 37.000000
v 104.544289 -57.649517 37.000000
v 104.314705 -57.414131 37.000000
v 104.628319 -57.720028 37.000000
v 104.246307 -57.328369 37.000000
v 104.715767 -57.786263 37.000000
v 104.182274 -57.239304 37.000000
v 104.806396 -57.848057 37.000000
v 104.122757 -57.147156 37.000000
v 104.900002 -57.905254 37.000000
v 104.067909 -57.052158 37.000000
v 104.996338 -57.957718 37.000000
v 104.017868 -56.954544 37.000000
v 105.095169 -58.005314 37.000000
v 103.972755 -56.854557 37.000000
v 105.196251 -58.047924 37.000000
v 103.932678 -56.752445 37.000000
v 105.299332 -58.085442 37.000000
v 103.897743 -56.648460 37.000000
v 105.404152 -58.117775 37.000000
v 103.868027 -56.542866 37.000000
v 105.510452 -58.144840 37.000000
v 103.843620 -56.435921 37.000000
v 103.824570 -56.327892 37.000000
v 103.810936 -56.219048 37.000000
v 103.802734 -56.109661 37.000000
v 103.800003 -56.000000 37.000000
v 111.800003 -64.000000 37.000000
v 105.617973 -58.166576 37.000000
v 105.726440 -58.182926 37.000000
v 105.835594 -58.193848 37.000000
v 105.945152 -58.199318 37.000000
v 106.054848 -58.199318 37.000000
v 103.802734 -55.890339 37.000000
v 106.164406 -58.193848 37.000000
v 103.810936 -55.780952 37.000000
v 106.273560 -58.182926 37.000000
v 103.824570 -55.672108 37.000000
v 106.382027 -58.166576 37.000000
v 103.843620 -55.564079 37.000000
v 106.489548 -58.144840 37.000000
v 103.868027 -55.457134 37.000000
v 106.595848 -58.117775 37.000000
v 103.897743 -55.351540 37.000000
v 106.700668 -58.085442 37.000000
v 103.932678 -55.247555 37.000000
v 106.803749 -58.047924 37.000000
v 37.799999 -3.800000 37.000000
v 52.599998 -3.800000 37.000000
v 106.904831 -58.005314 37.000000
v 107.003662 -57.957718 37.000000
v 107.099998 -57.905254 37.000000
v 107.193604 -57.848057 37.000000
v 107.284233 -57.786263 37.000000
v 107.371681 -57.720028 37.000000
v 107.455711 -57.649517 37.000000
v 107.536118 -57.574905 37.000000
v 107.612717 -57.496380 37.000000
v 107.685295 -57.414131 37.000000
v 107.753693 -57.328369 37.000000
v 107.817726 -57.239304 37.000000
v 107.877243 -57.147156 37.000000
v 107.932091 -57.052158 37.000000
v 107.982132 -56.954544 37.000000
v 108.027245 -56.854557 37.000000
v 108.067322 -56.752445 37.000000
v 108.102257 -56.648460 37.000000
v 116.199997 -64.000000 37.000000
v 67.400002 -8.200000 37.000000
v 106.273560 -53.817074 37.000000
v 111.800003 -48.000000 37.000000
v 106.382027 -53.833424 37.000000
v 106.164406 -53.806152 37.000000
v 106.054848 -53.800682 37.000000
v 105.945152 -53.800682 37.000000
v 105.835594 -53.806152 37.000000
v 105.726440 -53.817074 37.000000
v 105.617973 -53.833424 37.000000
v 105.510452 -53.855160 37.000000
v 105.404152 -53.882225 37.000000
v 105.299332 -53.914558 37.000000
v 105.196251 -53.952076 37.000000
v 105.095169 -53.994686 37.000000
v 108.067322 -55.247555 37.000000
v 108.102257 -55.351540 37.000000
v 108.027245 -55.145443 37.000000
v 107.982132 -55.045456 37.000000
v 107.932091 -54.947842 37.000000
v 107.877243 -54.852844 37.000000
v 107.817726 -54.760696 37.000000
v 107.753693 -54.671631 37.000000
v 107.685295 -54.585869 37.000000
v 107.612717 -54.503620 37.000000
v 107.536118 -54.425095 37.000000
v 107.455711 -54.350483 37.000000
v 107.371681 -54.279972 37.000000
v 107.284233 -54.213737 37.000000
v 107.193604 -54.151943 37.000000
v 107.099998 -54.094746 37.000000
v 107.003662 -54.042282 37.000000
v 106.904831 -53.994686 37.000000
v 106.803749 -53.952076 37.000000
v 106.700668 -53.914558 37.000000
v 106.595848 -53.882225 37.000000
v 106.489548 -53.855160 37.000000
v 116.199997 -48.000000 37.000000
v 95.292892 -24.957108 37.000000
v 95.259048 -24.921558 37.000000
v 95.328438 -24.990952 37.000000
v 95.226990 -24.884394 37.000000
v 95.365608 -25.023010 37.000000
v 95.196793 -24.845699 37.000000
v 95.404305 -25.053207 37.000000
v 103.972755 -55.145443 37.000000
v 95.168533 -24.805571 37.000000
v 95.444427 -25.081470 37.000000
v 104.017868 -55.045456 37.000000
v 95.142273 -24.764103 37.000000
v 95.485901 -25.107729 37.000000
v 104.067909 -54.947842 37.000000
v 95.118080 -24.721397 37.000000
v 95.528603 -25.131922 37.000000
v 104.122757 -54.852844 37.000000
v 95.096008 -24.677555 37.000000
v 95.572441 -25.153990 37.000000
v 104.182274 -54.760696 37.000000
v 95.076118 -24.632683 37.000000
v 95.617317 -25.173880 37.000000
v 104.246307 -54.671631 37.000000
v 95.058456 -24.586889 37.000000
v 95.663109 -25.191544 37.000000
v 104.314705 -54.585869 37.000000
v 95.043060 -24.540285 37.000000
v 95.709717 -25.206940 37.000000
v 104.387283 -54.503620 37.000000
v 95.029968 -24.492981 37.000000
v 95.757019 -25.220032 37.000000
v 104.463882 -54.425095 37.000000
v 95.019218 -24.445091 37.000000
v 95.804909 -25.230785 37.000000
v 95.853271 -25.239176 37.000000
v 104.544289 -54.350483 37.000000
v 95.010826 -24.396730 37.000000
v 95.901985 -25.245184 37.000000
v 104.628319 -54.279972 37.000000
v 95.950935 -25.248795 37.000000
v 104.715767 -54.213737 37.000000
v 104.900002 -54.094746 37.000000
v 96.000000 -25.250000 37.000000
v 104.996338 -54.042282 37.000000
v 104.806396 -54.151943 37.000000
v 82.199997 -8.200000 37.000000
v 67.400002 -3.800000 37.000000
v 95.001205 -24.299068 37.000000
v 95.000000 -24.250000 37.000000
v 95.004814 -24.348017 37.000000
v 100.000000 -25.250000 37.000000
v 82.199997 -3.800000 37.000000
v 100.049065 -25.248795 37.000000
v 111.800003 -32.000000 37.000000
v 100.098015 -25.245184 37.000000
v 100.146729 -25.239176 37.000000
v 100.195091 -25.230785 37.000000
v 100.242981 -25.220032 37.000000
v 100.290283 -25.206940 37.000000
v 100.336891 -25.191544 37.000000
v 100.382683 -25.173880 37.000000
v 100.427559 -25.153990 37.000000
v 100.471397 -25.131922 37.000000
v 100.514099 -25.107729 37.000000
v 100.555573 -25.081470 37.000000
v 100.595695 -25.053207 37.000000
v 100.634392 -25.023010 37.000000
v 100.671562 -24.990952 37.000000
v 100.707108 -24.957108 37.000000
v 100.740952 -24.921558 37.000000
v 100.773010 -24.884394 37.000000
v 100.803207 -24.845699 37.000000
v 100.831467 -24.805571 37.000000
v 100.857727 -24.764103 37.000000
v 100.881920 -24.721397 37.000000
v 100.903992 -24.677555 37.000000
v 100.923882 -24.632683 37.000000
v 100.941544 -24.586889 37.000000
v 100.956940 -24.540285 37.000000
v 100.970032 -24.492981 37.000000
v 100.980782 -24.445091 37.000000
v 100.989174 -24.396730 37.000000
v 100.995186 -24.348017 37.000000
v 100.998795 -24.299068 37.000000
v 101.000000 -24.250000 37.000000
v 95.000000 -12.250000 37.000000
v 95.001205 -12.200933 37.000000
v 95.004814 -12.151983 37.000000
v 95.010826 -12.103270 37.000000
v 95.019218 -12.054910 37.000000
v 95.029968 -12.007020 37.000000
v 95.043060 -11.959715 37.000000
v 95.058456 -11.913110 37.000000
v 95.076118 -11.867316 37.000000
v 95.096008 -11.822445 37.000000
v 95.118080 -11.778604 37.000000
v 95.142273 -11.735897 37.000000
v 95.168533 -11.694429 37.000000
v 95.196793 -11.654301 37.000000
v 95.226990 -11.615606 37.000000
v 95.259048 -11.578441 37.000000
v 116.199997 -32.000000 37.000000
v 100.000000 -11.250000 37.000000
v 97.000000 -8.200000 37.000000
v 100.049065 -11.251204 37.000000
v 95.950935 -11.251204 37.000000
v 96.000000 -11.250000 37.000000
v 95.901985 -11.254815 37.000000
v 95.853271 -11.260823 37.000000
v 95.804909 -11.269215 37.000000
v 95.757019 -11.279969 37.000000
v 95.709717 -11.293059 37.000000
v 95.663109 -11.308455 37.000000
v 95.617317 -11.326120 37.000000
v 95.572441 -11.346011 37.000000
v 95.528603 -11.368079 37.000000
v 95.485901 -11.392271 37.000000
v 95.444427 -11.418530 37.000000
v 95.404305 -11.446793 37.000000
v 95.365608 -11.476990 37.000000
v 95.328438 -11.509048 37.000000
v 95.292892 -11.542893 37.000000
v 100.098015 -11.254815 37.000000
v 100.146729 -11.260823 37.000000
v 104.387283 -15.496380 37.000000
v 104.463882 -15.574907 37.000000
v 104.544289 -15.649519 37.000000
v 104.314705 -15.414133 37.000000
v 104.628319 -15.720029 37.000000
v 104.246307 -15.328370 37.000000
v 100.195091 -11.269215 37.000000
v 104.715767 -15.786263 37.000000
v 104.182274 -15.239305 37.000000
v 104.806396 -15.848057 37.000000
v 100.242981 -11.279969 37.000000
v 104.122757 -15.147158 37.000000
v 104.900002 -15.905256 37.000000
v 100.290283 -11.293059 37.000000
v 101.000000 -12.250000 37.000000
v 104.067909 -15.052158 37.000000
v 100.336891 -11.308455 37.000000
v 104.996338 -15.957718 37.000000
v 104.017868 -14.954544 37.000000
v 105.095169 -16.005312 37.000000
v 103.972755 -14.854556 37.000000
v 105.196251 -16.047922 37.000000
v 103.932678 -14.752444 37.000000
v 105.299332 -16.085440 37.000000
v 103.897743 -14.648461 37.000000
v 105.404152 -16.117773 37.000000
v 103.868027 -14.542867 37.000000
v 105.510452 -16.144842 37.000000
v 103.843620 -14.435922 37.000000
v 105.617973 -16.166576 37.000000
v 103.824570 -14.327893 37.000000
v 105.726440 -16.182926 37.000000
v 103.810936 -14.219049 37.000000
v 105.835594 -16.193848 37.000000
v 103.802734 -14.109661 37.000000
v 105.945152 -16.199316 37.000000
v 103.800003 -14.000000 37.000000
v 106.054848 -16.199316 37.000000
v 103.802734 -13.890339 37.000000
v 106.164406 -16.193848 37.000000
v 103.810936 -13.780951 37.000000
v 106.273560 -16.182926 37.000000
v 103.824570 -13.672107 37.000000
v 106.382027 -16.166576 37.000000
v 103.843620 -13.564078 37.000000
v 106.489548 -16.144842 37.000000
v 103.868027 -13.457133 37.000000
v 106.595848 -16.117773 37.000000
v 103.897743 -13.351539 37.000000
v 106.700668 -16.085440 37.000000
v 103.932678 -13.247556 37.000000
v 103.972755 -13.145444 37.000000
v 104.017868 -13.045456 37.000000
v 104.067909 -12.947842 37.000000
v 100.998795 -12.200933 37.000000
v 100.995186 -12.151983 37.000000
v 104.122757 -12.852842 37.000000
v 100.989174 -12.103270 37.000000
v 100.980782 -12.054910 37.000000
v 104.182274 -12.760695 37.000000
v 100.970032 -12.007020 37.000000
v 104.246307 -12.671630 37.000000
v 100.956940 -11.959715 37.000000
v 100.941544 -11.913110 37.000000
v 104.314705 -12.585867 37.000000
v 100.923882 -11.867316 37.000000
v 104.387283 -12.503620 37.000000
v 100.903992 -11.822445 37.000000
v 100.881920 -11.778604 37.000000
v 104.463882 -12.425093 37.000000
v 100.857727 -11.735897 37.000000
v 104.544289 -12.350481 37.000000
v 100.831467 -11.694429 37.000000
v 104.628319 -12.279971 37.000000
v 100.803207 -11.654301 37.000000
v 100.773010 -11.615606 37.000000
v 104.715767 -12.213737 37.000000
v 100.740952 -11.578441 37.000000
v 104.806396 -12.151943 37.000000
v 100.707108 -11.542893 37.000000
v 104.900002 -12.094744 37.000000
v 100.671562 -11.509048 37.000000
v 104.996338 -12.042282 37.000000
v 100.634392 -11.476990 37.000000
v 100.595695 -11.446793 37.000000
v 105.095169 -11.994687 37.000000
v 100.427559 -11.346011 37.000000
v 97.000000 -3.800000 37.000000
v 100.471397 -11.368079 37.000000
v 100.382683 -11.326120 37.000000
v 100.555573 -11.418530 37.000000
v 105.196251 -11.952078 37.000000
v 100.514099 -11.392271 37.000000
v 105.299332 -11.914559 37.000000
v 105.404152 -11.882227 37.000000
v 105.510452 -11.855159 37.000000
v 105.617973 -11.833423 37.000000
v 105.726440 -11.817074 37.000000
v 105.835594 -11.806151 37.000000
v 105.945152 -11.800684 37.000000
v 106.054848 -11.800684 37.000000
v 107.099998 -15.905256 37.000000
v 111.800003 -16.000000 37.000000
v 107.003662 -15.957718 37.000000
v 108.156380 -13.564078 37.000000
v 108.175430 -13.672107 37.000000
v 107.193604 -15.848057 37.000000
v 108.131973 -13.457133 37.000000
v 107.284233 -15.786263 37.000000
v 108.102257 -13.351539 37.000000
v 107.371681 -15.720029 37.000000
v 108.067322 -13.247556 37.000000
v 107.455711 -15.649519 37.000000
v 108.027245 -13.145444 37.000000
v 107.536118 -15.574907 37.000000
v 107.982132 -13.045456 37.000000
v 107.612717 -15.496380 37.000000
v 107.932091 -12.947842 37.000000
v 107.685295 -15.414133 37.000000
v 107.877243 -12.852842 37.000000
v 107.753693 -15.328370 37.000000
v 107.817726 -15.239305 37.000000
v 107.877243 -15.147158 37.000000
v 107.932091 -15.052158 37.000000
v 107.982132 -14.954544 37.000000
v 108.027245 -14.854556 37.000000
v 108.067322 -14.752444 37.000000
v 108.102257 -14.648461 37.000000
v 108.131973 -14.542867 37.000000
v 108.156380 -14.435922 37.000000
v 108.175430 -14.327893 37.000000
v 108.189064 -14.219049 37.000000
v 108.197266 -14.109661 37.000000
v 108.199997 -14.000000 37.000000
v 106.803749 -16.047922 37.000000
v 108.197266 -13.890339 37.000000
v 106.904831 -16.005312 37.000000
v 108.189064 -13.780951 37.000000
v 116.199997 -16.000000 37.000000
v 107.817726 -12.760695 37.000000
v 120.000000 -4.000000 37.000000
v 107.753693 -12.671630 37.000000
v 107.685295 -12.585867 37.000000
v 107.612717 -12.503620 37.000000
v 107.536118 -12.425093 37.000000
v 116.000000 0.000000 37.000000
v 107.455711 -12.350481 37.000000
v 107.371681 -12.279971 37.000000
v 107.284233 -12.213737 37.000000
v 107.193604 -12.151943 37.000000
v 107.099998 -12.094744 37.000000
v 107.003662 -12.042282 37.000000
v 106.904831 -11.994687 37.000000
v 106.803749 -11.952078 37.000000
v 106.700668 -11.914559 37.000000
v 106.595848 -11.882227 37.000000
v 106.489548 -11.855159 37.000000
v 106.382027 -11.833423 37.000000
v 106.273560 -11.817074 37.000000
v 106.164406 -11.806151 37.000000
v 119.995178 -3.803729 37.000000
v 119.956703 -3.413078 37.000000
v 119.980736 -3.607931 37.000000
v 116.586922 -0.043294 37.000000
v 116.780365 -0.076859 37.000000
v 116.392067 -0.019261 37.000000
v 119.880127 -3.028079 37.000000
v 119.923141 -3.219639 37.000000
v 116.971924 -0.119875 37.000000
v 116.196274 -0.004818 37.000000
v 119.827759 -2.838861 37.000000
v 117.347557 -0.233824 37.000000
v 117.161140 -0.172239 37.000000
v 119.695518 -2.469266 37.000000
v 119.766174 -2.652441 37.000000
v 119.527687 -2.114413 37.000000
v 119.615959 -2.289780 37.000000
v 117.710220 -0.384043 37.000000
v 117.885590 -0.472315 37.000000
v 117.530731 -0.304482 37.000000
v 119.325882 -1.777719 37.000000
v 119.430916 -1.943589 37.000000
v 118.222282 -0.674122 37.000000
v 118.056412 -0.569086 37.000000
v 118.382797 -0.787170 37.000000
v 119.092041 -1.462427 37.000000
v 119.212830 -1.617203 37.000000
v 118.963806 -1.313764 37.000000
v 118.686234 -1.036196 37.000000
v 118.537575 -0.907958 37.000000
v 118.828430 -1.171573 37.000000
v 11.800000 -56.000000 37.000000
v 11.802734 -56.109661 37.000000
v 11.810932 -56.219048 37.000000
v 11.824573 -56.327892 37.000000
v 11.843620 -56.435921 37.000000
v 11.868030 -56.542866 37.000000
v 11.802734 -55.890339 37.000000
v 11.810932 -55.780952 37.000000
v 11.824573 -55.672108 37.000000
v 11.843620 -55.564079 37.000000
v 11.868030 -55.457134 37.000000
v 108.199997 -56.000000 37.000000
v 108.197266 -55.890339 37.000000
v 108.189064 -55.780952 37.000000
v 108.175430 -55.672108 37.000000
v 108.156380 -55.564079 37.000000
v 108.131973 -55.457134 37.000000
v 108.197266 -56.109661 37.000000
v 108.189064 -56.219048 37.000000
v 108.175430 -56.327892 37.000000
v 108.156380 -56.435921 37.000000
v 108.131973 -56.542866 37.000000
v 33.404152 -11.882227 37.000000
v 33.299328 -11.914559 37.000000
v 33.196251 -11.952078 37.000000
v 33.095169 -11.994687 37.000000
v 32.996338 -12.042282 37.000000
v 8.200000 -64.000000 41.000000
v 3.800000 -64.000000 41.000000
v 23.000000 -71.800003 41.000000
v 23.000000 -76.199997 41.000000
v 10.518003 -59.230820 41.000000
v 10.683375 -59.400368 41.000000
v 10.856993 -59.561462 41.000000
v 10.361289 -59.053242 41.000000
v 11.038424 -59.713699 41.000000
v 10.213620 -58.868073 41.000000
v 11.227218 -59.856705 41.000000
v 10.075366 -58.675770 41.000000
v 11.422905 -59.990124 41.000000
v 9.946868 -58.476818 41.000000
v 11.625000 -60.113621 41.000000
v 9.828447 -58.271706 41.000000
v 11.832999 -60.226891 41.000000
v 12.046387 -60.329655 41.000000
v 12.264630 -60.421650 41.000000
v 12.487188 -60.502655 41.000000
v 12.713508 -60.572464 41.000000
v 12.943026 -60.630909 41.000000
v 13.175171 -60.677837 41.000000
v 13.409368 -60.713135 41.000000
v 13.645032 -60.736717 41.000000
v 13.881579 -60.748524 41.000000
v 14.118421 -60.748524 41.000000
v 14.354968 -60.736717 41.000000
v 14.590632 -60.713135 41.000000
v 14.824829 -60.677837 41.000000
v 15.056974 -60.630909 41.000000
v 15.286492 -60.572464 41.000000
v 15.512812 -60.502655 41.000000
v 15.735370 -60.421650 41.000000
v 15.953613 -60.329655 41.000000
v 3.800000 -48.000000 41.000000
v 16.167000 -60.226891 41.000000
v 16.375000 -60.113621 41.000000
v 16.577095 -59.990124 41.000000
v 16.772783 -59.856705 41.000000
v 16.961576 -59.713699 41.000000
v 17.143007 -59.561462 41.000000
v 17.316626 -59.400368 41.000000
v 17.481997 -59.230820 41.000000
v 17.638712 -59.053242 41.000000
v 17.786379 -58.868073 41.000000
v 17.924635 -58.675770 41.000000
v 18.053131 -58.476818 41.000000
v 18.171553 -58.271706 41.000000
v 8.200000 -48.000000 41.000000
v 11.625000 -51.886379 41.000000
v 11.832999 -51.773109 41.000000
v 11.422905 -52.009876 41.000000
v 11.227218 -52.143295 41.000000
v 11.038424 -52.286301 41.000000
v 10.856993 -52.438538 41.000000
v 10.683375 -52.599632 41.000000
v 10.518003 -52.769180 41.000000
v 10.361289 -52.946758 41.000000
v 10.213620 -53.131927 41.000000
v 10.075366 -53.324230 41.000000
v 9.946868 -53.523182 41.000000
v 9.828447 -53.728294 41.000000
v 18.279602 -58.060947 41.000000
v 12.046387 -51.670345 41.000000
v 18.377012 -57.845066 41.000000
v 12.264630 -51.578350 41.000000
v 18.463539 -57.624596 41.000000
v 12.487188 -51.497345 41.000000
v 12.713508 -51.427536 41.000000
v 12.943026 -51.369091 41.000000
v 37.799999 -76.199997 41.000000
v 13.175171 -51.322163 41.000000
v 13.409368 -51.286865 41.000000
v 13.645032 -51.263283 41.000000
v 13.881579 -51.251476 41.000000
v 14.118421 -51.251476 41.000000
v 14.354968 -51.263283 41.000000
v 14.590632 -51.286865 41.000000
v 37.799999 -71.800003 41.000000
v 18.744095 -55.763233 41.000000
v 18.750000 -56.000000 41.000000
v 18.726397 -55.527054 41.000000
v 18.696947 -55.292049 41.000000
v 18.655819 -55.058807 41.000000
v 18.603117 -54.827904 41.000000
v 18.538971 -54.599915 41.000000
v 18.463539 -54.375404 41.000000
v 18.538971 -57.400085 41.000000
v 18.603117 -57.172096 41.000000
v 18.655819 -56.941193 41.000000
v 18.696947 -56.707951 41.000000
v 18.726397 -56.472946 41.000000
v 18.744095 -56.236767 41.000000
v 3.800000 -32.000000 41.000000
v 8.200000 -32.000000 41.000000
v 16.375000 -51.886379 41.000000
v 16.577095 -52.009876 41.000000
v 16.167000 -51.773109 41.000000
v 15.953613 -51.670345 41.000000
v 15.735370 -51.578350 41.000000
v 15.512812 -51.497345 41.000000
v 15.286492 -51.427536 41.000000
v 15.056974 -51.369091 41.000000
v 14.824829 -51.322163 41.000000
v 52.599998 -76.199997 41.000000
v 52.599998 -71.800003 41.000000
v 10.518003 -17.230820 41.000000
v 8.200000 -16.000000 41.000000
v 10.683375 -17.400368 41.000000
v 10.856993 -17.561460 41.000000
v 10.361289 -17.053242 41.000000
v 10.213620 -16.868071 41.000000
v 11.227218 -17.856705 41.000000
v 11.038424 -17.713699 41.000000
v 10.075366 -16.675770 41.000000
v 11.422905 -17.990124 41.000000
v 9.946868 -16.476818 41.000000
v 11.625000 -18.113621 41.000000
v 9.828447 -16.271706 41.000000
v 11.832999 -18.226891 41.000000
v 9.720398 -16.060947 41.000000
v 12.046387 -18.329653 41.000000
v 9.622988 -15.845065 41.000000
v 12.264630 -18.421650 41.000000
v 9.536460 -15.624596 41.000000
v 12.487188 -18.502655 41.000000
v 9.461029 -15.400087 41.000000
v 12.713508 -18.572466 41.000000
v 9.396883 -15.172097 41.000000
v 12.943026 -18.630907 41.000000
v 9.344181 -14.941195 41.000000
v 13.175171 -18.677837 41.000000
v 9.303054 -14.707951 41.000000
v 13.409368 -18.713137 41.000000
v 9.273603 -14.472947 41.000000
v 13.645032 -18.736717 41.000000
v 9.255904 -14.236768 41.000000
v 13.881579 -18.748524 41.000000
v 9.250000 -14.000000 41.000000
v 14.118421 -18.748524 41.000000
v 9.255904 -13.763232 41.000000
v 3.800000 -16.000000 41.000000
v 14.354968 -18.736717 41.000000
v 9.273603 -13.527053 41.000000
v 14.590632 -18.713137 41.000000
v 9.303054 -13.292049 41.000000
v 14.824829 -18.677837 41.000000
v 9.344181 -13.058805 41.000000
v 15.056974 -18.630907 41.000000
v 9.396883 -12.827903 41.000000
v 15.286492 -18.572466 41.000000
v 9.461029 -12.599913 41.000000
v 15.512812 -18.502655 41.000000
v 9.536460 -12.375404 41.000000
v 15.735370 -18.421650 41.000000
v 9.622988 -12.154935 41.000000
v 15.953613 -18.329653 41.000000
v 9.720398 -11.939053 41.000000
v 16.167000 -18.226891 41.000000
v 9.828447 -11.728293 41.000000
v 16.375000 -18.113621 41.000000
v 9.946868 -11.523183 41.000000
v 10.075366 -11.324230 41.000000
v 10.213620 -11.131929 41.000000
v 10.361289 -10.946759 41.000000
v 10.518003 -10.769179 41.000000
v 10.683375 -10.599632 41.000000
v 12.943026 -9.369092 41.000000
v 13.175171 -9.322164 41.000000
v 12.713508 -9.427535 41.000000
v 12.487188 -9.497345 41.000000
v 12.264630 -9.578350 41.000000
v 12.046387 -9.670347 41.000000
v 11.832999 -9.773108 41.000000
v 11.625000 -9.886379 41.000000
v 11.422905 -10.009877 41.000000
v 11.227218 -10.143294 41.000000
v 11.038424 -10.286301 41.000000
v 10.856993 -10.438540 41.000000
v 13.409368 -9.286863 41.000000
v 13.645032 -9.263282 41.000000
v 13.881579 -9.251476 41.000000
v 14.118421 -9.251476 41.000000
v 82.199997 -71.800003 41.000000
v 67.400002 -76.199997 41.000000
v 82.199997 -76.199997 41.000000
v 67.400002 -71.800003 41.000000
v 30.683374 -17.400368 41.000000
v 17.481997 -17.230820 41.000000
v 17.316626 -17.400368 41.000000
v 30.518003 -17.230820 41.000000
v 30.856993 -17.561460 41.000000
v 17.143007 -17.561460 41.000000
v 16.961576 -17.713699 41.000000
v 30.361288 -17.053242 41.000000
v 17.638712 -17.053242 41.000000
v 31.038424 -17.713699 41.000000
v 30.213621 -16.868071 41.000000
v 17.786379 -16.868071 41.000000
v 31.227217 -17.856705 41.000000
v 16.772783 -17.856705 41.000000
v 30.075365 -16.675770 41.000000
v 17.924635 -16.675770 41.000000
v 18.053131 -16.476818 41.000000
v 31.422905 -17.990124 41.000000
v 16.577095 -17.990124 41.000000
v 29.946869 -16.476818 41.000000
v 31.625000 -18.113621 41.000000
v 29.828447 -16.271706 41.000000
v 18.171553 -16.271706 41.000000
v 18.279602 -16.060947 41.000000
v 31.833000 -18.226891 41.000000
v 29.720398 -16.060947 41.000000
v 32.046387 -18.329653 41.000000
v 29.622988 -15.845065 41.000000
v 18.377012 -15.845065 41.000000
v 32.264629 -18.421650 41.000000
v 29.536461 -15.624596 41.000000
v 18.463539 -15.624596 41.000000
v 32.487190 -18.502655 41.000000
v 29.461029 -15.400087 41.000000
v 18.538971 -15.400087 41.000000
v 32.713509 -18.572466 41.000000
v 16.772783 -52.143295 41.000000
v 29.396883 -15.172097 41.000000
v 18.603117 -15.172097 41.000000
v 32.943024 -18.630907 41.000000
v 16.961576 -52.286301 41.000000
v 29.344181 -14.941195 41.000000
v 18.655819 -14.941195 41.000000
v 33.175171 -18.677837 41.000000
v 17.143007 -52.438538 41.000000
v 29.303053 -14.707951 41.000000
v 18.696947 -14.707951 41.000000
v 33.409367 -18.713137 41.000000
v 17.316626 -52.599632 41.000000
v 23.000000 -8.200000 41.000000
v 18.726397 -13.527053 41.000000
v 18.744095 -13.763232 41.000000
v 18.696947 -13.292049 41.000000
v 18.655819 -13.058805 41.000000
v 18.603117 -12.827903 41.000000
v 18.538971 -12.599913 41.000000
v 18.463539 -12.375404 41.000000
v 18.377012 -12.154935 41.000000
v 18.279602 -11.939053 41.000000
v 18.171553 -11.728293 41.000000
v 18.053131 -11.523183 41.000000
v 17.924635 -11.324230 41.000000
v 17.786379 -11.131929 41.000000
v 17.638712 -10.946759 41.000000
v 17.481997 -10.769179 41.000000
v 17.316626 -10.599632 41.000000
v 17.143007 -10.438540 41.000000
v 16.961576 -10.286301 41.000000
v 16.772783 -10.143294 41.000000
v 16.577095 -10.009877 41.000000
v 29.273603 -14.472947 41.000000
v 18.726397 -14.472947 41.000000
v 33.645031 -18.736717 41.000000
v 17.481997 -52.769180 41.000000
v 29.255905 -14.236768 41.000000
v 18.744095 -14.236768 41.000000
v 33.881580 -18.748524 41.000000
v 17.638712 -52.946758 41.000000
v 29.250000 -14.000000 41.000000
v 18.750000 -14.000000 41.000000
v 34.118420 -18.748524 41.000000
v 17.786379 -53.131927 41.000000
v 29.255905 -13.763232 41.000000
v 34.354969 -18.736717 41.000000
v 17.924635 -53.324230 41.000000
v 29.273603 -13.527053 41.000000
v 34.590633 -18.713137 41.000000
v 18.053131 -53.523182 41.000000
v 29.303053 -13.292049 41.000000
v 34.824829 -18.677837 41.000000
v 18.171553 -53.728294 41.000000
v 29.344181 -13.058805 41.000000
v 35.056976 -18.630907 41.000000
v 18.279602 -53.939053 41.000000
v 29.396883 -12.827903 41.000000
v 35.286491 -18.572466 41.000000
v 18.377012 -54.154934 41.000000
v 29.461029 -12.599913 41.000000
v 35.512810 -18.502655 41.000000
v 29.536461 -12.375404 41.000000
v 35.735371 -18.421650 41.000000
v 29.622988 -12.154935 41.000000
v 35.953613 -18.329653 41.000000
v 29.720398 -11.939053 41.000000
v 36.167000 -18.226891 41.000000
v 29.828447 -11.728293 41.000000
v 36.375000 -18.113621 41.000000
v 29.946869 -11.523183 41.000000
v 36.577095 -17.990124 41.000000
v 30.075365 -11.324230 41.000000
v 36.772781 -17.856705 41.000000
v 30.213621 -11.131929 41.000000
v 23.000000 -3.800000 41.000000
v 16.375000 -9.886379 41.000000
v 16.167000 -9.773108 41.000000
v 15.953613 -9.670347 41.000000
v 15.735370 -9.578350 41.000000
v 15.512812 -9.497345 41.000000
v 15.286492 -9.427535 41.000000
v 15.056974 -9.369092 41.000000
v 14.824829 -9.322164 41.000000
v 14.590632 -9.286863 41.000000
v 14.354968 -9.263282 41.000000
v 36.961578 -17.713699 41.000000
v 30.361288 -10.946759 41.000000
v 37.143009 -17.561460 41.000000
v 30.518003 -10.769179 41.000000
v 37.316624 -17.400368 41.000000
v 30.683374 -10.599632 41.000000
v 37.481995 -17.230820 41.000000
v 30.856993 -10.438540 41.000000
v 31.038424 -10.286301 41.000000
v 37.799999 -8.200000 41.000000
v 38.279602 -11.939053 41.000000
v 38.377010 -12.154935 41.000000
v 38.171551 -11.728293 41.000000
v 38.053131 -11.523183 41.000000
v 37.924633 -11.324230 41.000000
v 37.786381 -11.131929 41.000000
v 37.638710 -10.946759 41.000000
v 37.481995 -10.769179 41.000000
v 37.316624 -10.599632 41.000000
v 37.143009 -10.438540 41.000000
v 36.961578 -10.286301 41.000000
v 36.772781 -10.143294 41.000000
v 36.577095 -10.009877 41.000000
v 36.375000 -9.886379 41.000000
v 36.167000 -9.773108 41.000000
v 35.953613 -9.670347 41.000000
v 35.735371 -9.578350 41.000000
v 35.512810 -9.497345 41.000000
v 35.286491 -9.427535 41.000000
v 35.056976 -9.369092 41.000000
v 34.824829 -9.322164 41.000000
v 116.000000 -80.000000 41.000000
v 97.000000 -71.800003 41.000000
v 97.000000 -76.199997 41.000000
v 116.586922 -79.956703 41.000000
v 116.196274 -79.995178 41.000000
v 116.392067 -79.980736 41.000000
v 116.780365 -79.923141 41.000000
v 116.971924 -79.880127 41.000000
v 117.161140 -79.827759 41.000000
v 117.530731 -79.695518 41.000000
v 117.347557 -79.766174 41.000000
v 117.710220 -79.615959 41.000000
v 118.056412 -79.430916 41.000000
v 117.885590 -79.527687 41.000000
v 118.382797 -79.212830 41.000000
v 118.222282 -79.325882 41.000000
v 118.537575 -79.092041 41.000000
v 118.686234 -78.963806 41.000000
v 118.828430 -78.828430 41.000000
v 119.212830 -78.382797 41.000000
v 118.963806 -78.686234 41.000000
v 119.092041 -78.537575 41.000000
v 119.325882 -78.222282 41.000000
v 119.527687 -77.885590 41.000000
v 119.430916 -78.056412 41.000000
v 119.615959 -77.710220 41.000000
v 119.695518 -77.530731 41.000000
v 119.827759 -77.161140 41.000000
v 119.766174 -77.347557 41.000000
v 102.518005 -59.230820 41.000000
v 102.683372 -59.400368 41.000000
v 102.856995 -59.561462 41.000000
v 102.361290 -59.053242 41.000000
v 103.038422 -59.713699 41.000000
v 102.213623 -58.868073 41.000000
v 119.956703 -76.586922 41.000000
v 119.880127 -76.971924 41.000000
v 119.923141 -76.780365 41.000000
v 103.227219 -59.856705 41.000000
v 102.075363 -58.675770 41.000000
v 103.422905 -59.990124 41.000000
v 101.946869 -58.476818 41.000000
v 103.625000 -60.113621 41.000000
v 101.828445 -58.271706 41.000000
v 103.833000 -60.226891 41.000000
v 101.720398 -58.060947 41.000000
v 104.046387 -60.329655 41.000000
v 101.622986 -57.845066 41.000000
v 119.995178 -76.196274 41.000000
v 119.980736 -76.392067 41.000000
v 104.264633 -60.421650 41.000000
v 101.536461 -57.624596 41.000000
v 104.487190 -60.502655 41.000000
v 120.000000 -76.000000 41.000000
v 101.461029 -57.400085 41.000000
v 104.713509 -60.572464 41.000000
v 101.396881 -57.172096 41.000000
v 104.943024 -60.630909 41.000000
v 52.599998 -8.200000 41.000000
v 38.744095 -13.763232 41.000000
v 38.750000 -14.000000 41.000000
v 38.726395 -13.527053 41.000000
v 38.696945 -13.292049 41.000000
v 38.655819 -13.058805 41.000000
v 38.603119 -12.827903 41.000000
v 38.538971 -12.599913 41.000000
v 38.463539 -12.375404 41.000000
v 37.638710 -17.053242 41.000000
v 37.786381 -16.868071 41.000000
v 37.924633 -16.675770 41.000000
v 38.053131 -16.476818 41.000000
v 38.171551 -16.271706 41.000000
v 38.279602 -16.060947 41.000000
v 38.377010 -15.845065 41.000000
v 38.463539 -15.624596 41.000000
v 38.538971 -15.400087 41.000000
v 38.603119 -15.172097 41.000000
v 38.655819 -14.941195 41.000000
v 38.696945 -14.707951 41.000000
v 38.726395 -14.472947 41.000000
v 38.744095 -14.236768 41.000000
v 101.344177 -56.941193 41.000000
v 105.175171 -60.677837 41.000000
v 101.303055 -56.707951 41.000000
v 105.409370 -60.713135 41.000000
v 101.273605 -56.472946 41.000000
v 105.645035 -60.736717 41.000000
v 101.255905 -56.236767 41.000000
v 101.250000 -56.000000 41.000000
v 101.255905 -55.763233 41.000000
v 101.273605 -55.527054 41.000000
v 101.303055 -55.292049 41.000000
v 101.344177 -55.058807 41.000000
v 101.396881 -54.827904 41.000000
v 101.461029 -54.599915 41.000000
v 101.536461 -54.375404 41.000000
v 111.800003 -64.000000 41.000000
v 105.881577 -60.748524 41.000000
v 106.118423 -60.748524 41.000000
v 106.354965 -60.736717 41.000000
v 106.590630 -60.713135 41.000000
v 106.824829 -60.677837 41.000000
v 107.056976 -60.630909 41.000000
v 107.286491 -60.572464 41.000000
v 107.512810 -60.502655 41.000000
v 107.735367 -60.421650 41.000000
v 107.953613 -60.329655 41.000000
v 108.167000 -60.226891 41.000000
v 108.375000 -60.113621 41.000000
v 108.577095 -59.990124 41.000000
v 52.599998 -3.800000 41.000000
v 37.799999 -3.800000 41.000000
v 108.772781 -59.856705 41.000000
v 108.961578 -59.713699 41.000000
v 109.143005 -59.561462 41.000000
v 109.316628 -59.400368 41.000000
v 109.481995 -59.230820 41.000000
v 109.638710 -59.053242 41.000000
v 109.786377 -58.868073 41.000000
v 109.924637 -58.675770 41.000000
v 110.053131 -58.476818 41.000000
v 110.171555 -58.271706 41.000000
v 116.199997 -64.000000 41.000000
v 67.400002 -8.200000 41.000000
v 111.800003 -48.000000 41.000000
v 106.590630 -51.286865 41.000000
v 106.824829 -51.322163 41.000000
v 106.354965 -51.263283 41.000000
v 106.118423 -51.251476 41.000000
v 105.881577 -51.251476 41.000000
v 105.645035 -51.263283 41.000000
v 105.409370 -51.286865 41.000000
v 110.053131 -53.523182 41.000000
v 110.171555 -53.728294 41.000000
v 109.924637 -53.324230 41.000000
v 109.786377 -53.131927 41.000000
v 109.638710 -52.946758 41.000000
v 109.481995 -52.769180 41.000000
v 109.316628 -52.599632 41.000000
v 109.143005 -52.438538 41.000000
v 108.961578 -52.286301 41.000000
v 108.772781 -52.143295 41.000000
v 108.577095 -52.009876 41.000000
v 108.375000 -51.886379 41.000000
v 108.167000 -51.773109 41.000000
v 107.953613 -51.670345 41.000000
v 107.735367 -51.578350 41.000000
v 107.512810 -51.497345 41.000000
v 107.286491 -51.427536 41.000000
v 107.056976 -51.369091 41.000000
v 116.199997 -48.000000 41.000000
v 95.292892 -24.957108 41.000000
v 101.622986 -54.154934 41.000000
v 95.259048 -24.921558 41.000000
v 95.328438 -24.990952 41.000000
v 101.720398 -53.939053 41.000000
v 95.365608 -25.023010 41.000000
v 95.226990 -24.884394 41.000000
v 95.404305 -25.053207 41.000000
v 101.828445 -53.728294 41.000000
v 95.196793 -24.845699 41.000000
v 95.168533 -24.805571 41.000000
v 95.444427 -25.081470 41.000000
v 101.946869 -53.523182 41.000000
v 95.142273 -24.764103 41.000000
v 95.485901 -25.107729 41.000000
v 102.075363 -53.324230 41.000000
v 95.118080 -24.721397 41.000000
v 95.528603 -25.131922 41.000000
v 102.213623 -53.131927 41.000000
v 95.096008 -24.677555 41.000000
v 95.572441 -25.153990 41.000000
v 102.361290 -52.946758 41.000000
v 95.076118 -24.632683 41.000000
v 95.617317 -25.173880 41.000000
v 95.058456 -24.586889 41.000000
v 95.663109 -25.191544 41.000000
v 102.518005 -52.769180 41.000000
v 95.709717 -25.206940 41.000000
v 102.683372 -52.599632 41.000000
v 95.043060 -24.540285 41.000000
v 95.757019 -25.220032 41.000000
v 102.856995 -52.438538 41.000000
v 95.029968 -24.492981 41.000000
v 95.019218 -24.445091 41.000000
v 95.804909 -25.230785 41.000000
v 103.038422 -52.286301 41.000000
v 95.853271 -25.239176 41.000000
v 103.227219 -52.143295 41.000000
v 95.010826 -24.396730 41.000000
v 95.901985 -25.245184 41.000000
v 95.950935 -25.248795 41.000000
v 103.422905 -52.009876 41.000000
v 96.000000 -25.250000 41.000000
v 103.833000 -51.773109 41.000000
v 104.046387 -51.670345 41.000000
v 103.625000 -51.886379 41.000000
v 82.199997 -8.200000 41.000000
v 67.400002 -3.800000 41.000000
v 95.001205 -24.299068 41.000000
v 95.000000 -24.250000 41.000000
v 95.004814 -24.348017 41.000000
v 100.000000 -25.250000 41.000000
v 104.264633 -51.578350 41.000000
v 104.487190 -51.497345 41.000000
v 82.199997 -3.800000 41.000000
v 111.800003 -32.000000 41.000000
v 105.175171 -51.322163 41.000000
v 104.943024 -51.369091 41.000000
v 104.713509 -51.427536 41.000000
v 100.049065 -25.248795 41.000000
v 100.098015 -25.245184 41.000000
v 100.146729 -25.239176 41.000000
v 100.195091 -25.230785 41.000000
v 100.242981 -25.220032 41.000000
v 100.290283 -25.206940 41.000000
v 100.336891 -25.191544 41.000000
v 100.382683 -25.173880 41.000000
v 100.427559 -25.153990 41.000000
v 100.471397 -25.131922 41.000000
v 100.514099 -25.107729 41.000000
v 100.555573 -25.081470 41.000000
v 100.595695 -25.053207 41.000000
v 100.634392 -25.023010 41.000000
v 100.671562 -24.990952 41.000000
v 100.707108 -24.957108 41.000000
v 100.740952 -24.921558 41.000000
v 100.773010 -24.884394 41.000000
v 100.803207 -24.845699 41.000000
v 100.831467 -24.805571 41.000000
v 100.857727 -24.764103 41.000000
v 100.881920 -24.721397 41.000000
v 100.903992 -24.677555 41.000000
v 100.923882 -24.632683 41.000000
v 100.941544 -24.586889 41.000000
v 100.956940 -24.540285 41.000000
v 100.970032 -24.492981 41.000000
v 100.980782 -24.445091 41.000000
v 95.000000 -12.250000 41.000000
v 95.001205 -12.200933 41.000000
v 95.004814 -12.151983 41.000000
v 95.010826 -12.103270 41.000000
v 95.019218 -12.054910 41.000000
v 95.029968 -12.007020 41.000000
v 95.043060 -11.959715 41.000000
v 95.058456 -11.913110 41.000000
v 95.076118 -11.867316 41.000000
v 95.096008 -11.822445 41.000000
v 95.118080 -11.778604 41.000000
v 95.142273 -11.735897 41.000000
v 95.168533 -11.694429 41.000000
v 95.196793 -11.654301 41.000000
v 95.226990 -11.615606 41.000000
v 95.259048 -11.578441 41.000000
v 116.199997 -32.000000 41.000000
v 102.518005 -17.230820 41.000000
v 101.000000 -24.250000 41.000000
v 102.683372 -17.400368 41.000000
v 102.856995 -17.561460 41.000000
v 102.361290 -17.053242 41.000000
v 103.038422 -17.713699 41.000000
v 102.213623 -16.868071 41.000000
v 103.227219 -17.856705 41.000000
v 103.422905 -17.990124 41.000000
v 103.625000 -18.113621 41.000000
v 103.833000 -18.226891 41.000000
v 104.046387 -18.329653 41.000000
v 104.264633 -18.421650 41.000000
v 104.487190 -18.502655 41.000000
v 104.713509 -18.572466 41.000000
v 104.943024 -18.630907 41.000000
v 105.175171 -18.677837 41.000000
v 105.409370 -18.713137 41.000000
v 105.645035 -18.736717 41.000000
v 105.881577 -18.748524 41.000000
v 106.118423 -18.748524 41.000000
v 106.354965 -18.736717 41.000000
v 100.998795 -24.299068 41.000000
v 100.995186 -24.348017 41.000000
v 106.590630 -18.713137 41.000000
v 100.989174 -24.396730 41.000000
v 106.824829 -18.677837 41.000000
v 107.056976 -18.630907 41.000000
v 107.286491 -18.572466 41.000000
v 101.000000 -12.250000 41.000000
v 101.344177 -13.058805 41.000000
v 101.396881 -12.827903 41.000000
v 101.303055 -13.292049 41.000000
v 101.273605 -13.527053 41.000000
v 97.000000 -8.200000 41.000000
v 100.000000 -11.250000 41.000000
v 100.049065 -11.251204 41.000000
v 95.950935 -11.251204 41.000000
v 96.000000 -11.250000 41.000000
v 95.901985 -11.254815 41.000000
v 95.853271 -11.260823 41.000000
v 95.804909 -11.269215 41.000000
v 95.757019 -11.279969 41.000000
v 95.709717 -11.293059 41.000000
v 95.663109 -11.308455 41.000000
v 95.617317 -11.326120 41.000000
v 95.572441 -11.346011 41.000000
v 95.528603 -11.368079 41.000000
v 95.485901 -11.392271 41.000000
v 95.444427 -11.418530 41.000000
v 95.404305 -11.446793 41.000000
v 95.365608 -11.476990 41.000000
v 95.328438 -11.509048 41.000000
v 95.292892 -11.542893 41.000000
v 100.098015 -11.254815 41.000000
v 101.461029 -12.599913 41.000000
v 107.512810 -18.502655 41.000000
v 101.536461 -12.375404 41.000000
v 100.998795 -12.200933 41.000000
v 107.735367 -18.421650 41.000000
v 101.622986 -12.154935 41.000000
v 100.995186 -12.151983 41.000000
v 100.989174 -12.103270 41.000000
v 100.980782 -12.054910 41.000000
v 100.970032 -12.007020 41.000000
v 107.953613 -18.329653 41.000000
v 101.720398 -11.939053 41.000000
v 100.956940 -11.959715 41.000000
v 100.941544 -11.913110 41.000000
v 100.923882 -11.867316 41.000000
v 100.903992 -11.822445 41.000000
v 108.167000 -18.226891 41.000000
v 101.828445 -11.728293 41.000000
v 100.881920 -11.778604 41.000000
v 100.857727 -11.735897 41.000000
v 100.831467 -11.694429 41.000000
v 108.375000 -18.113621 41.000000
v 101.946869 -11.523183 41.000000
v 100.803207 -11.654301 41.000000
v 100.773010 -11.615606 41.000000
v 100.740952 -11.578441 41.000000
v 100.707108 -11.542893 41.000000
v 108.577095 -17.990124 41.000000
v 102.075363 -11.324230 41.000000
v 100.671562 -11.509048 41.000000
v 100.634392 -11.476990 41.000000
v 100.595695 -11.446793 41.000000
v 108.772781 -17.856705 41.000000
v 102.213623 -11.131929 41.000000
v 100.555573 -11.418530 41.000000
v 100.514099 -11.392271 41.000000
v 108.961578 -17.713699 41.000000
v 102.361290 -10.946759 41.000000
v 100.471397 -11.368079 41.000000
v 100.427559 -11.346011 41.000000
v 100.382683 -11.326120 41.000000
v 102.518005 -10.769179 41.000000
v 100.336891 -11.308455 41.000000
v 100.290283 -11.293059 41.000000
v 102.683372 -10.599632 41.000000
v 100.242981 -11.279969 41.000000
v 100.195091 -11.269215 41.000000
v 102.856995 -10.438540 41.000000
v 100.146729 -11.260823 41.000000
v 103.038422 -10.286301 41.000000
v 103.227219 -10.143294 41.000000
v 103.422905 -10.009877 41.000000
v 97.000000 -3.800000 41.000000
v 103.625000 -9.886379 41.000000
v 103.833000 -9.773108 41.000000
v 104.046387 -9.670347 41.000000
v 104.264633 -9.578350 41.000000
v 104.487190 -9.497345 41.000000
v 104.713509 -9.427535 41.000000
v 104.943024 -9.369092 41.000000
v 111.800003 -16.000000 41.000000
v 109.316628 -17.400368 41.000000
v 109.143005 -17.561460 41.000000
v 109.481995 -17.230820 41.000000
v 109.638710 -17.053242 41.000000
v 109.786377 -16.868071 41.000000
v 109.924637 -16.675770 41.000000
v 110.053131 -16.476818 41.000000
v 110.171555 -16.271706 41.000000
v 110.279602 -16.060947 41.000000
v 110.377014 -15.845065 41.000000
v 110.463539 -15.624596 41.000000
v 110.538971 -15.400087 41.000000
v 110.603119 -15.172097 41.000000
v 110.655823 -14.941195 41.000000
v 105.175171 -9.322164 41.000000
v 110.696945 -14.707951 41.000000
v 105.409370 -9.286863 41.000000
v 110.726395 -14.472947 41.000000
v 105.645035 -9.263282 41.000000
v 110.744095 -14.236768 41.000000
v 105.881577 -9.251476 41.000000
v 110.750000 -14.000000 41.000000
v 110.744095 -13.763232 41.000000
v 116.199997 -16.000000 41.000000
v 110.655823 -13.058805 41.000000
v 110.696945 -13.292049 41.000000
v 110.603119 -12.827903 41.000000
v 110.538971 -12.599913 41.000000
v 110.463539 -12.375404 41.000000
v 110.377014 -12.154935 41.000000
v 110.726395 -13.527053 41.000000
v 120.000000 -4.000000 41.000000
v 110.279602 -11.939053 41.000000
v 110.171555 -11.728293 41.000000
v 110.053131 -11.523183 41.000000
v 109.924637 -11.324230 41.000000
v 109.786377 -11.131929 41.000000
v 109.638710 -10.946759 41.000000
v 109.481995 -10.769179 41.000000
v 109.316628 -10.599632 41.000000
v 116.000000 0.000000 41.000000
v 109.143005 -10.438540 41.000000
v 108.961578 -10.286301 41.000000
v 108.772781 -10.143294 41.000000
v 108.577095 -10.009877 41.000000
v 108.375000 -9.886379 41.000000
v 108.167000 -9.773108 41.000000
v 107.953613 -9.670347 41.000000
v 107.735367 -9.578350 41.000000
v 107.512810 -9.497345 41.000000
v 107.286491 -9.427535 41.000000
v 107.056976 -9.369092 41.000000
v 106.824829 -9.322164 41.000000
v 106.590630 -9.286863 41.000000
v 106.354965 -9.263282 41.000000
v 106.118423 -9.251476 41.000000
v 119.956703 -3.413078 41.000000
v 119.995178 -3.803729 41.000000
v 119.980736 -3.607931 41.000000
v 116.780365 -0.076859 41.000000
v 116.586922 -0.043294 41.000000
v 116.392067 -0.019261 41.000000
v 119.880127 -3.028079 41.000000
v 119.923141 -3.219639 41.000000
v 116.971924 -0.119875 41.000000
v 116.196274 -0.004818 41.000000
v 119.827759 -2.838861 41.000000
v 117.347557 -0.233824 41.000000
v 117.161140 -0.172239 41.000000
v 119.695518 -2.469266 41.000000
v 119.766174 -2.652441 41.000000
v 119.527687 -2.114413 41.000000
v 119.615959 -2.289780 41.000000
v 117.885590 -0.472315 41.000000
v 117.710220 -0.384043 41.000000
v 117.530731 -0.304482 41.000000
v 119.325882 -1.777719 41.000000
v 119.430916 -1.943589 41.000000
v 118.222282 -0.674122 41.000000
v 118.056412 -0.569086 41.000000
v 118.382797 -0.787170 41.000000
v 119.092041 -1.462427 41.000000
v 119.212830 -1.617203 41.000000
v 118.963806 -1.313764 41.000000
v 118.686234 -1.036196 41.000000
v 118.537575 -0.907958 41.000000
v 118.828430 -1.171573 41.000000
v 9.250000 -56.000000 41.000000
v 9.255904 -56.236767 41.000000
v 9.273603 -56.472946 41.000000
v 9.303054 -56.707951 41.000000
v 9.344181 -56.941193 41.000000
v 9.396883 -57.172096 41.000000
v 9.461029 -57.400085 41.000000
v 9.536460 -57.624596 41.000000
v 9.622988 -57.845066 41.000000
v 9.720398 -58.060947 41.000000
v 9.255904 -55.763233 41.000000
v 9.273603 -55.527054 41.000000
v 9.303054 -55.292049 41.000000
v 9.344181 -55.058807 41.000000
v 9.396883 -54.827904 41.000000
v 9.461029 -54.599915 41.000000
v 9.536460 -54.375404 41.000000
v 9.622988 -54.154934 41.000000
v 9.720398 -53.939053 41.000000
v 110.750000 -56.000000 41.000000
v 110.744095 -55.763233 41.000000
v 110.726395 -55.527054 41.000000
v 110.696945 -55.292049 41.000000
v 110.655823 -55.058807 41.000000
v 110.603119 -54.827904 41.000000
v 110.538971 -54.599915 41.000000
v 110.463539 -54.375404 41.000000
v 110.377014 -54.154934 41.000000
v 110.279602 -53.939053 41.000000
v 110.744095 -56.236767 41.000000
v 110.726395 -56.472946 41.000000
v 110.696945 -56.707951 41.000000
v 110.655823 -56.941193 41.000000
v 110.603119 -57.172096 41.000000
v 110.538971 -57.400085 41.000000
v 110.463539 -57.624596 41.000000
v 110.377014 -57.845066 41.000000
v 110.279602 -58.060947 41.000000
v 33.881580 -9.251476 41.000000
v 33.645031 -9.263282 41.000000
v 33.409367 -9.286863 41.000000
v 33.175171 -9.322164 41.000000
v 32.943024 -9.369092 41.000000
v 32.713509 -9.427535 41.000000
v 32.487190 -9.497345 41.000000
v 32.264629 -9.578350 41.000000
v 32.046387 -9.670347 41.000000
v 31.833000 -9.773108 41.000000
v 31.625000 -9.886379 41.000000
v 31.422905 -10.009877 41.000000
v 31.227217 -10.143294 41.000000
v 34.118420 -9.251476 41.000000
v 34.354969 -9.263282 41.000000
v 34.590633 -9.286863 41.000000
v 101.250000 -14.000000 41.000000
v 101.255905 -14.236768 41.000000
v 101.273605 -14.472947 41.000000
v 101.303055 -14.707951 41.000000
v 101.344177 -14.941195 41.000000
v 101.396881 -15.172097 41.000000
v 101.461029 -15.400087 41.000000
v 101.536461 -15.624596 41.000000
v 101.622986 -15.845065 41.000000
v 101.720398 -16.060947 41.000000
v 101.828445 -16.271706 41.000000
v 101.946869 -16.476818 41.000000
v 102.075363 -16.675770 41.000000
v 101.255905 -13.763232 41.000000
v 16.200001 -56.000000 38.450001
v 16.197266 -55.890339 38.450001
v 16.189068 -55.780952 38.450001
v 16.175428 -55.672108 38.450001
v 16.156380 -55.564079 38.450001
v 16.131969 -55.457134 38.450001
v 16.102261 -55.351540 38.450001
v 16.067324 -55.247555 38.450001
v 16.027248 -55.145443 38.450001
v 15.982132 -55.045456 38.450001
v 15.932088 -54.947842 38.450001
v 15.877240 -54.852844 38.450001
v 15.817725 -54.760696 38.450001
v 15.753692 -54.671631 38.450001
v 15.685298 -54.585869 38.450001
v 15.612714 -54.503620 38.450001
v 15.536121 -54.425095 38.450001
v 15.455709 -54.350483 38.450001
v 15.371677 -54.279972 38.450001
v 15.284236 -54.213737 38.450001
v 15.193602 -54.151943 38.450001
v 15.100000 -54.094746 38.450001
v 15.003663 -54.042282 38.450001
v 14.904832 -53.994686 38.450001
v 14.803750 -53.952076 38.450001
v 14.700670 -53.914558 38.450001
v 14.595849 -53.882225 38.450001
v 14.489546 -53.855160 38.450001
v 14.382026 -53.833424 38.450001
v 14.273556 -53.817074 38.450001
v 14.164406 -53.806152 38.450001
v 14.054848 -53.800682 38.450001
v 13.945152 -53.800682 38.450001
v 13.835594 -53.806152 38.450001
v 13.726444 -53.817074 38.450001
v 13.617974 -53.833424 38.450001
v 13.510454 -53.855160 38.450001
v 13.404151 -53.882225 38.450001
v 13.299330 -53.914558 38.450001
v 13.196250 -53.952076 38.450001
v 13.095168 -53.994686 38.450001
v 12.996337 -54.042282 38.450001
v 12.900000 -54.094746 38.450001
v 12.806398 -54.151943 38.450001
v 12.715764 -54.213737 38.450001
v 12.628323 -54.279972 38.450001
v 12.544291 -54.350483 38.450001
v 12.463879 -54.425095 38.450001
v 12.387286 -54.503620 38.450001
v 12.314702 -54.585869 38.450001
v 12.246308 -54.671631 38.450001
v 12.182275 -54.760696 38.450001
v 12.122760 -54.852844 38.450001
v 12.067912 -54.947842 38.450001
v 12.017868 -55.045456 38.450001
v 11.972753 -55.145443 38.450001
v 11.932676 -55.247555 38.450001
v 11.897739 -55.351540 38.450001
v 11.868030 -55.457134 38.450001
v 11.843620 -55.564079 38.450001
v 11.824573 -55.672108 38.450001
v 11.810932 -55.780952 38.450001
v 11.802734 -55.890339 38.450001
v 11.800000 -56.000000 38.450001
v 11.802734 -56.109661 38.450001
v 11.810932 -56.219048 38.450001
v 11.824573 -56.327892 38.450001
v 11.843620 -56.435921 38.450001
v 11.868030 -56.542866 38.450001
v 11.897739 -56.648460 38.450001
v 11.932676 -56.752445 38.450001
v 11.972753 -56.854557 38.450001
v 12.017868 -56.954544 38.450001
v 12.067912 -57.052158 38.450001
v 12.122760 -57.147156 38.450001
v 12.182275 -57.239304 38.450001
v 12.246308 -57.328369 38.450001
v 12.314702 -57.414131 38.450001
v 12.387286 -57.496380 38.450001
v 12.463879 -57.574905 38.450001
v 12.544291 -57.649517 38.450001
v 12.628323 -57.720028 38.450001
v 12.715764 -57.786263 38.450001
v 12.806398 -57.848057 38.450001
v 12.900000 -57.905254 38.450001
v 12.996337 -57.957718 38.450001
v 13.095168 -58.005314 38.450001
v 13.196250 -58.047924 38.450001
v 13.299330 -58.085442 38.450001
v 13.404151 -58.117775 38.450001
v 13.510454 -58.144840 38.450001
v 13.617974 -58.166576 38.450001
v 13.726444 -58.182926 38.450001
v 13.835594 -58.193848 38.450001
v 13.945152 -58.199318 38.450001
v 14.054848 -58.199318 38.450001
v 14.164406 -58.193848 38.450001
v 14.273556 -58.182926 38.450001
v 14.382026 -58.166576 38.450001
v 14.489546 -58.144840 38.450001
v 14.595849 -58.117775 38.450001
v 14.700670 -58.085442 38.450001
v 14.803750 -58.047924 38.450001
v 14.904832 -58.005314 38.450001
v 15.003663 -57.957718 38.450001
v 15.100000 -57.905254 38.450001
v 15.193602 -57.848057 38.450001
v 15.284236 -57.786263 38.450001
v 15.371677 -57.720028 38.450001
v 15.455709 -57.649517 38.450001
v 15.536121 -57.574905 38.450001
v 15.612714 -57.496380 38.450001
v 15.685298 -57.414131 38.450001
v 15.753692 -57.328369 38.450001
v 15.817725 -57.239304 38.450001
v 15.877240 -57.147156 38.450001
v 15.932088 -57.052158 38.450001
v 15.982132 -56.954544 38.450001
v 16.027248 -56.854557 38.450001
v 16.067324 -56.752445 38.450001
v 16.102261 -56.648460 38.450001
v 16.131969 -56.542866 38.450001
v 16.156380 -56.435921 38.450001
v 16.175428 -56.327892 38.450001
v 16.189068 -56.219048 38.450001
v 16.197266 -56.109661 38.450001
v 108.199997 -56.000000 38.450001
v 108.197266 -55.890339 38.450001
v 108.189064 -55.780952 38.450001
v 108.175430 -55.672108 38.450001
v 108.156380 -55.564079 38.450001
v 108.131973 -55.457134 38.450001
v 108.102257 -55.351540 38.450001
v 108.067322 -55.247555 38.450001
v 108.027245 -55.145443 38.450001
v 107.982132 -55.045456 38.450001
v 107.932091 -54.947842 38.450001
v 107.877243 -54.852844 38.450001
v 107.817726 -54.760696 38.450001
v 107.753693 -54.671631 38.450001
v 107.685295 -54.585869 38.450001
v 107.612717 -54.503620 38.450001
v 107.536118 -54.425095 38.450001
v 107.455711 -54.350483 38.450001
v 107.371681 -54.279972 38.450001
v 107.284233 -54.213737 38.450001
v 107.193604 -54.151943 38.450001
v 107.099998 -54.094746 38.450001
v 107.003662 -54.042282 38.450001
v 106.904831 -53.994686 38.450001
v 106.803749 -53.952076 38.450001
v 106.700668 -53.914558 38.450001
v 106.595848 -53.882225 38.450001
v 106.489548 -53.855160 38.450001
v 106.382027 -53.833424 38.450001
v 106.273560 -53.817074 38.450001
v 106.164406 -53.806152 38.450001
v 106.054848 -53.800682 38.450001
v 105.945152 -53.800682 38.450001
v 105.835594 -53.806152 38.450001
v 105.726440 -53.817074 38.450001
v 105.617973 -53.833424 38.450001
v 105.510452 -53.855160 38.450001
v 105.404152 -53.882225 38.450001
v 105.299332 -53.914558 38.450001
v 105.196251 -53.952076 38.450001
v 105.095169 -53.994686 38.450001
v 104.996338 -54.042282 38.450001
v 104.900002 -54.094746 38.450001
v 104.806396 -54.151943 38.450001
v 104.715767 -54.213737 38.450001
v 104.628319 -54.279972 38.450001
v 104.544289 -54.350483 38.450001
v 104.463882 -54.425095 38.450001
v 104.387283 -54.503620 38.450001
v 104.314705 -54.585869 38.450001
v 104.246307 -54.671631 38.450001
v 104.182274 -54.760696 38.450001
v 104.122757 -54.852844 38.450001
v 104.067909 -54.947842 38.450001
v 104.017868 -55.045456 38.450001
v 103.972755 -55.145443 38.450001
v 103.932678 -55.247555 38.450001
v 103.897743 -55.351540 38.450001
v 103.868027 -55.457134 38.450001
v 103.843620 -55.564079 38.450001
v 103.824570 -55.672108 38.450001
v 103.810936 -55.780952 38.450001
v 103.802734 -55.890339 38.450001
v 103.800003 -56.000000 38.450001
v 103.802734 -56.109661 38.450001
v 103.810936 -56.219048 38.450001
v 103.824570 -56.327892 38.450001
v 103.843620 -56.435921 38.450001
v 103.868027 -56.542866 38.450001
v 103.897743 -56.648460 38.450001
v 103.932678 -56.752445 38.450001
v 103.972755 -56.854557 38.450001
v 104.017868 -56.954544 38.450001
v 104.067909 -57.052158 38.450001
v 104.122757 -57.147156 38.450001
v 104.182274 -57.239304 38.450001
v 104.246307 -57.328369 38.450001
v 104.314705 -57.414131 38.450001
v 104.387283 -57.496380 38.450001
v 104.463882 -57.574905 38.450001
v 104.544289 -57.649517 38.450001
v 104.628319 -57.720028 38.450001
v 104.715767 -57.786263 38.450001
v 104.806396 -57.848057 38.450001
v 104.900002 -57.905254 38.450001
v 104.996338 -57.957718 38.450001
v 105.095169 -58.005314 38.450001
v 105.196251 -58.047924 38.450001
v 105.299332 -58.085442 38.450001
v 105.404152 -58.117775 38.450001
v 105.510452 -58.144840 38.450001
v 105.617973 -58.166576 38.450001
v 105.726440 -58.182926 38.450001
v 105.835594 -58.193848 38.450001
v 105.945152 -58.199318 38.450001
v 106.054848 -58.199318 38.450001
v 106.164406 -58.193848 38.450001
v 106.273560 -58.182926 38.450001
v 106.382027 -58.166576 38.450001
v 106.489548 -58.144840 38.450001
v 106.595848 -58.117775 38.450001
v 106.700668 -58.085442 38.450001
v 106.803749 -58.047924 38.450001
v 106.904831 -58.005314 38.450001
v 107.003662 -57.957718 38.450001
v 107.099998 -57.905254 38.450001
v 107.193604 -57.848057 38.450001
v 107.284233 -57.786263 38.450001
v 107.371681 -57.720028 38.450001
v 107.455711 -57.649517 38.450001
v 107.536118 -57.574905 38.450001
v 107.612717 -57.496380 38.450001
v 107.685295 -57.414131 38.450001
v 107.753693 -57.328369 38.450001
v 107.817726 -57.239304 38.450001
v 107.877243 -57.147156 38.450001
v 107.932091 -57.052158 38.450001
v 107.982132 -56.954544 38.450001
v 108.027245 -56.854557 38.450001
v 108.067322 -56.752445 38.450001
v 108.102257 -56.648460 38.450001
v 108.131973 -56.542866 38.450001
v 108.156380 -56.435921 38.450001
v 108.175430 -56.327892 38.450001
v 108.189064 -56.219048 38.450001
v 108.197266 -56.109661 38.450001
v 16.200001 -14.000000 38.450001
v 16.197266 -13.890339 38.450001
v 16.189068 -13.780951 38.450001
v 16.175428 -13.672107 38.450001
v 16.156380 -13.564078 38.450001
v 16.131969 -13.457133 38.450001
v 16.102261 -13.351539 38.450001
v 16.067324 -13.247556 38.450001
v 16.027248 -13.145444 38.450001
v 15.982132 -13.045456 38.450001
v 15.932088 -12.947842 38.450001
v 15.877240 -12.852842 38.450001
v 15.817725 -12.760695 38.450001
v 15.753692 -12.671630 38.450001
v 15.685298 -12.585867 38.450001
v 15.612714 -12.503620 38.450001
v 15.536121 -12.425093 38.450001
v 15.455709 -12.350481 38.450001
v 15.371677 -12.279971 38.450001
v 15.284236 -12.213737 38.450001
v 15.193602 -12.151943 38.450001
v 15.100000 -12.094744 38.450001
v 15.003663 -12.042282 38.450001
v 14.904832 -11.994687 38.450001
v 14.803750 -11.952078 38.450001
v 14.700670 -11.914559 38.450001
v 14.595849 -11.882227 38.450001
v 14.489546 -11.855159 38.450001
v 14.382026 -11.833423 38.450001
v 14.273556 -11.817074 38.450001
v 14.164406 -11.806151 38.450001
v 14.054848 -11.800684 38.450001
v 13.945152 -11.800684 38.450001
v 13.835594 -11.806151 38.450001
v 13.726444 -11.817074 38.450001
v 13.617974 -11.833423 38.450001
v 13.510454 -11.855159 38.450001
v 13.404151 -11.882227 38.450001
v 13.299330 -11.914559 38.450001
v 13.196250 -11.952078 38.450001
v 13.095168 -11.994687 38.450001
v 12.996337 -12.042282 38.450001
v 12.900000 -12.094744 38.450001
v 12.806398 -12.151943 38.450001
v 12.715764 -12.213737 38.450001
v 12.628323 -12.279971 38.450001
v 12.544291 -12.350481 38.450001
v 12.463879 -12.425093 38.450001
v 12.387286 -12.503620 38.450001
v 12.314702 -12.585867 38.450001
v 12.246308 -12.671630 38.450001
v 12.182275 -12.760695 38.450001
v 12.122760 -12.852842 38.450001
v 12.067912 -12.947842 38.450001
v 12.017868 -13.045456 38.450001
v 11.972753 -13.145444 38.450001
v 11.932676 -13.247556 38.450001
v 11.897739 -13.351539 38.450001
v 11.868030 -13.457133 38.450001
v 11.843620 -13.564078 38.450001
v 11.824573 -13.672107 38.450001
v 11.810932 -13.780951 38.450001
v 11.802734 -13.890339 38.450001
v 11.800000 -14.000000 38.450001
v 11.802734 -14.109661 38.450001
v 11.810932 -14.219049 38.450001
v 11.824573 -14.327893 38.450001
v 11.843620 -14.435922 38.450001
v 11.868030 -14.542867 38.450001
v 11.897739 -14.648461 38.450001
v 11.932676 -14.752444 38.450001
v 11.972753 -14.854556 38.450001
v 12.017868 -14.954544 38.450001
v 12.067912 -15.052158 38.450001
v 12.122760 -15.147158 38.450001
v 12.182275 -15.239305 38.450001
v 12.246308 -15.328370 38.450001
v 12.314702 -15.414133 38.450001
v 12.387286 -15.496380 38.450001
v 12.463879 -15.574907 38.450001
v 12.544291 -15.649519 38.450001
v 12.628323 -15.720029 38.450001
v 12.715764 -15.786263 38.450001
v 12.806398 -15.848057 38.450001
v 12.900000 -15.905256 38.450001
v 12.996337 -15.957718 38.450001
v 13.095168 -16.005312 38.450001
v 13.196250 -16.047922 38.450001
v 13.299330 -16.085440 38.450001
v 13.404151 -16.117773 38.450001
v 13.510454 -16.144842 38.450001
v 13.617974 -16.166576 38.450001
v 13.726444 -16.182926 38.450001
v 13.835594 -16.193848 38.450001
v 13.945152 -16.199316 38.450001
v 14.054848 -16.199316 38.450001
v 14.164406 -16.193848 38.450001
v 14.273556 -16.182926 38.450001
v 14.382026 -16.166576 38.450001
v 14.489546 -16.144842 38.450001
v 14.595849 -16.117773 38.450001
v 14.700670 -16.085440 38.450001
v 14.803750 -16.047922 38.450001
v 14.904832 -16.005312 38.450001
v 15.003663 -15.957718 38.450001
v 15.100000 -15.905256 38.450001
v 15.193602 -15.848057 38.450001
v 15.284236 -15.786263 38.450001
v 15.371677 -15.720029 38.450001
v 15.455709 -15.649519 38.450001
v 15.536121 -15.574907 38.450001
v 15.612714 -15.496380 38.450001
v 15.685298 -15.414133 38.450001
v 15.753692 -15.328370 38.450001
v 15.817725 -15.239305 38.450001
v 15.877240 -15.147158 38.450001
v 15.932088 -15.052158 38.450001
v 15.982132 -14.954544 38.450001
v 16.027248 -14.854556 38.450001
v 16.067324 -14.752444 38.450001
v 16.102261 -14.648461 38.450001
v 16.131969 -14.542867 38.450001
v 16.156380 -14.435922 38.450001
v 16.175428 -14.327893 38.450001
v 16.189068 -14.219049 38.450001
v 16.197266 -14.109661 38.450001
v 36.200001 -14.000000 38.450001
v 36.197266 -13.890339 38.450001
v 36.189068 -13.780951 38.450001
v 36.175426 -13.672107 38.450001
v 36.156380 -13.564078 38.450001
v 36.131969 -13.457133 38.450001
v 36.102261 -13.351539 38.450001
v 36.067326 -13.247556 38.450001
v 36.027248 -13.145444 38.450001
v 35.982132 -13.045456 38.450001
v 35.932087 -12.947842 38.450001
v 35.877239 -12.852842 38.450001
v 35.817726 -12.760695 38.450001
v 35.753693 -12.671630 38.450001
v 35.685299 -12.585867 38.450001
v 35.612713 -12.503620 38.450001
v 35.536121 -12.425093 38.450001
v 35.455708 -12.350481 38.450001
v 35.371677 -12.279971 38.450001
v 35.284237 -12.213737 38.450001
v 35.193604 -12.151943 38.450001
v 35.099998 -12.094744 38.450001
v 35.003662 -12.042282 38.450001
v 34.904831 -11.994687 38.450001
v 34.803749 -11.952078 38.450001
v 34.700672 -11.914559 38.450001
v 34.595848 -11.882227 38.450001
v 34.489548 -11.855159 38.450001
v 34.382027 -11.833423 38.450001
v 34.273556 -11.817074 38.450001
v 34.164406 -11.806151 38.450001
v 34.054848 -11.800684 38.450001
v 33.945152 -11.800684 38.450001
v 33.835594 -11.806151 38.450001
v 33.726444 -11.817074 38.450001
v 33.617973 -11.833423 38.450001
v 33.510452 -11.855159 38.450001
v 33.404152 -11.882227 38.450001
v 33.299328 -11.914559 38.450001
v 33.196251 -11.952078 38.450001
v 33.095169 -11.994687 38.450001
v 32.996338 -12.042282 38.450001
v 32.900002 -12.094744 38.450001
v 32.806396 -12.151943 38.450001
v 32.715763 -12.213737 38.450001
v 32.628323 -12.279971 38.450001
v 32.544292 -12.350481 38.450001
v 32.463879 -12.425093 38.450001
v 32.387287 -12.503620 38.450001
v 32.314701 -12.585867 38.450001
v 32.246307 -12.671630 38.450001
v 32.182274 -12.760695 38.450001
v 32.122761 -12.852842 38.450001
v 32.067913 -12.947842 38.450001
v 32.017868 -13.045456 38.450001
v 31.972752 -13.145444 38.450001
v 31.932676 -13.247556 38.450001
v 31.897739 -13.351539 38.450001
v 31.868031 -13.457133 38.450001
v 31.843620 -13.564078 38.450001
v 31.824572 -13.672107 38.450001
v 31.810932 -13.780951 38.450001
v 31.802734 -13.890339 38.450001
v 31.799999 -14.000000 38.450001
v 31.802734 -14.109661 38.450001
v 31.810932 -14.219049 38.450001
v 31.824572 -14.327893 38.450001
v 31.843620 -14.435922 38.450001
v 31.868031 -14.542867 38.450001
v 31.897739 -14.648461 38.450001
v 31.932676 -14.752444 38.450001
v 31.972752 -14.854556 38.450001
v 32.017868 -14.954544 38.450001
v 32.067913 -15.052158 38.450001
v 32.122761 -15.147158 38.450001
v 32.182274 -15.239305 38.450001
v 32.246307 -15.328370 38.450001
v 32.314701 -15.414133 38.450001
v 32.387287 -15.496380 38.450001
v 32.463879 -15.574907 38.450001
v 32.544292 -15.649519 38.450001
v 32.628323 -15.720029 38.450001
v 32.715763 -15.786263 38.450001
v 32.806396 -15.848057 38.450001
v 32.900002 -15.905256 38.450001
v 32.996338 -15.957718 38.450001
v 33.095169 -16.005312 38.450001
v 33.196251 -16.047922 38.450001
v 33.299328 -16.085440 38.450001
v 33.404152 -16.117773 38.450001
v 33.510452 -16.144842 38.450001
v 33.617973 -16.166576 38.450001
v 33.726444 -16.182926 38.450001
v 33.835594 -16.193848 38.450001
v 33.945152 -16.199316 38.450001
v 34.054848 -16.199316 38.450001
v 34.164406 -16.193848 38.450001
v 34.273556 -16.182926 38.450001
v 34.382027 -16.166576 38.450001
v 34.489548 -16.144842 38.450001
v 34.595848 -16.117773 38.450001
v 34.700672 -16.085440 38.450001
v 34.803749 -16.047922 38.450001
v 34.904831 -16.005312 38.450001
v 35.003662 -15.957718 38.450001
v 35.099998 -15.905256 38.450001
v 35.193604 -15.848057 38.450001
v 35.284237 -15.786263 38.450001
v 35.371677 -15.720029 38.450001
v 35.455708 -15.649519 38.450001
v 35.536121 -15.574907 38.450001
v 35.612713 -15.496380 38.450001
v 35.685299 -15.414133 38.450001
v 35.753693 -15.328370 38.450001
v 35.817726 -15.239305 38.450001
v 35.877239 -15.147158 38.450001
v 35.932087 -15.052158 38.450001
v 35.982132 -14.954544 38.450001
v 36.027248 -14.854556 38.450001
v 36.067326 -14.752444 38.450001
v 36.102261 -14.648461 38.450001
v 36.131969 -14.542867 38.450001
v 36.156380 -14.435922 38.450001
v 36.175426 -14.327893 38.450001
v 36.189068 -14.219049 38.450001
v 36.197266 -14.109661 38.450001
v 108.199997 -14.000000 38.450001
v 108.197266 -13.890339 38.450001
v 108.189064 -13.780951 38.450001
v 108.175430 -13.672107 38.450001
v 108.156380 -13.564078 38.450001
v 108.131973 -13.457133 38.450001
v 108.102257 -13.351539 38.450001
v 108.067322 -13.247556 38.450001
v 108.027245 -13.145444 38.450001
v 107.982132 -13.045456 38.450001
v 107.932091 -12.947842 38.450001
v 107.877243 -12.852842 38.450001
v 107.817726 -12.760695 38.450001
v 107.753693 -12.671630 38.450001
v 107.685295 -12.585867 38.450001
v 107.612717 -12.503620 38.450001
v 107.536118 -12.425093 38.450001
v 107.455711 -12.350481 38.450001
v 107.371681 -12.279971 38.450001
v 107.284233 -12.213737 38.450001
v 107.193604 -12.151943 38.450001
v 107.099998 -12.094744 38.450001
v 107.003662 -12.042282 38.450001
v 106.904831 -11.994687 38.450001
v 106.803749 -11.952078 38.450001
v 106.700668 -11.914559 38.450001
v 106.595848 -11.882227 38.450001
v 106.489548 -11.855159 38.450001
v 106.382027 -11.833423 38.450001
v 106.273560 -11.817074 38.450001
v 106.164406 -11.806151 38.450001
v 106.054848 -11.800684 38.450001
v 105.945152 -11.800684 38.450001
v 105.835594 -11.806151 38.450001
v 105.726440 -11.817074 38.450001
v 105.617973 -11.833423 38.450001
v 105.510452 -11.855159 38.450001
v 105.404152 -11.882227 38.450001
v 105.299332 -11.914559 38.450001
v 105.196251 -11.952078 38.450001
v 105.095169 -11.994687 38.450001
v 104.996338 -12.042282 38.450001
v 104.900002 -12.094744 38.450001
v 104.806396 -12.151943 38.450001
v 104.715767 -12.213737 38.450001
v 104.628319 -12.279971 38.450001
v 104.544289 -12.350481 38.450001
v 104.463882 -12.425093 38.450001
v 104.387283 -12.503620 38.450001
v 104.314705 -12.585867 38.450001
v 104.246307 -12.671630 38.450001
v 104.182274 -12.760695 38.450001
v 104.122757 -12.852842 38.450001
v 104.067909 -12.947842 38.450001
v 104.017868 -13.045456 38.450001
v 103.972755 -13.145444 38.450001
v 103.932678 -13.247556 38.450001
v 103.897743 -13.351539 38.450001
v 103.868027 -13.457133 38.450001
v 103.843620 -13.564078 38.450001
v 103.824570 -13.672107 38.450001
v 103.810936 -13.780951 38.450001
v 103.802734 -13.890339 38.450001
v 103.800003 -14.000000 38.450001
v 103.802734 -14.109661 38.450001
v 103.810936 -14.219049 38.450001
v 103.824570 -14.327893 38.450001
v 103.843620 -14.435922 38.450001
v 103.868027 -14.542867 38.450001
v 103.897743 -14.648461 38.450001
v 103.932678 -14.752444 38.450001
v 103.972755 -14.854556 38.450001
v 104.017868 -14.954544 38.450001
v 104.067909 -15.052158 38.450001
v 104.122757 -15.147158 38.450001
v 104.182274 -15.239305 38.450001
v 104.246307 -15.328370 38.450001
v 104.314705 -15.414133 38.450001
v 104.387283 -15.496380 38.450001
v 104.463882 -15.574907 38.450001
v 104.544289 -15.649519 38.450001
v 104.628319 -15.720029 38.450001
v 104.715767 -15.786263 38.450001
v 104.806396 -15.848057 38.450001
v 104.900002 -15.905256 38.450001
v 104.996338 -15.957718 38.450001
v 105.095169 -16.005312 38.450001
v 105.196251 -16.047922 38.450001
v 105.299332 -16.085440 38.450001
v 105.404152 -16.117773 38.450001
v 105.510452 -16.144842 38.450001
v 105.617973 -16.166576 38.450001
v 105.726440 -16.182926 38.450001
v 105.835594 -16.193848 38.450001
v 105.945152 -16.199316 38.450001
v 106.054848 -16.199316 38.450001
v 106.164406 -16.193848 38.450001
v 106.273560 -16.182926 38.450001
v 106.382027 -16.166576 38.450001
v 106.489548 -16.144842 38.450001
v 106.595848 -16.117773 38.450001
v 106.700668 -16.085440 38.450001
v 106.803749 -16.047922 38.450001
v 106.904831 -16.005312 38.450001
v 107.003662 -15.957718 38.450001
v 107.099998 -15.905256 38.450001
v 107.193604 -15.848057 38.450001
v 107.284233 -15.786263 38.450001
v 107.371681 -15.720029 38.450001
v 107.455711 -15.649519 38.450001
v 107.536118 -15.574907 38.450001
v 107.612717 -15.496380 38.450001
v 107.685295 -15.414133 38.450001
v 107.753693 -15.328370 38.450001
v 107.817726 -15.239305 38.450001
v 107.877243 -15.147158 38.450001
v 107.932091 -15.052158 38.450001
v 107.982132 -14.954544 38.450001
v 108.027245 -14.854556 38.450001
v 108.067322 -14.752444 38.450001
v 108.102257 -14.648461 38.450001
v 108.131973 -14.542867 38.450001
v 108.156380 -14.435922 38.450001
v 108.175430 -14.327893 38.450001
v 108.189064 -14.219049 38.450001
v 108.197266 -14.109661 38.450001
v 18.240000 -56.000000 40.490002
v 16.709999 -56.000000 38.959999
v 18.218931 -55.577831 40.490002
v 18.155931 -55.159859 40.490002
v 18.051628 -54.750237 40.490002
v 17.711464 -55.628613 39.980000
v 17.730000 -56.000000 39.980000
v 17.907059 -54.353035 40.490002
v 17.656044 -55.260914 39.980000
v 17.723660 -53.972202 40.490002
v 17.564287 -54.900562 39.980000
v 17.203999 -55.679390 39.470001
v 17.219999 -56.000000 39.470001
v 17.503252 -53.611523 40.490002
v 17.437107 -54.551140 39.980000
v 17.156155 -55.361969 39.470001
v 17.248028 -53.274582 40.490002
v 17.275766 -54.216114 39.980000
v 17.076944 -55.050888 39.470001
v 16.696533 -55.730171 38.959999
v 16.960524 -52.964725 40.490002
v 17.081871 -53.898815 39.980000
v 16.967154 -54.749241 39.470001
v 16.656267 -55.463024 38.959999
v 16.643597 -52.685036 40.490002
v 16.857346 -53.602402 39.980000
v 16.827873 -54.460022 39.470001
v 16.589602 -55.201214 38.959999
v 16.300396 -52.438290 40.490002
v 16.604424 -53.329815 39.980000
v 16.660488 -54.186108 39.470001
v 16.497200 -54.947342 38.959999
v 15.934333 -52.226944 40.490002
v 16.325617 -53.083767 39.980000
v 16.466663 -53.930225 39.470001
v 16.379980 -54.703930 38.959999
v 15.549046 -52.053097 40.490002
v 16.023697 -52.866703 39.980000
v 16.248323 -53.694908 39.470001
v 16.239107 -54.473404 38.959999
v 15.148363 -51.918472 40.490002
v 15.701666 -52.680779 39.980000
v 16.007637 -53.482502 39.470001
v 16.075981 -54.258045 38.959999
v 14.736268 -51.824413 40.490002
v 15.362722 -52.527840 39.980000
v 15.746999 -53.295116 39.470001
v 15.892221 -54.060001 38.959999
v 14.316855 -51.771854 40.490002
v 15.010235 -52.409412 39.980000
v 15.468998 -53.134613 39.470001
v 15.689657 -53.881237 38.959999
v 13.894294 -51.761318 40.490002
v 14.647708 -52.326668 39.980000
v 15.176398 -53.002586 39.470001
v 15.470301 -53.723530 38.959999
v 13.472783 -51.792904 40.490002
v 14.278743 -52.280430 39.980000
v 14.872107 -52.900349 39.470001
v 15.236331 -53.588448 38.959999
v 13.056511 -51.866306 40.490002
v 13.907008 -52.271160 39.980000
v 14.559147 -52.828918 39.470001
v 14.990074 -53.477333 38.959999
v 12.649616 -51.980789 40.490002
v 13.536198 -52.298946 39.980000
v 14.240631 -52.789005 39.470001
v 14.733977 -53.391289 38.959999
v 12.256143 -52.135216 40.490002
v 13.169997 -52.363518 39.980000
v 13.919724 -52.781002 39.470001
v 14.470587 -53.331169 38.959999
v 11.880000 -52.328053 40.490002
v 12.812045 -52.464230 39.980000
v 13.599613 -52.804989 39.470001
v 14.202518 -53.297577 38.959999
v 11.524927 -52.557384 40.490002
v 12.465899 -52.600082 39.980000
v 13.283483 -52.860733 39.470001
v 13.932438 -53.290844 38.959999
v 11.194452 -52.820927 40.490002
v 12.135000 -52.769726 39.980000
v 12.974473 -52.947674 39.470001
v 13.663029 -53.311031 38.959999
v 10.891860 -53.116066 40.490002
v 11.822636 -52.971470 39.980000
v 12.675655 -53.064953 39.470001
v 13.396968 -53.357944 38.959999
v 10.620158 -53.439869 40.490002
v 11.531912 -53.203316 39.980000
v 12.390000 -53.211399 39.470001
v 13.136901 -53.431118 38.959999
v 10.382047 -53.789116 40.490002
v 11.265717 -53.462955 39.980000
v 12.120345 -53.385559 39.470001
v 12.885412 -53.529819 38.959999
v 10.179892 -54.160332 40.490002
v 11.026696 -53.747810 39.980000
v 11.869371 -53.585705 39.470001
v 12.645000 -53.653072 38.959999
v 10.015703 -54.549835 40.490002
v 10.817225 -54.055046 39.980000
v 11.639573 -53.809845 39.470001
v 12.418055 -53.799648 38.959999
v 9.891112 -54.953747 40.490002
v 10.639386 -54.381615 39.980000
v 11.433233 -54.055748 39.470001
v 12.206831 -53.968094 38.959999
v 9.807357 -55.368061 40.490002
v 10.494946 -54.724266 39.980000
v 11.252403 -54.320980 39.470001
v 12.013430 -54.156731 38.959999
v 9.765270 -55.788654 40.490002
v 10.385342 -55.079594 39.980000
v 11.098880 -54.602894 39.470001
v 11.839771 -54.363689 38.959999
v 9.765270 -56.211346 40.490002
v 10.311661 -55.444073 39.980000
v 10.974190 -54.898697 39.470001
v 11.687582 -54.586910 38.959999
v 9.807357 -56.631939 40.490002
v 10.274636 -55.814075 39.980000
v 10.879571 -55.205441 39.470001
v 11.558374 -54.824177 38.959999
v 9.891112 -57.046253 40.490002
v 10.274636 -56.185925 39.980000
v 10.815965 -55.520084 39.470001
v 11.453433 -55.073124 38.959999
v 10.015703 -57.450165 40.490002
v 10.311661 -56.555927 39.980000
v 10.784002 -55.839497 39.470001
v 11.373800 -55.331287 38.959999
v 10.179892 -57.839668 40.490002
v 10.385342 -56.920406 39.980000
v 10.784002 -56.160503 39.470001
v 11.320269 -55.596096 38.959999
v 10.382047 -58.210884 40.490002
v 10.494946 -57.275734 39.980000
v 10.815965 -56.479916 39.470001
v 11.293368 -55.864918 38.959999
v 10.620158 -58.560131 40.490002
v 10.639386 -57.618385 39.980000
v 10.879571 -56.794559 39.470001
v 11.293368 -56.135082 38.959999
v 10.891860 -58.883934 40.490002
v 10.817225 -57.944954 39.980000
v 10.974190 -57.101303 39.470001
v 11.320269 -56.403904 38.959999
v 11.194452 -59.179073 40.490002
v 11.026696 -58.252190 39.980000
v 11.098880 -57.397106 39.470001
v 11.373800 -56.668713 38.959999
v 11.524927 -59.442616 40.490002
v 11.265717 -58.537045 39.980000
v 11.252403 -57.679020 39.470001
v 11.453433 -56.926876 38.959999
v 11.880000 -59.671947 40.490002
v 11.531912 -58.796684 39.980000
v 11.433233 -57.944252 39.470001
v 11.558374 -57.175823 38.959999
v 12.256143 -59.864784 40.490002
v 11.822636 -59.028530 39.980000
v 11.639573 -58.190155 39.470001
v 11.687582 -57.413090 38.959999
v 12.649616 -60.019211 40.490002
v 12.135000 -59.230274 39.980000
v 11.869371 -58.414295 39.470001
v 11.839771 -57.636311 38.959999
v 13.056511 -60.133694 40.490002
v 12.465899 -59.399918 39.980000
v 12.120345 -58.614441 39.470001
v 12.013430 -57.843269 38.959999
v 13.472783 -60.207096 40.490002
v 12.812045 -59.535770 39.980000
v 12.390000 -58.788601 39.470001
v 12.206831 -58.031906 38.959999
v 13.894294 -60.238682 40.490002
v 13.169997 -59.636482 39.980000
v 12.675655 -58.935047 39.470001
v 12.418055 -58.200352 38.959999
v 14.316855 -60.228146 40.490002
v 13.536198 -59.701054 39.980000
v 12.974473 -59.052326 39.470001
v 12.645000 -58.346928 38.959999
v 14.736268 -60.175587 40.490002
v 13.907008 -59.728840 39.980000
v 13.283483 -59.139267 39.470001
v 12.885412 -58.470181 38.959999
v 15.148363 -60.081528 40.490002
v 14.278743 -59.719570 39.980000
v 13.599613 -59.195011 39.470001
v 13.136901 -58.568882 38.959999
v 15.549046 -59.946903 40.490002
v 14.647708 -59.673332 39.980000
v 13.919724 -59.218998 39.470001
v 13.396968 -58.642056 38.959999
v 15.934333 -59.773056 40.490002
v 15.010235 -59.590588 39.980000
v 14.240631 -59.210995 39.470001
v 13.663029 -58.688969 38.959999
v 16.300396 -59.561710 40.490002
v 15.362722 -59.472160 39.980000
v 14.559147 -59.171082 39.470001
v 13.932438 -58.709156 38.959999
v 16.643597 -59.314964 40.490002
v 15.701666 -59.319221 39.980000
v 14.872107 -59.099651 39.470001
v 14.202518 -58.702423 38.959999
v 16.960524 -59.035275 40.490002
v 16.023697 -59.133297 39.980000
v 15.176398 -58.997414 39.470001
v 14.470587 -58.668831 38.959999
v 17.248028 -58.725418 40.490002
v 16.325617 -58.916233 39.980000
v 15.468998 -58.865387 39.470001
v 14.733977 -58.608711 38.959999
v 17.503252 -58.388477 40.490002
v 16.604424 -58.670185 39.980000
v 15.746999 -58.704884 39.470001
v 14.990074 -58.522667 38.959999
v 17.723660 -58.027798 40.490002
v 16.857346 -58.397598 39.980000
v 16.007637 -58.517498 39.470001
v 15.236331 -58.411552 38.959999
v 17.907059 -57.646965 40.490002
v 17.081871 -58.101185 39.980000
v 16.248323 -58.305092 39.470001
v 15.470301 -58.276470 38.959999
v 18.051628 -57.249763 40.490002
v 17.275766 -57.783886 39.980000
v 16.466663 -58.069775 39.470001
v 15.689657 -58.118763 38.959999
v 18.155931 -56.840141 40.490002
v 17.437107 -57.448860 39.980000
v 16.660488 -57.813892 39.470001
v 15.892221 -57.939999 38.959999
v 18.218931 -56.422169 40.490002
v 17.564287 -57.099438 39.980000
v 16.827873 -57.539978 39.470001
v 16.075981 -57.741955 38.959999
v 17.656044 -56.739086 39.980000
v 16.967154 -57.250759 39.470001
v 16.239107 -57.526596 38.959999
v 17.711464 -56.371387 39.980000
v 17.076944 -56.949112 39.470001
v 16.379980 -57.296070 38.959999
v 17.156155 -56.638031 39.470001
v 16.497200 -57.052658 38.959999
v 17.203999 -56.320610 39.470001
v 16.589602 -56.798786 38.959999
v 16.656267 -56.536976 38.959999
v 16.696533 -56.269829 38.959999
v 110.239998 -56.000000 40.490002
v 108.709999 -56.000000 38.959999
v 110.218933 -55.577831 40.490002
v 110.155930 -55.159859 40.490002
v 110.051628 -54.750237 40.490002
v 109.711464 -55.628613 39.980000
v 109.730003 -56.000000 39.980000
v 109.907059 -54.353035 40.490002
v 109.656044 -55.260914 39.980000
v 109.723656 -53.972202 40.490002
v 109.564285 -54.900562 39.980000
v 109.204002 -55.679390 39.470001
v 109.220001 -56.000000 39.470001
v 109.503250 -53.611523 40.490002
v 109.437103 -54.551140 39.980000
v 109.156158 -55.361969 39.470001
v 109.248032 -53.274582 40.490002
v 109.275764 -54.216114 39.980000
v 109.076942 -55.050888 39.470001
v 108.696533 -55.730171 38.959999
v 108.960526 -52.964725 40.490002
v 109.081871 -53.898815 39.980000
v 108.967155 -54.749241 39.470001
v 108.656265 -55.463024 38.959999
v 108.643600 -52.685036 40.490002
v 108.857346 -53.602402 39.980000
v 108.827873 -54.460022 39.470001
v 108.589600 -55.201214 38.959999
v 108.300400 -52.438290 40.490002
v 108.604424 -53.329815 39.980000
v 108.660492 -54.186108 39.470001
v 108.497200 -54.947342 38.959999
v 107.934334 -52.226944 40.490002
v 108.325615 -53.083767 39.980000
v 108.466660 -53.930225 39.470001
v 108.379982 -54.703930 38.959999
v 107.549049 -52.053097 40.490002
v 108.023697 -52.866703 39.980000
v 108.248322 -53.694908 39.470001
v 108.239105 -54.473404 38.959999
v 107.148361 -51.918472 40.490002
v 107.701668 -52.680779 39.980000
v 108.007637 -53.482502 39.470001
v 108.075981 -54.258045 38.959999
v 106.736267 -51.824413 40.490002
v 107.362724 -52.527840 39.980000
v 107.747002 -53.295116 39.470001
v 107.892220 -54.060001 38.959999
v 106.316856 -51.771854 40.490002
v 107.010239 -52.409412 39.980000
v 107.469002 -53.134613 39.470001
v 107.689659 -53.881237 38.959999
v 105.894295 -51.761318 40.490002
v 106.647705 -52.326668 39.980000
v 107.176399 -53.002586 39.470001
v 107.470299 -53.723530 38.959999
v 105.472786 -51.792904 40.490002
v 106.278740 -52.280430 39.980000
v 106.872108 -52.900349 39.470001
v 107.236328 -53.588448 38.959999
v 105.056511 -51.866306 40.490002
v 105.907005 -52.271160 39.980000
v 106.559151 -52.828918 39.470001
v 106.990074 -53.477333 38.959999
v 104.649620 -51.980789 40.490002
v 105.536201 -52.298946 39.980000
v 106.240631 -52.789005 39.470001
v 106.733978 -53.391289 38.959999
v 104.256142 -52.135216 40.490002
v 105.169998 -52.363518 39.980000
v 105.919724 -52.781002 39.470001
v 106.470589 -53.331169 38.959999
v 103.879997 -52.328053 40.490002
v 104.812042 -52.464230 39.980000
v 105.599617 -52.804989 39.470001
v 106.202522 -53.297577 38.959999
v 103.524925 -52.557384 40.490002
v 104.465897 -52.600082 39.980000
v 105.283485 -52.860733 39.470001
v 105.932434 -53.290844 38.959999
v 103.194450 -52.820927 40.490002
v 104.135002 -52.769726 39.980000
v 104.974472 -52.947674 39.470001
v 105.663025 -53.311031 38.959999
v 102.891861 -53.116066 40.490002
v 103.822639 -52.971470 39.980000
v 104.675659 -53.064953 39.470001
v 105.396965 -53.357944 38.959999
v 102.620155 -53.439869 40.490002
v 103.531914 -53.203316 39.980000
v 104.389999 -53.211399 39.470001
v 105.136902 -53.431118 38.959999
v 102.382050 -53.789116 40.490002
v 103.265717 -53.462955 39.980000
v 104.120346 -53.385559 39.470001
v 104.885414 -53.529819 38.959999
v 102.179893 -54.160332 40.490002
v 103.026695 -53.747810 39.980000
v 103.869370 -53.585705 39.470001
v 104.644997 -53.653072 38.959999
v 102.015701 -54.549835 40.490002
v 102.817223 -54.055046 39.980000
v 103.639572 -53.809845 39.470001
v 104.418053 -53.799648 38.959999
v 101.891113 -54.953747 40.490002
v 102.639389 -54.381615 39.980000
v 103.433235 -54.055748 39.470001
v 104.206833 -53.968094 38.959999
v 101.807358 -55.368061 40.490002
v 102.494949 -54.724266 39.980000
v 103.252403 -54.320980 39.470001
v 104.013428 -54.156731 38.959999
v 101.765274 -55.788654 40.490002
v 102.385345 -55.079594 39.980000
v 103.098877 -54.602894 39.470001
v 103.839767 -54.363689 38.959999
v 101.765274 -56.211346 40.490002
v 102.311661 -55.444073 39.980000
v 102.974190 -54.898697 39.470001
v 103.687584 -54.586910 38.959999
v 101.807358 -56.631939 40.490002
v 102.274635 -55.814075 39.980000
v 102.879570 -55.205441 39.470001
v 103.558372 -54.824177 38.959999
v 101.891113 -57.046253 40.490002
v 102.274635 -56.185925 39.980000
v 102.815964 -55.520084 39.470001
v 103.453430 -55.073124 38.959999
v 102.015701 -57.450165 40.490002
v 102.311661 -56.555927 39.980000
v 102.784004 -55.839497 39.470001
v 103.373802 -55.331287 38.959999
v 102.179893 -57.839668 40.490002
v 102.385345 -56.920406 39.980000
v 102.784004 -56.160503 39.470001
v 103.320267 -55.596096 38.959999
v 102.382050 -58.210884 40.490002
v 102.494949 -57.275734 39.980000
v 102.815964 -56.479916 39.470001
v 103.293365 -55.864918 38.959999
v 102.620155 -58.560131 40.490002
v 102.639389 -57.618385 39.980000
v 102.879570 -56.794559 39.470001
v 103.293365 -56.135082 38.959999
v 102.891861 -58.883934 40.490002
v 102.817223 -57.944954 39.980000
v 102.974190 -57.101303 39.470001
v 103.320267 -56.403904 38.959999
v 103.194450 -59.179073 40.490002
v 103.026695 -58.252190 39.980000
v 103.098877 -57.397106 39.470001
v 103.373802 -56.668713 38.959999
v 103.524925 -59.442616 40.490002
v 103.265717 -58.537045 39.980000
v 103.252403 -57.679020 39.470001
v 103.453430 -56.926876 38.959999
v 103.879997 -59.671947 40.490002
v 103.531914 -58.796684 39.980000
v 103.433235 -57.944252 39.470001
v 103.558372 -57.175823 38.959999
v 104.256142 -59.864784 40.490002
v 103.822639 -59.028530 39.980000
v 103.639572 -58.190155 39.470001
v 103.687584 -57.413090 38.959999
v 104.649620 -60.019211 40.490002
v 104.135002 -59.230274 39.980000
v 103.869370 -58.414295 39.470001
v 103.839767 -57.636311 38.959999
v 105.056511 -60.133694 40.490002
v 104.465897 -59.399918 39.980000
v 104.120346 -58.614441 39.470001
v 104.013428 -57.843269 38.959999
v 105.472786 -60.207096 40.490002
v 104.812042 -59.535770 39.980000
v 104.389999 -58.788601 39.470001
v 104.206833 -58.031906 38.959999
v 105.894295 -60.238682 40.490002
v 105.169998 -59.636482 39.980000
v 104.675659 -58.935047 39.470001
v 104.418053 -58.200352 38.959999
v 106.316856 -60.228146 40.490002
v 105.536201 -59.701054 39.980000
v 104.974472 -59.052326 39.470001
v 104.644997 -58.346928 38.959999
v 106.736267 -60.175587 40.490002
v 105.907005 -59.728840 39.980000
v 105.283485 -59.139267 39.470001
v 104.885414 -58.470181 38.959999
v 107.148361 -60.081528 40.490002
v 106.278740 -59.719570 39.980000
v 105.599617 -59.195011 39.470001
v 105.136902 -58.568882 38.959999
v 107.549049 -59.946903 40.490002
v 106.647705 -59.673332 39.980000
v 105.919724 -59.218998 39.470001
v 105.396965 -58.642056 38.959999
v 107.934334 -59.773056 40.490002
v 107.010239 -59.590588 39.980000
v 106.240631 -59.210995 39.470001
v 105.663025 -58.688969 38.959999
v 108.300400 -59.561710 40.490002
v 107.362724 -59.472160 39.980000
v 106.559151 -59.171082 39.470001
v 105.932434 -58.709156 38.959999
v 108.643600 -59.314964 40.490002
v 107.701668 -59.319221 39.980000
v 106.872108 -59.099651 39.470001
v 106.202522 -58.702423 38.959999
v 108.960526 -59.035275 40.490002
v 108.023697 -59.133297 39.980000
v 107.176399 -58.997414 39.470001
v 106.470589 -58.668831 38.959999
v 109.248032 -58.725418 40.490002
v 108.325615 -58.916233 39.980000
v 107.469002 -58.865387 39.470001
v 106.733978 -58.608711 38.959999
v 109.503250 -58.388477 40.490002
v 108.604424 -58.670185 39.980000
v 107.747002 -58.704884 39.470001
v 106.990074 -58.522667 38.959999
v 109.723656 -58.027798 40.490002
v 108.857346 -58.397598 39.980000
v 108.007637 -58.517498 39.470001
v 107.236328 -58.411552 38.959999
v 109.907059 -57.646965 40.490002
v 109.081871 -58.101185 39.980000
v 108.248322 -58.305092 39.470001
v 107.470299 -58.276470 38.959999
v 110.051628 -57.249763 40.490002
v 109.275764 -57.783886 39.980000
v 108.466660 -58.069775 39.470001
v 107.689659 -58.118763 38.959999
v 110.155930 -56.840141 40.490002
v 109.437103 -57.448860 39.980000
v 108.660492 -57.813892 39.470001
v 107.892220 -57.939999 38.959999
v 110.218933 -56.422169 40.490002
v 109.564285 -57.099438 39.980000
v 108.827873 -57.539978 39.470001
v 108.075981 -57.741955 38.959999
v 109.656044 -56.739086 39.980000
v 108.967155 -57.250759 39.470001
v 108.239105 -57.526596 38.959999
v 109.711464 -56.371387 39.980000
v 109.076942 -56.949112 39.470001
v 108.379982 -57.296070 38.959999
v 109.156158 -56.638031 39.470001
v 108.497200 -57.052658 38.959999
v 109.204002 -56.320610 39.470001
v 108.589600 -56.798786 38.959999
v 108.656265 -56.536976 38.959999
v 108.696533 -56.269829 38.959999
v 18.240000 -14.000000 40.490002
v 16.709999 -14.000000 38.959999
v 18.218931 -13.577832 40.490002
v 18.155931 -13.159861 40.490002
v 18.051628 -12.750238 40.490002
v 17.711464 -13.628612 39.980000
v 17.730000 -14.000000 39.980000
v 17.907059 -12.353037 40.490002
v 17.656044 -13.260915 39.980000
v 17.723660 -11.972203 40.490002
v 17.564287 -12.900563 39.980000
v 17.203999 -13.679392 39.470001
v 17.219999 -14.000000 39.470001
v 17.503252 -11.611523 40.490002
v 17.437107 -12.551138 39.980000
v 17.156155 -13.361969 39.470001
v 17.248028 -11.274581 40.490002
v 17.275766 -12.216113 39.980000
v 17.076944 -13.050888 39.470001
v 16.696533 -13.730171 38.959999
v 16.960524 -10.964725 40.490002
v 17.081871 -11.898816 39.980000
v 16.967154 -12.749240 39.470001
v 16.656267 -13.463024 38.959999
v 16.643597 -10.685035 40.490002
v 16.857346 -11.602403 39.980000
v 16.827873 -12.460022 39.470001
v 16.589602 -13.201214 38.959999
v 16.300396 -10.438290 40.490002
v 16.604424 -11.329817 39.980000
v 16.660488 -12.186110 39.470001
v 16.497200 -12.947342 38.959999
v 15.934333 -10.226944 40.490002
v 16.325617 -11.083769 39.980000
v 16.466663 -11.930223 39.470001
v 16.379980 -12.703932 38.959999
v 15.549046 -10.053095 40.490002
v 16.023697 -10.866703 39.980000
v 16.248323 -11.694909 39.470001
v 16.239107 -12.473403 38.959999
v 15.148363 -9.918473 40.490002
v 15.701666 -10.680779 39.980000
v 16.007637 -11.482503 39.470001
v 16.075981 -12.258045 38.959999
v 14.736268 -9.824415 40.490002
v 15.362722 -10.527841 39.980000
v 15.746999 -11.295116 39.470001
v 15.892221 -12.060000 38.959999
v 14.316855 -9.771856 40.490002
v 15.010235 -10.409411 39.980000
v 15.468998 -11.134613 39.470001
v 15.689657 -11.881237 38.959999
v 13.894294 -9.761318 40.490002
v 14.647708 -10.326667 39.980000
v 15.176398 -11.002586 39.470001
v 15.470301 -11.723530 38.959999
v 13.472783 -9.792906 40.490002
v 14.278743 -10.280430 39.980000
v 14.872107 -10.900350 39.470001
v 15.236331 -11.588448 38.959999
v 13.056511 -9.866305 40.490002
v 13.907008 -10.271159 39.980000
v 14.559147 -10.828919 39.470001
v 14.990074 -11.477332 38.959999
v 12.649616 -9.980788 40.490002
v 13.536198 -10.298947 39.980000
v 14.240631 -10.789003 39.470001
v 14.733977 -11.391289 38.959999
v 12.256143 -10.135215 40.490002
v 13.169997 -10.363519 39.980000
v 13.919724 -10.781001 39.470001
v 14.470587 -11.331171 38.959999
v 11.880000 -10.328053 40.490002
v 12.812045 -10.464231 39.980000
v 13.599613 -10.804990 39.470001
v 14.202518 -11.297578 38.959999
v 11.524927 -10.557383 40.490002
v 12.465899 -10.600083 39.980000
v 13.283483 -10.860732 39.470001
v 13.932438 -11.290842 38.959999
v 11.194452 -10.820928 40.490002
v 12.135000 -10.769725 39.980000
v 12.974473 -10.947674 39.470001
v 13.663029 -11.311031 38.959999
v 10.891860 -11.116068 40.490002
v 11.822636 -10.971471 39.980000
v 12.675655 -11.064951 39.470001
v 13.396968 -11.357945 38.959999
v 10.620158 -11.439869 40.490002
v 11.531912 -11.203316 39.980000
v 12.390000 -11.211398 39.470001
v 13.136901 -11.431117 38.959999
v 10.382047 -11.789115 40.490002
v 11.265717 -11.462955 39.980000
v 12.120345 -11.385560 39.470001
v 12.885412 -11.529819 38.959999
v 10.179892 -12.160333 40.490002
v 11.026696 -11.747809 39.980000
v 11.869371 -11.585705 39.470001
v 12.645000 -11.653071 38.959999
v 10.015703 -12.549834 40.490002
v 10.817225 -12.055047 39.980000
v 11.639573 -11.809844 39.470001
v 12.418055 -11.799648 38.959999
v 9.891112 -12.953749 40.490002
v 10.639386 -12.381614 39.980000
v 11.433233 -12.055750 39.470001
v 12.206831 -11.968093 38.959999
v 9.807357 -13.368061 40.490002
v 10.494946 -12.724265 39.980000
v 11.252403 -12.320979 39.470001
v 12.013430 -12.156732 38.959999
v 9.765270 -13.788653 40.490002
v 10.385342 -13.079595 39.980000
v 11.098880 -12.602895 39.470001
v 11.839771 -12.363690 38.959999
v 9.765270 -14.211347 40.490002
v 10.311661 -13.444073 39.980000
v 10.974190 -12.898695 39.470001
v 11.687582 -12.586910 38.959999
v 9.807357 -14.631939 40.490002
v 10.274636 -13.814075 39.980000
v 10.879571 -13.205441 39.470001
v 11.558374 -12.824175 38.959999
v 9.891112 -15.046251 40.490002
v 10.274636 -14.185925 39.980000
v 10.815965 -13.520083 39.470001
v 11.453433 -13.073126 38.959999
v 10.015703 -15.450166 40.490002
v 10.311661 -14.555927 39.980000
v 10.784002 -13.839497 39.470001
v 11.373800 -13.331287 38.959999
v 10.179892 -15.839667 40.490002
v 10.385342 -14.920405 39.980000
v 10.784002 -14.160503 39.470001
v 11.320269 -13.596095 38.959999
v 10.382047 -16.210886 40.490002
v 10.494946 -15.275735 39.980000
v 10.815965 -14.479917 39.470001
v 11.293368 -13.864918 38.959999
v 10.620158 -16.560131 40.490002
v 10.639386 -15.618386 39.980000
v 10.879571 -14.794559 39.470001
v 11.293368 -14.135082 38.959999
v 10.891860 -16.883932 40.490002
v 10.817225 -15.944953 39.980000
v 10.974190 -15.101305 39.470001
v 11.320269 -14.403905 38.959999
v 11.194452 -17.179071 40.490002
v 11.026696 -16.252190 39.980000
v 11.098880 -15.397105 39.470001
v 11.373800 -14.668713 38.959999
v 11.524927 -17.442617 40.490002
v 11.265717 -16.537045 39.980000
v 11.252403 -15.679021 39.470001
v 11.453433 -14.926874 38.959999
v 11.880000 -17.671947 40.490002
v 11.531912 -16.796684 39.980000
v 11.433233 -15.944250 39.470001
v 11.558374 -15.175825 38.959999
v 12.256143 -17.864784 40.490002
v 11.822636 -17.028528 39.980000
v 11.639573 -16.190157 39.470001
v 11.687582 -15.413090 38.959999
v 12.649616 -18.019213 40.490002
v 12.135000 -17.230274 39.980000
v 11.869371 -16.414295 39.470001
v 11.839771 -15.636310 38.959999
v 13.056511 -18.133694 40.490002
v 12.465899 -17.399918 39.980000
v 12.120345 -16.614441 39.470001
v 12.013430 -15.843268 38.959999
v 13.472783 -18.207094 40.490002
v 12.812045 -17.535769 39.980000
v 12.390000 -16.788601 39.470001
v 12.206831 -16.031906 38.959999
v 13.894294 -18.238682 40.490002
v 13.169997 -17.636480 39.980000
v 12.675655 -16.935049 39.470001
v 12.418055 -16.200352 38.959999
v 14.316855 -18.228144 40.490002
v 13.536198 -17.701052 39.980000
v 12.974473 -17.052326 39.470001
v 12.645000 -16.346930 38.959999
v 14.736268 -18.175585 40.490002
v 13.907008 -17.728840 39.980000
v 13.283483 -17.139267 39.470001
v 12.885412 -16.470181 38.959999
v 15.148363 -18.081528 40.490002
v 14.278743 -17.719570 39.980000
v 13.599613 -17.195011 39.470001
v 13.136901 -16.568884 38.959999
v 15.549046 -17.946905 40.490002
v 14.647708 -17.673332 39.980000
v 13.919724 -17.219000 39.470001
v 13.396968 -16.642056 38.959999
v 15.934333 -17.773056 40.490002
v 15.010235 -17.590588 39.980000
v 14.240631 -17.210997 39.470001
v 13.663029 -16.688969 38.959999
v 16.300396 -17.561710 40.490002
v 15.362722 -17.472158 39.980000
v 14.559147 -17.171082 39.470001
v 13.932438 -16.709158 38.959999
v 16.643597 -17.314966 40.490002
v 15.701666 -17.319221 39.980000
v 14.872107 -17.099649 39.470001
v 14.202518 -16.702423 38.959999
v 16.960524 -17.035275 40.490002
v 16.023697 -17.133297 39.980000
v 15.176398 -16.997414 39.470001
v 14.470587 -16.668829 38.959999
v 17.248028 -16.725420 40.490002
v 16.325617 -16.916231 39.980000
v 15.468998 -16.865387 39.470001
v 14.733977 -16.608711 38.959999
v 17.503252 -16.388477 40.490002
v 16.604424 -16.670183 39.980000
v 15.746999 -16.704884 39.470001
v 14.990074 -16.522667 38.959999
v 17.723660 -16.027798 40.490002
v 16.857346 -16.397598 39.980000
v 16.007637 -16.517498 39.470001
v 15.236331 -16.411552 38.959999
v 17.907059 -15.646963 40.490002
v 17.081871 -16.101183 39.980000
v 16.248323 -16.305092 39.470001
v 15.470301 -16.276470 38.959999
v 18.051628 -15.249762 40.490002
v 17.275766 -15.783887 39.980000
v 16.466663 -16.069777 39.470001
v 15.689657 -16.118763 38.959999
v 18.155931 -14.840139 40.490002
v 17.437107 -15.448862 39.980000
v 16.660488 -15.813890 39.470001
v 15.892221 -15.940000 38.959999
v 18.218931 -14.422168 40.490002
v 17.564287 -15.099437 39.980000
v 16.827873 -15.539978 39.470001
v 16.075981 -15.741955 38.959999
v 17.656044 -14.739085 39.980000
v 16.967154 -15.250760 39.470001
v 16.239107 -15.526597 38.959999
v 17.711464 -14.371388 39.980000
v 17.076944 -14.949112 39.470001
v 16.379980 -15.296068 38.959999
v 17.156155 -14.638031 39.470001
v 16.497200 -15.052658 38.959999
v 17.203999 -14.320608 39.470001
v 16.589602 -14.798786 38.959999
v 16.656267 -14.536976 38.959999
v 16.696533 -14.269829 38.959999
v 38.240002 -14.000000 40.490002
v 36.709999 -14.000000 38.959999
v 38.218929 -13.577832 40.490002
v 38.155930 -13.159861 40.490002
v 38.051628 -12.750238 40.490002
v 37.711464 -13.628612 39.980000
v 37.730000 -14.000000 39.980000
v 37.907059 -12.353037 40.490002
v 37.656044 -13.260915 39.980000
v 37.723660 -11.972203 40.490002
v 37.564285 -12.900563 39.980000
v 37.203999 -13.679392 39.470001
v 37.220001 -14.000000 39.470001
v 37.503254 -11.611523 40.490002
v 37.437107 -12.551138 39.980000
v 37.156155 -13.361969 39.470001
v 37.248028 -11.274581 40.490002
v 37.275768 -12.216113 39.980000
v 37.076946 -13.050888 39.470001
v 36.696533 -13.730171 38.959999
v 36.960526 -10.964725 40.490002
v 37.081871 -11.898816 39.980000
v 36.967152 -12.749240 39.470001
v 36.656269 -13.463024 38.959999
v 36.643597 -10.685035 40.490002
v 36.857346 -11.602403 39.980000
v 36.827873 -12.460022 39.470001
v 36.589603 -13.201214 38.959999
v 36.300396 -10.438290 40.490002
v 36.604424 -11.329817 39.980000
v 36.660488 -12.186110 39.470001
v 36.497200 -12.947342 38.959999
v 35.934334 -10.226944 40.490002
v 36.325619 -11.083769 39.980000
v 36.466663 -11.930223 39.470001
v 36.379982 -12.703932 38.959999
v 35.549046 -10.053095 40.490002
v 36.023697 -10.866703 39.980000
v 36.248322 -11.694909 39.470001
v 36.239105 -12.473403 38.959999
v 35.148365 -9.918473 40.490002
v 35.701664 -10.680779 39.980000
v 36.007637 -11.482503 39.470001
v 36.075981 -12.258045 38.959999
v 34.736267 -9.824415 40.490002
v 35.362720 -10.527841 39.980000
v 35.746998 -11.295116 39.470001
v 35.892223 -12.060000 38.959999
v 34.316856 -9.771856 40.490002
v 35.010235 -10.409411 39.980000
v 35.468998 -11.134613 39.470001
v 35.689659 -11.881237 38.959999
v 33.894295 -9.761318 40.490002
v 34.647709 -10.326667 39.980000
v 35.176399 -11.002586 39.470001
v 35.470299 -11.723530 38.959999
v 33.472782 -9.792906 40.490002
v 34.278744 -10.280430 39.980000
v 34.872105 -10.900350 39.470001
v 35.236332 -11.588448 38.959999
v 33.056511 -9.866305 40.490002
v 33.907009 -10.271159 39.980000
v 34.559147 -10.828919 39.470001
v 34.990074 -11.477332 38.959999
v 32.649616 -9.980788 40.490002
v 33.536198 -10.298947 39.980000
v 34.240631 -10.789003 39.470001
v 34.733978 -11.391289 38.959999
v 32.256142 -10.135215 40.490002
v 33.169998 -10.363519 39.980000
v 33.919724 -10.781001 39.470001
v 34.470585 -11.331171 38.959999
v 31.879999 -10.328053 40.490002
v 32.812046 -10.464231 39.980000
v 33.599613 -10.804990 39.470001
v 34.202518 -11.297578 38.959999
v 31.524927 -10.557383 40.490002
v 32.465900 -10.600083 39.980000
v 33.283482 -10.860732 39.470001
v 33.932438 -11.290842 38.959999
v 31.194452 -10.820928 40.490002
v 32.134998 -10.769725 39.980000
v 32.974472 -10.947674 39.470001
v 33.663029 -11.311031 38.959999
v 30.891861 -11.116068 40.490002
v 31.822636 -10.971471 39.980000
v 32.675655 -11.064951 39.470001
v 33.396969 -11.357945 38.959999
v 30.620157 -11.439869 40.490002
v 31.531912 -11.203316 39.980000
v 32.389999 -11.211398 39.470001
v 33.136902 -11.431117 38.959999
v 30.382046 -11.789115 40.490002
v 31.265717 -11.462955 39.980000
v 32.120346 -11.385560 39.470001
v 32.885410 -11.529819 38.959999
v 30.179892 -12.160333 40.490002
v 31.026695 -11.747809 39.980000
v 31.869371 -11.585705 39.470001
v 32.645000 -11.653071 38.959999
v 30.015703 -12.549834 40.490002
v 30.817225 -12.055047 39.980000
v 31.639572 -11.809844 39.470001
v 32.418056 -11.799648 38.959999
v 29.891111 -12.953749 40.490002
v 30.639385 -12.381614 39.980000
v 31.433233 -12.055750 39.470001
v 32.206833 -11.968093 38.959999
v 29.807358 -13.368061 40.490002
v 30.494947 -12.724265 39.980000
v 31.252403 -12.320979 39.470001
v 32.013428 -12.156732 38.959999
v 29.765270 -13.788653 40.490002
v 30.385342 -13.079595 39.980000
v 31.098881 -12.602895 39.470001
v 31.839771 -12.363690 38.959999
v 29.765270 -14.211347 40.490002
v 30.311661 -13.444073 39.980000
v 30.974190 -12.898695 39.470001
v 31.687582 -12.586910 38.959999
v 29.807358 -14.631939 40.490002
v 30.274637 -13.814075 39.980000
v 30.879572 -13.205441 39.470001
v 31.558374 -12.824175 38.959999
v 29.891111 -15.046251 40.490002
v 30.274637 -14.185925 39.980000
v 30.815966 -13.520083 39.470001
v 31.453432 -13.073126 38.959999
v 30.015703 -15.450166 40.490002
v 30.311661 -14.555927 39.980000
v 30.784002 -13.839497 39.470001
v 31.373800 -13.331287 38.959999
v 30.179892 -15.839667 40.490002
v 30.385342 -14.920405 39.980000
v 30.784002 -14.160503 39.470001
v 31.320269 -13.596095 38.959999
v 30.382046 -16.210886 40.490002
v 30.494947 -15.275735 39.980000
v 30.815966 -14.479917 39.470001
v 31.293369 -13.864918 38.959999
v 30.620157 -16.560131 40.490002
v 30.639385 -15.618386 39.980000
v 30.879572 -14.794559 39.470001
v 31.293369 -14.135082 38.959999
v 30.891861 -16.883932 40.490002
v 30.817225 -15.944953 39.980000
v 30.974190 -15.101305 39.470001
v 31.320269 -14.403905 38.959999
v 31.194452 -17.179071 40.490002
v 31.026695 -16.252190 39.980000
v 31.098881 -15.397105 39.470001
v 31.373800 -14.668713 38.959999
v 31.524927 -17.442617 40.490002
v 31.265717 -16.537045 39.980000
v 31.252403 -15.679021 39.470001
v 31.453432 -14.926874 38.959999
v 31.879999 -17.671947 40.490002
v 31.531912 -16.796684 39.980000
v 31.433233 -15.944250 39.470001
v 31.558374 -15.175825 38.959999
v 32.256142 -17.864784 40.490002
v 31.822636 -17.028528 39.980000
v 31.639572 -16.190157 39.470001
v 31.687582 -15.413090 38.959999
v 32.649616 -18.019213 40.490002
v 32.134998 -17.230274 39.980000
v 31.869371 -16.414295 39.470001
v 31.839771 -15.636310 38.959999
v 33.056511 -18.133694 40.490002
v 32.465900 -17.399918 39.980000
v 32.120346 -16.614441 39.470001
v 32.013428 -15.843268 38.959999
v 33.472782 -18.207094 40.490002
v 32.812046 -17.535769 39.980000
v 32.389999 -16.788601 39.470001
v 32.206833 -16.031906 38.959999
v 33.894295 -18.238682 40.490002
v 33.169998 -17.636480 39.980000
v 32.675655 -16.935049 39.470001
v 32.418056 -16.200352 38.959999
v 34.316856 -18.228144 40.490002
v 33.536198 -17.701052 39.980000
v 32.974472 -17.052326 39.470001
v 32.645000 -16.346930 38.959999
v 34.736267 -18.175585 40.490002
v 33.907009 -17.728840 39.980000
v 33.283482 -17.139267 39.470001
v 32.885410 -16.470181 38.959999
v 35.148365 -18.081528 40.490002
v 34.278744 -17.719570 39.980000
v 33.599613 -17.195011 39.470001
v 33.136902 -16.568884 38.959999
v 35.549046 -17.946905 40.490002
v 34.647709 -17.673332 39.980000
v 33.919724 -17.219000 39.470001
v 33.396969 -16.642056 38.959999
v 35.934334 -17.773056 40.490002
v 35.010235 -17.590588 39.980000
v 34.240631 -17.210997 39.470001
v 33.663029 -16.688969 38.959999
v 36.300396 -17.561710 40.490002
v 35.362720 -17.472158 39.980000
v 34.559147 -17.171082 39.470001
v 33.932438 -16.709158 38.959999
v 36.643597 -17.314966 40.490002
v 35.701664 -17.319221 39.980000
v 34.872105 -17.099649 39.470001
v 34.202518 -16.702423 38.959999
v 36.960526 -17.035275 40.490002
v 36.023697 -17.133297 39.980000
v 35.176399 -16.997414 39.470001
v 34.470585 -16.668829 38.959999
v 37.248028 -16.725420 40.490002
v 36.325619 -16.916231 39.980000
v 35.468998 -16.865387 39.470001
v 34.733978 -16.608711 38.959999
v 37.503254 -16.388477 40.490002
v 36.604424 -16.670183 39.980000
v 35.746998 -16.704884 39.470001
v 34.990074 -16.522667 38.959999
v 37.723660 -16.027798 40.490002
v 36.857346 -16.397598 39.980000
v 36.007637 -16.517498 39.470001
v 35.236332 -16.411552 38.959999
v 37.907059 -15.646963 40.490002
v 37.081871 -16.101183 39.980000
v 36.248322 -16.305092 39.470001
v 35.470299 -16.276470 38.959999
v 38.051628 -15.249762 40.490002
v 37.275768 -15.783887 39.980000
v 36.466663 -16.069777 39.470001
v 35.689659 -16.118763 38.959999
v 38.155930 -14.840139 40.490002
v 37.437107 -15.448862 39.980000
v 36.660488 -15.813890 39.470001
v 35.892223 -15.940000 38.959999
v 38.218929 -14.422168 40.490002
v 37.564285 -15.099437 39.980000
v 36.827873 -15.539978 39.470001
v 36.075981 -15.741955 38.959999
v 37.656044 -14.739085 39.980000
v 36.967152 -15.250760 39.470001
v 36.239105 -15.526597 38.959999
v 37.711464 -14.371388 39.980000
v 37.076946 -14.949112 39.470001
v 36.379982 -15.296068 38.959999
v 37.156155 -14.638031 39.470001
v 36.497200 -15.052658 38.959999
v 37.203999 -14.320608 39.470001
v 36.589603 -14.798786 38.959999
v 36.656269 -14.536976 38.959999
v 36.696533 -14.269829 38.959999
v 110.239998 -14.000000 40.490002
v 108.709999 -14.000000 38.959999
v 110.218933 -13.577832 40.490002
v 110.155930 -13.159861 40.490002
v 110.051628 -12.750238 40.490002
v 109.711464 -13.628612 39.980000
v 109.730003 -14.000000 39.980000
v 109.907059 -12.353037 40.490002
v 109.656044 -13.260915 39.980000
v 109.723656 -11.972203 40.490002
v 109.564285 -12.900563 39.980000
v 109.204002 -13.679392 39.470001
v 109.220001 -14.000000 39.470001
v 109.503250 -11.611523 40.490002
v 109.437103 -12.551138 39.980000
v 109.156158 -13.361969 39.470001
v 109.248032 -11.274581 40.490002
v 109.275764 -12.216113 39.980000
v 109.076942 -13.050888 39.470001
v 108.696533 -13.730171 38.959999
v 108.960526 -10.964725 40.490002
v 109.081871 -11.898816 39.980000
v 108.967155 -12.749240 39.470001
v 108.656265 -13.463024 38.959999
v 108.643600 -10.685035 40.490002
v 108.857346 -11.602403 39.980000
v 108.827873 -12.460022 39.470001
v 108.589600 -13.201214 38.959999
v 108.300400 -10.438290 40.490002
v 108.604424 -11.329817 39.980000
v 108.660492 -12.186110 39.470001
v 108.497200 -12.947342 38.959999
v 107.934334 -10.226944 40.490002
v 108.325615 -11.083769 39.980000
v 108.466660 -11.930223 39.470001
v 108.379982 -12.703932 38.959999
v 107.549049 -10.053095 40.490002
v 108.023697 -10.866703 39.980000
v 108.248322 -11.694909 39.470001
v 108.239105 -12.473403 38.959999
v 107.148361 -9.918473 40.490002
v 107.701668 -10.680779 39.980000
v 108.007637 -11.482503 39.470001
v 108.075981 -12.258045 38.959999
v 106.736267 -9.824415 40.490002
v 107.362724 -10.527841 39.980000
v 107.747002 -11.295116 39.470001
v 107.892220 -12.060000 38.959999
v 106.316856 -9.771856 40.490002
v 107.010239 -10.409411 39.980000
v 107.469002 -11.134613 39.470001
v 107.689659 -11.881237 38.959999
v 105.894295 -9.761318 40.490002
v 106.647705 -10.326667 39.980000
v 107.176399 -11.002586 39.470001
v 107.470299 -11.723530 38.959999
v 105.472786 -9.792906 40.490002
v 106.278740 -10.280430 39.980000
v 106.872108 -10.900350 39.470001
v 107.236328 -11.588448 38.959999
v 105.056511 -9.866305 40.490002
v 105.907005 -10.271159 39.980000
v 106.559151 -10.828919 39.470001
v 106.990074 -11.477332 38.959999
v 104.649620 -9.980788 40.490002
v 105.536201 -10.298947 39.980000
v 106.240631 -10.789003 39.470001
v 106.733978 -11.391289 38.959999
v 104.256142 -10.135215 40.490002
v 105.169998 -10.363519 39.980000
v 105.919724 -10.781001 39.470001
v 106.470589 -11.331171 38.959999
v 103.879997 -10.328053 40.490002
v 104.812042 -10.464231 39.980000
v 105.599617 -10.804990 39.470001
v 106.202522 -11.297578 38.959999
v 103.524925 -10.557383 40.490002
v 104.465897 -10.600083 39.980000
v 105.283485 -10.860732 39.470001
v 105.932434 -11.290842 38.959999
v 103.194450 -10.820928 40.490002
v 104.135002 -10.769725 39.980000
v 104.974472 -10.947674 39.470001
v 105.663025 -11.311031 38.959999
v 102.891861 -11.116068 40.490002
v 103.822639 -10.971471 39.980000
v 104.675659 -11.064951 39.470001
v 105.396965 -11.357945 38.959999
v 102.620155 -11.439869 40.490002
v 103.531914 -11.203316 39.980000
v 104.389999 -11.211398 39.470001
v 105.136902 -11.431117 38.959999
v 102.382050 -11.789115 40.490002
v 103.265717 -11.462955 39.980000
v 104.120346 -11.385560 39.470001
v 104.885414 -11.529819 38.959999
v 102.179893 -12.160333 40.490002
v 103.026695 -11.747809 39.980000
v 103.869370 -11.585705 39.470001
v 104.644997 -11.653071 38.959999
v 102.015701 -12.549834 40.490002
v 102.817223 -12.055047 39.980000
v 103.639572 -11.809844 39.470001
v 104.418053 -11.799648 38.959999
v 101.891113 -12.953749 40.490002
v 102.639389 -12.381614 39.980000
v 103.433235 -12.055750 39.470001
v 104.206833 -11.968093 38.959999
v 101.807358 -13.368061 40.490002
v 102.494949 -12.724265 39.980000
v 103.252403 -12.320979 39.470001
v 104.013428 -12.156732 38.959999
v 101.765274 -13.788653 40.490002
v 102.385345 -13.079595 39.980000
v 103.098877 -12.602895 39.470001
v 103.839767 -12.363690 38.959999
v 101.765274 -14.211347 40.490002
v 102.311661 -13.444073 39.980000
v 102.974190 -12.898695 39.470001
v 103.687584 -12.586910 38.959999
v 101.807358 -14.631939 40.490002
v 102.274635 -13.814075 39.980000
v 102.879570 -13.205441 39.470001
v 103.558372 -12.824175 38.959999
v 101.891113 -15.046251 40.490002
v 102.274635 -14.185925 39.980000
v 102.815964 -13.520083 39.470001
v 103.453430 -13.073126 38.959999
v 102.015701 -15.450166 40.490002
v 102.311661 -14.555927 39.980000
v 102.784004 -13.839497 39.470001
v 103.373802 -13.331287 38.959999
v 102.179893 -15.839667 40.490002
v 102.385345 -14.920405 39.980000
v 102.784004 -14.160503 39.470001
v 103.320267 -13.596095 38.959999
v 102.382050 -16.210886 40.490002
v 102.494949 -15.275735 39.980000
v 102.815964 -14.479917 39.470001
v 103.293365 -13.864918 38.959999
v 102.620155 -16.560131 40.490002
v 102.639389 -15.618386 39.980000
v 102.879570 -14.794559 39.470001
v 103.293365 -14.135082 38.959999
v 102.891861 -16.883932 40.490002
v 102.817223 -15.944953 39.980000
v 102.974190 -15.101305 39.470001
v 103.320267 -14.403905 38.959999
v 103.194450 -17.179071 40.490002
v 103.026695 -16.252190 39.980000
v 103.098877 -15.397105 39.470001
v 103.373802 -14.668713 38.959999
v 103.524925 -17.442617 40.490002
v 103.265717 -16.537045 39.980000
v 103.252403 -15.679021 39.470001
v 103.453430 -14.926874 38.959999
v 103.879997 -17.671947 40.490002
v 103.531914 -16.796684 39.980000
v 103.433235 -15.944250 39.470001
v 103.558372 -15.175825 38.959999
v 104.256142 -17.864784 40.490002
v 103.822639 -17.028528 39.980000
v 103.639572 -16.190157 39.470001
v 103.687584 -15.413090 38.959999
v 104.649620 -18.019213 40.490002
v 104.135002 -17.230274 39.980000
v 103.869370 -16.414295 39.470001
v 103.839767 -15.636310 38.959999
v 105.056511 -18.133694 40.490002
v 104.465897 -17.399918 39.980000
v 104.120346 -16.614441 39.470001
v 104.013428 -15.843268 38.959999
v 105.472786 -18.207094 40.490002
v 104.812042 -17.535769 39.980000
v 104.389999 -16.788601 39.470001
v 104.206833 -16.031906 38.959999
v 105.894295 -18.238682 40.490002
v 105.169998 -17.636480 39.980000
v 104.675659 -16.935049 39.470001
v 104.418053 -16.200352 38.959999
v 106.316856 -18.228144 40.490002
v 105.536201 -17.701052 39.980000
v 104.974472 -17.052326 39.470001
v 104.644997 -16.346930 38.959999
v 106.736267 -18.175585 40.490002
v 105.907005 -17.728840 39.980000
v 105.283485 -17.139267 39.470001
v 104.885414 -16.470181 38.959999
v 107.148361 -18.081528 40.490002
v 106.278740 -17.719570 39.980000
v 105.599617 -17.195011 39.470001
v 105.136902 -16.568884 38.959999
v 107.549049 -17.946905 40.490002
v 106.647705 -17.673332 39.980000
v 105.919724 -17.219000 39.470001
v 105.396965 -16.642056 38.959999
v 107.934334 -17.773056 40.490002
v 107.010239 -17.590588 39.980000
v 106.240631 -17.210997 39.470001
v 105.663025 -16.688969 38.959999
v 108.300400 -17.561710 40.490002
v 107.362724 -17.472158 39.980000
v 106.559151 -17.171082 39.470001
v 105.932434 -16.709158 38.959999
v 108.643600 -17.314966 40.490002
v 107.701668 -17.319221 39.980000
v 106.872108 -17.099649 39.470001
v 106.202522 -16.702423 38.959999
v 108.960526 -17.035275 40.490002
v 108.023697 -17.133297 39.980000
v 107.176399 -16.997414 39.470001
v 106.470589 -16.668829 38.959999
v 109.248032 -16.725420 40.490002
v 108.325615 -16.916231 39.980000
v 107.469002 -16.865387 39.470001
v 106.733978 -16.608711 38.959999
v 109.503250 -16.388477 40.490002
v 108.604424 -16.670183 39.980000
v 107.747002 -16.704884 39.470001
v 106.990074 -16.522667 38.959999
v 109.723656 -16.027798 40.490002
v 108.857346 -16.397598 39.980000
v 108.007637 -16.517498 39.470001
v 107.236328 -16.411552 38.959999
v 109.907059 -15.646963 40.490002
v 109.081871 -16.101183 39.980000
v 108.248322 -16.305092 39.470001
v 107.470299 -16.276470 38.959999
v 110.051628 -15.249762 40.490002
v 109.275764 -15.783887 39.980000
v 108.466660 -16.069777 39.470001
v 107.689659 -16.118763 38.959999
v 110.155930 -14.840139 40.490002
v 109.437103 -15.448862 39.980000
v 108.660492 -15.813890 39.470001
v 107.892220 -15.940000 38.959999
v 110.218933 -14.422168 40.490002
v 109.564285 -15.099437 39.980000
v 108.827873 -15.539978 39.470001
v 108.075981 -15.741955 38.959999
v 109.656044 -14.739085 39.980000
v 108.967155 -15.250760 39.470001
v 108.239105 -15.526597 38.959999
v 109.711464 -14.371388 39.980000
v 109.076942 -14.949112 39.470001
v 108.379982 -15.296068 38.959999
v 109.156158 -14.638031 39.470001
v 108.497200 -15.052658 38.959999
v 109.204002 -14.320608 39.470001
v 108.589600 -14.798786 38.959999
v 108.656265 -14.536976 38.959999
v 108.696533 -14.269829 38.959999
vn -1.000000 0.000000 0.000000
vn -1.000000 0.000000 0.000000
vn -0.999699 -0.024541 0.000000
vn -0.999699 -0.024541 0.000000
vn -0.997290 -0.073566 0.000000
vn -0.997290 -0.073566 0.000000
vn -0.992480 -0.122410 0.000000
vn -0.992480 -0.122410 0.000000
vn -0.985278 -0.170959 0.000000
vn -0.985278 -0.170959 0.000000
vn -0.975702 -0.219102 0.000000
vn -0.975702 -0.219102 0.000000
vn -0.963776 -0.266715 0.000000
vn -0.963776 -0.266715 0.000000
vn -0.949526 -0.313688 0.000000
vn -0.949526 -0.313688 0.000000
vn -0.932993 -0.359895 0.000000
vn -0.932993 -0.359895 0.000000
vn -0.914212 -0.405237 0.000000
vn -0.914212 -0.405237 0.000000
vn -0.893227 -0.449606 0.000000
vn -0.893227 -0.449606 0.000000
vn -0.870085 -0.492902 0.000000
vn -0.870085 -0.492902 0.000000
vn -0.844855 -0.534996 0.000000
vn -0.844855 -0.534996 0.000000
vn -0.817582 -0.575812 0.000000
vn -0.817582 -0.575812 0.000000
vn -0.788349 -0.615228 0.000000
vn -0.788349 -0.615228 0.000000
vn -0.757200 -0.653183 0.000000
vn -0.757200 -0.653183 0.000000
vn -0.724260 -0.689527 0.000000
vn -0.724260 -0.689527 0.000000
vn -0.689537 -0.724251 0.000000
vn -0.689537 -0.724251 0.000000
vn -0.653166 -0.757215 0.000000
vn -0.653166 -0.757215 0.000000
vn -0.615233 -0.788346 0.000000
vn -0.615233 -0.788346 0.000000
vn -0.575822 -0.817575 0.000000
vn -0.534990 -0.844858 -0.000000
vn -0.575822 -0.817575 0.000000
vn -0.534990 -0.844858 0.000000
vn -0.492901 -0.870086 0.000000
vn -0.492901 -0.870086 0.000000
vn -0.449611 -0.893224 0.000000
vn -0.405235 -0.914213 -0.000000
vn -0.449611 -0.893224 0.000000
vn -0.405235 -0.914213 0.000000
vn -0.359885 -0.932997 0.000000
vn -0.359885 -0.932997 0.000000
vn -0.313679 -0.949529 0.000000
vn -0.266734 -0.963770 -0.000000
vn -0.313679 -0.949529 0.000000
vn -0.266734 -0.963770 0.000000
vn -0.219093 -0.975704 0.000000
vn -0.219093 -0.975704 0.000000
vn -0.170946 -0.985280 0.000000
vn -0.122409 -0.992480 -0.000000
vn -0.170946 -0.985280 0.000000
vn -0.122409 -0.992480 0.000000
vn -0.073562 -0.997291 0.000000
vn -0.073562 -0.997291 0.000000
vn -0.024560 -0.999698 0.000000
vn -0.024560 -0.999698 0.000000
vn -0.024541 0.999699 0.000000
vn -0.024541 0.999699 0.000000
vn -0.073565 0.997290 0.000000
vn -0.073565 0.997290 0.000000
vn -0.122411 0.992480 0.000000
vn -0.122411 0.992480 0.000000
vn -0.170962 0.985278 0.000000
vn -0.170962 0.985278 0.000000
vn -0.219101 0.975702 0.000000
vn -0.219101 0.975702 0.000000
vn -0.266713 0.963776 0.000000
vn -0.266713 0.963776 0.000000
vn -0.313682 0.949528 0.000000
vn -0.313682 0.949528 0.000000
vn -0.359895 0.932993 0.000000
vn -0.359895 0.932993 0.000000
vn -0.405242 0.914210 0.000000
vn -0.405242 0.914210 0.000000
vn -0.449611 0.893224 0.000000
vn -0.449611 0.893224 0.000000
vn -0.492898 0.870087 0.000000
vn -0.492898 0.870087 0.000000
vn -0.534998 0.844853 0.000000
vn -0.534998 0.844853 0.000000
vn -0.575808 0.817585 0.000000
vn -0.575808 0.817585 0.000000
vn -0.615232 0.788346 0.000000
vn -0.615232 0.788346 0.000000
vn -0.653173 0.757209 0.000000
vn -0.653173 0.757209 0.000000
vn -0.689541 0.724247 0.000000
vn -0.689541 0.724247 0.000000
vn -0.724247 0.689541 0.000000
vn -0.724247 0.689541 0.000000
vn -0.757209 0.653173 0.000000
vn -0.757209 0.653173 0.000000
vn -0.788346 0.615232 0.000000
vn -0.788346 0.615232 0.000000
vn -0.817585 0.575808 0.000000
vn -0.817585 0.575808 0.000000
vn -0.844853 0.534998 0.000000
vn -0.844853 0.534998 0.000000
vn -0.870087 0.492898 0.000000
vn -0.870087 0.492898 0.000000
vn -0.893224 0.449611 0.000000
vn -0.893224 0.449611 0.000000
vn -0.914210 0.405242 0.000000
vn -0.932993 0.359895 0.000000
vn -0.914210 0.405242 0.000000
vn -0.932993 0.359895 0.000000
vn -0.949528 0.313682 0.000000
vn -0.963776 0.266713 0.000000
vn -0.949528 0.313682 0.000000
vn -0.963776 0.266713 0.000000
vn -0.975702 0.219101 0.000000
vn -0.975702 0.219101 0.000000
vn -0.985278 0.170962 0.000000
vn -0.985278 0.170962 0.000000
vn -0.992480 0.122411 0.000000
vn -0.997290 0.073565 0.000000
vn -0.992480 0.122411 0.000000
vn -0.997290 0.073565 0.000000
vn -0.999699 0.024541 0.000000
vn -0.999699 0.024541 0.000000
vn 0.000000 0.000000 -1.000000
vn 0.000000 0.000000 -1.000000
vn 0.000000 0.000000 -1.000000
vn 0.000000 0.000000 -1.000000
vn 0.000000 0.000000 -1.000000
vn 0.000000 0.000000 -1.000000
vn 0.000000 0.000000 -1.000000
vn 0.000000 0.000000 -1.000000
vn 0.000000 0.000000 -1.000000
vn 0.000000 0.000000 -1.000000
vn 0.000000 0.000000 -1.000000
vn 0.000000 0.000000 -1.000000
vn 0.000000 0.000000 -1.000000
vn 0.000000 0.000000 -1.000000
vn 0.000000 0.000000 -1.000000
vn 0.000000 0.000000 -1.000000
vn 0.000000 0.000000 -1.000000
vn 0.000000 0.000000 -1.000000
vn 0.000000 0.000000 -1.000000
vn 0.000000 0.000000 -1.000000
vn 0.000000 0.000000 -1.000000
vn 0.000000 0.000000 -1.000000
vn 0.000000 0.000000 -1.000000
vn 0.000000 0.000000 -1.000000
vn 0.000000 0.000000 -1.000000
vn 0.000000 0.000000 -1.000000
vn 0.000000 0.000000 -1.000000
vn 0.000000 0.000000 -1.000000
vn 0.000000 0.000000 -1.000000
vn 0.000000 0.000000 -1.000000
vn 0.000000 0.000000 -1.000000
vn 0.000000 0.000000 -1.000000
vn 0.000000 -0.000000 -1.000000
vn 0.000000 0.000000 -1.000000
vn 0.000000 -0.000000 -1.000000
vn 0.000000 0.000000 -1.000000
vn 0.000000 -0.000000 -1.000000
vn 0.000000 0.000000 -1.000000
vn 0.000000 -0.000000 -1.000000
vn 0.000000 0.000000 -1.000000
vn 0.000000 -0.000000 -1.000000
vn 0.000000 0.000000 -1.000000
vn 0.000000 -0.000000 -1.000000
vn 0.000000 0.000000 -1.000000
vn 0.000000 -0.000000 -1.000000
vn 0.000000 0.000000 -1.000000
vn 0.000000 -0.000000 -1.000000
vn 0.000000 0.000000 -1.000000
vn 0.000000 -0.000000 -1.000000
vn 0.000000 0.000000 -1.000000
vn 0.000000 -0.000000 -1.000000
vn 0.000000 0.000000 -1.000000
vn 0.000000 -0.000000 -1.000000
vn 0.000000 0.000000 -1.000000
vn 0.000000 -0.000000 -1.000000
vn 0.000000 -0.000000 -1.000000
vn 0.000000 -0.000000 -1.000000
vn 0.000000 -0.000000 -1.000000
vn 0.000000 -0.000000 -1.000000
vn 0.000000 -0.000000 -1.000000
vn 0.000000 0.000000 -1.000000
vn 0.000000 -0.000000 -1.000000
vn 0.000000 -0.000000 -1.000000
vn 0.000000 -0.000000 -1.000000
vn 0.000000 -0.000000 -1.000000
vn 0.000000 0.000000 -1.000000
vn 0.000000 -0.000000 -1.000000
vn 0.000000 0.000000 -1.000000
vn 0.000000 0.000000 -1.000000
vn 0.000000 0.000000 -1.000000
vn 0.000000 0.000000 -1.000000
vn 0.000000 0.000000 -1.000000
vn 0.000000 0.000000 -1.000000
vn 0.000000 0.000000 -1.000000
vn 0.000000 0.000000 -1.000000
vn 0.000000 0.000000 -1.000000
vn 0.000000 0.000000 -1.000000
vn 0.000000 0.000000 -1.000000
vn 0.000000 0.000000 -1.000000
vn 0.000000 0.000000 -1.000000
vn 0.000000 0.000000 -1.000000
vn 0.000000 0.000000 -1.000000
vn 0.000000 0.000000 -1.000000
vn 0.000000 0.000000 -1.000000
vn 0.000000 0.000000 -1.000000
vn 0.000000 0.000000 -1.000000
vn 0.000000 0.000000 -1.000000
vn 0.000000 0.000000 -1.000000
vn 0.000000 0.000000 -1.000000
vn 0.000000 0.000000 -1.000000
vn 0.000000 0.000000 -1.000000
vn 0.000000 0.000000 -1.000000
vn 0.000000 0.000000 -1.000000
vn 0.000000 0.000000 -1.000000
vn 0.000000 0.000000 -1.000000
vn 0.000000 0.000000 -1.000000
vn 0.000000 0.000000 -1.000000
vn 0.000000 0.000000 -1.000000
vn 0.000000 0.000000 -1.000000
vn 0.000000 0.000000 -1.000000
vn 0.000000 0.000000 -1.000000
vn 0.000000 0.000000 -1.000000
vn 0.000000 0.000000 -1.000000
vn 0.000000 0.000000 -1.000000
vn 0.000000 0.000000 -1.000000
vn 0.000000 0.000000 -1.000000
vn 0.000000 0.000000 -1.000000
vn 0.000000 0.000000 -1.000000
vn 0.000000 0.000000 -1.000000
vn 0.000000 0.000000 -1.000000
vn 0.000000 0.000000 -1.000000
vn 0.000000 0.000000 -1.000000
vn 0.000000 0.000000 -1.000000
vn 0.000000 0.000000 -1.000000
vn 0.000000 0.000000 -1.000000
vn 0.000000 0.000000 -1.000000
vn 0.000000 0.000000 -1.000000
vn 0.000000 0.000000 -1.000000
vn 0.000000 0.000000 -1.000000
vn 0.000000 0.000000 -1.000000
vn 0.000000 0.000000 -1.000000
vn 0.000000 0.000000 -1.000000
vn 0.000000 0.000000 -1.000000
vn 0.000000 0.000000 -1.000000
vn 0.000000 -0.000000 -1.000000
vn 0.000000 0.000000 -1.000000
vn 0.000000 0.000000 -1.000000
vn 0.000000 0.000000 -1.000000
vn 0.000000 0.000000 -1.000000
vn 0.000000 0.000000 -1.000000
vn 0.000000 0.000000 -1.000000
vn 0.000000 0.000000 -1.000000
vn 0.000000 0.000000 -1.000000
vn 0.000000 -0.000000 -1.000000
vn 0.000000 -0.000000 -1.000000
vn 0.000000 -0.000000 -1.000000
vn 0.000000 -0.000000 -1.000000
vn 0.000000 0.000000 -1.000000
vn 0.000000 0.000000 -1.000000
vn 0.000000 0.000000 -1.000000
vn 0.000000 0.000000 -1.000000
vn 0.000000 0.000000 -1.000000
vn 0.000000 0.000000 -1.000000
vn 0.000000 0.000000 -1.000000
vn 0.000000 0.000000 -1.000000
vn 0.000000 0.000000 -1.000000
vn 0.000000 -0.000000 -1.000000
vn 0.000000 0.000000 -1.000000
vn 0.000000 0.000000 -1.000000
vn 0.000000 0.000000 -1.000000
vn 0.000000 -0.000000 -1.000000
vn 0.000000 -0.000000 -1.000000
vn 0.000000 -0.000000 -1.000000
vn 0.000000 0.000000 -1.000000
vn 0.000000 -0.000000 -1.000000
vn 0.000000 0.000000 -1.000000
vn 0.000000 -0.000000 -1.000000
vn 0.000000 0.000000 -1.000000
vn 0.000000 -0.000000 -1.000000
vn 0.000000 0.000000 -1.000000
vn 0.000000 -0.000000 -1.000000
vn 0.000000 0.000000 -1.000000
vn 0.000000 -0.000000 -1.000000
vn 0.000000 0.000000 -1.000000
vn 0.000000 -0.000000 -1.000000
vn 0.000000 0.000000 -1.000000
vn 0.000000 -0.000000 -1.000000
vn 0.000000 -0.000000 -1.000000
vn 0.000000 0.000000 -1.000000
vn -0.000000 -0.000000 -1.000000
vn 0.000000 0.000000 -1.000000
vn 0.000000 0.000000 -1.000000
vn -0.000000 -0.000000 -1.000000
vn 0.000000 0.000000 -1.000000
vn 0.000000 -0.000000 -1.000000
vn 0.000000 0.000000 -1.000000
vn 0.000000 -0.000000 -1.000000
vn 0.000000 -0.000000 -1.000000
vn 0.000000 0.000000 -1.000000
vn 0.000000 -0.000000 -1.000000
vn 0.000000 0.000000 -1.000000
vn 0.000000 -0.000000 -1.000000
vn 0.000000 -0.000000 -1.000000
vn 0.000000 0.000000 -1.000000
vn 0.000000 -0.000000 -1.000000
vn 0.000000 0.000000 -1.000000
vn 0.000000 -0.000000 -1.000000
vn 0.000000 0.000000 -1.000000
vn 0.000000 -0.000000 -1.000000
vn 0.000000 0.000000 -1.000000
vn 0.000000 -0.000000 -1.000000
vn 0.000000 0.000000 -1.000000
vn 0.000000 -0.000000 -1.000000
vn 0.000000 -0.000000 -1.000000
vn 0.000000 0.000000 -1.000000
vn 0.000000 -0.000000 -1.000000
vn 0.000000 0.000000 -1.000000
vn 0.000000 -0.000000 -1.000000
vn 0.000000 -0.000000 -1.000000
vn 0.000000 0.000000 -1.000000
vn 0.000000 -0.000000 -1.000000
vn 0.000000 0.000000 -1.000000
vn 0.000000 -0.000000 -1.000000
vn 0.000000 0.000000 -1.000000
vn 0.000000 -0.000000 -1.000000
vn 0.000000 0.000000 -1.000000
vn 0.000000 -0.000000 -1.000000
vn 0.000000 -0.000000 -1.000000
vn 0.000000 -0.000000 -1.000000
vn 0.000000 0.000000 -1.000000
vn 0.000000 -0.000000 -1.000000
vn 0.000000 0.000000 -1.000000
vn 0.000000 -0.000000 -1.000000
vn 0.000000 -0.000000 -1.000000
vn 0.000000 0.000000 -1.000000
vn 0.000000 0.000000 -1.000000
vn 0.000000 0.000000 -1.000000
vn 0.000000 -0.000000 -1.000000
vn 0.000000 0.000000 -1.000000
vn 0.000000 -0.000000 -1.000000
vn 0.000000 0.000000 -1.000000
vn 0.000000 -0.000000 -1.000000
vn 0.000000 0.000000 -1.000000
vn 0.000000 0.000000 -1.000000
vn 0.000000 -0.000000 -1.000000
vn 0.000000 0.000000 -1.000000
vn 0.000000 -0.000000 -1.000000
vn 0.000000 -0.000000 -1.000000
vn 0.000000 -0.000000 -1.000000
vn 0.000000 -0.000000 -1.000000
vn 0.000000 -0.000000 -1.000000
vn 0.000000 -0.000000 -1.000000
vn 0.000000 -0.000000 -1.000000
vn 0.000000 -0.000000 -1.000000
vn 0.000000 -0.000000 -1.000000
vn 0.000000 -0.000000 -1.000000
vn 0.000000 -0.000000 -1.000000
vn 0.000000 -0.000000 -1.000000
vn 0.000000 -0.000000 -1.000000
vn 0.000000 -0.000000 -1.000000
vn 0.000000 -0.000000 -1.000000
vn 0.000000 -0.000000 -1.000000
vn 0.000000 0.000000 -1.000000
vn 0.000000 0.000000 -1.000000
vn 0.000000 0.000000 -1.000000
vn 0.000000 0.000000 -1.000000
vn 0.000000 0.000000 -1.000000
vn 0.000000 0.000000 -1.000000
vn 0.000000 0.000000 -1.000000
vn 0.000000 0.000000 -1.000000
vn 0.000000 0.000000 -1.000000
vn 0.000000 0.000000 -1.000000
vn 0.000000 0.000000 -1.000000
vn 0.000000 0.000000 -1.000000
vn 0.000000 0.000000 -1.000000
vn 0.000000 0.000000 -1.000000
vn 0.000000 0.000000 -1.000000
vn 0.000000 0.000000 -1.000000
vn 0.000000 -0.000000 -1.000000
vn 0.000000 0.000000 -1.000000
vn 0.000000 0.000000 -1.000000
vn 0.000000 0.000000 -1.000000
vn 0.000000 0.000000 -1.000000
vn 0.000000 0.000000 -1.000000
vn 0.000000 0.000000 -1.000000
vn 0.000000 0.000000 -1.000000
vn 0.000000 0.000000 -1.000000
vn 0.000000 0.000000 -1.000000
vn 0.000000 0.000000 -1.000000
vn 0.000000 0.000000 -1.000000
vn 0.000000 0.000000 -1.000000
vn 0.000000 0.000000 -1.000000
vn 0.000000 0.000000 -1.000000
vn 0.000000 0.000000 -1.000000
vn 0.000000 0.000000 -1.000000
vn 0.000000 0.000000 -1.000000
vn 0.000000 0.000000 -1.000000
vn 0.000000 0.000000 -1.000000
vn 0.000000 0.000000 -1.000000
vn 0.000000 0.000000 -1.000000
vn 0.000000 0.000000 -1.000000
vn 0.000000 0.000000 -1.000000
vn 0.000000 -0.000000 -1.000000
vn 0.000000 0.000000 -1.000000
vn 0.000000 -0.000000 -1.000000
vn 0.000000 0.000000 -1.000000
vn 0.000000 -0.000000 -1.000000
vn 0.000000 0.000000 -1.000000
vn 0.000000 -0.000000 -1.000000
vn 0.000000 -0.000000 -1.000000
vn 0.000000 0.000000 -1.000000
vn 0.000000 -0.000000 -1.000000
vn -0.000000 -0.000000 -1.000000
vn 0.000000 0.000000 -1.000000
vn 0.000000 -0.000000 -1.000000
vn 0.000000 -0.000000 -1.000000
vn -0.000000 -0.000000 -1.000000
vn 0.000000 -0.000000 -1.000000
vn 0.000000 0.000000 -1.000000
vn -0.000000 -0.000000 -1.000000
vn 0.000000 -0.000000 -1.000000
vn 0.000000 0.000000 -1.000000
vn 0.000000 -0.000000 -1.000000
vn 0.000000 -0.000000 -1.000000
vn -0.000000 -0.000000 -1.000000
vn 0.000000 -0.000000 -1.000000
vn 0.000000 -0.000000 -1.000000
vn 0.000000 -0.000000 -1.000000
vn 0.000000 0.000000 -1.000000
vn 0.000000 -0.000000 -1.000000
vn 0.000000 0.000000 -1.000000
vn 0.000000 -0.000000 -1.000000
vn 0.000000 -0.000000 -1.000000
vn 0.000000 -0.000000 -1.000000
vn 0.000000 0.000000 -1.000000
vn 0.000000 -0.000000 -1.000000
vn 0.000000 0.000000 -1.000000
vn 0.000000 -0.000000 -1.000000
vn 0.000000 -0.000000 -1.000000
vn 0.000000 0.000000 -1.000000
vn 0.000000 -0.000000 -1.000000
vn 0.000000 -0.000000 -1.000000
vn 0.000000 0.000000 -1.000000
vn 0.000000 -0.000000 -1.000000
vn 0.000000 -0.000000 -1.000000
vn 0.000000 0.000000 -1.000000
vn 0.000000 -0.000000 -1.000000
vn 0.000000 -0.000000 -1.000000
vn 0.000000 -0.000000 -1.000000
vn 0.000000 0.000000 -1.000000
vn 0.000000 -0.000000 -1.000000
vn 0.000000 0.000000 -1.000000
vn 0.000000 0.000000 -1.000000
vn 0.000000 0.000000 -1.000000
vn 0.000000 -0.000000 -1.000000
vn 0.000000 0.000000 -1.000000
vn 0.000000 0.000000 -1.000000
vn 0.000000 -0.000000 -1.000000
vn 0.000000 0.000000 -1.000000
vn 0.000000 0.000000 -1.000000
vn 0.000000 0.000000 -1.000000
vn 0.000000 -0.000000 -1.000000
vn 0.000000 0.000000 -1.000000
vn 0.000000 -0.000000 -1.000000
vn 0.000000 0.000000 -1.000000
vn 0.000000 0.000000 -1.000000
vn 0.000000 0.000000 -1.000000
vn 0.000000 -0.000000 -1.000000
vn 0.000000 0.000000 -1.000000
vn 0.000000 -0.000000 -1.000000
vn 0.000000 0.000000 -1.000000
vn 0.000000 0.000000 -1.000000
vn 0.000000 0.000000 -1.000000
vn 0.000000 -0.000000 -1.000000
vn 0.000000 0.000000 -1.000000
vn 0.000000 -0.000000 -1.000000
vn 0.000000 0.000000 -1.000000
vn 0.000000 0.000000 -1.000000
vn 0.000000 0.000000 -1.000000
vn 0.000000 0.000000 -1.000000
vn 0.000000 -0.000000 -1.000000
vn 0.000000 0.000000 -1.000000
vn 0.000000 0.000000 -1.000000
vn 0.000000 0.000000 -1.000000
vn 0.000000 0.000000 -1.000000
vn 0.000000 0.000000 -1.000000
vn 0.000000 0.000000 -1.000000
vn 0.000000 0.000000 -1.000000
vn 0.000000 0.000000 -1.000000
vn 0.000000 0.000000 -1.000000
vn 0.000000 0.000000 -1.000000
vn 0.000000 0.000000 -1.000000
vn 0.000000 0.000000 -1.000000
vn 0.000000 0.000000 -1.000000
vn 0.000000 0.000000 -1.000000
vn 0.000000 0.000000 -1.000000
vn 0.000000 0.000000 -1.000000
vn 0.000000 0.000000 -1.000000
vn 0.000000 0.000000 -1.000000
vn 0.000000 0.000000 -1.000000
vn 0.000000 0.000000 -1.000000
vn 0.000000 0.000000 -1.000000
vn 0.000000 0.000000 -1.000000
vn 0.000000 0.000000 -1.000000
vn 0.000000 0.000000 -1.000000
vn 0.000000 0.000000 -1.000000
vn 0.000000 0.000000 -1.000000
vn 0.000000 0.000000 -1.000000
vn 0.000000 0.000000 -1.000000
vn 0.000000 0.000000 -1.000000
vn 0.000000 0.000000 -1.000000
vn 0.000000 0.000000 -1.000000
vn 0.000000 0.000000 -1.000000
vn 0.000000 0.000000 -1.000000
vn 0.000000 0.000000 -1.000000
vn 0.000000 0.000000 -1.000000
vn 0.000000 0.000000 -1.000000
vn 0.000000 0.000000 -1.000000
vn 0.000000 0.000000 -1.000000
vn 0.000000 0.000000 -1.000000
vn 0.000000 0.000000 -1.000000
vn 0.000000 0.000000 -1.000000
vn 0.000000 0.000000 -1.000000
vn 0.000000 0.000000 -1.000000
vn 0.000000 0.000000 -1.000000
vn 0.000000 0.000000 -1.000000
vn 0.000000 0.000000 -1.000000
vn 0.000000 0.000000 -1.000000
vn 0.000000 0.000000 -1.000000
vn 0.000000 0.000000 -1.000000
vn 0.000000 0.000000 -1.000000
vn 0.000000 0.000000 -1.000000
vn 0.000000 0.000000 -1.000000
vn 0.000000 0.000000 -1.000000
vn 0.000000 0.000000 -1.000000
vn 0.000000 0.000000 -1.000000
vn 0.000000 0.000000 -1.000000
vn 0.000000 0.000000 -1.000000
vn 0.000000 0.000000 -1.000000
vn 0.000000 0.000000 -1.000000
vn 0.000000 0.000000 -1.000000
vn 0.000000 0.000000 -1.000000
vn 0.000000 0.000000 -1.000000
vn 0.000000 0.000000 -1.000000
vn 0.000000 0.000000 -1.000000
vn 0.000000 0.000000 -1.000000
vn 0.000000 0.000000 -1.000000
vn 0.000000 0.000000 -1.000000
vn 0.000000 0.000000 -1.000000
vn 0.000000 0.000000 -1.000000
vn 0.000000 0.000000 -1.000000
vn 0.000000 0.000000 -1.000000
vn -0.000000 -0.000000 -1.000000
vn 0.000000 0.000000 -1.000000
vn -0.000000 -0.000000 -1.000000
vn -0.000000 -0.000000 -1.000000
vn 0.000000 -0.000000 -1.000000
vn 0.000000 0.000000 -1.000000
vn 0.000000 0.000000 -1.000000
vn 0.000000 0.000000 -1.000000
vn 0.000000 0.000000 -1.000000
vn 0.000000 0.000000 -1.000000
vn 0.000000 0.000000 -1.000000
vn 0.000000 0.000000 -1.000000
vn 0.000000 0.000000 -1.000000
vn 0.000000 0.000000 -1.000000
vn 0.000000 0.000000 -1.000000
vn 0.000000 0.000000 -1.000000
vn 0.000000 0.000000 -1.000000
vn 0.000000 0.000000 -1.000000
vn 0.000000 0.000000 -1.000000
vn 0.000000 0.000000 -1.000000
vn 0.000000 0.000000 -1.000000
vn 0.000000 0.000000 -1.000000
vn 0.000000 0.000000 -1.000000
vn 0.000000 0.000000 -1.000000
vn 0.000000 0.000000 -1.000000
vn 0.000000 0.000000 -1.000000
vn 0.000000 0.000000 -1.000000
vn 0.000000 0.000000 -1.000000
vn 0.000000 0.000000 -1.000000
vn 0.000000 0.000000 -1.000000
vn 0.000000 0.000000 -1.000000
vn 0.000000 0.000000 -1.000000
vn 0.000000 0.000000 -1.000000
vn 0.000000 0.000000 -1.000000
vn 0.000000 0.000000 -1.000000
vn 0.000000 0.000000 -1.000000
vn 0.000000 0.000000 -1.000000
vn 0.000000 0.000000 -1.000000
vn 0.000000 -0.000000 -1.000000
vn 0.000000 -0.000000 -1.000000
vn 0.000000 -0.000000 -1.000000
vn 0.000000 -0.000000 -1.000000
vn 0.000000 -0.000000 -1.000000
vn 0.000000 -0.000000 -1.000000
vn 0.000000 -0.000000 -1.000000
vn 0.000000 -0.000000 -1.000000
vn 0.000000 -0.000000 -1.000000
vn 0.000000 -0.000000 -1.000000
vn 0.000000 -0.000000 -1.000000
vn 0.000000 -0.000000 -1.000000
vn 0.000000 -0.000000 -1.000000
vn 0.000000 -0.000000 -1.000000
vn 0.000000 -0.000000 -1.000000
vn 0.000000 -0.000000 -1.000000
vn 0.000000 -0.000000 -1.000000
vn 0.000000 0.000000 -1.000000
vn 0.000000 -0.000000 -1.000000
vn 0.000000 0.000000 -1.000000
vn 0.000000 -0.000000 -1.000000
vn 0.000000 0.000000 -1.000000
vn 0.000000 -0.000000 -1.000000
vn 0.000000 0.000000 -1.000000
vn 0.000000 -0.000000 -1.000000
vn 0.000000 0.000000 -1.000000
vn 0.000000 -0.000000 -1.000000
vn 0.000000 0.000000 -1.000000
vn 0.000000 -0.000000 -1.000000
vn 0.000000 0.000000 -1.000000
vn 0.000000 -0.000000 -1.000000
vn 0.000000 0.000000 -1.000000
vn 0.000000 -0.000000 -1.000000
vn 0.000000 0.000000 -1.000000
vn 0.000000 -0.000000 -1.000000
vn 0.000000 0.000000 -1.000000
vn 0.000000 -0.000000 -1.000000
vn 0.000000 0.000000 -1.000000
vn 0.000000 -0.000000 -1.000000
vn 0.000000 0.000000 -1.000000
vn 0.000000 -0.000000 -1.000000
vn 0.000000 0.000000 -1.000000
vn 0.000000 0.000000 -1.000000
vn 0.000000 0.000000 -1.000000
vn 0.000000 0.000000 -1.000000
vn 0.000000 0.000000 -1.000000
vn 0.000000 0.000000 -1.000000
vn 0.000000 0.000000 -1.000000
vn -0.000000 -0.000000 -1.000000
vn -0.000000 -0.000000 -1.000000
vn -0.000000 -0.000000 -1.000000
vn -0.000000 -0.000000 -1.000000
vn 0.000000 -0.000000 -1.000000
vn 0.000000 0.000000 -1.000000
vn 0.000000 0.000000 -1.000000
vn 0.000000 0.000000 -1.000000
vn 0.000000 0.000000 -1.000000
vn 0.000000 0.000000 -1.000000
vn 0.000000 0.000000 -1.000000
vn 0.000000 0.000000 -1.000000
vn 0.000000 0.000000 -1.000000
vn 0.000000 0.000000 -1.000000
vn 0.000000 0.000000 -1.000000
vn 0.000000 0.000000 -1.000000
vn 0.000000 0.000000 -1.000000
vn 0.000000 0.000000 -1.000000
vn 0.000000 0.000000 -1.000000
vn 0.000000 0.000000 -1.000000
vn 0.000000 0.000000 -1.000000
vn 0.000000 0.000000 -1.000000
vn 0.000000 0.000000 -1.000000
vn 0.000000 0.000000 -1.000000
vn 0.000000 0.000000 -1.000000
vn 0.000000 0.000000 -1.000000
vn 0.000000 0.000000 -1.000000
vn 0.000000 0.000000 -1.000000
vn 0.000000 0.000000 -1.000000
vn 0.000000 0.000000 -1.000000
vn 0.000000 0.000000 -1.000000
vn 0.000000 0.000000 -1.000000
vn 0.000000 0.000000 -1.000000
vn 0.000000 0.000000 -1.000000
vn 0.000000 0.000000 -1.000000
vn 0.000000 0.000000 -1.000000
vn 0.000000 0.000000 -1.000000
vn 0.000000 0.000000 -1.000000
vn 0.000000 0.000000 -1.000000
vn 0.000000 0.000000 -1.000000
vn 0.000000 0.000000 -1.000000
vn 0.000000 0.000000 -1.000000
vn 0.000000 0.000000 -1.000000
vn 0.000000 0.000000 -1.000000
vn 0.000000 0.000000 -1.000000
vn 0.000000 0.000000 -1.000000
vn 0.000000 0.000000 -1.000000
vn 0.000000 0.000000 -1.000000
vn 0.000000 0.000000 -1.000000
vn 0.000000 0.000000 -1.000000
vn 0.000000 0.000000 -1.000000
vn 0.000000 0.000000 -1.000000
vn 0.000000 0.000000 -1.000000
vn 0.000000 0.000000 -1.000000
vn 0.000000 0.000000 -1.000000
vn 0.000000 0.000000 -1.000000
vn 0.000000 0.000000 -1.000000
vn 0.000000 0.000000 -1.000000
vn 0.000000 0.000000 -1.000000
vn 0.000000 0.000000 -1.000000
vn 0.000000 0.000000 -1.000000
vn 0.000000 0.000000 -1.000000
vn 0.000000 0.000000 -1.000000
vn 0.000000 0.000000 -1.000000
vn 0.000000 0.000000 -1.000000
vn 0.000000 0.000000 -1.000000
vn 0.000000 0.000000 -1.000000
vn 0.000000 0.000000 -1.000000
vn 0.000000 0.000000 -1.000000
vn 0.000000 0.000000 -1.000000
vn 0.000000 0.000000 -1.000000
vn 0.000000 0.000000 -1.000000
vn 0.000000 0.000000 -1.000000
vn 0.000000 0.000000 -1.000000
vn 0.000000 0.000000 -1.000000
vn 0.000000 0.000000 -1.000000
vn 0.000000 0.000000 -1.000000
vn 0.000000 0.000000 -1.000000
vn 0.000000 0.000000 -1.000000
vn 0.000000 0.000000 -1.000000
vn 0.000000 -0.000000 -1.000000
vn 0.000000 0.000000 -1.000000
vn 0.000000 -0.000000 -1.000000
vn 0.000000 0.000000 -1.000000
vn 0.000000 0.000000 -1.000000
vn 0.000000 -0.000000 -1.000000
vn 0.000000 0.000000 -1.000000
vn 0.000000 0.000000 -1.000000
vn 0.000000 0.000000 -1.000000
vn 0.000000 0.000000 -1.000000
vn 0.000000 0.000000 -1.000000
vn 0.000000 0.000000 -1.000000
vn 0.000000 0.000000 -1.000000
vn 0.000000 0.000000 -1.000000
vn 0.000000 0.000000 -1.000000
vn 0.000000 0.000000 -1.000000
vn 0.000000 0.000000 -1.000000
vn 0.000000 0.000000 -1.000000
vn 0.000000 0.000000 -1.000000
vn 0.000000 0.000000 -1.000000
vn 0.000000 0.000000 -1.000000
vn 0.000000 0.000000 -1.000000
vn 0.000000 0.000000 -1.000000
vn 0.000000 0.000000 -1.000000
vn 0.000000 0.000000 -1.000000
vn 0.000000 0.000000 -1.000000
vn 0.000000 0.000000 -1.000000
vn 0.000000 0.000000 -1.000000
vn 0.000000 0.000000 -1.000000
vn 0.000000 0.000000 -1.000000
vn 0.000000 0.000000 -1.000000
vn 0.000000 0.000000 -1.000000
vn 0.000000 0.000000 -1.000000
vn 0.000000 0.000000 -1.000000
vn 0.000000 0.000000 -1.000000
vn 0.000000 0.000000 -1.000000
vn 0.000000 0.000000 -1.000000
vn 0.000000 0.000000 -1.000000
vn 0.000000 0.000000 -1.000000
vn 0.000000 0.000000 -1.000000
vn 0.000000 0.000000 -1.000000
vn 0.000000 0.000000 -1.000000
vn 0.000000 0.000000 -1.000000
vn 0.000000 0.000000 -1.000000
vn 0.000000 0.000000 -1.000000
vn 0.000000 0.000000 -1.000000
vn 0.000000 0.000000 -1.000000
vn 0.000000 0.000000 -1.000000
vn 0.000000 0.000000 -1.000000
vn 0.000000 0.000000 -1.000000
vn 0.000000 0.000000 -1.000000
vn 0.000000 0.000000 -1.000000
vn 0.000000 0.000000 -1.000000
vn 0.000000 0.000000 -1.000000
vn 0.000000 -0.000000 -1.000000
vn 0.000000 -0.000000 -1.000000
vn 0.000000 -0.000000 -1.000000
vn 0.000000 -0.000000 -1.000000
vn 0.000000 -0.000000 -1.000000
vn 0.000000 -0.000000 -1.000000
vn 0.000000 -0.000000 -1.000000
vn 0.000000 -0.000000 -1.000000
vn 0.000000 -0.000000 -1.000000
vn 0.000000 -0.000000 -1.000000
vn 0.000000 -0.000000 -1.000000
vn 0.000000 -0.000000 -1.000000
vn 0.000000 -0.000000 -1.000000
vn 0.000000 -0.000000 -1.000000
vn 0.000000 -0.000000 -1.000000
vn 0.000000 -0.000000 -1.000000
vn 0.000000 -0.000000 -1.000000
vn 0.000000 -0.000000 -1.000000
vn 0.000000 -0.000000 -1.000000
vn 0.000000 -0.000000 -1.000000
vn 0.000000 -0.000000 -1.000000
vn 0.000000 -0.000000 -1.000000
vn 0.000000 -0.000000 -1.000000
vn 0.000000 -0.000000 -1.000000
vn 0.000000 -0.000000 -1.000000
vn 0.000000 -0.000000 -1.000000
vn 0.000000 -0.000000 -1.000000
vn 0.000000 -0.000000 -1.000000
vn 0.000000 -0.000000 -1.000000
vn 0.000000 -0.000000 -1.000000
vn 0.000000 0.000000 -1.000000
vn 0.000000 -0.000000 -1.000000
vn 0.000000 -0.000000 -1.000000
vn 0.000000 0.000000 -1.000000
vn 0.000000 0.000000 -1.000000
vn 0.000000 0.000000 -1.000000
vn 0.000000 0.000000 -1.000000
vn 0.000000 0.000000 -1.000000
vn 0.000000 0.000000 -1.000000
vn 0.000000 0.000000 -1.000000
vn 0.000000 0.000000 -1.000000
vn 0.000000 0.000000 -1.000000
vn 0.000000 0.000000 -1.000000
vn 0.000000 0.000000 -1.000000
vn 0.000000 0.000000 -1.000000
vn 0.000000 0.000000 -1.000000
vn 0.000000 0.000000 -1.000000
vn 0.000000 0.000000 -1.000000
vn 0.000000 0.000000 -1.000000
vn 0.000000 0.000000 -1.000000
vn 0.000000 0.000000 -1.000000
vn 0.000000 0.000000 -1.000000
vn 0.000000 0.000000 -1.000000
vn 0.000000 0.000000 -1.000000
vn 0.000000 0.000000 -1.000000
vn 0.000000 0.000000 -1.000000
vn 0.000000 0.000000 -1.000000
vn 0.000000 0.000000 -1.000000
vn 0.000000 0.000000 -1.000000
vn 0.000000 0.000000 -1.000000
vn 0.000000 0.000000 -1.000000
vn 0.000000 0.000000 -1.000000
vn 0.000000 0.000000 -1.000000
vn 0.000000 0.000000 -1.000000
vn 0.000000 0.000000 -1.000000
vn 0.000000 0.000000 -1.000000
vn 0.000000 0.000000 -1.000000
vn 0.000000 0.000000 -1.000000
vn 0.000000 0.000000 -1.000000
vn 0.000000 0.000000 -1.000000
vn 0.000000 0.000000 -1.000000
vn 0.000000 0.000000 -1.000000
vn 0.000000 0.000000 -1.000000
vn 0.000000 0.000000 -1.000000
vn 0.000000 -0.000000 -1.000000
vn 0.000000 0.000000 -1.000000
vn 0.000000 -0.000000 -1.000000
vn 0.000000 0.000000 -1.000000
vn 0.000000 0.000000 -1.000000
vn 0.000000 -0.000000 -1.000000
vn 0.000000 0.000000 -1.000000
vn 0.000000 -0.000000 -1.000000
vn 0.000000 0.000000 -1.000000
vn 0.000000 0.000000 -1.000000
vn 0.000000 -0.000000 -1.000000
vn 0.000000 0.000000 -1.000000
vn 0.000000 0.000000 -1.000000
vn 0.000000 0.000000 -1.000000
vn 0.000000 0.000000 -1.000000
vn 0.000000 -0.000000 -1.000000
vn 0.000000 0.000000 -1.000000
vn 0.000000 -0.000000 -1.000000
vn 0.000000 0.000000 -1.000000
vn 0.000000 -0.000000 -1.000000
vn 0.000000 0.000000 -1.000000
vn 0.000000 -0.000000 -1.000000
vn 0.000000 0.000000 -1.000000
vn 0.000000 -0.000000 -1.000000
vn 0.000000 0.000000 -1.000000
vn 0.000000 -0.000000 -1.000000
vn 0.000000 0.000000 -1.000000
vn 0.000000 -0.000000 -1.000000
vn 0.000000 0.000000 -1.000000
vn 0.000000 -0.000000 -1.000000
vn 0.000000 0.000000 -1.000000
vn 0.000000 -0.000000 -1.000000
vn 0.000000 0.000000 -1.000000
vn 0.000000 -0.000000 -1.000000
vn 0.000000 0.000000 -1.000000
vn 0.000000 -0.000000 -1.000000
vn 0.000000 0.000000 -1.000000
vn 0.000000 -0.000000 -1.000000
vn 0.000000 0.000000 -1.000000
vn 0.000000 -0.000000 -1.000000
vn 0.000000 0.000000 -1.000000
vn 0.000000 -0.000000 -1.000000
vn 0.000000 0.000000 -1.000000
vn 0.000000 -0.000000 -1.000000
vn 0.000000 0.000000 -1.000000
vn 0.000000 -0.000000 -1.000000
vn 0.000000 0.000000 -1.000000
vn 0.000000 -0.000000 -1.000000
vn 0.000000 0.000000 -1.000000
vn 0.000000 0.000000 -1.000000
vn 0.000000 0.000000 -1.000000
vn 0.000000 0.000000 -1.000000
vn 0.000000 0.000000 -1.000000
vn 0.000000 0.000000 -1.000000
vn 0.000000 0.000000 -1.000000
vn 0.000000 0.000000 -1.000000
vn 0.000000 0.000000 -1.000000
vn 0.000000 0.000000 -1.000000
vn 0.000000 0.000000 -1.000000
vn 0.000000 0.000000 -1.000000
vn 0.000000 0.000000 -1.000000
vn 0.000000 0.000000 -1.000000
vn 0.000000 0.000000 -1.000000
vn 0.000000 0.000000 -1.000000
vn 0.000000 0.000000 -1.000000
vn 0.000000 0.000000 -1.000000
vn 0.000000 0.000000 -1.000000
vn 0.000000 0.000000 -1.000000
vn 0.000000 0.000000 -1.000000
vn 0.000000 0.000000 -1.000000
vn 0.000000 0.000000 -1.000000
vn 0.000000 0.000000 -1.000000
vn 0.000000 0.000000 -1.000000
vn 0.000000 0.000000 -1.000000
vn 0.000000 0.000000 -1.000000
vn 0.000000 0.000000 -1.000000
vn 0.000000 0.000000 -1.000000
vn 0.000000 0.000000 -1.000000
vn 0.000000 0.000000 -1.000000
vn 0.000000 0.000000 -1.000000
vn 0.000000 0.000000 -1.000000
vn 0.000000 0.000000 -1.000000
vn 0.000000 0.000000 -1.000000
vn 0.000000 0.000000 -1.000000
vn 0.000000 0.000000 -1.000000
vn 0.000000 0.000000 -1.000000
vn 0.000000 0.000000 -1.000000
vn 0.000000 0.000000 -1.000000
vn 0.000000 0.000000 -1.000000
vn 0.000000 0.000000 -1.000000
vn 0.000000 0.000000 -1.000000
vn 0.000000 0.000000 -1.000000
vn 0.000000 0.000000 -1.000000
vn 0.000000 0.000000 -1.000000
vn 0.000000 0.000000 -1.000000
vn 0.000000 0.000000 -1.000000
vn 0.000000 0.000000 -1.000000
vn 0.000000 0.000000 -1.000000
vn 0.000000 0.000000 -1.000000
vn 0.000000 0.000000 -1.000000
vn 0.000000 0.000000 -1.000000
vn 0.000000 0.000000 -1.000000
vn 0.000000 -0.000000 -1.000000
vn 0.000000 0.000000 -1.000000
vn 0.000000 -0.000000 -1.000000
vn 0.000000 0.000000 -1.000000
vn 0.000000 -0.000000 -1.000000
vn 0.000000 0.000000 -1.000000
vn 0.000000 -0.000000 -1.000000
vn 0.000000 0.000000 -1.000000
vn 0.000000 -0.000000 -1.000000
vn 0.000000 0.000000 -1.000000
vn 0.000000 -0.000000 -1.000000
vn 0.000000 0.000000 -1.000000
vn 0.000000 -0.000000 -1.000000
vn 0.000000 0.000000 -1.000000
vn 0.000000 -0.000000 -1.000000
vn 0.000000 0.000000 -1.000000
vn 0.000000 -0.000000 -1.000000
vn 0.000000 -0.000000 -1.000000
vn 0.000000 -0.000000 -1.000000
vn 0.000000 -0.000000 -1.000000
vn 0.000000 -0.000000 -1.000000
vn 0.000000 -0.000000 -1.000000
vn 0.000000 -0.000000 -1.000000
vn 0.000000 -0.000000 -1.000000
vn 0.000000 -0.000000 -1.000000
vn 0.000000 -0.000000 -1.000000
vn 0.000000 -0.000000 -1.000000
vn 0.000000 -0.000000 -1.000000
vn 0.000000 -0.000000 -1.000000
vn 0.000000 -0.000000 -1.000000
vn 0.000000 0.000000 -1.000000
vn 0.000000 -0.000000 -1.000000
vn 0.000000 0.000000 -1.000000
vn 0.000000 -0.000000 -1.000000
vn 0.000000 0.000000 -1.000000
vn 0.000000 -0.000000 -1.000000
vn 0.000000 0.000000 -1.000000
vn 0.000000 0.000000 -1.000000
vn 0.000000 0.000000 -1.000000
vn 0.000000 0.000000 -1.000000
vn 0.000000 0.000000 -1.000000
vn 0.000000 0.000000 -1.000000
vn 0.000000 0.000000 -1.000000
vn 0.000000 0.000000 -1.000000
vn 0.000000 0.000000 -1.000000
vn 0.000000 0.000000 -1.000000
vn 0.000000 0.000000 -1.000000
vn 0.000000 0.000000 -1.000000
vn 0.000000 0.000000 -1.000000
vn 0.000000 0.000000 -1.000000
vn 0.000000 0.000000 -1.000000
vn 0.000000 0.000000 -1.000000
vn 0.000000 0.000000 -1.000000
vn 0.000000 0.000000 -1.000000
vn 0.000000 0.000000 -1.000000
vn 0.000000 0.000000 -1.000000
vn 0.000000 0.000000 -1.000000
vn 0.000000 0.000000 -1.000000
vn 0.000000 0.000000 -1.000000
vn 0.000000 0.000000 -1.000000
vn 0.000000 0.000000 -1.000000
vn 0.000000 0.000000 -1.000000
vn 0.000000 0.000000 -1.000000
vn -0.000000 -0.000000 -1.000000
vn 0.000000 0.000000 -1.000000
vn 0.000000 0.000000 -1.000000
vn 0.000000 0.000000 -1.000000
vn -0.000000 -0.000000 -1.000000
vn -0.000000 -0.000000 -1.000000
vn -0.000000 -0.000000 -1.000000
vn 0.000000 0.000000 -1.000000
vn 0.000000 0.000000 -1.000000
vn -0.000000 -0.000000 -1.000000
vn -0.000000 -0.000000 -1.000000
vn 0.000000 0.000000 -1.000000
vn 0.000000 0.000000 -1.000000
vn 0.000000 0.000000 -1.000000
vn -0.000000 -0.000000 -1.000000
vn -0.000000 -0.000000 -1.000000
vn 0.000000 0.000000 -1.000000
vn 0.000000 0.000000 -1.000000
vn -0.000000 -0.000000 -1.000000
vn -0.000000 -0.000000 -1.000000
vn -0.000000 -0.000000 -1.000000
vn -0.000000 -0.000000 -1.000000
vn 0.000000 0.000000 -1.000000
vn 0.000000 0.000000 -1.000000
vn 0.000000 0.000000 -1.000000
vn -0.000000 -0.000000 -1.000000
vn -0.000000 -0.000000 -1.000000
vn 0.000000 0.000000 -1.000000
vn 0.000000 0.000000 -1.000000
vn -0.000000 -0.000000 -1.000000
vn 0.000000 0.000000 -1.000000
vn 0.000000 0.000000 -1.000000
vn 0.000000 -0.000000 -1.000000
vn 0.000000 0.000000 -1.000000
vn 0.000000 0.000000 -1.000000
vn 0.000000 0.000000 -1.000000
vn 0.000000 0.000000 -1.000000
vn 0.000000 0.000000 -1.000000
vn 0.000000 0.000000 -1.000000
vn 0.000000 0.000000 -1.000000
vn 0.000000 0.000000 -1.000000
vn 0.000000 0.000000 -1.000000
vn 0.000000 0.000000 -1.000000
vn 0.000000 0.000000 -1.000000
vn 0.000000 0.000000 -1.000000
vn 0.000000 0.000000 -1.000000
vn 0.000000 0.000000 -1.000000
vn 0.000000 0.000000 -1.000000
vn 0.000000 0.000000 -1.000000
vn 0.000000 0.000000 -1.000000
vn 0.000000 0.000000 -1.000000
vn 0.000000 0.000000 -1.000000
vn 0.000000 0.000000 -1.000000
vn 0.000000 -0.000000 -1.000000
vn 0.000000 0.000000 -1.000000
vn 0.000000 0.000000 -1.000000
vn 0.000000 0.000000 -1.000000
vn 0.000000 0.000000 -1.000000
vn 0.000000 0.000000 -1.000000
vn 0.000000 0.000000 -1.000000
vn 0.000000 -0.000000 -1.000000
vn 0.000000 -0.000000 -1.000000
vn 0.000000 -0.000000 -1.000000
vn 0.000000 -0.000000 -1.000000
vn 0.000000 -0.000000 -1.000000
vn 0.000000 -0.000000 -1.000000
vn 0.000000 0.000000 -1.000000
vn 0.000000 0.000000 -1.000000
vn 0.000000 0.000000 -1.000000
vn 0.000000 0.000000 -1.000000
vn 0.000000 0.000000 -1.000000
vn 0.000000 0.000000 -1.000000
vn 0.000000 0.000000 -1.000000
vn 0.000000 0.000000 1.000000
vn 0.000000 0.000000 1.000000
vn 0.000000 0.000000 1.000000
vn 0.000000 0.000000 1.000000
vn 0.000000 0.000000 1.000000
vn 0.000000 0.000000 1.000000
vn 0.000000 0.000000 1.000000
vn 0.000000 0.000000 1.000000
vn 0.000000 0.000000 1.000000
vn 0.000000 0.000000 1.000000
vn 0.000000 0.000000 1.000000
vn 0.000000 0.000000 1.000000
vn 0.000000 0.000000 1.000000
vn 0.000000 0.000000 1.000000
vn 0.000000 0.000000 1.000000
vn 0.000000 0.000000 1.000000
vn 0.000000 0.000000 1.000000
vn 0.000000 0.000000 1.000000
vn 0.000000 0.000000 1.000000
vn 0.000000 0.000000 1.000000
vn 0.000000 0.000000 1.000000
vn 0.000000 0.000000 1.000000
vn 0.000000 0.000000 1.000000
vn 0.000000 0.000000 1.000000
vn 0.000000 0.000000 1.000000
vn 0.000000 0.000000 1.000000
vn 0.000000 0.000000 1.000000
vn 0.000000 0.000000 1.000000
vn 0.000000 0.000000 1.000000
vn 0.000000 0.000000 1.000000
vn 0.000000 0.000000 1.000000
vn 0.000000 0.000000 1.000000
vn 0.000000 0.000000 1.000000
vn 0.000000 0.000000 1.000000
vn 0.000000 0.000000 1.000000
vn 0.000000 0.000000 1.000000
vn 0.000000 0.000000 1.000000
vn 0.000000 0.000000 1.000000
vn 0.000000 0.000000 1.000000
vn 0.000000 0.000000 1.000000
vn 0.000000 0.000000 1.000000
vn 0.000000 0.000000 1.000000
vn 0.000000 0.000000 1.000000
vn 0.000000 0.000000 1.000000
vn 0.000000 0.000000 1.000000
vn 0.000000 0.000000 1.000000
vn 0.000000 0.000000 1.000000
vn 0.000000 0.000000 1.000000
vn 0.000000 0.000000 1.000000
vn 0.000000 0.000000 1.000000
vn 0.000000 0.000000 1.000000
vn 0.000000 0.000000 1.000000
vn 0.000000 0.000000 1.000000
vn 0.000000 0.000000 1.000000
vn 0.000000 0.000000 1.000000
vn 0.000000 0.000000 1.000000
vn 0.000000 0.000000 1.000000
vn 0.000000 0.000000 1.000000
vn 0.000000 0.000000 1.000000
vn 0.000000 0.000000 1.000000
vn 0.000000 0.000000 1.000000
vn 0.000000 0.000000 1.000000
vn 0.000000 0.000000 1.000000
vn 0.000000 0.000000 1.000000
vn 0.000000 0.000000 1.000000
vn 0.000000 0.000000 1.000000
vn 0.000000 0.000000 1.000000
vn 0.000000 0.000000 1.000000
vn 0.000000 0.000000 1.000000
vn 0.000000 0.000000 1.000000
vn 0.000000 0.000000 1.000000
vn 0.000000 0.000000 1.000000
vn 0.000000 0.000000 1.000000
vn 0.000000 0.000000 1.000000
vn 0.000000 0.000000 1.000000
vn 0.000000 0.000000 1.000000
vn 0.000000 0.000000 1.000000
vn 0.000000 0.000000 1.000000
vn 0.000000 0.000000 1.000000
vn 0.000000 0.000000 1.000000
vn 0.000000 0.000000 1.000000
vn 0.000000 0.000000 1.000000
vn 0.000000 0.000000 1.000000
vn 0.000000 0.000000 1.000000
vn 0.000000 0.000000 1.000000
vn 0.000000 0.000000 1.000000
vn 0.000000 0.000000 1.000000
vn 0.000000 0.000000 1.000000
vn 0.000000 0.000000 1.000000
vn 0.000000 0.000000 1.000000
vn 0.000000 0.000000 1.000000
vn 0.000000 0.000000 1.000000
vn 0.000000 0.000000 1.000000
vn 0.000000 0.000000 1.000000
vn 0.000000 0.000000 1.000000
vn 0.000000 0.000000 1.000000
vn 0.000000 0.000000 1.000000
vn 0.000000 0.000000 1.000000
vn 0.000000 0.000000 1.000000
vn 0.000000 0.000000 1.000000
vn 0.000000 0.000000 1.000000
vn 0.000000 0.000000 1.000000
vn 0.000000 0.000000 1.000000
vn 0.000000 0.000000 1.000000
vn 0.000000 0.000000 1.000000
vn 0.000000 0.000000 1.000000
vn 0.000000 0.000000 1.000000
vn 0.000000 0.000000 1.000000
vn 0.000000 0.000000 1.000000
vn 0.000000 0.000000 1.000000
vn 0.000000 0.000000 1.000000
vn 0.000000 0.000000 1.000000
vn 0.000000 0.000000 1.000000
vn 0.000000 0.000000 1.000000
vn 0.000000 0.000000 1.000000
vn 0.000000 0.000000 1.000000
vn 0.000000 0.000000 1.000000
vn 0.000000 0.000000 1.000000
vn 0.000000 0.000000 1.000000
vn 0.000000 0.000000 1.000000
vn 0.000000 0.000000 1.000000
vn 0.000000 0.000000 1.000000
vn 0.000000 0.000000 1.000000
vn 0.000000 0.000000 1.000000
vn 0.000000 0.000000 1.000000
vn 0.000000 0.000000 1.000000
vn 0.000000 0.000000 1.000000
vn 0.000000 0.000000 1.000000
vn 0.000000 0.000000 1.000000
vn 0.000000 0.000000 1.000000
vn 0.000000 0.000000 1.000000
vn 0.000000 0.000000 1.000000
vn 0.000000 0.000000 1.000000
vn 0.000000 0.000000 1.000000
vn 0.000000 0.000000 1.000000
vn 0.000000 0.000000 1.000000
vn 0.000000 0.000000 1.000000
vn 0.000000 0.000000 1.000000
vn 0.000000 0.000000 1.000000
vn 0.000000 0.000000 1.000000
vn 0.000000 0.000000 1.000000
vn 0.000000 0.000000 1.000000
vn 0.000000 0.000000 1.000000
vn 0.000000 0.000000 1.000000
vn 0.000000 0.000000 1.000000
vn 0.000000 0.000000 1.000000
vn 0.000000 0.000000 1.000000
vn 0.000000 0.000000 1.000000
vn 0.000000 0.000000 1.000000
vn 0.000000 0.000000 1.000000
vn 0.000000 0.000000 1.000000
vn 0.000000 0.000000 1.000000
vn 0.000000 0.000000 1.000000
vn 0.000000 0.000000 1.000000
vn 0.000000 0.000000 1.000000
vn 0.000000 0.000000 1.000000
vn 0.000000 0.000000 1.000000
vn 0.000000 0.000000 1.000000
vn 0.000000 0.000000 1.000000
vn 0.000000 0.000000 1.000000
vn 0.000000 0.000000 1.000000
vn 0.000000 0.000000 1.000000
vn 0.000000 0.000000 1.000000
vn 0.000000 0.000000 1.000000
vn 0.000000 0.000000 1.000000
vn 0.000000 0.000000 1.000000
vn 0.000000 0.000000 1.000000
vn 0.000000 0.000000 1.000000
vn 0.000000 0.000000 1.000000
vn 0.000000 0.000000 1.000000
vn 0.000000 0.000000 1.000000
vn 0.000000 0.000000 1.000000
vn 0.000000 0.000000 1.000000
vn 0.000000 0.000000 1.000000
vn 0.000000 0.000000 1.000000
vn 0.000000 0.000000 1.000000
vn 0.000000 0.000000 1.000000
vn 0.000000 0.000000 1.000000
vn 0.000000 0.000000 1.000000
vn 0.000000 0.000000 1.000000
vn 0.000000 0.000000 1.000000
vn 0.000000 0.000000 1.000000
vn 0.000000 0.000000 1.000000
vn 0.000000 0.000000 1.000000
vn 0.000000 0.000000 1.000000
vn 0.000000 0.000000 1.000000
vn 0.000000 0.000000 1.000000
vn 0.000000 0.000000 1.000000
vn 0.000000 0.000000 1.000000
vn 0.000000 0.000000 1.000000
vn 0.000000 0.000000 1.000000
vn 0.000000 0.000000 1.000000
vn 0.000000 0.000000 1.000000
vn 0.000000 0.000000 1.000000
vn 0.000000 0.000000 1.000000
vn 0.000000 0.000000 1.000000
vn 0.000000 0.000000 1.000000
vn 0.000000 0.000000 1.000000
vn 0.000000 0.000000 1.000000
vn 0.000000 0.000000 1.000000
vn 0.000000 0.000000 1.000000
vn 0.000000 0.000000 1.000000
vn 0.000000 0.000000 1.000000
vn 0.000000 0.000000 1.000000
vn 0.000000 0.000000 1.000000
vn 0.000000 0.000000 1.000000
vn 0.000000 0.000000 1.000000
vn 0.000000 0.000000 1.000000
vn 0.000000 0.000000 1.000000
vn 0.000000 0.000000 1.000000
vn 0.000000 0.000000 1.000000
vn 0.000000 0.000000 1.000000
vn 0.000000 0.000000 1.000000
vn 0.000000 0.000000 1.000000
vn 0.000000 0.000000 1.000000
vn 0.000000 0.000000 1.000000
vn 0.000000 0.000000 1.000000
vn 0.000000 0.000000 1.000000
vn 0.000000 0.000000 1.000000
vn 0.000000 0.000000 1.000000
vn 0.000000 0.000000 1.000000
vn 0.000000 0.000000 1.000000
vn 0.000000 0.000000 1.000000
vn 0.000000 0.000000 1.000000
vn 0.000000 0.000000 1.000000
vn 0.000000 0.000000 1.000000
vn 0.000000 0.000000 1.000000
vn 0.000000 0.000000 1.000000
vn 0.000000 0.000000 1.000000
vn 0.000000 0.000000 1.000000
vn 0.000000 0.000000 1.000000
vn 0.000000 0.000000 1.000000
vn 0.000000 0.000000 1.000000
vn 0.000000 0.000000 1.000000
vn 0.000000 0.000000 1.000000
vn 0.000000 0.000000 1.000000
vn 0.000000 0.000000 1.000000
vn 0.000000 0.000000 1.000000
vn 0.000000 0.000000 1.000000
vn 0.000000 0.000000 1.000000
vn 0.000000 0.000000 1.000000
vn 0.000000 0.000000 1.000000
vn 0.000000 0.000000 1.000000
vn 0.000000 0.000000 1.000000
vn 0.000000 0.000000 1.000000
vn 0.000000 0.000000 1.000000
vn 0.000000 0.000000 1.000000
vn 0.000000 0.000000 1.000000
vn 0.000000 0.000000 1.000000
vn 0.000000 0.000000 1.000000
vn 0.000000 0.000000 1.000000
vn 0.000000 0.000000 1.000000
vn 0.000000 0.000000 1.000000
vn 0.000000 0.000000 1.000000
vn 0.000000 0.000000 1.000000
vn 0.000000 0.000000 1.000000
vn 0.000000 0.000000 1.000000
vn 0.000000 0.000000 1.000000
vn 0.000000 0.000000 1.000000
vn 0.000000 0.000000 1.000000
vn 0.000000 0.000000 1.000000
vn 0.000000 0.000000 1.000000
vn 0.000000 0.000000 1.000000
vn 0.000000 0.000000 1.000000
vn 0.000000 0.000000 1.000000
vn 0.000000 0.000000 1.000000
vn 0.000000 0.000000 1.000000
vn 0.000000 0.000000 1.000000
vn 0.000000 0.000000 1.000000
vn 0.000000 0.000000 1.000000
vn 0.000000 0.000000 1.000000
vn 0.000000 0.000000 1.000000
vn 0.000000 0.000000 1.000000
vn 0.000000 0.000000 1.000000
vn 0.000000 0.000000 1.000000
vn 0.000000 0.000000 1.000000
vn 0.000000 0.000000 1.000000
vn 0.000000 0.000000 1.000000
vn 0.000000 0.000000 1.000000
vn 0.000000 0.000000 1.000000
vn 0.000000 0.000000 1.000000
vn 0.000000 0.000000 1.000000
vn 0.000000 0.000000 1.000000
vn 0.000000 0.000000 1.000000
vn 0.000000 0.000000 1.000000
vn 0.000000 0.000000 1.000000
vn 0.000000 0.000000 1.000000
vn 0.000000 0.000000 1.000000
vn 0.000000 0.000000 1.000000
vn 0.000000 0.000000 1.000000
vn 0.000000 0.000000 1.000000
vn 0.000000 0.000000 1.000000
vn 0.000000 0.000000 1.000000
vn 0.000000 0.000000 1.000000
vn 0.000000 0.000000 1.000000
vn 0.000000 0.000000 1.000000
vn 0.000000 0.000000 1.000000
vn 0.000000 0.000000 1.000000
vn 0.000000 0.000000 1.000000
vn 0.000000 0.000000 1.000000
vn 0.000000 0.000000 1.000000
vn 0.000000 0.000000 1.000000
vn 0.000000 0.000000 1.000000
vn 0.000000 0.000000 1.000000
vn 0.000000 0.000000 1.000000
vn 0.000000 0.000000 1.000000
vn 0.000000 0.000000 1.000000
vn 0.000000 0.000000 1.000000
vn 0.000000 0.000000 1.000000
vn 0.000000 0.000000 1.000000
vn 0.000000 0.000000 1.000000
vn 0.000000 0.000000 1.000000
vn 0.000000 0.000000 1.000000
vn 0.000000 0.000000 1.000000
vn 0.000000 0.000000 1.000000
vn 0.000000 0.000000 1.000000
vn 0.000000 0.000000 1.000000
vn 0.000000 0.000000 1.000000
vn 0.000000 0.000000 1.000000
vn 0.000000 0.000000 1.000000
vn 0.000000 0.000000 1.000000
vn 0.000000 0.000000 1.000000
vn 0.000000 0.000000 1.000000
vn 0.000000 0.000000 1.000000
vn 0.000000 0.000000 1.000000
vn 0.000000 0.000000 1.000000
vn 0.000000 0.000000 1.000000
vn 0.000000 0.000000 1.000000
vn 0.000000 0.000000 1.000000
vn 0.000000 0.000000 1.000000
vn 0.000000 0.000000 1.000000
vn 0.000000 0.000000 1.000000
vn 0.000000 0.000000 1.000000
vn 0.000000 0.000000 1.000000
vn 0.000000 0.000000 1.000000
vn 0.000000 0.000000 1.000000
vn 0.000000 0.000000 1.000000
vn 0.000000 0.000000 1.000000
vn 0.000000 0.000000 1.000000
vn 0.000000 0.000000 1.000000
vn 0.000000 0.000000 1.000000
vn 0.000000 0.000000 1.000000
vn 0.000000 0.000000 1.000000
vn 0.000000 0.000000 1.000000
vn 0.000000 0.000000 1.000000
vn 0.000000 0.000000 1.000000
vn 0.000000 0.000000 1.000000
vn 0.000000 0.000000 1.000000
vn 0.000000 0.000000 1.000000
vn 0.000000 0.000000 1.000000
vn 0.000000 0.000000 1.000000
vn 0.000000 0.000000 1.000000
vn 0.000000 0.000000 1.000000
vn 0.000000 0.000000 1.000000
vn 0.000000 0.000000 1.000000
vn 0.000000 0.000000 1.000000
vn 0.000000 0.000000 1.000000
vn 0.000000 0.000000 1.000000
vn 0.000000 0.000000 1.000000
vn 0.000000 0.000000 1.000000
vn 0.000000 0.000000 1.000000
vn 0.000000 0.000000 1.000000
vn 0.000000 0.000000 1.000000
vn 0.000000 0.000000 1.000000
vn 0.000000 0.000000 1.000000
vn 0.000000 0.000000 1.000000
vn 0.000000 0.000000 1.000000
vn 0.000000 0.000000 1.000000
vn 0.000000 0.000000 1.000000
vn 0.000000 0.000000 1.000000
vn 0.000000 0.000000 1.000000
vn 0.000000 0.000000 1.000000
vn 0.000000 0.000000 1.000000
vn 0.000000 0.000000 1.000000
vn 0.000000 0.000000 1.000000
vn 0.000000 0.000000 1.000000
vn 0.000000 0.000000 1.000000
vn 0.000000 0.000000 1.000000
vn 0.000000 0.000000 1.000000
vn 0.000000 0.000000 1.000000
vn 0.000000 0.000000 1.000000
vn 0.000000 0.000000 1.000000
vn 0.000000 0.000000 1.000000
vn 0.000000 0.000000 1.000000
vn 0.000000 0.000000 1.000000
vn 0.000000 0.000000 1.000000
vn 0.000000 0.000000 1.000000
vn 0.000000 0.000000 1.000000
vn 0.000000 0.000000 1.000000
vn 0.000000 0.000000 1.000000
vn 0.000000 0.000000 1.000000
vn 0.000000 0.000000 1.000000
vn 0.000000 0.000000 1.000000
vn 0.000000 0.000000 1.000000
vn 0.000000 0.000000 1.000000
vn 0.000000 0.000000 1.000000
vn 0.000000 0.000000 1.000000
vn 0.000000 0.000000 1.000000
vn 0.000000 0.000000 1.000000
vn 0.000000 0.000000 1.000000
vn 0.000000 0.000000 1.000000
vn 0.000000 0.000000 1.000000
vn 0.000000 0.000000 1.000000
vn 0.000000 0.000000 1.000000
vn 0.000000 0.000000 1.000000
vn 0.000000 0.000000 1.000000
vn 0.000000 0.000000 1.000000
vn 0.000000 0.000000 1.000000
vn 0.000000 0.000000 1.000000
vn 0.000000 0.000000 1.000000
vn 0.000000 0.000000 1.000000
vn 0.000000 0.000000 1.000000
vn 0.000000 0.000000 1.000000
vn 0.000000 0.000000 1.000000
vn 0.000000 0.000000 1.000000
vn 0.000000 0.000000 1.000000
vn 0.000000 0.000000 1.000000
vn 0.000000 0.000000 1.000000
vn 0.000000 0.000000 1.000000
vn 0.000000 0.000000 1.000000
vn 0.000000 0.000000 1.000000
vn 0.000000 0.000000 1.000000
vn 0.000000 0.000000 1.000000
vn 0.000000 0.000000 1.000000
vn 0.000000 0.000000 1.000000
vn 0.000000 0.000000 1.000000
vn 0.000000 0.000000 1.000000
vn 0.000000 0.000000 1.000000
vn 0.000000 0.000000 1.000000
vn 0.000000 0.000000 1.000000
vn 0.000000 0.000000 1.000000
vn 0.000000 0.000000 1.000000
vn 0.000000 0.000000 1.000000
vn 0.000000 0.000000 1.000000
vn 0.000000 0.000000 1.000000
vn 0.000000 0.000000 1.000000
vn 0.000000 0.000000 1.000000
vn 0.000000 0.000000 1.000000
vn 0.000000 0.000000 1.000000
vn 0.000000 0.000000 1.000000
vn 0.000000 0.000000 1.000000
vn 0.000000 0.000000 1.000000
vn 0.000000 0.000000 1.000000
vn 0.000000 0.000000 1.000000
vn 0.000000 0.000000 1.000000
vn 0.000000 0.000000 1.000000
vn 0.000000 0.000000 1.000000
vn 0.000000 0.000000 1.000000
vn 0.000000 0.000000 1.000000
vn 0.000000 0.000000 1.000000
vn 0.000000 0.000000 1.000000
vn 0.000000 0.000000 1.000000
vn 0.000000 0.000000 1.000000
vn 0.000000 0.000000 1.000000
vn 0.000000 0.000000 1.000000
vn 0.000000 0.000000 1.000000
vn 0.000000 0.000000 1.000000
vn 0.000000 0.000000 1.000000
vn 0.000000 0.000000 1.000000
vn 0.000000 0.000000 1.000000
vn 0.000000 0.000000 1.000000
vn 0.000000 0.000000 1.000000
vn 0.000000 0.000000 1.000000
vn 0.000000 0.000000 1.000000
vn 0.000000 0.000000 1.000000
vn 0.000000 0.000000 1.000000
vn 0.000000 0.000000 1.000000
vn 0.000000 0.000000 1.000000
vn 0.000000 0.000000 1.000000
vn 0.000000 0.000000 1.000000
vn 0.000000 0.000000 1.000000
vn 0.000000 0.000000 1.000000
vn 0.000000 0.000000 1.000000
vn 0.000000 0.000000 1.000000
vn 0.000000 0.000000 1.000000
vn 0.000000 0.000000 1.000000
vn 0.000000 0.000000 1.000000
vn 0.000000 0.000000 1.000000
vn 0.000000 0.000000 1.000000
vn 0.000000 0.000000 1.000000
vn 0.000000 0.000000 1.000000
vn 0.000000 0.000000 1.000000
vn 0.000000 0.000000 1.000000
vn 0.000000 0.000000 1.000000
vn 0.000000 0.000000 1.000000
vn 0.000000 0.000000 1.000000
vn 0.000000 0.000000 1.000000
vn 0.000000 0.000000 1.000000
vn 0.000000 0.000000 1.000000
vn 0.000000 0.000000 1.000000
vn 0.000000 0.000000 1.000000
vn 0.000000 0.000000 1.000000
vn 0.000000 0.000000 1.000000
vn 0.000000 0.000000 1.000000
vn 0.000000 0.000000 1.000000
vn 0.000000 0.000000 1.000000
vn 0.000000 0.000000 1.000000
vn 0.000000 0.000000 1.000000
vn 0.000000 0.000000 1.000000
vn 0.000000 0.000000 1.000000
vn 0.000000 0.000000 1.000000
vn 0.000000 0.000000 1.000000
vn 0.000000 0.000000 1.000000
vn 0.000000 0.000000 1.000000
vn 0.000000 0.000000 1.000000
vn 0.000000 0.000000 1.000000
vn 0.000000 0.000000 1.000000
vn 0.000000 0.000000 1.000000
vn 0.000000 0.000000 1.000000
vn 0.000000 0.000000 1.000000
vn 0.000000 0.000000 1.000000
vn 0.000000 0.000000 1.000000
vn 0.000000 0.000000 1.000000
vn 0.000000 0.000000 1.000000
vn 0.000000 0.000000 1.000000
vn 0.000000 0.000000 1.000000
vn 0.000000 0.000000 1.000000
vn 0.000000 0.000000 1.000000
vn 0.000000 0.000000 1.000000
vn 0.000000 0.000000 1.000000
vn 0.000000 0.000000 1.000000
vn 0.000000 0.000000 1.000000
vn 0.000000 0.000000 1.000000
vn 0.000000 0.000000 1.000000
vn 0.000000 0.000000 1.000000
vn 0.000000 0.000000 1.000000
vn 0.000000 0.000000 1.000000
vn 0.000000 0.000000 1.000000
vn 0.000000 0.000000 1.000000
vn 0.000000 0.000000 1.000000
vn 0.000000 0.000000 1.000000
vn 0.000000 0.000000 1.000000
vn 0.000000 0.000000 1.000000
vn 0.000000 0.000000 1.000000
vn 0.000000 0.000000 1.000000
vn 0.000000 0.000000 1.000000
vn 0.000000 0.000000 1.000000
vn 0.000000 0.000000 1.000000
vn 0.000000 0.000000 1.000000
vn 0.000000 0.000000 1.000000
vn 0.000000 0.000000 1.000000
vn 0.000000 0.000000 1.000000
vn 0.000000 0.000000 1.000000
vn 0.000000 0.000000 1.000000
vn 0.000000 0.000000 1.000000
vn 0.000000 0.000000 1.000000
vn 0.000000 0.000000 1.000000
vn 0.000000 0.000000 1.000000
vn 0.000000 0.000000 1.000000
vn 0.000000 0.000000 1.000000
vn 0.000000 0.000000 1.000000
vn 0.000000 0.000000 1.000000
vn 0.000000 0.000000 1.000000
vn 0.000000 0.000000 1.000000
vn 0.000000 0.000000 1.000000
vn 0.000000 0.000000 1.000000
vn 0.000000 0.000000 1.000000
vn 0.000000 0.000000 1.000000
vn 0.000000 0.000000 1.000000
vn 0.000000 0.000000 1.000000
vn 0.000000 0.000000 1.000000
vn 0.000000 0.000000 1.000000
vn 0.000000 0.000000 1.000000
vn 0.000000 0.000000 1.000000
vn 0.000000 0.000000 1.000000
vn 0.000000 0.000000 1.000000
vn 0.000000 0.000000 1.000000
vn 0.000000 0.000000 1.000000
vn 0.000000 0.000000 1.000000
vn 0.000000 0.000000 1.000000
vn 0.000000 0.000000 1.000000
vn 0.000000 0.000000 1.000000
vn 0.000000 0.000000 1.000000
vn 0.000000 0.000000 1.000000
vn 0.000000 0.000000 1.000000
vn 0.000000 0.000000 1.000000
vn 0.000000 0.000000 1.000000
vn 0.000000 0.000000 1.000000
vn 0.000000 0.000000 1.000000
vn 0.000000 0.000000 1.000000
vn 0.000000 0.000000 1.000000
vn 0.000000 0.000000 1.000000
vn 0.000000 0.000000 1.000000
vn 0.000000 0.000000 1.000000
vn 0.000000 0.000000 1.000000
vn 0.000000 0.000000 1.000000
vn 0.000000 0.000000 1.000000
vn 0.000000 0.000000 1.000000
vn 0.000000 0.000000 1.000000
vn 0.000000 0.000000 1.000000
vn 0.000000 0.000000 1.000000
vn 0.000000 0.000000 1.000000
vn 0.000000 0.000000 1.000000
vn 0.000000 0.000000 1.000000
vn 0.000000 0.000000 1.000000
vn 0.000000 0.000000 1.000000
vn 0.000000 0.000000 1.000000
vn 0.000000 0.000000 1.000000
vn 0.000000 0.000000 1.000000
vn 0.000000 0.000000 1.000000
vn 0.000000 0.000000 1.000000
vn 0.000000 0.000000 1.000000
vn 0.000000 0.000000 1.000000
vn 0.000000 0.000000 1.000000
vn 0.000000 0.000000 1.000000
vn 0.000000 0.000000 1.000000
vn 0.000000 0.000000 1.000000
vn 0.000000 0.000000 1.000000
vn 0.000000 0.000000 1.000000
vn 0.000000 0.000000 1.000000
vn 0.000000 0.000000 1.000000
vn 0.000000 0.000000 1.000000
vn 0.000000 0.000000 1.000000
vn 0.000000 0.000000 1.000000
vn 0.000000 0.000000 1.000000
vn 0.000000 0.000000 1.000000
vn 0.000000 0.000000 1.000000
vn 0.000000 0.000000 1.000000
vn 0.000000 0.000000 1.000000
vn 0.000000 0.000000 1.000000
vn 0.000000 0.000000 1.000000
vn 0.000000 0.000000 1.000000
vn 0.000000 0.000000 1.000000
vn 0.000000 0.000000 1.000000
vn 0.000000 0.000000 1.000000
vn 0.000000 0.000000 1.000000
vn 0.000000 0.000000 1.000000
vn 0.000000 0.000000 1.000000
vn 0.000000 0.000000 1.000000
vn 0.000000 0.000000 1.000000
vn 0.000000 0.000000 1.000000
vn 0.000000 0.000000 1.000000
vn 0.000000 0.000000 1.000000
vn 0.000000 0.000000 1.000000
vn 0.000000 0.000000 1.000000
vn 0.000000 0.000000 1.000000
vn 0.000000 0.000000 1.000000
vn 0.000000 0.000000 1.000000
vn 0.000000 0.000000 1.000000
vn 0.000000 0.000000 1.000000
vn 0.000000 0.000000 1.000000
vn 0.000000 0.000000 1.000000
vn 0.000000 0.000000 1.000000
vn 0.000000 0.000000 1.000000
vn 0.000000 0.000000 1.000000
vn 0.000000 0.000000 1.000000
vn 0.000000 0.000000 1.000000
vn 0.000000 0.000000 1.000000
vn 0.000000 0.000000 1.000000
vn 0.000000 0.000000 1.000000
vn 0.000000 0.000000 1.000000
vn 0.000000 0.000000 1.000000
vn 0.000000 0.000000 1.000000
vn 0.000000 0.000000 1.000000
vn 0.000000 0.000000 1.000000
vn 0.000000 0.000000 1.000000
vn 0.000000 0.000000 1.000000
vn 0.000000 0.000000 1.000000
vn 0.000000 0.000000 1.000000
vn 0.000000 0.000000 1.000000
vn 0.000000 0.000000 1.000000
vn 0.000000 0.000000 1.000000
vn 0.000000 0.000000 1.000000
vn 0.000000 0.000000 1.000000
vn 0.000000 0.000000 1.000000
vn 0.000000 0.000000 1.000000
vn 0.000000 0.000000 1.000000
vn 0.000000 0.000000 1.000000
vn 0.000000 0.000000 1.000000
vn 0.000000 0.000000 1.000000
vn 0.000000 0.000000 1.000000
vn 0.000000 0.000000 1.000000
vn 0.000000 0.000000 1.000000
vn 0.000000 0.000000 1.000000
vn 0.000000 0.000000 1.000000
vn 0.000000 0.000000 1.000000
vn 0.000000 0.000000 1.000000
vn 0.000000 0.000000 1.000000
vn 0.000000 0.000000 1.000000
vn 0.000000 0.000000 1.000000
vn 0.000000 0.000000 1.000000
vn 0.000000 0.000000 1.000000
vn 0.000000 0.000000 1.000000
vn 0.000000 0.000000 1.000000
vn 0.000000 0.000000 1.000000
vn 0.000000 0.000000 1.000000
vn 0.000000 0.000000 1.000000
vn 0.000000 0.000000 1.000000
vn 0.000000 0.000000 1.000000
vn 0.000000 0.000000 1.000000
vn 0.000000 0.000000 1.000000
vn 0.000000 0.000000 1.000000
vn 0.000000 0.000000 1.000000
vn 0.000000 0.000000 1.000000
vn 0.000000 0.000000 1.000000
vn 0.000000 0.000000 1.000000
vn 0.000000 0.000000 1.000000
vn 0.000000 0.000000 1.000000
vn 0.000000 0.000000 1.000000
vn 0.000000 0.000000 1.000000
vn 0.000000 0.000000 1.000000
vn 0.000000 0.000000 1.000000
vn 0.000000 0.000000 1.000000
vn 0.000000 0.000000 1.000000
vn 0.000000 0.000000 1.000000
vn 0.000000 0.000000 1.000000
vn 0.000000 0.000000 1.000000
vn 0.000000 0.000000 1.000000
vn 0.000000 0.000000 1.000000
vn 0.000000 0.000000 1.000000
vn 0.000000 0.000000 1.000000
vn 0.000000 0.000000 1.000000
vn 0.000000 0.000000 1.000000
vn 0.000000 0.000000 1.000000
vn 0.000000 0.000000 1.000000
vn 0.000000 0.000000 1.000000
vn 0.000000 0.000000 1.000000
vn 0.000000 0.000000 1.000000
vn 0.000000 0.000000 1.000000
vn 0.000000 0.000000 1.000000
vn 0.000000 0.000000 1.000000
vn 0.000000 0.000000 1.000000
vn 0.000000 0.000000 1.000000
vn 0.000000 0.000000 1.000000
vn 0.000000 0.000000 1.000000
vn 0.000000 0.000000 1.000000
vn 0.000000 0.000000 1.000000
vn 0.000000 0.000000 1.000000
vn 0.000000 0.000000 1.000000
vn 0.000000 0.000000 1.000000
vn 0.000000 0.000000 1.000000
vn 0.000000 0.000000 1.000000
vn 0.000000 0.000000 1.000000
vn 0.000000 0.000000 1.000000
vn 0.000000 0.000000 1.000000
vn 0.000000 0.000000 1.000000
vn 0.000000 0.000000 1.000000
vn 0.000000 0.000000 1.000000
vn 0.000000 0.000000 1.000000
vn 0.000000 0.000000 1.000000
vn 0.000000 0.000000 1.000000
vn 0.000000 0.000000 1.000000
vn 0.000000 0.000000 1.000000
vn 0.000000 0.000000 1.000000
vn 0.000000 0.000000 1.000000
vn 0.000000 0.000000 1.000000
vn 0.000000 0.000000 1.000000
vn 0.000000 0.000000 1.000000
vn 0.000000 0.000000 1.000000
vn 0.000000 0.000000 1.000000
vn 0.000000 0.000000 1.000000
vn 0.000000 0.000000 1.000000
vn 0.000000 0.000000 1.000000
vn 0.000000 0.000000 1.000000
vn 0.000000 0.000000 1.000000
vn 0.000000 0.000000 1.000000
vn 0.000000 0.000000 1.000000
vn 0.000000 0.000000 1.000000
vn 0.000000 0.000000 1.000000
vn 0.000000 0.000000 1.000000
vn 0.000000 0.000000 1.000000
vn 0.000000 0.000000 1.000000
vn 0.000000 0.000000 1.000000
vn 0.000000 0.000000 1.000000
vn 0.000000 0.000000 1.000000
vn 0.000000 0.000000 1.000000
vn 0.000000 0.000000 1.000000
vn 0.000000 0.000000 1.000000
vn 0.000000 0.000000 1.000000
vn 0.000000 0.000000 1.000000
vn 0.000000 0.000000 1.000000
vn 0.000000 0.000000 1.000000
vn 0.000000 0.000000 1.000000
vn 0.000000 0.000000 1.000000
vn 0.000000 0.000000 1.000000
vn 0.000000 0.000000 1.000000
vn 0.000000 0.000000 1.000000
vn 0.000000 0.000000 1.000000
vn 0.000000 0.000000 1.000000
vn 0.000000 0.000000 1.000000
vn 0.000000 0.000000 1.000000
vn 0.000000 0.000000 1.000000
vn 0.000000 0.000000 1.000000
vn 0.000000 0.000000 1.000000
vn 0.000000 0.000000 1.000000
vn 0.000000 0.000000 1.000000
vn 0.000000 0.000000 1.000000
vn 0.000000 0.000000 1.000000
vn 0.000000 0.000000 1.000000
vn 0.000000 0.000000 1.000000
vn 0.000000 0.000000 1.000000
vn 0.000000 0.000000 1.000000
vn 0.000000 0.000000 1.000000
vn 0.000000 0.000000 1.000000
vn 0.000000 0.000000 1.000000
vn 0.000000 0.000000 1.000000
vn 0.000000 0.000000 1.000000
vn 0.000000 0.000000 1.000000
vn 0.000000 0.000000 1.000000
vn 0.000000 0.000000 1.000000
vn 0.000000 0.000000 1.000000
vn 0.000000 0.000000 1.000000
vn 0.000000 0.000000 1.000000
vn 0.000000 0.000000 1.000000
vn 0.000000 0.000000 1.000000
vn 0.000000 0.000000 1.000000
vn 0.000000 0.000000 1.000000
vn 0.000000 0.000000 1.000000
vn 0.000000 0.000000 1.000000
vn 0.000000 0.000000 1.000000
vn 0.000000 0.000000 1.000000
vn 0.000000 0.000000 1.000000
vn 0.000000 0.000000 1.000000
vn 0.000000 0.000000 1.000000
vn 0.000000 0.000000 1.000000
vn 0.000000 0.000000 1.000000
vn 0.000000 0.000000 1.000000
vn 0.000000 0.000000 1.000000
vn 0.000000 0.000000 1.000000
vn 0.000000 0.000000 1.000000
vn 0.000000 0.000000 1.000000
vn 0.000000 0.000000 1.000000
vn 0.000000 0.000000 1.000000
vn 0.000000 0.000000 1.000000
vn 0.000000 0.000000 1.000000
vn 0.000000 0.000000 1.000000
vn 0.000000 0.000000 1.000000
vn 0.000000 0.000000 1.000000
vn 0.000000 0.000000 1.000000
vn 0.000000 0.000000 1.000000
vn 0.000000 0.000000 1.000000
vn 0.000000 0.000000 1.000000
vn 0.000000 0.000000 1.000000
vn 0.000000 0.000000 1.000000
vn 0.000000 0.000000 1.000000
vn 0.000000 0.000000 1.000000
vn 0.000000 0.000000 1.000000
vn 0.000000 0.000000 1.000000
vn 0.000000 0.000000 1.000000
vn 0.000000 0.000000 1.000000
vn 0.000000 0.000000 1.000000
vn 0.000000 0.000000 1.000000
vn 0.000000 0.000000 1.000000
vn 0.000000 0.000000 1.000000
vn 0.000000 0.000000 1.000000
vn 0.000000 0.000000 1.000000
vn 0.000000 0.000000 1.000000
vn 0.000000 0.000000 1.000000
vn 0.000000 0.000000 1.000000
vn 0.000000 0.000000 1.000000
vn 0.000000 0.000000 1.000000
vn 0.000000 0.000000 1.000000
vn 0.000000 0.000000 1.000000
vn 0.000000 0.000000 1.000000
vn 0.000000 0.000000 1.000000
vn 0.000000 0.000000 1.000000
vn 0.000000 0.000000 1.000000
vn 0.000000 0.000000 1.000000
vn 0.000000 0.000000 1.000000
vn 0.000000 0.000000 1.000000
vn 0.000000 0.000000 1.000000
vn 0.000000 0.000000 1.000000
vn 0.000000 0.000000 1.000000
vn 0.000000 0.000000 1.000000
vn 0.000000 0.000000 1.000000
vn 0.000000 0.000000 1.000000
vn 0.000000 0.000000 1.000000
vn 0.000000 0.000000 1.000000
vn 0.000000 0.000000 1.000000
vn 0.000000 0.000000 1.000000
vn 0.000000 0.000000 1.000000
vn 0.000000 0.000000 1.000000
vn 0.000000 0.000000 1.000000
vn 0.000000 0.000000 1.000000
vn 0.000000 0.000000 1.000000
vn 0.000000 0.000000 1.000000
vn 0.000000 -0.000000 1.000000
vn 0.000000 0.000000 1.000000
vn 0.000000 0.000000 1.000000
vn 0.000000 0.000000 1.000000
vn 0.000000 0.000000 1.000000
vn 0.000000 0.000000 1.000000
vn 0.000000 0.000000 1.000000
vn 0.000000 0.000000 1.000000
vn 0.000000 0.000000 1.000000
vn 0.000000 0.000000 1.000000
vn 0.000000 0.000000 1.000000
vn 0.000000 0.000000 1.000000
vn 0.000000 0.000000 1.000000
vn 0.000000 0.000000 1.000000
vn 0.000000 0.000000 1.000000
vn 0.000000 0.000000 1.000000
vn 0.000000 0.000000 1.000000
vn 0.000000 0.000000 1.000000
vn 0.000000 0.000000 1.000000
vn 0.000000 0.000000 1.000000
vn 0.000000 0.000000 1.000000
vn 0.000000 0.000000 1.000000
vn 0.000000 0.000000 1.000000
vn 0.000000 0.000000 1.000000
vn 0.000000 0.000000 1.000000
vn 0.000000 0.000000 1.000000
vn 0.000000 0.000000 1.000000
vn 0.000000 0.000000 1.000000
vn 0.000000 0.000000 1.000000
vn 0.000000 -0.000000 1.000000
vn 0.000000 -0.000000 1.000000
vn 0.000000 -0.000000 1.000000
vn 0.000000 -0.000000 1.000000
vn 0.000000 -0.000000 1.000000
vn 0.000000 -0.000000 1.000000
vn 0.000000 -0.000000 1.000000
vn 0.000000 -0.000000 1.000000
vn 0.000000 -0.000000 1.000000
vn 0.000000 -0.000000 1.000000
vn 0.000000 -0.000000 1.000000
vn 0.000000 0.000000 1.000000
vn 0.000000 0.000000 1.000000
vn 0.000000 0.000000 1.000000
vn 0.000000 0.000000 1.000000
vn 0.000000 0.000000 1.000000
vn 0.000000 0.000000 1.000000
vn 0.000000 0.000000 1.000000
vn 0.000000 0.000000 1.000000
vn 0.000000 0.000000 1.000000
vn 0.000000 0.000000 1.000000
vn 0.000000 0.000000 1.000000
vn 0.000000 0.000000 1.000000
vn 0.000000 0.000000 1.000000
vn 0.000000 0.000000 1.000000
vn 0.000000 0.000000 1.000000
vn 0.000000 0.000000 1.000000
vn 0.000000 0.000000 1.000000
vn 0.000000 0.000000 1.000000
vn 0.000000 0.000000 1.000000
vn 0.000000 0.000000 1.000000
vn 0.000000 0.000000 1.000000
vn 0.000000 0.000000 1.000000
vn 0.000000 0.000000 1.000000
vn 0.000000 0.000000 1.000000
vn 0.000000 0.000000 1.000000
vn 0.000000 0.000000 1.000000
vn 0.000000 0.000000 1.000000
vn 0.000000 0.000000 1.000000
vn 0.000000 0.000000 1.000000
vn 0.000000 0.000000 1.000000
vn 0.000000 -0.000000 1.000000
vn 0.000000 0.000000 1.000000
vn 0.000000 0.000000 1.000000
vn 0.000000 0.000000 1.000000
vn 0.000000 0.000000 1.000000
vn 0.000000 0.000000 1.000000
vn 0.000000 0.000000 1.000000
vn 0.000000 0.000000 1.000000
vn 0.000000 0.000000 1.000000
vn 0.000000 0.000000 1.000000
vn 0.000000 0.000000 1.000000
vn 0.000000 0.000000 1.000000
vn 0.000000 0.000000 1.000000
vn 0.000000 0.000000 1.000000
vn 0.000000 0.000000 1.000000
vn 0.000000 0.000000 1.000000
vn 0.000000 0.000000 1.000000
vn 0.000000 0.000000 1.000000
vn 0.000000 -1.000000 0.000000
vn 0.000000 -1.000000 0.000000
vn 0.000000 1.000000 0.000000
vn 0.000000 1.000000 -0.000000
vn 0.024559 -0.999698 0.000000
vn 0.024559 -0.999698 0.000000
vn 0.073564 -0.997290 0.000000
vn 0.073564 -0.997290 0.000000
vn 0.122408 -0.992480 0.000000
vn 0.122408 -0.992480 0.000000
vn 0.170943 -0.985281 0.000000
vn 0.170943 -0.985281 0.000000
vn 0.219094 -0.975704 0.000000
vn 0.219094 -0.975704 0.000000
vn 0.266736 -0.963770 0.000000
vn 0.266736 -0.963770 0.000000
vn 0.313685 -0.949527 0.000000
vn 0.313685 -0.949527 0.000000
vn 0.359885 -0.932997 0.000000
vn 0.359885 -0.932997 0.000000
vn 0.405230 -0.914215 0.000000
vn 0.405230 -0.914215 0.000000
vn 0.449606 -0.893227 0.000000
vn 0.449606 -0.893227 0.000000
vn 0.492905 -0.870083 0.000000
vn 0.492905 -0.870083 0.000000
vn 0.534988 -0.844859 0.000000
vn 0.534988 -0.844859 0.000000
vn 0.575825 -0.817573 0.000000
vn 0.575825 -0.817573 0.000000
vn 0.615228 -0.788349 0.000000
vn 0.615228 -0.788349 0.000000
vn 0.653176 -0.757206 0.000000
vn 0.653176 -0.757206 0.000000
vn 0.689523 -0.724264 0.000000
vn 0.689523 -0.724264 0.000000
vn 0.724264 -0.689523 0.000000
vn 0.724264 -0.689523 0.000000
vn 0.757206 -0.653176 0.000000
vn 0.757206 -0.653176 0.000000
vn 0.788349 -0.615228 0.000000
vn 0.788349 -0.615228 0.000000
vn 0.817573 -0.575825 0.000000
vn 0.844859 -0.534988 0.000000
vn 0.817573 -0.575825 0.000000
vn 0.844859 -0.534988 0.000000
vn 0.870083 -0.492905 0.000000
vn 0.870083 -0.492905 0.000000
vn 0.893227 -0.449606 0.000000
vn 0.914215 -0.405230 0.000000
vn 0.893227 -0.449606 0.000000
vn 0.914215 -0.405230 0.000000
vn 0.932997 -0.359885 0.000000
vn 0.932997 -0.359885 0.000000
vn 0.949527 -0.313685 0.000000
vn 0.963770 -0.266736 0.000000
vn 0.949527 -0.313685 0.000000
vn 0.963770 -0.266736 0.000000
vn 0.975704 -0.219094 0.000000
vn 0.975704 -0.219094 0.000000
vn 0.985281 -0.170943 0.000000
vn 0.992480 -0.122408 0.000000
vn 0.985281 -0.170943 0.000000
vn 0.992480 -0.122408 0.000000
vn 0.997290 -0.073564 0.000000
vn 0.997290 -0.073564 0.000000
vn 0.999698 -0.024559 0.000000
vn 0.999698 -0.024559 0.000000
vn 0.999698 0.024560 -0.000000
vn 0.999698 0.024560 0.000000
vn 0.997291 0.073562 0.000000
vn 0.997291 0.073562 -0.000000
vn 0.992480 0.122409 0.000000
vn 0.992480 0.122409 -0.000000
vn 0.985280 0.170946 0.000000
vn 0.985280 0.170946 -0.000000
vn 0.975704 0.219093 0.000000
vn 0.975704 0.219093 -0.000000
vn 0.963770 0.266734 0.000000
vn 0.963770 0.266734 -0.000000
vn 0.949529 0.313679 0.000000
vn 0.949529 0.313679 -0.000000
vn 0.932997 0.359885 0.000000
vn 0.914213 0.405235 0.000000
vn 0.932997 0.359885 -0.000000
vn 0.914213 0.405235 0.000000
vn 0.893224 0.449611 0.000000
vn 0.893224 0.449611 -0.000000
vn 0.870086 0.492901 0.000000
vn 0.870086 0.492901 -0.000000
vn 0.844858 0.534990 0.000000
vn 0.817575 0.575822 0.000000
vn 0.844858 0.534990 -0.000000
vn 0.817575 0.575822 0.000000
vn 0.788346 0.615233 0.000000
vn 0.788346 0.615233 -0.000000
vn 0.757215 0.653166 0.000000
vn 0.757215 0.653166 -0.000000
vn 0.724251 0.689537 0.000000
vn 0.724251 0.689537 -0.000000
vn 0.689527 0.724260 0.000000
vn 0.689527 0.724260 -0.000000
vn 0.653183 0.757200 0.000000
vn 0.653183 0.757200 -0.000000
vn 0.615228 0.788349 0.000000
vn 0.615228 0.788349 -0.000000
vn 0.575812 0.817582 0.000000
vn 0.575812 0.817582 -0.000000
vn 0.534996 0.844855 0.000000
vn 0.534996 0.844855 -0.000000
vn 0.492902 0.870085 0.000000
vn 0.449606 0.893227 0.000000
vn 0.492902 0.870085 -0.000000
vn 0.449606 0.893227 0.000000
vn 0.405237 0.914212 -0.000000
vn 0.405237 0.914212 0.000000
vn 0.359895 0.932993 0.000000
vn 0.359895 0.932993 -0.000000
vn 0.313688 0.949526 0.000000
vn 0.266715 0.963776 0.000000
vn 0.313688 0.949526 -0.000000
vn 0.266715 0.963776 0.000000
vn 0.219102 0.975702 0.000000
vn 0.219102 0.975702 -0.000000
vn 0.170959 0.985278 0.000000
vn 0.122410 0.992480 0.000000
vn 0.170959 0.985278 -0.000000
vn 0.122410 0.992480 0.000000
vn 0.073566 0.997290 0.000000
vn 0.073566 0.997290 -0.000000
vn 0.024541 0.999699 0.000000
vn 0.024541 0.999699 -0.000000
vn 1.000000 0.000000 0.000000
vn 1.000000 0.000000 0.000000
vn 0.000000 -1.000000 0.000000
vn 0.000000 -1.000000 0.000000
vn 1.000000 0.000000 0.000000
vn 1.000000 -0.000000 0.000000
vn -1.000000 0.000000 0.000000
vn -1.000000 -0.000000 0.000000
vn 0.000000 1.000000 -0.000000
vn 0.000000 1.000000 0.000000
vn 0.000000 -1.000000 0.000000
vn 0.000000 -1.000000 0.000000
vn 1.000000 0.000000 0.000000
vn 1.000000 -0.000000 0.000000
vn -1.000000 0.000000 0.000000
vn -1.000000 -0.000000 0.000000
vn 0.000000 1.000000 -0.000000
vn 0.000000 1.000000 0.000000
vn -0.999689 -0.024934 0.000000
vn -0.999689 -0.024934 0.000000
vn -0.997203 -0.074734 0.000000
vn -0.997203 -0.074734 0.000000
vn -0.992240 -0.124339 0.000000
vn -0.992240 -0.124339 0.000000
vn -0.984807 -0.173651 0.000000
vn -0.974926 -0.222527 0.000000
vn -0.984807 -0.173651 0.000000
vn -0.974926 -0.222527 0.000000
vn -0.962626 -0.270833 0.000000
vn -0.962626 -0.270833 0.000000
vn -0.947928 -0.318486 0.000000
vn -0.947928 -0.318486 0.000000
vn -0.930876 -0.365336 0.000000
vn -0.930876 -0.365336 0.000000
vn -0.911504 -0.411291 0.000000
vn -0.911504 -0.411291 0.000000
vn -0.889871 -0.456212 0.000000
vn -0.889871 -0.456212 0.000000
vn -0.866022 -0.500006 0.000000
vn -0.866022 -0.500006 0.000000
vn -0.840027 -0.542544 0.000000
vn -0.840027 -0.542544 0.000000
vn -0.811939 -0.583742 0.000000
vn -0.811939 -0.583742 0.000000
vn -0.781828 -0.623494 0.000000
vn -0.781828 -0.623494 0.000000
vn -0.749785 -0.661682 0.000000
vn -0.749785 -0.661682 0.000000
vn -0.715863 -0.698241 0.000000
vn -0.715863 -0.698241 0.000000
vn -0.680170 -0.733054 0.000000
vn -0.680170 -0.733054 0.000000
vn -0.642790 -0.766043 0.000000
vn -0.642790 -0.766043 0.000000
vn -0.603806 -0.797131 0.000000
vn -0.603806 -0.797131 0.000000
vn -0.563325 -0.826235 0.000000
vn -0.563325 -0.826235 0.000000
vn -0.521429 -0.853295 0.000000
vn -0.521429 -0.853295 0.000000
vn -0.478261 -0.878218 0.000000
vn -0.478261 -0.878218 0.000000
vn -0.433894 -0.900964 0.000000
vn -0.433894 -0.900964 0.000000
vn -0.388439 -0.921474 0.000000
vn -0.388439 -0.921474 0.000000
vn -0.342017 -0.939694 0.000000
vn -0.342017 -0.939694 0.000000
vn -0.294758 -0.955572 0.000000
vn -0.294758 -0.955572 0.000000
vn -0.246733 -0.969084 0.000000
vn -0.246733 -0.969084 0.000000
vn -0.198150 -0.980172 0.000000
vn -0.198150 -0.980172 0.000000
vn -0.149047 -0.988830 0.000000
vn -0.149047 -0.988830 0.000000
vn -0.099562 -0.995031 0.000000
vn -0.099562 -0.995031 0.000000
vn -0.049868 -0.998756 0.000000
vn 0.000000 -1.000000 0.000000
vn -0.049868 -0.998756 0.000000
vn 0.000000 -1.000000 0.000000
vn 0.049868 -0.998756 0.000000
vn 0.099562 -0.995031 0.000000
vn 0.049868 -0.998756 0.000000
vn 0.149047 -0.988830 0.000000
vn 0.099562 -0.995031 0.000000
vn 0.198150 -0.980172 0.000000
vn 0.149047 -0.988830 0.000000
vn 0.198150 -0.980172 0.000000
vn 0.246733 -0.969084 0.000000
vn 0.246733 -0.969084 0.000000
vn 0.294758 -0.955572 0.000000
vn 0.294758 -0.955572 0.000000
vn 0.342017 -0.939694 0.000000
vn 0.342017 -0.939694 0.000000
vn 0.388439 -0.921474 0.000000
vn 0.388439 -0.921474 0.000000
vn 0.433894 -0.900964 0.000000
vn 0.433894 -0.900964 0.000000
vn 0.478261 -0.878218 0.000000
vn 0.478261 -0.878218 0.000000
vn 0.521429 -0.853295 0.000000
vn 0.521429 -0.853295 0.000000
vn 0.563325 -0.826235 0.000000
vn 0.563325 -0.826235 0.000000
vn 0.603806 -0.797131 0.000000
vn 0.603806 -0.797131 0.000000
vn 0.642790 -0.766043 0.000000
vn 0.642790 -0.766043 0.000000
vn 0.680170 -0.733054 0.000000
vn 0.680170 -0.733054 0.000000
vn 0.715863 -0.698241 0.000000
vn 0.715863 -0.698241 0.000000
vn 0.749785 -0.661682 0.000000
vn 0.749785 -0.661682 0.000000
vn 0.781828 -0.623494 0.000000
vn 0.781828 -0.623494 0.000000
vn 0.811939 -0.583742 0.000000
vn 0.811939 -0.583742 0.000000
vn 0.840027 -0.542544 0.000000
vn 0.840027 -0.542544 0.000000
vn 0.866022 -0.500006 0.000000
vn 0.866022 -0.500006 0.000000
vn 0.889871 -0.456212 0.000000
vn 0.889871 -0.456212 0.000000
vn 0.911507 -0.411284 0.000000
vn 0.911507 -0.411284 0.000000
vn 0.930873 -0.365344 0.000000
vn 0.930873 -0.365344 0.000000
vn 0.947928 -0.318486 0.000000
vn 0.947928 -0.318486 0.000000
vn 0.962624 -0.270841 0.000000
vn 0.962624 -0.270841 0.000000
vn 0.974928 -0.222519 0.000000
vn 0.984809 -0.173643 0.000000
vn 0.974928 -0.222519 0.000000
vn 0.984809 -0.173643 0.000000
vn 0.992239 -0.124347 0.000000
vn 0.992239 -0.124347 0.000000
vn 0.997203 -0.074734 0.000000
vn 0.997203 -0.074734 0.000000
vn 0.999689 -0.024925 0.000000
vn 0.999689 -0.024925 0.000000
vn 0.999689 0.024925 -0.000000
vn 0.999689 0.024925 -0.000000
vn 0.997203 0.074734 0.000000
vn 0.997203 0.074734 -0.000000
vn 0.992239 0.124347 0.000000
vn 0.992239 0.124347 -0.000000
vn 0.984809 0.173643 0.000000
vn 0.984809 0.173643 -0.000000
vn 0.974928 0.222519 0.000000
vn 0.974928 0.222519 -0.000000
vn 0.962624 0.270841 -0.000000
vn 0.962624 0.270841 -0.000000
vn 0.947928 0.318486 0.000000
vn 0.947928 0.318486 -0.000000
vn 0.930873 0.365344 0.000000
vn 0.930873 0.365344 -0.000000
vn 0.911507 0.411284 -0.000000
vn 0.911507 0.411284 -0.000000
vn 0.889871 0.456212 -0.000000
vn 0.889871 0.456212 -0.000000
vn 0.866022 0.500006 0.000000
vn 0.866022 0.500006 -0.000000
vn 0.840027 0.542544 -0.000000
vn 0.840027 0.542544 0.000000
vn 0.811939 0.583742 -0.000000
vn 0.811939 0.583742 0.000000
vn 0.781828 0.623494 -0.000000
vn 0.749785 0.661682 -0.000000
vn 0.781828 0.623494 0.000000
vn 0.749785 0.661682 -0.000000
vn 0.715863 0.698241 -0.000000
vn 0.680170 0.733054 -0.000000
vn 0.715863 0.698241 0.000000
vn 0.680170 0.733054 -0.000000
vn 0.642790 0.766043 -0.000000
vn 0.603806 0.797131 -0.000000
vn 0.642790 0.766043 0.000000
vn 0.603806 0.797131 -0.000000
vn 0.563325 0.826235 -0.000000
vn 0.521429 0.853295 -0.000000
vn 0.563325 0.826235 0.000000
vn 0.478261 0.878218 -0.000000
vn 0.521429 0.853295 -0.000000
vn 0.478261 0.878218 -0.000000
vn 0.433894 0.900964 -0.000000
vn 0.433894 0.900964 0.000000
vn 0.388439 0.921474 -0.000000
vn 0.388439 0.921474 0.000000
vn 0.342017 0.939694 0.000000
vn 0.342017 0.939694 -0.000000
vn 0.294758 0.955572 0.000000
vn 0.294758 0.955572 -0.000000
vn 0.246733 0.969084 0.000000
vn 0.246733 0.969084 -0.000000
vn 0.198150 0.980172 0.000000
vn 0.198150 0.980172 -0.000000
vn 0.149047 0.988830 -0.000000
vn 0.149047 0.988830 0.000000
vn 0.099562 0.995031 -0.000000
vn 0.049868 0.998756 -0.000000
vn 0.099562 0.995031 0.000000
vn 0.049868 0.998756 -0.000000
vn 0.000000 1.000000 0.000000
vn 0.000000 1.000000 -0.000000
vn -0.049868 0.998756 0.000000
vn -0.049868 0.998756 0.000000
vn -0.099562 0.995031 0.000000
vn -0.099562 0.995031 0.000000
vn -0.149047 0.988830 0.000000
vn -0.149047 0.988830 0.000000
vn -0.198150 0.980172 0.000000
vn -0.198150 0.980172 0.000000
vn -0.246733 0.969084 0.000000
vn -0.246733 0.969084 0.000000
vn -0.294758 0.955572 0.000000
vn -0.294758 0.955572 0.000000
vn -0.342017 0.939694 0.000000
vn -0.388439 0.921474 0.000000
vn -0.342017 0.939694 0.000000
vn -0.388439 0.921474 0.000000
vn -0.433894 0.900964 0.000000
vn -0.478261 0.878218 0.000000
vn -0.433894 0.900964 0.000000
vn -0.478261 0.878218 0.000000
vn -0.521429 0.853295 0.000000
vn -0.521429 0.853295 0.000000
vn -0.563325 0.826235 0.000000
vn -0.603806 0.797131 0.000000
vn -0.563325 0.826235 0.000000
vn -0.603806 0.797131 0.000000
vn -0.642790 0.766043 0.000000
vn -0.642790 0.766043 0.000000
vn -0.680170 0.733054 0.000000
vn -0.715863 0.698241 0.000000
vn -0.680170 0.733054 0.000000
vn -0.715863 0.698241 0.000000
vn -0.749785 0.661682 0.000000
vn -0.749785 0.661682 0.000000
vn -0.781828 0.623494 0.000000
vn -0.781828 0.623494 0.000000
vn -0.811939 0.583742 0.000000
vn -0.811939 0.583742 0.000000
vn -0.840027 0.542544 0.000000
vn -0.840027 0.542544 0.000000
vn -0.866022 0.500006 0.000000
vn -0.866022 0.500006 0.000000
vn -0.889871 0.456212 0.000000
vn -0.889871 0.456212 0.000000
vn -0.911504 0.411291 0.000000
vn -0.911504 0.411291 0.000000
vn -0.930876 0.365336 0.000000
vn -0.930876 0.365336 0.000000
vn -0.947928 0.318486 0.000000
vn -0.947928 0.318486 0.000000
vn -0.962626 0.270833 0.000000
vn -0.962626 0.270833 0.000000
vn -0.974926 0.222527 0.000000
vn -0.974926 0.222527 0.000000
vn -0.984807 0.173651 0.000000
vn -0.984807 0.173651 0.000000
vn -0.992240 0.124339 0.000000
vn -0.997203 0.074734 0.000000
vn -0.992240 0.124339 0.000000
vn -0.997203 0.074734 0.000000
vn -0.999689 0.024934 0.000000
vn -0.999689 0.024934 0.000000
vn 0.000000 -1.000000 0.000000
vn 0.000000 -1.000000 0.000000
vn 1.000000 0.000000 0.000000
vn 1.000000 -0.000000 0.000000
vn -1.000000 0.000000 0.000000
vn -1.000000 -0.000000 0.000000
vn 0.000000 1.000000 -0.000000
vn 0.000000 1.000000 0.000000
vn 0.000000 -1.000000 0.000000
vn 0.000000 -1.000000 0.000000
vn 1.000000 0.000000 0.000000
vn 1.000000 -0.000000 0.000000
vn -1.000000 0.000000 0.000000
vn -1.000000 -0.000000 0.000000
vn 0.000000 1.000000 -0.000000
vn 0.000000 1.000000 0.000000
vn -0.999690 -0.024899 0.000000
vn -0.999690 -0.024899 0.000000
vn -0.997201 -0.074768 0.000000
vn -0.997201 -0.074768 0.000000
vn -0.992246 -0.124287 0.000000
vn -0.992246 -0.124287 0.000000
vn -0.984804 -0.173668 0.000000
vn -0.974934 -0.222494 0.000000
vn -0.984804 -0.173668 0.000000
vn -0.974934 -0.222494 0.000000
vn -0.962608 -0.270898 0.000000
vn -0.962608 -0.270898 0.000000
vn -0.947933 -0.318470 0.000000
vn -0.947933 -0.318470 0.000000
vn -0.930870 -0.365351 0.000000
vn -0.930870 -0.365351 0.000000
vn -0.911517 -0.411262 0.000000
vn -0.911517 -0.411262 0.000000
vn -0.889882 -0.456191 0.000000
vn -0.889882 -0.456191 0.000000
vn -0.866022 -0.500006 0.000000
vn -0.866022 -0.500006 0.000000
vn -0.840020 -0.542556 0.000000
vn -0.840020 -0.542556 0.000000
vn -0.811939 -0.583742 0.000000
vn -0.811939 -0.583742 0.000000
vn -0.781811 -0.623515 0.000000
vn -0.781811 -0.623515 0.000000
vn -0.749810 -0.661653 0.000000
vn -0.749810 -0.661653 0.000000
vn -0.715833 -0.698272 0.000000
vn -0.715833 -0.698272 0.000000
vn -0.680200 -0.733026 0.000000
vn -0.680200 -0.733026 0.000000
vn -0.642794 -0.766039 0.000000
vn -0.642794 -0.766039 0.000000
vn -0.603777 -0.797154 0.000000
vn -0.603777 -0.797154 0.000000
vn -0.563345 -0.826221 0.000000
vn -0.563345 -0.826221 0.000000
vn -0.521413 -0.853304 0.000000
vn -0.521413 -0.853304 0.000000
vn -0.478265 -0.878216 0.000000
vn -0.478265 -0.878216 0.000000
vn -0.433894 -0.900964 0.000000
vn -0.433894 -0.900964 0.000000
vn -0.388439 -0.921474 0.000000
vn -0.388439 -0.921474 0.000000
vn -0.342014 -0.939695 0.000000
vn -0.342014 -0.939695 0.000000
vn -0.294760 -0.955571 0.000000
vn -0.294760 -0.955571 0.000000
vn -0.246739 -0.969082 0.000000
vn -0.246739 -0.969082 0.000000
vn -0.198149 -0.980172 0.000000
vn -0.198149 -0.980172 0.000000
vn -0.149051 -0.988829 0.000000
vn -0.149051 -0.988829 0.000000
vn -0.099559 -0.995032 0.000000
vn -0.099559 -0.995032 0.000000
vn -0.049868 -0.998756 0.000000
vn 0.000000 -1.000000 0.000000
vn -0.049868 -0.998756 0.000000
vn 0.000000 -1.000000 0.000000
vn 0.049868 -0.998756 0.000000
vn 0.099559 -0.995032 0.000000
vn 0.049868 -0.998756 0.000000
vn 0.149051 -0.988829 0.000000
vn 0.099559 -0.995032 0.000000
vn 0.198149 -0.980172 0.000000
vn 0.149051 -0.988829 0.000000
vn 0.198149 -0.980172 0.000000
vn 0.246739 -0.969082 0.000000
vn 0.246739 -0.969082 0.000000
vn 0.294760 -0.955571 0.000000
vn 0.294760 -0.955571 0.000000
vn 0.342014 -0.939695 0.000000
vn 0.342014 -0.939695 0.000000
vn 0.388439 -0.921474 0.000000
vn 0.388439 -0.921474 0.000000
vn 0.433894 -0.900964 0.000000
vn 0.433894 -0.900964 0.000000
vn 0.478265 -0.878216 0.000000
vn 0.478265 -0.878216 0.000000
vn 0.521413 -0.853304 0.000000
vn 0.521413 -0.853304 0.000000
vn 0.563345 -0.826221 0.000000
vn 0.563345 -0.826221 0.000000
vn 0.603777 -0.797154 0.000000
vn 0.603777 -0.797154 0.000000
vn 0.642794 -0.766039 0.000000
vn 0.642794 -0.766039 0.000000
vn 0.680200 -0.733026 0.000000
vn 0.680200 -0.733026 0.000000
vn 0.715833 -0.698272 0.000000
vn 0.715833 -0.698272 0.000000
vn 0.749810 -0.661653 0.000000
vn 0.749810 -0.661653 0.000000
vn 0.781811 -0.623515 0.000000
vn 0.781811 -0.623515 0.000000
vn 0.811939 -0.583742 0.000000
vn 0.811939 -0.583742 0.000000
vn 0.840020 -0.542556 0.000000
vn 0.840020 -0.542556 0.000000
vn 0.866022 -0.500006 0.000000
vn 0.866022 -0.500006 0.000000
vn 0.889882 -0.456191 0.000000
vn 0.889882 -0.456191 0.000000
vn 0.911517 -0.411262 0.000000
vn 0.911517 -0.411262 0.000000
vn 0.930870 -0.365351 0.000000
vn 0.930870 -0.365351 0.000000
vn 0.947933 -0.318470 0.000000
vn 0.947933 -0.318470 0.000000
vn 0.962608 -0.270898 0.000000
vn 0.962608 -0.270898 0.000000
vn 0.974934 -0.222494 0.000000
vn 0.984804 -0.173668 0.000000
vn 0.974934 -0.222494 0.000000
vn 0.984804 -0.173668 0.000000
vn 0.992246 -0.124287 0.000000
vn 0.992246 -0.124287 0.000000
vn 0.997201 -0.074768 0.000000
vn 0.997201 -0.074768 0.000000
vn 0.999690 -0.024899 0.000000
vn 0.999690 -0.024899 0.000000
vn 0.999690 0.024899 -0.000000
vn 0.999690 0.024899 -0.000000
vn 0.997201 0.074768 0.000000
vn 0.997201 0.074768 -0.000000
vn 0.992246 0.124287 0.000000
vn 0.992246 0.124287 -0.000000
vn 0.984804 0.173668 0.000000
vn 0.984804 0.173668 -0.000000
vn 0.974934 0.222494 0.000000
vn 0.974934 0.222494 -0.000000
vn 0.962608 0.270898 -0.000000
vn 0.962608 0.270898 -0.000000
vn 0.947933 0.318470 0.000000
vn 0.947933 0.318470 -0.000000
vn 0.930870 0.365351 0.000000
vn 0.930870 0.365351 -0.000000
vn 0.911517 0.411262 -0.000000
vn 0.911517 0.411262 -0.000000
vn 0.889882 0.456191 -0.000000
vn 0.889882 0.456191 -0.000000
vn 0.866022 0.500006 0.000000
vn 0.866022 0.500006 -0.000000
vn 0.840020 0.542556 -0.000000
vn 0.840020 0.542556 0.000000
vn 0.811939 0.583742 -0.000000
vn 0.811939 0.583742 0.000000
vn 0.781811 0.623515 -0.000000
vn 0.749810 0.661653 -0.000000
vn 0.781811 0.623515 0.000000
vn 0.749810 0.661653 -0.000000
vn 0.715833 0.698272 -0.000000
vn 0.680200 0.733026 -0.000000
vn 0.715833 0.698272 0.000000
vn 0.680200 0.733026 -0.000000
vn 0.642794 0.766039 -0.000000
vn 0.603777 0.797154 -0.000000
vn 0.642794 0.766039 0.000000
vn 0.603777 0.797154 -0.000000
vn 0.563345 0.826221 -0.000000
vn 0.521413 0.853304 -0.000000
vn 0.563345 0.826221 0.000000
vn 0.478265 0.878216 -0.000000
vn 0.521413 0.853304 -0.000000
vn 0.478265 0.878216 -0.000000
vn 0.433894 0.900964 -0.000000
vn 0.433894 0.900964 0.000000
vn 0.388439 0.921474 -0.000000
vn 0.388439 0.921474 0.000000
vn 0.342014 0.939695 0.000000
vn 0.342014 0.939695 -0.000000
vn 0.294760 0.955571 0.000000
vn 0.294760 0.955571 -0.000000
vn 0.246739 0.969082 0.000000
vn 0.246739 0.969082 -0.000000
vn 0.198149 0.980172 0.000000
vn 0.198149 0.980172 -0.000000
vn 0.149051 0.988829 -0.000000
vn 0.149051 0.988829 0.000000
vn 0.099559 0.995032 -0.000000
vn 0.049868 0.998756 -0.000000
vn 0.099559 0.995032 0.000000
vn 0.049868 0.998756 -0.000000
vn 0.000000 1.000000 0.000000
vn 0.000000 1.000000 -0.000000
vn -0.049868 0.998756 0.000000
vn -0.049868 0.998756 0.000000
vn -0.099559 0.995032 0.000000
vn -0.099559 0.995032 0.000000
vn -0.149051 0.988829 0.000000
vn -0.149051 0.988829 0.000000
vn -0.198149 0.980172 0.000000
vn -0.198149 0.980172 0.000000
vn -0.246739 0.969082 0.000000
vn -0.246739 0.969082 0.000000
vn -0.294760 0.955571 0.000000
vn -0.294760 0.955571 0.000000
vn -0.342014 0.939695 0.000000
vn -0.388439 0.921474 0.000000
vn -0.342014 0.939695 0.000000
vn -0.388439 0.921474 0.000000
vn -0.433894 0.900964 0.000000
vn -0.478265 0.878216 0.000000
vn -0.433894 0.900964 0.000000
vn -0.478265 0.878216 0.000000
vn -0.521413 0.853304 0.000000
vn -0.521413 0.853304 0.000000
vn -0.563345 0.826221 0.000000
vn -0.603777 0.797154 0.000000
vn -0.563345 0.826221 0.000000
vn -0.603777 0.797154 0.000000
vn -0.642794 0.766039 0.000000
vn -0.642794 0.766039 0.000000
vn -0.680200 0.733026 0.000000
vn -0.715833 0.698272 0.000000
vn -0.680200 0.733026 0.000000
vn -0.715833 0.698272 0.000000
vn -0.749810 0.661653 0.000000
vn -0.749810 0.661653 0.000000
vn -0.781811 0.623515 0.000000
vn -0.781811 0.623515 0.000000
vn -0.811939 0.583742 0.000000
vn -0.811939 0.583742 0.000000
vn -0.840020 0.542556 0.000000
vn -0.840020 0.542556 0.000000
vn -0.866022 0.500006 0.000000
vn -0.866022 0.500006 0.000000
vn -0.889882 0.456191 0.000000
vn -0.889882 0.456191 0.000000
vn -0.911517 0.411262 0.000000
vn -0.911517 0.411262 0.000000
vn -0.930870 0.365351 0.000000
vn -0.930870 0.365351 0.000000
vn -0.947933 0.318470 0.000000
vn -0.947933 0.318470 0.000000
vn -0.962608 0.270898 0.000000
vn -0.962608 0.270898 0.000000
vn -0.974934 0.222494 0.000000
vn -0.974934 0.222494 0.000000
vn -0.984804 0.173668 0.000000
vn -0.984804 0.173668 0.000000
vn -0.992246 0.124287 0.000000
vn -0.997201 0.074768 0.000000
vn -0.992246 0.124287 0.000000
vn -0.997201 0.074768 0.000000
vn -0.999690 0.024899 0.000000
vn -0.999690 0.024899 0.000000
vn 0.000000 -1.000000 0.000000
vn 0.000000 -1.000000 0.000000
vn 1.000000 0.000000 0.000000
vn 1.000000 -0.000000 0.000000
vn -1.000000 0.000000 0.000000
vn -1.000000 -0.000000 0.000000
vn 0.000000 1.000000 -0.000000
vn 0.000000 1.000000 0.000000
vn 0.000000 -1.000000 0.000000
vn 0.000000 -1.000000 0.000000
vn 1.000000 0.000000 0.000000
vn 1.000000 -0.000000 0.000000
vn -1.000000 0.000000 0.000000
vn -1.000000 -0.000000 0.000000
vn 0.000000 1.000000 -0.000000
vn 0.000000 1.000000 0.000000
vn -0.999689 -0.024934 0.000000
vn -0.999689 -0.024934 0.000000
vn -0.997204 -0.074732 0.000000
vn -0.997204 -0.074732 0.000000
vn -0.992240 -0.124340 0.000000
vn -0.992240 -0.124340 0.000000
vn -0.984807 -0.173651 0.000000
vn -0.974926 -0.222527 0.000000
vn -0.984807 -0.173651 0.000000
vn -0.974926 -0.222527 0.000000
vn -0.962626 -0.270833 0.000000
vn -0.962626 -0.270833 0.000000
vn -0.947926 -0.318491 0.000000
vn -0.947926 -0.318491 0.000000
vn -0.930876 -0.365336 0.000000
vn -0.930876 -0.365336 0.000000
vn -0.911505 -0.411288 0.000000
vn -0.911505 -0.411288 0.000000
vn -0.889871 -0.456212 0.000000
vn -0.889871 -0.456212 0.000000
vn -0.866026 -0.499999 0.000000
vn -0.866026 -0.499999 0.000000
vn -0.840025 -0.542548 0.000000
vn -0.840025 -0.542548 0.000000
vn -0.811939 -0.583742 0.000000
vn -0.811939 -0.583742 0.000000
vn -0.781831 -0.623490 0.000000
vn -0.781831 -0.623490 0.000000
vn -0.749777 -0.661691 0.000000
vn -0.749777 -0.661691 0.000000
vn -0.715872 -0.698232 0.000000
vn -0.715872 -0.698232 0.000000
vn -0.680170 -0.733054 0.000000
vn -0.680170 -0.733054 0.000000
vn -0.642785 -0.766047 0.000000
vn -0.642785 -0.766047 0.000000
vn -0.603806 -0.797131 0.000000
vn -0.603806 -0.797131 0.000000
vn -0.563319 -0.826239 0.000000
vn -0.563319 -0.826239 0.000000
vn -0.521442 -0.853287 0.000000
vn -0.521442 -0.853287 0.000000
vn -0.478248 -0.878225 0.000000
vn -0.478248 -0.878225 0.000000
vn -0.433887 -0.900967 0.000000
vn -0.433887 -0.900967 0.000000
vn -0.388432 -0.921477 0.000000
vn -0.388432 -0.921477 0.000000
vn -0.342024 -0.939691 0.000000
vn -0.342024 -0.939691 0.000000
vn -0.294750 -0.955575 0.000000
vn -0.294750 -0.955575 0.000000
vn -0.246758 -0.969077 0.000000
vn -0.246758 -0.969077 0.000000
vn -0.198150 -0.980172 0.000000
vn -0.198150 -0.980172 0.000000
vn -0.149039 -0.988831 0.000000
vn -0.149039 -0.988831 0.000000
vn -0.099571 -0.995030 0.000000
vn -0.099571 -0.995030 0.000000
vn -0.049842 -0.998757 0.000000
vn 0.000000 -1.000000 0.000000
vn -0.049842 -0.998757 0.000000
vn 0.000000 -1.000000 0.000000
vn 0.049842 -0.998757 0.000000
vn 0.099571 -0.995030 0.000000
vn 0.049842 -0.998757 0.000000
vn 0.149039 -0.988831 0.000000
vn 0.099571 -0.995030 0.000000
vn 0.198150 -0.980172 0.000000
vn 0.149039 -0.988831 0.000000
vn 0.198150 -0.980172 0.000000
vn 0.246758 -0.969077 0.000000
vn 0.246758 -0.969077 0.000000
vn 0.294750 -0.955575 0.000000
vn 0.294750 -0.955575 0.000000
vn 0.342024 -0.939691 0.000000
vn 0.342024 -0.939691 0.000000
vn 0.388432 -0.921477 0.000000
vn 0.388432 -0.921477 0.000000
vn 0.433887 -0.900967 0.000000
vn 0.433887 -0.900967 0.000000
vn 0.478248 -0.878225 0.000000
vn 0.478248 -0.878225 0.000000
vn 0.521442 -0.853287 0.000000
vn 0.521442 -0.853287 0.000000
vn 0.563319 -0.826239 0.000000
vn 0.563319 -0.826239 0.000000
vn 0.603806 -0.797131 0.000000
vn 0.603806 -0.797131 0.000000
vn 0.642785 -0.766047 0.000000
vn 0.642785 -0.766047 0.000000
vn 0.680170 -0.733054 0.000000
vn 0.680170 -0.733054 0.000000
vn 0.715872 -0.698232 0.000000
vn 0.715872 -0.698232 0.000000
vn 0.749777 -0.661691 0.000000
vn 0.749777 -0.661691 0.000000
vn 0.781831 -0.623490 0.000000
vn 0.781831 -0.623490 0.000000
vn 0.811939 -0.583742 0.000000
vn 0.811939 -0.583742 0.000000
vn 0.840025 -0.542548 0.000000
vn 0.840025 -0.542548 0.000000
vn 0.866026 -0.499999 0.000000
vn 0.866026 -0.499999 0.000000
vn 0.889871 -0.456212 0.000000
vn 0.889871 -0.456212 0.000000
vn 0.911509 -0.411281 0.000000
vn 0.911509 -0.411281 0.000000
vn 0.930873 -0.365344 0.000000
vn 0.930873 -0.365344 0.000000
vn 0.947926 -0.318491 0.000000
vn 0.947926 -0.318491 0.000000
vn 0.962624 -0.270841 0.000000
vn 0.962624 -0.270841 0.000000
vn 0.974928 -0.222519 0.000000
vn 0.984809 -0.173643 0.000000
vn 0.974928 -0.222519 0.000000
vn 0.984809 -0.173643 0.000000
vn 0.992239 -0.124348 0.000000
vn 0.992239 -0.124348 0.000000
vn 0.997204 -0.074732 0.000000
vn 0.997204 -0.074732 0.000000
vn 0.999689 -0.024925 0.000000
vn 0.999689 -0.024925 0.000000
vn 0.999689 0.024925 -0.000000
vn 0.999689 0.024925 -0.000000
vn 0.997204 0.074732 0.000000
vn 0.997204 0.074732 -0.000000
vn 0.992239 0.124348 0.000000
vn 0.992239 0.124348 -0.000000
vn 0.984809 0.173643 0.000000
vn 0.984809 0.173643 -0.000000
vn 0.974928 0.222519 0.000000
vn 0.974928 0.222519 -0.000000
vn 0.962624 0.270841 -0.000000
vn 0.962624 0.270841 -0.000000
vn 0.947926 0.318491 0.000000
vn 0.947926 0.318491 -0.000000
vn 0.930873 0.365344 0.000000
vn 0.930873 0.365344 -0.000000
vn 0.911509 0.411281 -0.000000
vn 0.911509 0.411281 -0.000000
vn 0.889871 0.456212 -0.000000
vn 0.889871 0.456212 -0.000000
vn 0.866026 0.499999 0.000000
vn 0.866026 0.499999 -0.000000
vn 0.840025 0.542548 -0.000000
vn 0.840025 0.542548 0.000000
vn 0.811939 0.583742 -0.000000
vn 0.811939 0.583742 0.000000
vn 0.781831 0.623490 -0.000000
vn 0.749777 0.661691 -0.000000
vn 0.781831 0.623490 0.000000
vn 0.749777 0.661691 -0.000000
vn 0.715872 0.698232 -0.000000
vn 0.680170 0.733054 -0.000000
vn 0.715872 0.698232 0.000000
vn 0.680170 0.733054 -0.000000
vn 0.642785 0.766047 -0.000000
vn 0.603806 0.797131 -0.000000
vn 0.642785 0.766047 0.000000
vn 0.603806 0.797131 -0.000000
vn 0.563319 0.826239 -0.000000
vn 0.521442 0.853287 -0.000000
vn 0.563319 0.826239 0.000000
vn 0.478248 0.878225 -0.000000
vn 0.521442 0.853287 -0.000000
vn 0.478248 0.878225 -0.000000
vn 0.433880 0.900971 -0.000000
vn 0.433880 0.900971 0.000000
vn 0.388439 0.921474 -0.000000
vn 0.388439 0.921474 0.000000
vn 0.342017 0.939694 0.000000
vn 0.342017 0.939694 -0.000000
vn 0.294758 0.955572 0.000000
vn 0.294758 0.955572 -0.000000
vn 0.246766 0.969075 0.000000
vn 0.246766 0.969075 -0.000000
vn 0.198134 0.980175 0.000000
vn 0.198134 0.980175 -0.000000
vn 0.149047 0.988830 -0.000000
vn 0.149047 0.988830 0.000000
vn 0.099562 0.995031 -0.000000
vn 0.049851 0.998757 -0.000000
vn 0.099562 0.995031 0.000000
vn 0.049851 0.998757 -0.000000
vn 0.000000 1.000000 0.000000
vn 0.000000 1.000000 -0.000000
vn -0.049851 0.998757 0.000000
vn -0.049851 0.998757 0.000000
vn -0.099562 0.995031 0.000000
vn -0.099562 0.995031 0.000000
vn -0.149047 0.988830 0.000000
vn -0.149047 0.988830 0.000000
vn -0.198134 0.980175 0.000000
vn -0.198134 0.980175 0.000000
vn -0.246766 0.969075 0.000000
vn -0.246766 0.969075 0.000000
vn -0.294758 0.955572 0.000000
vn -0.294758 0.955572 0.000000
vn -0.342017 0.939694 0.000000
vn -0.388439 0.921474 0.000000
vn -0.342017 0.939694 0.000000
vn -0.388439 0.921474 0.000000
vn -0.433880 0.900971 0.000000
vn -0.478248 0.878225 0.000000
vn -0.433880 0.900971 0.000000
vn -0.478248 0.878225 0.000000
vn -0.521442 0.853287 0.000000
vn -0.521442 0.853287 0.000000
vn -0.563319 0.826239 0.000000
vn -0.603806 0.797131 0.000000
vn -0.563319 0.826239 0.000000
vn -0.603806 0.797131 0.000000
vn -0.642785 0.766047 0.000000
vn -0.642785 0.766047 0.000000
vn -0.680170 0.733054 0.000000
vn -0.715872 0.698232 0.000000
vn -0.680170 0.733054 0.000000
vn -0.715872 0.698232 0.000000
vn -0.749777 0.661691 0.000000
vn -0.749777 0.661691 0.000000
vn -0.781831 0.623490 0.000000
vn -0.781831 0.623490 0.000000
vn -0.811939 0.583742 0.000000
vn -0.811939 0.583742 0.000000
vn -0.840025 0.542548 0.000000
vn -0.840025 0.542548 0.000000
vn -0.866026 0.499999 0.000000
vn -0.866026 0.499999 0.000000
vn -0.889871 0.456212 0.000000
vn -0.889871 0.456212 0.000000
vn -0.911505 0.411288 0.000000
vn -0.911505 0.411288 0.000000
vn -0.930876 0.365336 0.000000
vn -0.930876 0.365336 0.000000
vn -0.947926 0.318491 0.000000
vn -0.947926 0.318491 0.000000
vn -0.962626 0.270833 0.000000
vn -0.962626 0.270833 0.000000
vn -0.974926 0.222527 0.000000
vn -0.974926 0.222527 0.000000
vn -0.984807 0.173651 0.000000
vn -0.984807 0.173651 0.000000
vn -0.992240 0.124340 0.000000
vn -0.997204 0.074732 0.000000
vn -0.992240 0.124340 0.000000
vn -0.997204 0.074732 0.000000
vn -0.999689 0.024934 0.000000
vn -0.999689 0.024934 0.000000
vn 0.000000 -1.000000 0.000000
vn 0.000000 -1.000000 0.000000
vn 1.000000 0.000000 0.000000
vn 1.000000 -0.000000 0.000000
vn -1.000000 0.000000 0.000000
vn -1.000000 -0.000000 0.000000
vn 0.000000 1.000000 -0.000000
vn 0.000000 1.000000 0.000000
vn -0.999689 -0.024934 0.000000
vn -0.999689 -0.024934 0.000000
vn -0.997204 -0.074732 0.000000
vn -0.997204 -0.074732 0.000000
vn -0.992238 -0.124357 0.000000
vn -0.992238 -0.124357 0.000000
vn -0.984810 -0.173635 0.000000
vn -0.974926 -0.222527 0.000000
vn -0.984810 -0.173635 0.000000
vn -0.974926 -0.222527 0.000000
vn -0.962626 -0.270833 0.000000
vn -0.962626 -0.270833 0.000000
vn -0.947931 -0.318475 0.000000
vn -0.947931 -0.318475 0.000000
vn -0.930870 -0.365351 0.000000
vn -0.930870 -0.365351 0.000000
vn -0.911505 -0.411288 0.000000
vn -0.911505 -0.411288 0.000000
vn -0.889868 -0.456219 0.000000
vn -0.889868 -0.456219 0.000000
vn -0.866026 -0.499999 0.000000
vn -0.866026 -0.499999 0.000000
vn -0.840033 -0.542535 0.000000
vn -0.840033 -0.542535 0.000000
vn -0.811939 -0.583742 0.000000
vn -0.811939 -0.583742 0.000000
vn -0.781831 -0.623490 0.000000
vn -0.781831 -0.623490 0.000000
vn -0.749768 -0.661700 0.000000
vn -0.749768 -0.661700 0.000000
vn -0.715876 -0.698227 0.000000
vn -0.715876 -0.698227 0.000000
vn -0.680166 -0.733058 0.000000
vn -0.680166 -0.733058 0.000000
vn -0.642789 -0.766043 0.000000
vn -0.642789 -0.766043 0.000000
vn -0.603810 -0.797128 0.000000
vn -0.603810 -0.797128 0.000000
vn -0.563323 -0.826237 0.000000
vn -0.563323 -0.826237 0.000000
vn -0.521426 -0.853296 0.000000
vn -0.521426 -0.853296 0.000000
vn -0.478251 -0.878223 0.000000
vn -0.478251 -0.878223 0.000000
vn -0.433887 -0.900967 0.000000
vn -0.433887 -0.900967 0.000000
vn -0.388432 -0.921477 0.000000
vn -0.388432 -0.921477 0.000000
vn -0.342033 -0.939688 0.000000
vn -0.342033 -0.939688 0.000000
vn -0.294742 -0.955577 0.000000
vn -0.294742 -0.955577 0.000000
vn -0.246764 -0.969076 0.000000
vn -0.246764 -0.969076 0.000000
vn -0.198149 -0.980172 0.000000
vn -0.198149 -0.980172 0.000000
vn -0.149038 -0.988832 0.000000
vn -0.149038 -0.988832 0.000000
vn -0.099571 -0.995030 0.000000
vn -0.099571 -0.995030 0.000000
vn -0.049842 -0.998757 0.000000
vn 0.000000 -1.000000 0.000000
vn -0.049842 -0.998757 0.000000
vn 0.000000 -1.000000 0.000000
vn 0.049842 -0.998757 0.000000
vn 0.099571 -0.995030 0.000000
vn 0.049842 -0.998757 0.000000
vn 0.149038 -0.988832 0.000000
vn 0.099571 -0.995030 0.000000
vn 0.198149 -0.980172 0.000000
vn 0.149038 -0.988832 0.000000
vn 0.198149 -0.980172 0.000000
vn 0.246764 -0.969076 0.000000
vn 0.246764 -0.969076 0.000000
vn 0.294742 -0.955577 0.000000
vn 0.294742 -0.955577 0.000000
vn 0.342033 -0.939688 0.000000
vn 0.342033 -0.939688 0.000000
vn 0.388432 -0.921477 0.000000
vn 0.388432 -0.921477 0.000000
vn 0.433887 -0.900967 0.000000
vn 0.433887 -0.900967 0.000000
vn 0.478251 -0.878223 0.000000
vn 0.478251 -0.878223 0.000000
vn 0.521426 -0.853296 0.000000
vn 0.521426 -0.853296 0.000000
vn 0.563323 -0.826237 0.000000
vn 0.563323 -0.826237 0.000000
vn 0.603810 -0.797128 0.000000
vn 0.603810 -0.797128 0.000000
vn 0.642789 -0.766043 0.000000
vn 0.642789 -0.766043 0.000000
vn 0.680166 -0.733058 0.000000
vn 0.680166 -0.733058 0.000000
vn 0.715876 -0.698227 0.000000
vn 0.715876 -0.698227 0.000000
vn 0.749768 -0.661700 0.000000
vn 0.749768 -0.661700 0.000000
vn 0.781831 -0.623490 0.000000
vn 0.781831 -0.623490 0.000000
vn 0.811939 -0.583742 0.000000
vn 0.811939 -0.583742 0.000000
vn 0.840033 -0.542535 0.000000
vn 0.840033 -0.542535 0.000000
vn 0.866026 -0.499999 0.000000
vn 0.866026 -0.499999 0.000000
vn 0.889868 -0.456219 0.000000
vn 0.889868 -0.456219 0.000000
vn 0.911505 -0.411288 0.000000
vn 0.911505 -0.411288 0.000000
vn 0.930876 -0.365336 0.000000
vn 0.930876 -0.365336 0.000000
vn 0.947926 -0.318491 0.000000
vn 0.947926 -0.318491 0.000000
vn 0.962626 -0.270833 0.000000
vn 0.962626 -0.270833 0.000000
vn 0.974926 -0.222527 0.000000
vn 0.984807 -0.173651 0.000000
vn 0.974926 -0.222527 0.000000
vn 0.984807 -0.173651 0.000000
vn 0.992240 -0.124340 0.000000
vn 0.992240 -0.124340 0.000000
vn 0.997204 -0.074732 0.000000
vn 0.997204 -0.074732 0.000000
vn 0.999689 -0.024934 0.000000
vn 0.999689 -0.024934 0.000000
vn 0.999689 0.024934 -0.000000
vn 0.999689 0.024934 -0.000000
vn 0.997204 0.074732 0.000000
vn 0.997204 0.074732 -0.000000
vn 0.992240 0.124340 0.000000
vn 0.992240 0.124340 -0.000000
vn 0.984807 0.173651 0.000000
vn 0.984807 0.173651 -0.000000
vn 0.974926 0.222527 0.000000
vn 0.974926 0.222527 -0.000000
vn 0.962626 0.270833 -0.000000
vn 0.962626 0.270833 -0.000000
vn 0.947926 0.318491 0.000000
vn 0.947926 0.318491 -0.000000
vn 0.930876 0.365336 0.000000
vn 0.930876 0.365336 -0.000000
vn 0.911505 0.411288 -0.000000
vn 0.911505 0.411288 -0.000000
vn 0.889868 0.456219 -0.000000
vn 0.889868 0.456219 -0.000000
vn 0.866026 0.499999 0.000000
vn 0.866026 0.499999 -0.000000
vn 0.840033 0.542535 -0.000000
vn 0.840033 0.542535 0.000000
vn 0.811939 0.583742 -0.000000
vn 0.811939 0.583742 0.000000
vn 0.781831 0.623490 -0.000000
vn 0.749768 0.661700 -0.000000
vn 0.781831 0.623490 0.000000
vn 0.749768 0.661700 -0.000000
vn 0.715876 0.698227 -0.000000
vn 0.680166 0.733058 -0.000000
vn 0.715876 0.698227 0.000000
vn 0.680166 0.733058 -0.000000
vn 0.642789 0.766043 -0.000000
vn 0.603810 0.797128 -0.000000
vn 0.642789 0.766043 0.000000
vn 0.603810 0.797128 -0.000000
vn 0.563323 0.826237 -0.000000
vn 0.521426 0.853296 -0.000000
vn 0.563323 0.826237 0.000000
vn 0.478251 0.878223 -0.000000
vn 0.521426 0.853296 -0.000000
vn 0.478251 0.878223 -0.000000
vn 0.433880 0.900971 -0.000000
vn 0.433880 0.900971 0.000000
vn 0.388439 0.921474 -0.000000
vn 0.388439 0.921474 0.000000
vn 0.342025 0.939691 0.000000
vn 0.342025 0.939691 -0.000000
vn 0.294750 0.955574 0.000000
vn 0.294750 0.955574 -0.000000
vn 0.246772 0.969074 0.000000
vn 0.246772 0.969074 -0.000000
vn 0.198132 0.980175 0.000000
vn 0.198132 0.980175 -0.000000
vn 0.149046 0.988830 -0.000000
vn 0.149046 0.988830 0.000000
vn 0.099562 0.995031 -0.000000
vn 0.049851 0.998757 -0.000000
vn 0.099562 0.995031 0.000000
vn 0.049851 0.998757 -0.000000
vn 0.000000 1.000000 0.000000
vn 0.000000 1.000000 -0.000000
vn -0.049851 0.998757 0.000000
vn -0.049851 0.998757 0.000000
vn -0.099562 0.995031 0.000000
vn -0.099562 0.995031 0.000000
vn -0.149046 0.988830 0.000000
vn -0.149046 0.988830 0.000000
vn -0.198132 0.980175 0.000000
vn -0.198132 0.980175 0.000000
vn -0.246772 0.969074 0.000000
vn -0.246772 0.969074 0.000000
vn -0.294750 0.955574 0.000000
vn -0.294750 0.955574 0.000000
vn -0.342025 0.939691 0.000000
vn -0.388439 0.921474 0.000000
vn -0.342025 0.939691 0.000000
vn -0.388439 0.921474 0.000000
vn -0.433880 0.900971 0.000000
vn -0.478251 0.878223 0.000000
vn -0.433880 0.900971 0.000000
vn -0.478251 0.878223 0.000000
vn -0.521426 0.853296 0.000000
vn -0.521426 0.853296 0.000000
vn -0.563323 0.826237 0.000000
vn -0.603810 0.797128 0.000000
vn -0.563323 0.826237 0.000000
vn -0.603810 0.797128 0.000000
vn -0.642789 0.766043 0.000000
vn -0.642789 0.766043 0.000000
vn -0.680166 0.733058 0.000000
vn -0.715876 0.698227 0.000000
vn -0.680166 0.733058 0.000000
vn -0.715876 0.698227 0.000000
vn -0.749768 0.661700 0.000000
vn -0.749768 0.661700 0.000000
vn -0.781831 0.623490 0.000000
vn -0.781831 0.623490 0.000000
vn -0.811939 0.583742 0.000000
vn -0.811939 0.583742 0.000000
vn -0.840033 0.542535 0.000000
vn -0.840033 0.542535 0.000000
vn -0.866026 0.499999 0.000000
vn -0.866026 0.499999 0.000000
vn -0.889868 0.456219 0.000000
vn -0.889868 0.456219 0.000000
vn -0.911505 0.411288 0.000000
vn -0.911505 0.411288 0.000000
vn -0.930870 0.365351 0.000000
vn -0.930870 0.365351 0.000000
vn -0.947931 0.318475 0.000000
vn -0.947931 0.318475 0.000000
vn -0.962626 0.270833 0.000000
vn -0.962626 0.270833 0.000000
vn -0.974926 0.222527 0.000000
vn -0.974926 0.222527 0.000000
vn -0.984810 0.173635 0.000000
vn -0.984810 0.173635 0.000000
vn -0.992238 0.124357 0.000000
vn -0.997204 0.074732 0.000000
vn -0.992238 0.124357 0.000000
vn -0.997204 0.074732 0.000000
vn -0.999689 0.024934 0.000000
vn -0.999689 0.024934 0.000000
vn 0.000000 -1.000000 0.000000
vn 0.000000 -1.000000 0.000000
vn 1.000000 0.000000 0.000000
vn 1.000000 -0.000000 0.000000
vn -1.000000 0.000000 0.000000
vn -1.000000 -0.000000 0.000000
vn 0.000000 1.000000 -0.000000
vn 0.000000 1.000000 0.000000
vn 0.000000 -1.000000 0.000000
vn 0.000000 -1.000000 0.000000
vn 1.000000 0.000000 0.000000
vn 1.000000 -0.000000 0.000000
vn -1.000000 0.000000 0.000000
vn -1.000000 -0.000000 0.000000
vn 0.000000 1.000000 -0.000000
vn 0.000000 1.000000 0.000000
vn 0.024542 -0.999699 0.000000
vn 0.073561 -0.997291 0.000000
vn 0.024542 -0.999699 0.000000
vn 0.122408 -0.992480 0.000000
vn 0.073561 -0.997291 0.000000
vn 0.170955 -0.985279 0.000000
vn 0.122408 -0.992480 0.000000
vn 0.219113 -0.975700 0.000000
vn 0.170955 -0.985279 0.000000
vn 0.266710 -0.963777 0.000000
vn 0.219113 -0.975700 0.000000
vn 0.313662 -0.949535 0.000000
vn 0.266710 -0.963777 0.000000
vn 0.359915 -0.932985 0.000000
vn 0.313662 -0.949535 0.000000
vn 0.359915 -0.932985 0.000000
vn 0.405217 -0.914221 0.000000
vn 0.405217 -0.914221 0.000000
vn 0.449637 -0.893211 0.000000
vn 0.449637 -0.893211 0.000000
vn 0.492923 -0.870073 0.000000
vn 0.492923 -0.870073 0.000000
vn 0.534949 -0.844884 0.000000
vn 0.534949 -0.844884 0.000000
vn 0.575867 -0.817543 0.000000
vn 0.575867 -0.817543 0.000000
vn 0.615210 -0.788364 0.000000
vn 0.615210 -0.788364 0.000000
vn 0.653118 -0.757256 0.000000
vn 0.653118 -0.757256 0.000000
vn 0.689572 -0.724217 0.000000
vn 0.689572 -0.724217 0.000000
vn 0.724245 -0.689543 0.000000
vn 0.724245 -0.689543 0.000000
vn 0.757215 -0.653166 0.000000
vn 0.757215 -0.653166 0.000000
vn 0.788349 -0.615228 0.000000
vn 0.788349 -0.615228 0.000000
vn 0.817609 -0.575774 0.000000
vn 0.817609 -0.575774 0.000000
vn 0.844842 -0.535016 0.000000
vn 0.870088 -0.492896 0.000000
vn 0.844842 -0.535016 0.000000
vn 0.893192 -0.449676 0.000000
vn 0.870088 -0.492896 0.000000
vn 0.914212 -0.405237 0.000000
vn 0.893192 -0.449676 0.000000
vn 0.933010 -0.359851 0.000000
vn 0.914212 -0.405237 0.000000
vn 0.949529 -0.313679 0.000000
vn 0.933010 -0.359851 0.000000
vn 0.963771 -0.266731 0.000000
vn 0.949529 -0.313679 0.000000
vn 0.975720 -0.219020 0.000000
vn 0.963771 -0.266731 0.000000
vn 0.985274 -0.170984 0.000000
vn 0.975720 -0.219020 0.000000
vn 0.992470 -0.122485 0.000000
vn 0.985274 -0.170984 0.000000
vn 0.992470 -0.122485 0.000000
vn 0.997293 -0.073524 0.000000
vn 0.999698 -0.024560 0.000000
vn 0.997293 -0.073524 0.000000
vn 0.999698 -0.024560 0.000000
vn 1.000000 0.000000 0.000000
vn 1.000000 0.000000 0.000000
vn 0.999698 0.024559 0.000000
vn 0.999698 0.024559 0.000000
vn 0.997293 0.073525 0.000000
vn 0.997293 0.073525 0.000000
vn 0.992470 0.122485 0.000000
vn 0.992470 0.122485 0.000000
vn 0.985274 0.170980 0.000000
vn 0.985274 0.170980 0.000000
vn 0.975720 0.219020 0.000000
vn 0.975720 0.219020 0.000000
vn 0.963770 0.266736 0.000000
vn 0.963770 0.266736 0.000000
vn 0.949527 0.313685 0.000000
vn 0.949527 0.313685 0.000000
vn 0.933010 0.359851 0.000000
vn 0.933010 0.359851 0.000000
vn 0.914215 0.405230 0.000000
vn 0.914215 0.405230 0.000000
vn 0.893196 0.449668 0.000000
vn 0.893196 0.449668 0.000000
vn 0.870083 0.492905 0.000000
vn 0.870083 0.492905 0.000000
vn 0.844842 0.535016 0.000000
vn 0.844842 0.535016 0.000000
vn 0.817609 0.575774 -0.000000
vn 0.817609 0.575774 0.000000
vn 0.788349 0.615228 0.000000
vn 0.788349 0.615228 0.000000
vn 0.757206 0.653176 0.000000
vn 0.757206 0.653176 0.000000
vn 0.724264 0.689523 0.000000
vn 0.724264 0.689523 0.000000
vn 0.689562 0.724227 0.000000
vn 0.689562 0.724227 0.000000
vn 0.653118 0.757256 0.000000
vn 0.653118 0.757256 0.000000
vn 0.615210 0.788364 0.000000
vn 0.615210 0.788364 0.000000
vn 0.575880 0.817534 0.000000
vn 0.575880 0.817534 0.000000
vn 0.534936 0.844893 0.000000
vn 0.534936 0.844893 0.000000
vn 0.492938 0.870064 0.000000
vn 0.492938 0.870064 0.000000
vn 0.449637 0.893211 0.000000
vn 0.449637 0.893211 0.000000
vn 0.405201 0.914228 0.000000
vn 0.405201 0.914228 0.000000
vn 0.359898 0.932992 0.000000
vn 0.313662 0.949535 -0.000000
vn 0.359898 0.932992 0.000000
vn 0.313662 0.949535 0.000000
vn 0.266746 0.963767 0.000000
vn 0.219094 0.975704 -0.000000
vn 0.266746 0.963767 0.000000
vn 0.219094 0.975704 0.000000
vn 0.170936 0.985282 0.000000
vn 0.122408 0.992480 -0.000000
vn 0.170936 0.985282 0.000000
vn 0.122408 0.992480 0.000000
vn 0.073561 0.997291 0.000000
vn 0.073561 0.997291 0.000000
vn 0.024561 0.999698 0.000000
vn 0.024561 0.999698 0.000000
vn -0.000000 1.000000 0.000000
vn 0.000000 1.000000 0.000000
vn -0.024561 0.999698 0.000000
vn -0.073561 0.997291 0.000000
vn -0.024561 0.999698 0.000000
vn -0.122408 0.992480 0.000000
vn -0.073561 0.997291 0.000000
vn -0.170936 0.985282 0.000000
vn -0.122408 0.992480 0.000000
vn -0.219094 0.975704 0.000000
vn -0.170936 0.985282 0.000000
vn -0.266746 0.963767 0.000000
vn -0.219094 0.975704 0.000000
vn -0.313662 0.949535 0.000000
vn -0.266746 0.963767 0.000000
vn -0.359898 0.932992 0.000000
vn -0.313662 0.949535 0.000000
vn -0.359898 0.932992 0.000000
vn -0.405201 0.914228 0.000000
vn -0.405201 0.914228 0.000000
vn -0.449637 0.893211 0.000000
vn -0.449637 0.893211 0.000000
vn -0.492938 0.870064 0.000000
vn -0.492938 0.870064 0.000000
vn -0.534936 0.844893 0.000000
vn -0.534936 0.844893 0.000000
vn -0.575880 0.817534 0.000000
vn -0.575880 0.817534 0.000000
vn -0.615210 0.788364 0.000000
vn -0.615210 0.788364 0.000000
vn -0.653118 0.757256 0.000000
vn -0.653118 0.757256 0.000000
vn -0.689562 0.724227 0.000000
vn -0.689562 0.724227 0.000000
vn -0.724264 0.689523 0.000000
vn -0.724264 0.689523 0.000000
vn -0.757206 0.653176 0.000000
vn -0.757206 0.653176 0.000000
vn -0.788349 0.615228 0.000000
vn -0.788349 0.615228 0.000000
vn -0.817609 0.575774 0.000000
vn -0.817609 0.575774 0.000000
vn -0.844842 0.535016 0.000000
vn -0.870083 0.492905 0.000000
vn -0.844842 0.535016 0.000000
vn -0.893196 0.449668 0.000000
vn -0.870083 0.492905 0.000000
vn -0.914215 0.405230 0.000000
vn -0.893196 0.449668 0.000000
vn -0.933010 0.359851 0.000000
vn -0.914215 0.405230 0.000000
vn -0.949527 0.313685 0.000000
vn -0.933010 0.359851 0.000000
vn -0.963770 0.266736 0.000000
vn -0.949527 0.313685 0.000000
vn -0.975720 0.219020 0.000000
vn -0.963770 0.266736 0.000000
vn -0.985274 0.170980 0.000000
vn -0.975720 0.219020 0.000000
vn -0.992470 0.122485 0.000000
vn -0.985274 0.170980 0.000000
vn -0.997293 0.073525 0.000000
vn -0.992470 0.122485 0.000000
vn -0.999698 0.024559 0.000000
vn -0.997293 0.073525 0.000000
vn -0.999698 0.024559 0.000000
vn -1.000000 0.000000 0.000000
vn -1.000000 0.000000 0.000000
vn -0.999698 -0.024560 0.000000
vn -0.999698 -0.024560 0.000000
vn -0.997293 -0.073524 0.000000
vn -0.997293 -0.073524 -0.000000
vn -0.992470 -0.122485 0.000000
vn -0.992470 -0.122485 -0.000000
vn -0.985274 -0.170984 0.000000
vn -0.985274 -0.170984 -0.000000
vn -0.975720 -0.219020 0.000000
vn -0.975720 -0.219020 -0.000000
vn -0.963771 -0.266731 0.000000
vn -0.963771 -0.266731 -0.000000
vn -0.949529 -0.313679 0.000000
vn -0.949529 -0.313679 -0.000000
vn -0.933010 -0.359851 0.000000
vn -0.933010 -0.359851 -0.000000
vn -0.914212 -0.405237 -0.000000
vn -0.914212 -0.405237 0.000000
vn -0.893192 -0.449676 -0.000000
vn -0.893192 -0.449676 0.000000
vn -0.870088 -0.492896 -0.000000
vn -0.870088 -0.492896 0.000000
vn -0.844842 -0.535016 -0.000000
vn -0.844842 -0.535016 0.000000
vn -0.817609 -0.575774 -0.000000
vn -0.817609 -0.575774 0.000000
vn -0.788349 -0.615228 -0.000000
vn -0.788349 -0.615228 0.000000
vn -0.757215 -0.653166 -0.000000
vn -0.757215 -0.653166 0.000000
vn -0.724245 -0.689543 -0.000000
vn -0.724245 -0.689543 0.000000
vn -0.689572 -0.724217 -0.000000
vn -0.689572 -0.724217 0.000000
vn -0.653118 -0.757256 -0.000000
vn -0.653118 -0.757256 0.000000
vn -0.615210 -0.788364 -0.000000
vn -0.615210 -0.788364 0.000000
vn -0.575867 -0.817543 -0.000000
vn -0.575867 -0.817543 0.000000
vn -0.534949 -0.844884 0.000000
vn -0.534949 -0.844884 -0.000000
vn -0.492923 -0.870073 -0.000000
vn -0.492923 -0.870073 0.000000
vn -0.449637 -0.893211 0.000000
vn -0.449637 -0.893211 -0.000000
vn -0.405217 -0.914221 0.000000
vn -0.405217 -0.914221 -0.000000
vn -0.359915 -0.932985 0.000000
vn -0.359915 -0.932985 -0.000000
vn -0.313662 -0.949535 0.000000
vn -0.313662 -0.949535 -0.000000
vn -0.266710 -0.963777 0.000000
vn -0.266710 -0.963777 -0.000000
vn -0.219113 -0.975700 0.000000
vn -0.219113 -0.975700 -0.000000
vn -0.170955 -0.985279 0.000000
vn -0.170955 -0.985279 -0.000000
vn -0.122408 -0.992480 0.000000
vn -0.122408 -0.992480 -0.000000
vn -0.073561 -0.997291 0.000000
vn -0.073561 -0.997291 -0.000000
vn -0.024542 -0.999699 -0.000000
vn -0.024542 -0.999699 0.000000
vn -0.000000 -1.000000 0.000000
vn 0.000000 -1.000000 -0.000000
vn -0.999690 -0.024899 0.000000
vn -0.999690 -0.024899 0.000000
vn -0.997201 -0.074767 0.000000
vn -0.997201 -0.074767 0.000000
vn -0.992246 -0.124288 0.000000
vn -0.992246 -0.124288 0.000000
vn -0.984804 -0.173668 0.000000
vn -0.974934 -0.222494 0.000000
vn -0.984804 -0.173668 0.000000
vn -0.974934 -0.222494 0.000000
vn -0.962608 -0.270898 0.000000
vn -0.962608 -0.270898 0.000000
vn -0.947931 -0.318475 0.000000
vn -0.947931 -0.318475 0.000000
vn -0.930870 -0.365351 0.000000
vn -0.930870 -0.365351 0.000000
vn -0.911518 -0.411259 0.000000
vn -0.911518 -0.411259 0.000000
vn -0.889882 -0.456191 0.000000
vn -0.889882 -0.456191 0.000000
vn -0.866026 -0.499999 0.000000
vn -0.866026 -0.499999 0.000000
vn -0.840017 -0.542560 0.000000
vn -0.840017 -0.542560 0.000000
vn -0.811939 -0.583742 0.000000
vn -0.811939 -0.583742 0.000000
vn -0.781814 -0.623511 0.000000
vn -0.781814 -0.623511 0.000000
vn -0.749803 -0.661661 0.000000
vn -0.749803 -0.661661 0.000000
vn -0.715841 -0.698263 0.000000
vn -0.715841 -0.698263 0.000000
vn -0.680200 -0.733026 0.000000
vn -0.680200 -0.733026 0.000000
vn -0.642789 -0.766043 0.000000
vn -0.642789 -0.766043 0.000000
vn -0.603777 -0.797154 0.000000
vn -0.603777 -0.797154 0.000000
vn -0.563340 -0.826226 0.000000
vn -0.563340 -0.826226 0.000000
vn -0.521426 -0.853296 0.000000
vn -0.521426 -0.853296 0.000000
vn -0.478251 -0.878223 0.000000
vn -0.478251 -0.878223 0.000000
vn -0.433887 -0.900967 0.000000
vn -0.433887 -0.900967 0.000000
vn -0.388432 -0.921477 0.000000
vn -0.388432 -0.921477 0.000000
vn -0.342022 -0.939692 0.000000
vn -0.342022 -0.939692 0.000000
vn -0.294752 -0.955574 0.000000
vn -0.294752 -0.955574 0.000000
vn -0.246764 -0.969076 0.000000
vn -0.246764 -0.969076 0.000000
vn -0.198149 -0.980172 0.000000
vn -0.198149 -0.980172 0.000000
vn -0.149043 -0.988831 0.000000
vn -0.149043 -0.988831 0.000000
vn -0.099567 -0.995031 0.000000
vn -0.099567 -0.995031 0.000000
vn -0.049842 -0.998757 0.000000
vn 0.000000 -1.000000 0.000000
vn -0.049842 -0.998757 0.000000
vn 0.000000 -1.000000 0.000000
vn 0.049842 -0.998757 0.000000
vn 0.099567 -0.995031 0.000000
vn 0.049842 -0.998757 0.000000
vn 0.149043 -0.988831 0.000000
vn 0.099567 -0.995031 0.000000
vn 0.198149 -0.980172 0.000000
vn 0.149043 -0.988831 0.000000
vn 0.198149 -0.980172 0.000000
vn 0.246764 -0.969076 0.000000
vn 0.246764 -0.969076 0.000000
vn 0.294752 -0.955574 0.000000
vn 0.294752 -0.955574 0.000000
vn 0.342022 -0.939692 0.000000
vn 0.342022 -0.939692 0.000000
vn 0.388432 -0.921477 0.000000
vn 0.388432 -0.921477 0.000000
vn 0.433887 -0.900967 0.000000
vn 0.433887 -0.900967 0.000000
vn 0.478251 -0.878223 0.000000
vn 0.478251 -0.878223 0.000000
vn 0.521426 -0.853296 0.000000
vn 0.521426 -0.853296 0.000000
vn 0.563340 -0.826226 0.000000
vn 0.563340 -0.826226 0.000000
vn 0.603777 -0.797154 0.000000
vn 0.603777 -0.797154 0.000000
vn 0.642789 -0.766043 0.000000
vn 0.642789 -0.766043 0.000000
vn 0.680200 -0.733026 0.000000
vn 0.680200 -0.733026 0.000000
vn 0.715841 -0.698263 0.000000
vn 0.715841 -0.698263 0.000000
vn 0.749803 -0.661661 0.000000
vn 0.749803 -0.661661 0.000000
vn 0.781814 -0.623511 0.000000
vn 0.781814 -0.623511 0.000000
vn 0.811939 -0.583742 0.000000
vn 0.811939 -0.583742 0.000000
vn 0.840017 -0.542560 0.000000
vn 0.840017 -0.542560 0.000000
vn 0.866026 -0.499999 0.000000
vn 0.866026 -0.499999 0.000000
vn 0.889882 -0.456191 0.000000
vn 0.889882 -0.456191 0.000000
vn 0.911518 -0.411259 0.000000
vn 0.911518 -0.411259 0.000000
vn 0.930870 -0.365351 0.000000
vn 0.930870 -0.365351 0.000000
vn 0.947931 -0.318475 0.000000
vn 0.947931 -0.318475 0.000000
vn 0.962608 -0.270898 0.000000
vn 0.962608 -0.270898 0.000000
vn 0.974934 -0.222494 0.000000
vn 0.984804 -0.173668 0.000000
vn 0.974934 -0.222494 0.000000
vn 0.984804 -0.173668 0.000000
vn 0.992246 -0.124288 0.000000
vn 0.992246 -0.124288 0.000000
vn 0.997201 -0.074767 0.000000
vn 0.997201 -0.074767 0.000000
vn 0.999690 -0.024899 0.000000
vn 0.999690 -0.024899 0.000000
vn 0.999690 0.024899 -0.000000
vn 0.999690 0.024899 -0.000000
vn 0.997201 0.074767 0.000000
vn 0.997201 0.074767 -0.000000
vn 0.992246 0.124288 0.000000
vn 0.992246 0.124288 -0.000000
vn 0.984804 0.173668 0.000000
vn 0.984804 0.173668 -0.000000
vn 0.974934 0.222494 0.000000
vn 0.974934 0.222494 -0.000000
vn 0.962608 0.270898 -0.000000
vn 0.962608 0.270898 -0.000000
vn 0.947931 0.318475 0.000000
vn 0.947931 0.318475 -0.000000
vn 0.930870 0.365351 0.000000
vn 0.930870 0.365351 -0.000000
vn 0.911518 0.411259 -0.000000
vn 0.911518 0.411259 -0.000000
vn 0.889882 0.456191 -0.000000
vn 0.889882 0.456191 -0.000000
vn 0.866026 0.499999 0.000000
vn 0.866026 0.499999 -0.000000
vn 0.840017 0.542560 -0.000000
vn 0.840017 0.542560 0.000000
vn 0.811939 0.583742 -0.000000
vn 0.811939 0.583742 0.000000
vn 0.781814 0.623511 -0.000000
vn 0.749803 0.661661 -0.000000
vn 0.781814 0.623511 0.000000
vn 0.749803 0.661661 -0.000000
vn 0.715841 0.698263 -0.000000
vn 0.680200 0.733026 -0.000000
vn 0.715841 0.698263 0.000000
vn 0.680200 0.733026 -0.000000
vn 0.642789 0.766043 -0.000000
vn 0.603777 0.797154 -0.000000
vn 0.642789 0.766043 0.000000
vn 0.603777 0.797154 -0.000000
vn 0.563340 0.826226 -0.000000
vn 0.521426 0.853296 -0.000000
vn 0.563340 0.826226 0.000000
vn 0.478251 0.878223 -0.000000
vn 0.521426 0.853296 -0.000000
vn 0.478251 0.878223 -0.000000
vn 0.433880 0.900971 -0.000000
vn 0.433880 0.900971 0.000000
vn 0.388439 0.921474 -0.000000
vn 0.388439 0.921474 0.000000
vn 0.342014 0.939695 0.000000
vn 0.342014 0.939695 -0.000000
vn 0.294760 0.955571 0.000000
vn 0.294760 0.955571 -0.000000
vn 0.246772 0.969074 0.000000
vn 0.246772 0.969074 -0.000000
vn 0.198132 0.980175 0.000000
vn 0.198132 0.980175 -0.000000
vn 0.149051 0.988829 -0.000000
vn 0.149051 0.988829 0.000000
vn 0.099559 0.995032 -0.000000
vn 0.049851 0.998757 -0.000000
vn 0.099559 0.995032 0.000000
vn 0.049851 0.998757 -0.000000
vn 0.000000 1.000000 0.000000
vn 0.000000 1.000000 -0.000000
vn -0.049851 0.998757 0.000000
vn -0.049851 0.998757 0.000000
vn -0.099559 0.995032 0.000000
vn -0.099559 0.995032 0.000000
vn -0.149051 0.988829 0.000000
vn -0.149051 0.988829 0.000000
vn -0.198132 0.980175 0.000000
vn -0.198132 0.980175 0.000000
vn -0.246772 0.969074 0.000000
vn -0.246772 0.969074 0.000000
vn -0.294760 0.955571 0.000000
vn -0.294760 0.955571 0.000000
vn -0.342014 0.939695 0.000000
vn -0.388439 0.921474 0.000000
vn -0.342014 0.939695 0.000000
vn -0.388439 0.921474 0.000000
vn -0.433880 0.900971 0.000000
vn -0.478251 0.878223 0.000000
vn -0.433880 0.900971 0.000000
vn -0.478251 0.878223 0.000000
vn -0.521426 0.853296 0.000000
vn -0.521426 0.853296 0.000000
vn -0.563340 0.826226 0.000000
vn -0.603777 0.797154 0.000000
vn -0.563340 0.826226 0.000000
vn -0.603777 0.797154 0.000000
vn -0.642789 0.766043 0.000000
vn -0.642789 0.766043 0.000000
vn -0.680200 0.733026 0.000000
vn -0.715841 0.698263 0.000000
vn -0.680200 0.733026 0.000000
vn -0.715841 0.698263 0.000000
vn -0.749803 0.661661 0.000000
vn -0.749803 0.661661 0.000000
vn -0.781814 0.623511 0.000000
vn -0.781814 0.623511 0.000000
vn -0.811939 0.583742 0.000000
vn -0.811939 0.583742 0.000000
vn -0.840017 0.542560 0.000000
vn -0.840017 0.542560 0.000000
vn -0.866026 0.499999 0.000000
vn -0.866026 0.499999 0.000000
vn -0.889882 0.456191 0.000000
vn -0.889882 0.456191 0.000000
vn -0.911518 0.411259 0.000000
vn -0.911518 0.411259 0.000000
vn -0.930870 0.365351 0.000000
vn -0.930870 0.365351 0.000000
vn -0.947931 0.318475 0.000000
vn -0.947931 0.318475 0.000000
vn -0.962608 0.270898 0.000000
vn -0.962608 0.270898 0.000000
vn -0.974934 0.222494 0.000000
vn -0.974934 0.222494 0.000000
vn -0.984804 0.173668 0.000000
vn -0.984804 0.173668 0.000000
vn -0.992246 0.124288 0.000000
vn -0.997201 0.074767 0.000000
vn -0.992246 0.124288 0.000000
vn -0.997201 0.074767 0.000000
vn -0.999690 0.024899 0.000000
vn -0.999690 0.024899 0.000000
vn 0.000000 -1.000000 0.000000
vn 0.000000 -1.000000 0.000000
vn 1.000000 0.000000 0.000000
vn 1.000000 -0.000000 0.000000
vn -1.000000 0.000000 0.000000
vn -1.000000 -0.000000 0.000000
vn 0.000000 1.000000 -0.000000
vn 0.000000 1.000000 0.000000
vn -0.706995 -0.017633 0.706998
vn -0.706997 -0.017634 0.706997
vn -0.706995 0.017633 0.706998
vn -0.706997 0.017634 0.706997
vn -0.705239 -0.052848 0.706998
vn -0.701728 -0.087937 0.706998
vn -0.702587 -0.035063 0.710733
vn -0.696471 -0.122811 0.706997
vn -0.689485 -0.157370 0.706997
vn -0.695604 -0.104846 0.710734
vn -0.680783 -0.191542 0.706998
vn -0.670389 -0.225240 0.706998
vn -0.681709 -0.173586 0.710733
vn -0.706668 -0.035269 0.706666
vn -0.706667 -0.035267 0.706666
vn -0.658330 -0.258371 0.706998
vn -0.644630 -0.290871 0.706998
vn -0.661038 -0.240598 0.710733
vn -0.699645 -0.105455 0.706665
vn -0.699644 -0.105451 0.706667
vn -0.629332 -0.322639 0.706998
vn -0.612467 -0.353608 0.706998
vn -0.633797 -0.305220 0.710733
vn -0.685669 -0.174594 0.706665
vn -0.685669 -0.174593 0.706665
vn -0.706666 -0.035268 0.706668
vn -0.706666 -0.035269 0.706668
vn -0.594080 -0.383696 0.706998
vn -0.574215 -0.412832 0.706998
vn -0.600257 -0.366810 0.710733
vn -0.664878 -0.241995 0.706665
vn -0.664878 -0.241997 0.706665
vn -0.699642 -0.105451 0.706669
vn -0.699643 -0.105455 0.706668
vn -0.552923 -0.440940 0.707000
vn -0.530253 -0.467957 0.707000
vn -0.560750 -0.424754 0.710734
vn -0.637478 -0.306995 0.706666
vn -0.637478 -0.306993 0.706666
vn -0.685665 -0.174592 0.706669
vn -0.685665 -0.174590 0.706669
vn -0.706668 -0.035266 0.706666
vn -0.708564 -0.035361 0.704760
vn -0.706669 -0.035268 0.706665
vn -0.705238 -0.052853 0.706998
vn -0.701728 -0.087934 0.706998
vn -0.506274 -0.493801 0.706999
vn -0.481029 -0.518424 0.706999
vn -0.515674 -0.478474 0.710734
vn -0.603744 -0.368942 0.706665
vn -0.603745 -0.368937 0.706666
vn -0.664874 -0.241996 0.706668
vn -0.664874 -0.241995 0.706669
vn -0.699645 -0.105455 0.706665
vn -0.701521 -0.105738 0.704760
vn -0.696471 -0.122809 0.706998
vn -0.689483 -0.157375 0.706998
vn -0.699645 -0.105455 0.706665
vn -0.454586 -0.541760 0.706999
vn -0.427020 -0.563744 0.706999
vn -0.465470 -0.527441 0.710735
vn -0.564009 -0.427223 0.706664
vn -0.564009 -0.427222 0.706665
vn -0.637476 -0.306994 0.706668
vn -0.637476 -0.306992 0.706668
vn -0.687506 -0.175062 0.704761
vn -0.685668 -0.174591 0.706666
vn -0.685668 -0.174594 0.706665
vn -0.680785 -0.191538 0.706997
vn -0.670390 -0.225238 0.706997
vn -0.398391 -0.584327 0.706998
vn -0.368765 -0.603461 0.706998
vn -0.410643 -0.571166 0.710734
vn -0.518671 -0.481255 0.706664
vn -0.518672 -0.481254 0.706664
vn -0.603743 -0.368939 0.706668
vn -0.603743 -0.368936 0.706668
vn -0.658331 -0.258372 0.706997
vn -0.644631 -0.290872 0.706997
vn -0.664877 -0.241996 0.706666
vn -0.664877 -0.241995 0.706666
vn -0.666661 -0.242644 0.704760
vn -0.338226 -0.621093 0.706998
vn -0.306856 -0.637176 0.706998
vn -0.351729 -0.609216 0.710734
vn -0.468175 -0.530508 0.706664
vn -0.468175 -0.530507 0.706664
vn -0.564006 -0.427220 0.706669
vn -0.564006 -0.427221 0.706668
vn -0.629331 -0.322640 0.706998
vn -0.612464 -0.353612 0.706998
vn -0.639189 -0.307814 0.704761
vn -0.637479 -0.306993 0.706665
vn -0.637480 -0.306991 0.706666
vn -0.274701 -0.651684 0.706999
vn -0.241883 -0.664564 0.706999
vn -0.289322 -0.641208 0.710735
vn -0.413028 -0.574484 0.706666
vn -0.413025 -0.574488 0.706664
vn -0.518669 -0.481251 0.706668
vn -0.468172 -0.530504 0.706668
vn -0.518670 -0.481249 0.706669
vn -0.603744 -0.368939 0.706666
vn -0.605361 -0.369932 0.704761
vn -0.594081 -0.383696 0.706998
vn -0.574216 -0.412832 0.706998
vn -0.603743 -0.368943 0.706665
vn -0.564007 -0.427222 0.706666
vn -0.208452 -0.675798 0.706997
vn -0.174518 -0.685346 0.706997
vn -0.224046 -0.666829 0.710734
vn -0.353773 -0.612755 0.706665
vn -0.353774 -0.612754 0.706666
vn -0.413023 -0.574484 0.706669
vn -0.468171 -0.530505 0.706669
vn -0.552920 -0.440944 0.706999
vn -0.530258 -0.467951 0.706999
vn -0.518673 -0.481252 0.706664
vn -0.565524 -0.428363 0.704761
vn -0.564013 -0.427218 0.706664
vn -0.140130 -0.693194 0.706997
vn -0.105399 -0.699318 0.706997
vn -0.156536 -0.685824 0.710734
vn -0.291005 -0.644936 0.706663
vn -0.291008 -0.644933 0.706665
vn -0.413024 -0.574484 0.706668
vn -0.518666 -0.481257 0.706667
vn -0.506269 -0.493806 0.706998
vn -0.481027 -0.518427 0.706998
vn -0.520057 -0.482547 0.704761
vn -0.070418 -0.703703 0.706996
vn -0.035255 -0.706338 0.706996
vn -0.087471 -0.698004 0.710732
vn -0.157446 -0.689807 0.706667
vn -0.225341 -0.670707 0.706663
vn -0.225348 -0.670702 0.706666
vn -0.353772 -0.612752 0.706668
vn -0.353772 -0.612753 0.706668
vn -0.413025 -0.574485 0.706666
vn -0.468174 -0.530505 0.706667
vn -0.454591 -0.541757 0.706999
vn -0.427021 -0.563743 0.706999
vn -0.468173 -0.530507 0.706666
vn -0.469430 -0.531927 0.704762
vn -0.017535 -0.703243 0.710733
vn 0.000000 -0.707215 0.706998
vn 0.035254 -0.706336 0.706998
vn -0.157444 -0.689807 0.706667
vn -0.291007 -0.644930 0.706669
vn -0.291005 -0.644931 0.706668
vn -0.225340 -0.670702 0.706669
vn -0.414135 -0.576024 0.704762
vn -0.398392 -0.584326 0.706998
vn -0.368762 -0.603463 0.706998
vn -0.353773 -0.612755 0.706665
vn -0.413028 -0.574484 0.706665
vn 0.070418 -0.703703 0.706996
vn 0.105399 -0.699320 0.706996
vn 0.052566 -0.701496 0.710733
vn -0.087980 -0.702055 0.706667
vn -0.087978 -0.702056 0.706666
vn -0.225346 -0.670702 0.706667
vn -0.353774 -0.612755 0.706665
vn -0.338234 -0.621089 0.706998
vn -0.354722 -0.614397 0.704762
vn -0.306857 -0.637176 0.706998
vn -0.291007 -0.644934 0.706665
vn 0.140130 -0.693192 0.706999
vn 0.174518 -0.685344 0.706999
vn 0.122159 -0.692773 0.710734
vn -0.017637 -0.707328 0.706666
vn -0.017638 -0.707327 0.706666
vn -0.087980 -0.702055 0.706667
vn -0.157442 -0.689807 0.706667
vn -0.157444 -0.689806 0.706667
vn -0.274711 -0.651682 0.706996
vn -0.241880 -0.664568 0.706996
vn -0.291784 -0.646665 0.704760
vn -0.291003 -0.644934 0.706666
vn 0.190527 -0.677169 0.710733
vn 0.208452 -0.675796 0.706999
vn 0.241883 -0.664564 0.706999
vn 0.052872 -0.705570 0.706666
vn 0.052871 -0.705569 0.706666
vn -0.087974 -0.702054 0.706669
vn -0.225346 -0.670702 0.706667
vn -0.157442 -0.689807 0.706667
vn -0.225345 -0.670703 0.706666
vn -0.208458 -0.675797 0.706997
vn -0.174494 -0.685353 0.706996
vn -0.225950 -0.672503 0.704760
vn 0.274701 -0.651683 0.706999
vn 0.306854 -0.637176 0.706999
vn 0.257003 -0.654834 0.710734
vn 0.122868 -0.696799 0.706664
vn 0.122865 -0.696798 0.706666
vn 0.191634 -0.681104 0.706664
vn -0.017638 -0.707325 0.706668
vn -0.017640 -0.707324 0.706669
vn 0.052871 -0.705567 0.706668
vn -0.140135 -0.693191 0.707000
vn -0.105408 -0.699314 0.707000
vn -0.157451 -0.689808 0.706664
vn -0.157872 -0.691655 0.704762
vn 0.320926 -0.625991 0.710734
vn 0.338227 -0.621092 0.706998
vn 0.368765 -0.603461 0.706998
vn 0.191633 -0.681104 0.706664
vn 0.258496 -0.658639 0.706664
vn 0.052870 -0.705567 0.706668
vn -0.087975 -0.702059 0.706664
vn -0.088212 -0.703938 0.704762
vn -0.070412 -0.703700 0.706999
vn -0.035267 -0.706334 0.706999
vn -0.017640 -0.707330 0.706664
vn -0.087976 -0.702058 0.706664
vn 0.381662 -0.590924 0.710735
vn 0.398392 -0.584326 0.706999
vn 0.427018 -0.563745 0.706999
vn 0.258498 -0.658638 0.706665
vn 0.122864 -0.696795 0.706669
vn 0.122868 -0.696795 0.706668
vn 0.191631 -0.681099 0.706669
vn -0.017681 -0.709226 0.704759
vn -0.017633 -0.707328 0.706666
vn 0.000000 -0.707218 0.706996
vn 0.035268 -0.706338 0.706995
vn 0.454586 -0.541761 0.706998
vn 0.481031 -0.518424 0.706998
vn 0.438598 -0.549990 0.710734
vn 0.322793 -0.629627 0.706665
vn 0.383879 -0.594357 0.706666
vn 0.322791 -0.629627 0.706666
vn 0.191630 -0.681100 0.706669
vn 0.052870 -0.705570 0.706666
vn 0.070412 -0.703701 0.706998
vn 0.105409 -0.699316 0.706998
vn 0.052870 -0.705570 0.706666
vn 0.053012 -0.707461 0.704761
vn 0.506274 -0.493804 0.706997
vn 0.530256 -0.467957 0.706997
vn 0.491182 -0.503586 0.710733
vn 0.383875 -0.594362 0.706663
vn 0.258496 -0.658633 0.706670
vn 0.322791 -0.629622 0.706669
vn 0.258498 -0.658633 0.706669
vn 0.123192 -0.698666 0.704762
vn 0.122869 -0.696799 0.706664
vn 0.122863 -0.696799 0.706666
vn 0.140135 -0.693191 0.707000
vn 0.174493 -0.685349 0.707000
vn 0.538884 -0.452175 0.710733
vn 0.552921 -0.440944 0.706999
vn 0.574217 -0.412828 0.706999
vn 0.441146 -0.553185 0.706666
vn 0.441152 -0.553184 0.706663
vn 0.383873 -0.594358 0.706668
vn 0.322789 -0.629625 0.706668
vn 0.191630 -0.681103 0.706666
vn 0.191638 -0.681103 0.706664
vn 0.192152 -0.682929 0.704760
vn 0.208458 -0.675797 0.706997
vn 0.241880 -0.664567 0.706997
vn 0.581228 -0.396273 0.710733
vn 0.594077 -0.383700 0.706999
vn 0.612467 -0.353605 0.706999
vn 0.494036 -0.506510 0.706666
vn 0.542014 -0.454802 0.706666
vn 0.494035 -0.506510 0.706666
vn 0.383873 -0.594358 0.706669
vn 0.258495 -0.658638 0.706666
vn 0.259189 -0.660406 0.704759
vn 0.258500 -0.658637 0.706665
vn 0.274711 -0.651682 0.706997
vn 0.306857 -0.637177 0.706997
vn 0.629332 -0.322639 0.706997
vn 0.644631 -0.290871 0.706997
vn 0.617794 -0.336436 0.710733
vn 0.584604 -0.398574 0.706666
vn 0.542014 -0.454801 0.706666
vn 0.494034 -0.506508 0.706668
vn 0.441149 -0.553180 0.706668
vn 0.441148 -0.553180 0.706669
vn 0.338234 -0.621089 0.706998
vn 0.368763 -0.603463 0.706998
vn 0.322793 -0.629627 0.706665
vn 0.323658 -0.631314 0.704761
vn 0.322790 -0.629627 0.706666
vn 0.658329 -0.258374 0.706998
vn 0.670389 -0.225237 0.706998
vn 0.648223 -0.273247 0.710734
vn 0.584603 -0.398577 0.706665
vn 0.494035 -0.506506 0.706669
vn 0.383875 -0.594360 0.706666
vn 0.384904 -0.595954 0.704761
vn 0.383874 -0.594360 0.706666
vn 0.398392 -0.584326 0.706999
vn 0.427021 -0.563743 0.706999
vn 0.680784 -0.191542 0.706997
vn 0.689485 -0.157370 0.706997
vn 0.672208 -0.207350 0.710733
vn 0.621382 -0.338389 0.706666
vn 0.621385 -0.338387 0.706665
vn 0.542013 -0.454801 0.706667
vn 0.542008 -0.454804 0.706669
vn 0.494037 -0.506509 0.706666
vn 0.442332 -0.554665 0.704762
vn 0.454590 -0.541757 0.706999
vn 0.481026 -0.518427 0.706999
vn 0.441149 -0.553182 0.706666
vn 0.441150 -0.553182 0.706666
vn 0.689514 -0.139388 0.710733
vn 0.696472 -0.122808 0.706998
vn 0.701727 -0.087939 0.706998
vn 0.651988 -0.274836 0.706666
vn 0.651989 -0.274835 0.706666
vn 0.621382 -0.338385 0.706668
vn 0.584605 -0.398572 0.706667
vn 0.584600 -0.398575 0.706668
vn 0.542011 -0.454807 0.706664
vn 0.495358 -0.507869 0.704762
vn 0.494035 -0.506513 0.706664
vn 0.506269 -0.493806 0.706999
vn 0.530259 -0.467951 0.706999
vn 0.699966 -0.070042 0.710734
vn 0.705238 -0.052850 0.706998
vn 0.706996 -0.017630 0.706998
vn 0.676113 -0.208555 0.706666
vn 0.676113 -0.208554 0.706665
vn 0.621381 -0.338389 0.706667
vn 0.543466 -0.456021 0.704762
vn 0.542013 -0.454801 0.706666
vn 0.552921 -0.440945 0.706998
vn 0.574216 -0.412831 0.706998
vn 0.703462 -0.000000 0.710733
vn 0.706996 0.017630 0.706998
vn 0.705238 0.052850 0.706998
vn 0.693519 -0.140198 0.706666
vn 0.693519 -0.140198 0.706665
vn 0.651986 -0.274835 0.706668
vn 0.651988 -0.274833 0.706667
vn 0.584606 -0.398573 0.706665
vn 0.584603 -0.398575 0.706666
vn 0.586171 -0.399644 0.704761
vn 0.594080 -0.383695 0.706999
vn 0.612464 -0.353612 0.706998
vn 0.701727 0.087939 0.706998
vn 0.696472 0.122808 0.706998
vn 0.699966 0.070042 0.710734
vn 0.704032 -0.070449 0.706665
vn 0.704032 -0.070449 0.706666
vn 0.676110 -0.208554 0.706668
vn 0.676111 -0.208554 0.706668
vn 0.621382 -0.338389 0.706666
vn 0.623051 -0.339293 0.704761
vn 0.629331 -0.322640 0.706997
vn 0.644633 -0.290867 0.706997
vn 0.621385 -0.338386 0.706665
vn 0.689485 0.157370 0.706997
vn 0.680784 0.191542 0.706997
vn 0.689514 0.139388 0.710733
vn 0.704032 0.070449 0.706665
vn 0.707548 -0.000000 0.706665
vn 0.707548 0.000000 0.706665
vn 0.693516 -0.140197 0.706668
vn 0.693517 -0.140197 0.706668
vn 0.651986 -0.274839 0.706666
vn 0.651990 -0.274834 0.706665
vn 0.653735 -0.275576 0.704761
vn 0.658328 -0.258376 0.706998
vn 0.670389 -0.225238 0.706998
vn 0.672208 0.207350 0.710733
vn 0.670389 0.225237 0.706998
vn 0.658329 0.258374 0.706998
vn 0.704032 0.070449 0.706666
vn 0.704029 -0.070449 0.706668
vn 0.704029 -0.070450 0.706668
vn 0.707545 0.000000 0.706668
vn 0.676113 -0.208555 0.706665
vn 0.693519 -0.140197 0.706665
vn 0.676114 -0.208553 0.706665
vn 0.677926 -0.209112 0.704761
vn 0.680783 -0.191543 0.706998
vn 0.689484 -0.157369 0.706998
vn 0.648223 0.273247 0.710734
vn 0.644631 0.290871 0.706997
vn 0.629332 0.322639 0.706997
vn 0.693519 0.140198 0.706665
vn 0.693519 0.140198 0.706666
vn 0.707545 -0.000000 0.706668
vn 0.693519 -0.140196 0.706666
vn 0.695379 -0.140572 0.704761
vn 0.696472 -0.122803 0.706998
vn 0.701726 -0.087940 0.706998
vn 0.617794 0.336436 0.710733
vn 0.612467 0.353605 0.706999
vn 0.594077 0.383700 0.706999
vn 0.676113 0.208555 0.706665
vn 0.676113 0.208554 0.706666
vn 0.704029 0.070450 0.706668
vn 0.704029 0.070449 0.706668
vn 0.705919 -0.070639 0.704761
vn 0.704032 -0.070450 0.706665
vn 0.704032 -0.070451 0.706666
vn 0.705238 -0.052853 0.706998
vn 0.706996 -0.017627 0.706998
vn 0.581228 0.396273 0.710734
vn 0.574217 0.412828 0.706999
vn 0.552921 0.440944 0.706999
vn 0.651988 0.274836 0.706666
vn 0.651988 0.274834 0.706666
vn 0.693516 0.140197 0.706668
vn 0.693516 0.140197 0.706668
vn 0.709444 -0.000000 0.704761
vn 0.707548 0.000000 0.706665
vn 0.706996 0.017627 0.706998
vn 0.705238 0.052853 0.706998
vn 0.707548 -0.000000 0.706665
vn 0.530256 0.467957 0.706997
vn 0.506274 0.493804 0.706997
vn 0.538884 0.452175 0.710733
vn 0.621383 0.338386 0.706666
vn 0.621383 0.338390 0.706665
vn 0.676110 0.208554 0.706668
vn 0.676110 0.208554 0.706668
vn 0.701726 0.087940 0.706998
vn 0.704032 0.070450 0.706666
vn 0.696472 0.122803 0.706998
vn 0.705919 0.070639 0.704761
vn 0.704032 0.070451 0.706665
vn 0.491182 0.503586 0.710733
vn 0.481031 0.518424 0.706998
vn 0.454586 0.541761 0.706998
vn 0.584604 0.398574 0.706666
vn 0.584603 0.398577 0.706665
vn 0.651987 0.274835 0.706667
vn 0.651987 0.274832 0.706668
vn 0.689484 0.157369 0.706998
vn 0.680783 0.191543 0.706998
vn 0.695379 0.140572 0.704761
vn 0.693519 0.140196 0.706666
vn 0.676113 0.208555 0.706665
vn 0.693519 0.140197 0.706665
vn 0.438598 0.549990 0.710734
vn 0.427018 0.563745 0.706999
vn 0.398392 0.584326 0.706999
vn 0.542014 0.454801 0.706666
vn 0.542014 0.454802 0.706666
vn 0.621382 0.338385 0.706668
vn 0.621381 0.338389 0.706667
vn 0.584600 0.398575 0.706668
vn 0.670389 0.225238 0.706998
vn 0.658328 0.258376 0.706998
vn 0.677926 0.209112 0.704761
vn 0.676114 0.208553 0.706665
vn 0.381662 0.590924 0.710735
vn 0.368765 0.603461 0.706998
vn 0.338227 0.621092 0.706998
vn 0.494036 0.506509 0.706666
vn 0.494035 0.506511 0.706666
vn 0.584605 0.398572 0.706667
vn 0.542013 0.454801 0.706667
vn 0.644633 0.290867 0.706997
vn 0.629331 0.322640 0.706997
vn 0.651989 0.274833 0.706666
vn 0.653735 0.275576 0.704761
vn 0.621382 0.338389 0.706666
vn 0.651988 0.274840 0.706664
vn 0.320926 0.625991 0.710734
vn 0.306854 0.637176 0.706999
vn 0.274701 0.651683 0.706999
vn 0.441147 0.553187 0.706663
vn 0.441150 0.553182 0.706666
vn 0.494034 0.506508 0.706669
vn 0.542008 0.454804 0.706669
vn 0.612464 0.353612 0.706998
vn 0.594080 0.383695 0.706999
vn 0.623051 0.339293 0.704761
vn 0.584606 0.398573 0.706665
vn 0.621385 0.338386 0.706665
vn 0.257003 0.654834 0.710734
vn 0.241883 0.664564 0.706999
vn 0.208452 0.675796 0.706999
vn 0.383879 0.594357 0.706666
vn 0.383875 0.594362 0.706663
vn 0.494035 0.506507 0.706668
vn 0.574216 0.412831 0.706998
vn 0.552921 0.440945 0.706998
vn 0.586171 0.399644 0.704761
vn 0.584603 0.398575 0.706666
vn 0.190527 0.677169 0.710733
vn 0.174518 0.685344 0.706999
vn 0.140130 0.693192 0.706999
vn 0.322791 0.629628 0.706665
vn 0.322793 0.629626 0.706666
vn 0.441149 0.553180 0.706669
vn 0.441148 0.553180 0.706668
vn 0.542013 0.454801 0.706666
vn 0.530259 0.467951 0.706999
vn 0.506269 0.493806 0.706999
vn 0.543466 0.456021 0.704762
vn 0.542011 0.454807 0.706664
vn 0.105399 0.699320 0.706996
vn 0.122159 0.692773 0.710734
vn 0.070418 0.703703 0.706996
vn 0.258498 0.658638 0.706665
vn 0.258496 0.658639 0.706664
vn 0.191634 0.681104 0.706664
vn 0.383873 0.594358 0.706669
vn 0.383873 0.594358 0.706668
vn 0.481026 0.518427 0.706999
vn 0.494035 0.506513 0.706664
vn 0.454590 0.541757 0.706999
vn 0.494037 0.506509 0.706666
vn 0.495358 0.507869 0.704762
vn 0.052566 0.701496 0.710733
vn 0.035254 0.706336 0.706998
vn 0.000000 0.707215 0.706998
vn 0.191632 0.681104 0.706664
vn 0.322791 0.629622 0.706669
vn 0.322789 0.629625 0.706668
vn 0.258496 0.658633 0.706670
vn 0.442332 0.554665 0.704762
vn 0.441150 0.553182 0.706666
vn 0.441149 0.553182 0.706666
vn 0.427021 0.563743 0.706999
vn 0.398392 0.584326 0.706999
vn -0.035255 0.706338 0.706996
vn -0.070418 0.703703 0.706996
vn -0.017535 0.703243 0.710733
vn 0.122865 0.696800 0.706664
vn 0.122868 0.696798 0.706666
vn 0.052872 0.705570 0.706666
vn 0.258498 0.658633 0.706669
vn 0.368763 0.603463 0.706998
vn 0.338234 0.621089 0.706998
vn 0.383875 0.594360 0.706666
vn 0.322790 0.629627 0.706666
vn 0.384904 0.595954 0.704761
vn 0.383874 0.594360 0.706666
vn -0.105399 0.699318 0.706997
vn -0.140130 0.693194 0.706997
vn -0.087471 0.698004 0.710732
vn 0.052871 0.705569 0.706666
vn 0.191630 0.681100 0.706669
vn 0.191631 0.681099 0.706669
vn 0.306857 0.637177 0.706997
vn 0.274711 0.651682 0.706997
vn 0.258500 0.658637 0.706665
vn 0.323658 0.631314 0.704761
vn 0.322793 0.629627 0.706665
vn -0.174518 0.685346 0.706997
vn -0.208452 0.675798 0.706997
vn -0.156536 0.685824 0.710734
vn -0.017638 0.707328 0.706666
vn -0.017637 0.707327 0.706666
vn 0.052871 0.705567 0.706668
vn 0.122868 0.696794 0.706670
vn 0.122864 0.696796 0.706668
vn 0.191630 0.681103 0.706666
vn 0.241880 0.664567 0.706997
vn 0.208458 0.675797 0.706997
vn 0.258495 0.658638 0.706666
vn 0.259189 0.660406 0.704759
vn -0.241883 0.664564 0.706999
vn -0.274701 0.651684 0.706999
vn -0.224046 0.666829 0.710734
vn -0.087978 0.702055 0.706667
vn -0.087980 0.702056 0.706666
vn 0.052870 0.705567 0.706668
vn 0.174493 0.685349 0.707000
vn 0.140135 0.693191 0.707000
vn 0.191638 0.681103 0.706664
vn 0.192152 0.682928 0.704760
vn -0.306856 0.637176 0.706998
vn -0.338226 0.621093 0.706998
vn -0.289322 0.641208 0.710735
vn -0.157444 0.689807 0.706667
vn -0.157446 0.689807 0.706667
vn -0.017638 0.707324 0.706669
vn -0.087980 0.702053 0.706669
vn -0.017640 0.707325 0.706668
vn 0.105409 0.699316 0.706998
vn 0.070412 0.703701 0.706998
vn 0.123192 0.698666 0.704762
vn 0.122868 0.696798 0.706666
vn 0.122863 0.696800 0.706664
vn -0.368765 0.603461 0.706998
vn -0.398391 0.584327 0.706998
vn -0.351729 0.609216 0.710734
vn -0.225349 0.670705 0.706664
vn -0.225340 0.670704 0.706667
vn -0.087975 0.702056 0.706667
vn 0.035268 0.706338 0.706995
vn 0.000000 0.707218 0.706996
vn 0.053012 0.707461 0.704761
vn 0.052870 0.705569 0.706666
vn 0.052870 0.705570 0.706666
vn -0.427020 0.563744 0.706999
vn -0.454586 0.541760 0.706999
vn -0.410643 0.571166 0.710734
vn -0.291004 0.644935 0.706665
vn -0.291009 0.644935 0.706663
vn -0.157444 0.689807 0.706667
vn -0.157442 0.689807 0.706667
vn -0.017633 0.707328 0.706666
vn -0.035267 0.706334 0.706999
vn -0.070412 0.703700 0.706999
vn -0.017640 0.707330 0.706664
vn -0.017681 0.709226 0.704759
vn -0.465470 0.527441 0.710735
vn -0.481029 0.518424 0.706999
vn -0.506274 0.493801 0.706999
vn -0.353773 0.612755 0.706666
vn -0.353774 0.612755 0.706665
vn -0.291007 0.644930 0.706669
vn -0.225340 0.670702 0.706669
vn -0.225346 0.670702 0.706667
vn -0.087975 0.702058 0.706664
vn -0.157443 0.689809 0.706665
vn -0.088212 0.703938 0.704762
vn -0.105408 0.699314 0.707000
vn -0.140135 0.693191 0.707000
vn -0.087976 0.702059 0.706664
vn -0.530253 0.467957 0.707000
vn -0.552923 0.440940 0.707000
vn -0.515674 0.478474 0.710734
vn -0.413024 0.574486 0.706666
vn -0.413029 0.574485 0.706664
vn -0.291005 0.644931 0.706668
vn -0.157450 0.689805 0.706667
vn -0.157872 0.691655 0.704762
vn -0.174494 0.685353 0.706996
vn -0.208458 0.675797 0.706997
vn -0.574215 0.412832 0.706998
vn -0.594080 0.383696 0.706998
vn -0.560750 0.424754 0.710734
vn -0.468175 0.530508 0.706664
vn -0.468176 0.530507 0.706664
vn -0.353772 0.612752 0.706668
vn -0.353772 0.612752 0.706668
vn -0.225347 0.670702 0.706666
vn -0.225345 0.670703 0.706667
vn -0.241880 0.664568 0.706996
vn -0.274711 0.651682 0.706996
vn -0.291006 0.644933 0.706666
vn -0.225950 0.672503 0.704760
vn -0.612467 0.353608 0.706998
vn -0.629332 0.322639 0.706998
vn -0.600257 0.366810 0.710733
vn -0.518670 0.481255 0.706664
vn -0.518672 0.481254 0.706664
vn -0.413023 0.574484 0.706669
vn -0.413024 0.574484 0.706668
vn -0.306857 0.637176 0.706998
vn -0.338234 0.621089 0.706998
vn -0.291004 0.644935 0.706665
vn -0.291784 0.646665 0.704760
vn -0.644630 0.290871 0.706998
vn -0.658330 0.258371 0.706998
vn -0.633797 0.305220 0.710733
vn -0.564009 0.427222 0.706664
vn -0.564009 0.427223 0.706665
vn -0.468171 0.530505 0.706669
vn -0.468172 0.530504 0.706668
vn -0.353773 0.612755 0.706665
vn -0.413026 0.574486 0.706665
vn -0.368762 0.603463 0.706998
vn -0.398392 0.584326 0.706998
vn -0.354722 0.614397 0.704762
vn -0.353774 0.612755 0.706665
vn -0.670389 0.225240 0.706998
vn -0.680783 0.191542 0.706998
vn -0.661038 0.240598 0.710733
vn -0.603743 0.368941 0.706666
vn -0.603747 0.368938 0.706665
vn -0.518668 0.481251 0.706669
vn -0.518670 0.481250 0.706668
vn -0.427021 0.563743 0.706999
vn -0.454591 0.541757 0.706999
vn -0.413027 0.574484 0.706666
vn -0.414135 0.576024 0.704762
vn -0.689485 0.157370 0.706997
vn -0.696471 0.122811 0.706997
vn -0.681709 0.173586 0.710733
vn -0.637477 0.306994 0.706666
vn -0.637479 0.306993 0.706666
vn -0.564005 0.427221 0.706669
vn -0.564006 0.427220 0.706668
vn -0.481027 0.518427 0.706998
vn -0.506269 0.493806 0.706998
vn -0.468173 0.530506 0.706667
vn -0.469430 0.531927 0.704762
vn -0.468175 0.530505 0.706666
vn -0.701728 0.087937 0.706998
vn -0.705239 0.052848 0.706998
vn -0.702587 0.035063 0.710733
vn -0.695604 0.104846 0.710734
vn -0.664878 0.241996 0.706665
vn -0.664877 0.241997 0.706665
vn -0.637476 0.306994 0.706668
vn -0.603742 0.368938 0.706668
vn -0.603744 0.368937 0.706668
vn -0.518666 0.481257 0.706667
vn -0.530258 0.467951 0.706999
vn -0.552920 0.440944 0.706999
vn -0.520057 0.482547 0.704761
vn -0.518673 0.481252 0.706664
vn -0.685668 0.174594 0.706665
vn -0.699645 0.105455 0.706665
vn -0.685669 0.174593 0.706665
vn -0.637476 0.306992 0.706668
vn -0.603744 0.368939 0.706666
vn -0.564007 0.427222 0.706666
vn -0.574216 0.412832 0.706998
vn -0.594081 0.383696 0.706998
vn -0.565524 0.428363 0.704761
vn -0.564013 0.427218 0.706664
vn -0.706667 0.035267 0.706666
vn -0.699644 0.105451 0.706667
vn -0.706668 0.035269 0.706666
vn -0.664874 0.241996 0.706669
vn -0.664875 0.241995 0.706668
vn -0.603743 0.368943 0.706665
vn -0.612464 0.353612 0.706998
vn -0.629331 0.322640 0.706998
vn -0.605361 0.369932 0.704761
vn -0.685665 0.174592 0.706669
vn -0.685666 0.174591 0.706669
vn -0.639189 0.307814 0.704761
vn -0.644631 0.290872 0.706997
vn -0.658331 0.258372 0.706997
vn -0.637479 0.306993 0.706666
vn -0.637480 0.306991 0.706665
vn -0.699643 0.105451 0.706668
vn -0.706666 0.035269 0.706668
vn -0.706666 0.035268 0.706668
vn -0.699641 0.105455 0.706669
vn -0.664877 0.241996 0.706666
vn -0.670390 0.225238 0.706997
vn -0.680785 0.191538 0.706997
vn -0.666661 0.242644 0.704760
vn -0.664878 0.241995 0.706666
vn -0.685669 0.174591 0.706665
vn -0.685668 0.174594 0.706666
vn -0.689483 0.157375 0.706998
vn -0.696471 0.122809 0.706998
vn -0.687506 0.175062 0.704761
vn -0.706668 0.035266 0.706666
vn -0.706669 0.035268 0.706665
vn -0.699645 0.105455 0.706665
vn -0.699645 0.105455 0.706665
vn -0.701521 0.105738 0.704760
vn -0.701728 0.087934 0.706998
vn -0.705238 0.052853 0.706998
vn -0.708564 0.035361 0.704760
vn -0.706994 -0.017633 0.706999
vn -0.706995 -0.017609 0.707000
vn -0.706994 0.017633 0.706999
vn -0.706995 0.017609 0.707000
vn -0.705241 -0.052853 0.706995
vn -0.701730 -0.087937 0.706995
vn -0.702588 -0.035057 0.710733
vn -0.696471 -0.122793 0.707001
vn -0.689480 -0.157374 0.707001
vn -0.695604 -0.104853 0.710732
vn -0.680781 -0.191548 0.706998
vn -0.670389 -0.225240 0.706998
vn -0.681707 -0.173582 0.710735
vn -0.706672 -0.035277 0.706661
vn -0.706667 -0.035260 0.706668
vn -0.658331 -0.258366 0.706999
vn -0.644627 -0.290875 0.706999
vn -0.661038 -0.240598 0.710733
vn -0.699645 -0.105462 0.706664
vn -0.699643 -0.105451 0.706668
vn -0.629331 -0.322633 0.707001
vn -0.612462 -0.353610 0.707001
vn -0.633794 -0.305225 0.710734
vn -0.685669 -0.174591 0.706666
vn -0.685669 -0.174597 0.706664
vn -0.706664 -0.035263 0.706670
vn -0.706668 -0.035276 0.706665
vn -0.594080 -0.383691 0.707001
vn -0.574208 -0.412838 0.707000
vn -0.600257 -0.366807 0.710735
vn -0.664875 -0.241995 0.706668
vn -0.664875 -0.242000 0.706666
vn -0.699645 -0.105456 0.706665
vn -0.699645 -0.105451 0.706666
vn -0.552925 -0.440941 0.706997
vn -0.530255 -0.467959 0.706997
vn -0.560756 -0.424749 0.710733
vn -0.637477 -0.306991 0.706668
vn -0.637477 -0.306999 0.706665
vn -0.685664 -0.174595 0.706669
vn -0.685665 -0.174603 0.706666
vn -0.706667 -0.035266 0.706667
vn -0.708564 -0.035361 0.704760
vn -0.705233 -0.052877 0.707001
vn -0.701729 -0.087898 0.707001
vn -0.706666 -0.035263 0.706668
vn -0.699642 -0.105455 0.706668
vn -0.506279 -0.493795 0.706999
vn -0.481023 -0.518430 0.706999
vn -0.515674 -0.478478 0.710732
vn -0.603747 -0.368940 0.706663
vn -0.603748 -0.368935 0.706665
vn -0.664877 -0.242000 0.706665
vn -0.664877 -0.241987 0.706669
vn -0.699641 -0.105459 0.706669
vn -0.701523 -0.105743 0.704758
vn -0.696470 -0.122821 0.706997
vn -0.689490 -0.157352 0.706997
vn -0.454592 -0.541756 0.706998
vn -0.427015 -0.563749 0.706998
vn -0.465473 -0.527441 0.710733
vn -0.564012 -0.427215 0.706666
vn -0.564010 -0.427223 0.706663
vn -0.637479 -0.306991 0.706666
vn -0.637478 -0.306997 0.706665
vn -0.687510 -0.175063 0.704757
vn -0.685665 -0.174603 0.706666
vn -0.685665 -0.174593 0.706669
vn -0.680770 -0.191583 0.706999
vn -0.670392 -0.225227 0.706999
vn -0.398394 -0.584327 0.706997
vn -0.368766 -0.603462 0.706997
vn -0.410644 -0.571167 0.710732
vn -0.518669 -0.481256 0.706665
vn -0.518670 -0.481253 0.706666
vn -0.603747 -0.368933 0.706667
vn -0.603747 -0.368935 0.706666
vn -0.664879 -0.241988 0.706667
vn -0.666662 -0.242639 0.704761
vn -0.658324 -0.258381 0.707000
vn -0.644637 -0.290850 0.707000
vn -0.664879 -0.241990 0.706666
vn -0.338226 -0.621094 0.706998
vn -0.306856 -0.637176 0.706998
vn -0.351728 -0.609218 0.710733
vn -0.468173 -0.530509 0.706665
vn -0.468175 -0.530504 0.706667
vn -0.563999 -0.427233 0.706666
vn -0.564004 -0.427218 0.706671
vn -0.639190 -0.307810 0.704761
vn -0.637480 -0.306986 0.706667
vn -0.629339 -0.322626 0.706997
vn -0.612464 -0.353613 0.706998
vn -0.637478 -0.306997 0.706664
vn -0.289324 -0.641208 0.710735
vn -0.274699 -0.651687 0.706997
vn -0.241885 -0.664565 0.706997
vn -0.413026 -0.574485 0.706666
vn -0.413027 -0.574482 0.706667
vn -0.518670 -0.481246 0.706671
vn -0.518668 -0.481251 0.706669
vn -0.603740 -0.368951 0.706663
vn -0.605358 -0.369940 0.704760
vn -0.594076 -0.383705 0.706996
vn -0.574217 -0.412832 0.706996
vn -0.563997 -0.427231 0.706669
vn -0.603745 -0.368932 0.706669
vn -0.208453 -0.675798 0.706997
vn -0.174520 -0.685345 0.706997
vn -0.224044 -0.666830 0.710733
vn -0.353774 -0.612752 0.706667
vn -0.353771 -0.612757 0.706665
vn -0.468171 -0.530506 0.706668
vn -0.468173 -0.530502 0.706669
vn -0.552907 -0.440958 0.707001
vn -0.530275 -0.467929 0.707001
vn -0.565527 -0.428360 0.704760
vn -0.564017 -0.427216 0.706662
vn -0.140129 -0.693194 0.706997
vn -0.105398 -0.699318 0.706997
vn -0.156537 -0.685823 0.710734
vn -0.291006 -0.644935 0.706664
vn -0.291008 -0.644933 0.706665
vn -0.413027 -0.574481 0.706668
vn -0.413025 -0.574484 0.706667
vn -0.518667 -0.481262 0.706662
vn -0.506247 -0.493827 0.707000
vn -0.481047 -0.518407 0.706999
vn -0.518673 -0.481249 0.706666
vn -0.520056 -0.482551 0.704759
vn -0.070418 -0.703703 0.706996
vn -0.035255 -0.706338 0.706996
vn -0.087471 -0.698004 0.710731
vn -0.225342 -0.670706 0.706664
vn -0.225345 -0.670704 0.706665
vn -0.353773 -0.612753 0.706667
vn -0.291007 -0.644931 0.706668
vn -0.353774 -0.612752 0.706667
vn -0.454594 -0.541755 0.706998
vn -0.468179 -0.530500 0.706667
vn -0.427001 -0.563760 0.706998
vn -0.468176 -0.530505 0.706665
vn -0.469436 -0.531924 0.704760
vn 0.000000 -0.707215 0.706998
vn 0.035255 -0.706336 0.706998
vn -0.017535 -0.703243 0.710733
vn -0.157446 -0.689806 0.706667
vn -0.157442 -0.689809 0.706666
vn -0.291003 -0.644931 0.706669
vn -0.353773 -0.612753 0.706667
vn -0.413028 -0.574482 0.706667
vn -0.414129 -0.576026 0.704763
vn -0.413023 -0.574488 0.706665
vn -0.398408 -0.584318 0.706997
vn -0.368752 -0.603471 0.706997
vn 0.052566 -0.701496 0.710733
vn 0.070418 -0.703703 0.706996
vn 0.105398 -0.699320 0.706996
vn -0.087979 -0.702055 0.706667
vn -0.087980 -0.702055 0.706667
vn -0.225341 -0.670703 0.706667
vn -0.225346 -0.670700 0.706669
vn -0.354721 -0.614398 0.704762
vn -0.338237 -0.621088 0.706997
vn -0.306857 -0.637176 0.706998
vn -0.353771 -0.612753 0.706667
vn 0.122158 -0.692773 0.710734
vn 0.140128 -0.693192 0.707000
vn 0.174519 -0.685343 0.707000
vn -0.017638 -0.707327 0.706666
vn -0.017637 -0.707328 0.706666
vn -0.087980 -0.702055 0.706667
vn -0.157442 -0.689808 0.706666
vn -0.157443 -0.689807 0.706667
vn -0.274711 -0.651682 0.706997
vn -0.241878 -0.664568 0.706997
vn -0.291787 -0.646664 0.704760
vn -0.291006 -0.644932 0.706667
vn -0.225347 -0.670702 0.706666
vn -0.291004 -0.644934 0.706666
vn 0.208452 -0.675796 0.706999
vn 0.241884 -0.664563 0.706999
vn 0.190528 -0.677168 0.710734
vn 0.052872 -0.705569 0.706666
vn 0.052872 -0.705569 0.706666
vn -0.087973 -0.702054 0.706669
vn -0.225346 -0.670702 0.706667
vn -0.225951 -0.672502 0.704760
vn -0.208460 -0.675796 0.706997
vn -0.174498 -0.685351 0.706997
vn 0.257000 -0.654835 0.710733
vn 0.274698 -0.651685 0.706999
vn 0.306855 -0.637175 0.706999
vn 0.122864 -0.696798 0.706666
vn 0.122868 -0.696799 0.706664
vn -0.017638 -0.707325 0.706668
vn -0.017640 -0.707324 0.706669
vn 0.052872 -0.705566 0.706669
vn -0.157444 -0.689809 0.706665
vn -0.140134 -0.693191 0.707000
vn -0.105411 -0.699314 0.707000
vn -0.157873 -0.691655 0.704762
vn -0.157451 -0.689805 0.706667
vn 0.338227 -0.621094 0.706997
vn 0.368766 -0.603462 0.706997
vn 0.320925 -0.625992 0.710733
vn 0.191636 -0.681105 0.706663
vn 0.258494 -0.658642 0.706662
vn 0.191630 -0.681104 0.706665
vn 0.052871 -0.705567 0.706668
vn -0.070409 -0.703700 0.706999
vn -0.035267 -0.706334 0.706999
vn -0.087977 -0.702058 0.706665
vn -0.087974 -0.702059 0.706664
vn -0.088213 -0.703938 0.704762
vn 0.381663 -0.590924 0.710734
vn 0.398394 -0.584326 0.706998
vn 0.427015 -0.563749 0.706997
vn 0.258498 -0.658638 0.706664
vn 0.122867 -0.696795 0.706668
vn 0.122863 -0.696795 0.706670
vn -0.017640 -0.707328 0.706666
vn 0.052871 -0.705570 0.706666
vn -0.017633 -0.707330 0.706664
vn -0.017680 -0.709226 0.704760
vn 0.000000 -0.707218 0.706996
vn 0.035268 -0.706338 0.706996
vn 0.454593 -0.541757 0.706997
vn 0.481025 -0.518431 0.706997
vn 0.438598 -0.549990 0.710734
vn 0.322789 -0.629626 0.706667
vn 0.322797 -0.629625 0.706664
vn 0.383879 -0.594355 0.706667
vn 0.191627 -0.681100 0.706670
vn 0.191629 -0.681100 0.706669
vn 0.258496 -0.658634 0.706669
vn 0.053012 -0.707461 0.704761
vn 0.070409 -0.703702 0.706998
vn 0.105411 -0.699315 0.706998
vn 0.052870 -0.705570 0.706665
vn 0.491184 -0.503583 0.710734
vn 0.506281 -0.493797 0.706997
vn 0.530255 -0.467959 0.706997
vn 0.383876 -0.594359 0.706665
vn 0.322794 -0.629619 0.706671
vn 0.258501 -0.658629 0.706671
vn 0.123193 -0.698666 0.704762
vn 0.122864 -0.696799 0.706665
vn 0.122868 -0.696800 0.706664
vn 0.140134 -0.693191 0.707000
vn 0.174497 -0.685348 0.707000
vn 0.552926 -0.440942 0.706996
vn 0.574212 -0.412841 0.706996
vn 0.538881 -0.452180 0.710732
vn 0.441148 -0.553183 0.706666
vn 0.441145 -0.553184 0.706667
vn 0.322785 -0.629628 0.706667
vn 0.258503 -0.658634 0.706666
vn 0.191641 -0.681103 0.706663
vn 0.192154 -0.682927 0.704760
vn 0.208459 -0.675796 0.706997
vn 0.241878 -0.664568 0.706997
vn 0.191628 -0.681103 0.706666
vn 0.581231 -0.396265 0.710735
vn 0.594081 -0.383691 0.707000
vn 0.612462 -0.353611 0.707000
vn 0.494033 -0.506510 0.706667
vn 0.494037 -0.506508 0.706666
vn 0.383875 -0.594358 0.706667
vn 0.383876 -0.594358 0.706667
vn 0.274711 -0.651682 0.706997
vn 0.306857 -0.637177 0.706997
vn 0.258496 -0.658639 0.706664
vn 0.259190 -0.660405 0.704759
vn 0.617791 -0.336436 0.710736
vn 0.629333 -0.322634 0.706999
vn 0.644628 -0.290875 0.706999
vn 0.542010 -0.454805 0.706667
vn 0.542013 -0.454803 0.706666
vn 0.441148 -0.553182 0.706667
vn 0.441146 -0.553183 0.706667
vn 0.322787 -0.629630 0.706664
vn 0.322786 -0.629630 0.706665
vn 0.323652 -0.631317 0.704761
vn 0.383877 -0.594360 0.706665
vn 0.338235 -0.621086 0.707000
vn 0.368751 -0.603468 0.707000
vn 0.658333 -0.258367 0.706996
vn 0.670390 -0.225240 0.706996
vn 0.648220 -0.273252 0.710735
vn 0.584612 -0.398570 0.706662
vn 0.584599 -0.398579 0.706667
vn 0.621385 -0.338393 0.706662
vn 0.494032 -0.506510 0.706668
vn 0.494038 -0.506507 0.706666
vn 0.384907 -0.595952 0.704761
vn 0.383878 -0.594359 0.706665
vn 0.398405 -0.584314 0.707001
vn 0.426999 -0.563757 0.707001
vn 0.672210 -0.207346 0.710733
vn 0.680780 -0.191547 0.706999
vn 0.689482 -0.157374 0.706999
vn 0.651985 -0.274840 0.706667
vn 0.621387 -0.338378 0.706667
vn 0.542011 -0.454801 0.706668
vn 0.542011 -0.454801 0.706668
vn 0.441155 -0.553180 0.706665
vn 0.442338 -0.554663 0.704760
vn 0.441146 -0.553183 0.706667
vn 0.454595 -0.541756 0.706997
vn 0.481050 -0.518409 0.706996
vn 0.696474 -0.122794 0.706998
vn 0.701728 -0.087937 0.706997
vn 0.689511 -0.139388 0.710736
vn 0.676112 -0.208549 0.706669
vn 0.651986 -0.274835 0.706669
vn 0.621385 -0.338376 0.706670
vn 0.584601 -0.398574 0.706668
vn 0.584597 -0.398577 0.706670
vn 0.495352 -0.507873 0.704764
vn 0.506248 -0.493829 0.706998
vn 0.494039 -0.506509 0.706664
vn 0.530278 -0.467931 0.706998
vn 0.494027 -0.506515 0.706668
vn 0.699966 -0.070037 0.710734
vn 0.705236 -0.052853 0.707000
vn 0.706994 -0.017633 0.707000
vn 0.676112 -0.208553 0.706667
vn 0.621382 -0.338396 0.706664
vn 0.543462 -0.456022 0.704765
vn 0.542013 -0.454806 0.706664
vn 0.584606 -0.398577 0.706663
vn 0.542015 -0.454804 0.706663
vn 0.552908 -0.440959 0.707000
vn 0.574215 -0.412830 0.707000
vn 0.703459 -0.000000 0.710736
vn 0.706994 0.017633 0.707000
vn 0.705236 0.052853 0.707000
vn 0.693519 -0.140198 0.706665
vn 0.693515 -0.140204 0.706667
vn 0.651988 -0.274836 0.706666
vn 0.651994 -0.274829 0.706663
vn 0.676113 -0.208553 0.706666
vn 0.584610 -0.398565 0.706666
vn 0.586178 -0.399634 0.704761
vn 0.621379 -0.338394 0.706666
vn 0.594077 -0.383706 0.706996
vn 0.612466 -0.353614 0.706996
vn 0.699966 0.070037 0.710734
vn 0.701728 0.087937 0.706997
vn 0.696474 0.122794 0.706998
vn 0.704036 -0.070444 0.706662
vn 0.704032 -0.070451 0.706665
vn 0.676113 -0.208557 0.706665
vn 0.621379 -0.338393 0.706667
vn 0.623048 -0.339302 0.704759
vn 0.629338 -0.322625 0.706999
vn 0.644639 -0.290851 0.706998
vn 0.689482 0.157374 0.706999
vn 0.680780 0.191547 0.706999
vn 0.689511 0.139388 0.710736
vn 0.707551 0.000000 0.706662
vn 0.707551 -0.000000 0.706662
vn 0.693520 -0.140197 0.706665
vn 0.693516 -0.140204 0.706667
vn 0.651994 -0.274829 0.706663
vn 0.651985 -0.274841 0.706667
vn 0.676115 -0.208558 0.706663
vn 0.653731 -0.275577 0.704764
vn 0.658323 -0.258381 0.707001
vn 0.670390 -0.225226 0.707001
vn 0.672210 0.207346 0.710733
vn 0.670390 0.225240 0.706996
vn 0.658333 0.258367 0.706996
vn 0.704033 0.070444 0.706665
vn 0.704035 0.070451 0.706662
vn 0.704027 -0.070451 0.706670
vn 0.704030 -0.070443 0.706667
vn 0.676115 -0.208541 0.706668
vn 0.677927 -0.209100 0.704764
vn 0.680775 -0.191584 0.706994
vn 0.689492 -0.157352 0.706995
vn 0.644628 0.290875 0.706999
vn 0.629333 0.322634 0.706999
vn 0.648220 0.273252 0.710735
vn 0.693517 0.140198 0.706667
vn 0.693518 0.140205 0.706665
vn 0.707543 0.000000 0.706670
vn 0.707543 -0.000000 0.706670
vn 0.693520 -0.140197 0.706665
vn 0.693515 -0.140206 0.706668
vn 0.695377 -0.140582 0.704761
vn 0.696469 -0.122821 0.706997
vn 0.701733 -0.087898 0.706997
vn 0.612462 0.353611 0.707000
vn 0.594081 0.383691 0.707000
vn 0.617791 0.336436 0.710736
vn 0.676112 0.208549 0.706669
vn 0.676112 0.208553 0.706667
vn 0.693516 0.140204 0.706667
vn 0.704030 0.070451 0.706668
vn 0.704028 0.070443 0.706670
vn 0.705915 -0.070642 0.704765
vn 0.704036 -0.070444 0.706662
vn 0.704032 -0.070453 0.706665
vn 0.705234 -0.052877 0.707000
vn 0.706995 -0.017609 0.707000
vn 0.581231 0.396265 0.710735
vn 0.574212 0.412841 0.706996
vn 0.552926 0.440942 0.706996
vn 0.651986 0.274835 0.706669
vn 0.651985 0.274840 0.706667
vn 0.693520 0.140197 0.706665
vn 0.676114 0.208553 0.706665
vn 0.707551 0.000000 0.706662
vn 0.707551 -0.000000 0.706662
vn 0.709440 -0.000000 0.704765
vn 0.706995 0.017609 0.707000
vn 0.705234 0.052877 0.707000
vn 0.538881 0.452180 0.710732
vn 0.530255 0.467959 0.706997
vn 0.506281 0.493797 0.706997
vn 0.621387 0.338378 0.706667
vn 0.621385 0.338393 0.706662
vn 0.651988 0.274836 0.706666
vn 0.676111 0.208557 0.706666
vn 0.701733 0.087898 0.706997
vn 0.696469 0.122821 0.706997
vn 0.705915 0.070642 0.704765
vn 0.704035 0.070453 0.706662
vn 0.704033 0.070444 0.706665
vn 0.481025 0.518431 0.706997
vn 0.454593 0.541757 0.706997
vn 0.491184 0.503583 0.710734
vn 0.584604 0.398582 0.706662
vn 0.584607 0.398567 0.706667
vn 0.651994 0.274829 0.706663
vn 0.689492 0.157352 0.706995
vn 0.680775 0.191584 0.706994
vn 0.693517 0.140197 0.706667
vn 0.693518 0.140206 0.706665
vn 0.695377 0.140582 0.704761
vn 0.427015 0.563749 0.706997
vn 0.398394 0.584326 0.706998
vn 0.438598 0.549990 0.710734
vn 0.542012 0.454801 0.706667
vn 0.542011 0.454806 0.706666
vn 0.621385 0.338376 0.706670
vn 0.584597 0.398577 0.706670
vn 0.621382 0.338396 0.706664
vn 0.677927 0.209100 0.704764
vn 0.670390 0.225226 0.707001
vn 0.658323 0.258381 0.707001
vn 0.676115 0.208558 0.706663
vn 0.676115 0.208541 0.706668
vn 0.381663 0.590924 0.710734
vn 0.368766 0.603462 0.706997
vn 0.338227 0.621094 0.706997
vn 0.494036 0.506507 0.706667
vn 0.494034 0.506512 0.706666
vn 0.584601 0.398574 0.706668
vn 0.644639 0.290851 0.706998
vn 0.629338 0.322625 0.706999
vn 0.653731 0.275577 0.704764
vn 0.651991 0.274828 0.706667
vn 0.651989 0.274842 0.706663
vn 0.320925 0.625992 0.710733
vn 0.306855 0.637175 0.706999
vn 0.274698 0.651685 0.706999
vn 0.441146 0.553185 0.706666
vn 0.441148 0.553182 0.706667
vn 0.383880 0.594357 0.706666
vn 0.542011 0.454801 0.706668
vn 0.494032 0.506510 0.706668
vn 0.542011 0.454801 0.706668
vn 0.612466 0.353614 0.706996
vn 0.594077 0.383706 0.706996
vn 0.623048 0.339302 0.704759
vn 0.621379 0.338394 0.706666
vn 0.621379 0.338393 0.706667
vn 0.257000 0.654835 0.710733
vn 0.241884 0.664563 0.706999
vn 0.208452 0.675796 0.706999
vn 0.383875 0.594358 0.706667
vn 0.441148 0.553182 0.706667
vn 0.494038 0.506507 0.706666
vn 0.574215 0.412830 0.707000
vn 0.552908 0.440959 0.707000
vn 0.584606 0.398577 0.706663
vn 0.586178 0.399634 0.704761
vn 0.584610 0.398565 0.706666
vn 0.190528 0.677168 0.710734
vn 0.174519 0.685343 0.707000
vn 0.140128 0.693192 0.707000
vn 0.322790 0.629629 0.706664
vn 0.258493 0.658640 0.706664
vn 0.322796 0.629622 0.706667
vn 0.441146 0.553183 0.706667
vn 0.530278 0.467931 0.706998
vn 0.506248 0.493829 0.706998
vn 0.543462 0.456022 0.704765
vn 0.542013 0.454806 0.706663
vn 0.542014 0.454804 0.706664
vn 0.122158 0.692773 0.710734
vn 0.105398 0.699320 0.706996
vn 0.070418 0.703703 0.706996
vn 0.258499 0.658640 0.706662
vn 0.383875 0.594357 0.706667
vn 0.383875 0.594358 0.706667
vn 0.441146 0.553183 0.706667
vn 0.481050 0.518409 0.706996
vn 0.494030 0.506518 0.706663
vn 0.454595 0.541756 0.706997
vn 0.495352 0.507873 0.704764
vn 0.494037 0.506506 0.706667
vn 0.052566 0.701496 0.710732
vn 0.035255 0.706336 0.706998
vn 0.000000 0.707215 0.706998
vn 0.191631 0.681106 0.706663
vn 0.191635 0.681103 0.706664
vn 0.258495 0.658632 0.706671
vn 0.322785 0.629628 0.706667
vn 0.322794 0.629619 0.706671
vn 0.441155 0.553180 0.706665
vn 0.426999 0.563757 0.707001
vn 0.398405 0.584314 0.707001
vn 0.442338 0.554663 0.704760
vn -0.035255 0.706338 0.706996
vn -0.070418 0.703703 0.706996
vn -0.017535 0.703243 0.710733
vn 0.122864 0.696800 0.706664
vn 0.122867 0.696798 0.706666
vn 0.258502 0.658632 0.706669
vn 0.191629 0.681100 0.706669
vn 0.384907 0.595952 0.704761
vn 0.368751 0.603468 0.707000
vn 0.338235 0.621086 0.707000
vn 0.383877 0.594360 0.706665
vn 0.383878 0.594359 0.706665
vn -0.105398 0.699318 0.706997
vn -0.140129 0.693194 0.706997
vn -0.087471 0.698004 0.710731
vn 0.052872 0.705569 0.706666
vn 0.052872 0.705570 0.706666
vn 0.191627 0.681100 0.706670
vn 0.322786 0.629631 0.706664
vn 0.306857 0.637177 0.706997
vn 0.274711 0.651682 0.706997
vn 0.322787 0.629630 0.706665
vn 0.323652 0.631317 0.704761
vn -0.174520 0.685345 0.706997
vn -0.208453 0.675798 0.706997
vn -0.156537 0.685823 0.710734
vn -0.017638 0.707328 0.706666
vn -0.017637 0.707327 0.706666
vn 0.122867 0.696794 0.706670
vn 0.122864 0.696796 0.706668
vn 0.258503 0.658634 0.706666
vn 0.241878 0.664568 0.706997
vn 0.259190 0.660405 0.704759
vn 0.208459 0.675796 0.706997
vn 0.258496 0.658639 0.706664
vn -0.241885 0.664565 0.706997
vn -0.274699 0.651687 0.706997
vn -0.224044 0.666830 0.710733
vn -0.087979 0.702055 0.706667
vn -0.087980 0.702055 0.706667
vn 0.052872 0.705566 0.706669
vn 0.052871 0.705567 0.706668
vn 0.191629 0.681106 0.706663
vn 0.174497 0.685348 0.707000
vn 0.140134 0.693191 0.707000
vn 0.192154 0.682927 0.704760
vn 0.191640 0.681099 0.706667
vn -0.306856 0.637176 0.706998
vn -0.338226 0.621094 0.706998
vn -0.289324 0.641208 0.710735
vn -0.157446 0.689807 0.706666
vn -0.157441 0.689807 0.706667
vn -0.087980 0.702053 0.706669
vn -0.017640 0.707325 0.706668
vn -0.017638 0.707324 0.706669
vn 0.105411 0.699315 0.706998
vn 0.070409 0.703702 0.706998
vn 0.123193 0.698666 0.704762
vn 0.122868 0.696799 0.706665
vn 0.122864 0.696801 0.706663
vn -0.368766 0.603462 0.706997
vn -0.398394 0.584327 0.706997
vn -0.351728 0.609218 0.710733
vn -0.225346 0.670705 0.706664
vn -0.225342 0.670705 0.706665
vn -0.157442 0.689808 0.706666
vn -0.087974 0.702056 0.706666
vn 0.053012 0.707461 0.704761
vn 0.035268 0.706338 0.706996
vn 0.000000 0.707218 0.706996
vn 0.052871 0.705570 0.706666
vn 0.052870 0.705570 0.706665
vn -0.427015 0.563749 0.706998
vn -0.454592 0.541756 0.706998
vn -0.410644 0.571167 0.710732
vn -0.353771 0.612757 0.706665
vn -0.291009 0.644934 0.706664
vn -0.291006 0.644934 0.706665
vn -0.157443 0.689807 0.706667
vn -0.087974 0.702059 0.706664
vn -0.017633 0.707328 0.706666
vn -0.035267 0.706334 0.706999
vn -0.070409 0.703700 0.706999
vn -0.017680 0.709226 0.704759
vn -0.017640 0.707330 0.706664
vn -0.465473 0.527441 0.710733
vn -0.481023 0.518430 0.706999
vn -0.506279 0.493795 0.706999
vn -0.353774 0.612752 0.706667
vn -0.225341 0.670702 0.706669
vn -0.225347 0.670702 0.706667
vn -0.291007 0.644929 0.706669
vn -0.088213 0.703938 0.704762
vn -0.105411 0.699314 0.707000
vn -0.140134 0.693191 0.707000
vn -0.157444 0.689809 0.706665
vn -0.087977 0.702058 0.706665
vn -0.530255 0.467959 0.706997
vn -0.552925 0.440941 0.706997
vn -0.515674 0.478478 0.710732
vn -0.413025 0.574484 0.706667
vn -0.413028 0.574483 0.706666
vn -0.291003 0.644933 0.706668
vn -0.157451 0.689805 0.706667
vn -0.157873 0.691655 0.704762
vn -0.174498 0.685351 0.706997
vn -0.208460 0.675796 0.706997
vn -0.574208 0.412838 0.707000
vn -0.594080 0.383691 0.707001
vn -0.560756 0.424749 0.710733
vn -0.468177 0.530505 0.706665
vn -0.468171 0.530507 0.706667
vn -0.353774 0.612752 0.706667
vn -0.353773 0.612753 0.706668
vn -0.225347 0.670702 0.706666
vn -0.291004 0.644934 0.706666
vn -0.225346 0.670702 0.706667
vn -0.241878 0.664568 0.706997
vn -0.274711 0.651682 0.706997
vn -0.225951 0.672502 0.704760
vn -0.612462 0.353610 0.707001
vn -0.629331 0.322633 0.707001
vn -0.600257 0.366807 0.710735
vn -0.518668 0.481255 0.706666
vn -0.518671 0.481254 0.706665
vn -0.413025 0.574483 0.706668
vn -0.413028 0.574482 0.706667
vn -0.291787 0.646664 0.704760
vn -0.306857 0.637176 0.706998
vn -0.338237 0.621088 0.706997
vn -0.353773 0.612753 0.706668
vn -0.291006 0.644932 0.706667
vn -0.633794 0.305225 0.710734
vn -0.644627 0.290875 0.706999
vn -0.658331 0.258366 0.706999
vn -0.564014 0.427217 0.706664
vn -0.603747 0.368940 0.706663
vn -0.564008 0.427221 0.706667
vn -0.468170 0.530505 0.706669
vn -0.468174 0.530504 0.706668
vn -0.368752 0.603471 0.706997
vn -0.398408 0.584318 0.706997
vn -0.353772 0.612754 0.706667
vn -0.354721 0.614398 0.704762
vn -0.661038 0.240598 0.710733
vn -0.670389 0.225240 0.706998
vn -0.680781 0.191548 0.706998
vn -0.603748 0.368935 0.706665
vn -0.518667 0.481250 0.706671
vn -0.518672 0.481247 0.706669
vn -0.413029 0.574484 0.706665
vn -0.414129 0.576026 0.704763
vn -0.427001 0.563760 0.706998
vn -0.454594 0.541755 0.706998
vn -0.413022 0.574486 0.706667
vn -0.689480 0.157374 0.707001
vn -0.696471 0.122793 0.707001
vn -0.681707 0.173582 0.710735
vn -0.637474 0.306997 0.706668
vn -0.637480 0.306992 0.706665
vn -0.563995 0.427230 0.706671
vn -0.564008 0.427221 0.706666
vn -0.481047 0.518407 0.706999
vn -0.506247 0.493827 0.707000
vn -0.468175 0.530504 0.706667
vn -0.469436 0.531924 0.704760
vn -0.468180 0.530502 0.706665
vn -0.702588 0.035057 0.710733
vn -0.701730 0.087937 0.706995
vn -0.705241 0.052853 0.706995
vn -0.695604 0.104853 0.710732
vn -0.664877 0.241995 0.706666
vn -0.664874 0.241999 0.706668
vn -0.603746 0.368934 0.706667
vn -0.603748 0.368933 0.706666
vn -0.530275 0.467929 0.707001
vn -0.552907 0.440958 0.707001
vn -0.518663 0.481259 0.706667
vn -0.518676 0.481251 0.706663
vn -0.520056 0.482551 0.704759
vn -0.699645 0.105462 0.706664
vn -0.685667 0.174596 0.706666
vn -0.685670 0.174591 0.706664
vn -0.637476 0.306996 0.706667
vn -0.637480 0.306992 0.706665
vn -0.603745 0.368932 0.706669
vn -0.564017 0.427216 0.706662
vn -0.574217 0.412832 0.706996
vn -0.594076 0.383705 0.706996
vn -0.565527 0.428360 0.704760
vn -0.563997 0.427231 0.706669
vn -0.706672 0.035277 0.706661
vn -0.706667 0.035260 0.706668
vn -0.699643 0.105451 0.706668
vn -0.664881 0.241989 0.706664
vn -0.664873 0.241999 0.706668
vn -0.603740 0.368951 0.706663
vn -0.605358 0.369940 0.704760
vn -0.612464 0.353613 0.706998
vn -0.629339 0.322626 0.706997
vn -0.637478 0.306997 0.706664
vn -0.699645 0.105451 0.706666
vn -0.685663 0.174602 0.706669
vn -0.685667 0.174596 0.706666
vn -0.637480 0.306986 0.706667
vn -0.639190 0.307810 0.704761
vn -0.644637 0.290850 0.707000
vn -0.658324 0.258381 0.707000
vn -0.706668 0.035276 0.706665
vn -0.706664 0.035263 0.706670
vn -0.699645 0.105456 0.706665
vn -0.664878 0.241990 0.706667
vn -0.666662 0.242639 0.704761
vn -0.664879 0.241988 0.706666
vn -0.670392 0.225227 0.706999
vn -0.680770 0.191583 0.706999
vn -0.685663 0.174602 0.706669
vn -0.685668 0.174594 0.706666
vn -0.687510 0.175063 0.704757
vn -0.689490 0.157352 0.706997
vn -0.696470 0.122821 0.706997
vn -0.706667 0.035266 0.706667
vn -0.706666 0.035263 0.706668
vn -0.699642 0.105455 0.706668
vn -0.699641 0.105459 0.706669
vn -0.701523 0.105743 0.704759
vn -0.701729 0.087898 0.707001
vn -0.705233 0.052877 0.707001
vn -0.708564 0.035361 0.704760
vn -0.706995 -0.017633 0.706998
vn -0.706997 -0.017634 0.706997
vn -0.706995 0.017633 0.706998
vn -0.706997 0.017634 0.706997
vn -0.705239 -0.052848 0.706998
vn -0.701727 -0.087937 0.706998
vn -0.702587 -0.035063 0.710733
vn -0.696471 -0.122809 0.706998
vn -0.689484 -0.157370 0.706998
vn -0.695604 -0.104846 0.710734
vn -0.680783 -0.191541 0.706999
vn -0.670387 -0.225241 0.706999
vn -0.681708 -0.173585 0.710734
vn -0.706668 -0.035269 0.706666
vn -0.706667 -0.035267 0.706666
vn -0.658329 -0.258372 0.706999
vn -0.644630 -0.290869 0.706998
vn -0.661038 -0.240598 0.710733
vn -0.699645 -0.105456 0.706665
vn -0.699644 -0.105452 0.706667
vn -0.629332 -0.322638 0.706998
vn -0.612465 -0.353610 0.706998
vn -0.633797 -0.305220 0.710734
vn -0.685669 -0.174594 0.706665
vn -0.685669 -0.174593 0.706665
vn -0.706666 -0.035268 0.706668
vn -0.706666 -0.035269 0.706668
vn -0.594081 -0.383695 0.706998
vn -0.574213 -0.412835 0.706998
vn -0.600257 -0.366810 0.710733
vn -0.664879 -0.241996 0.706664
vn -0.664878 -0.241995 0.706665
vn -0.699642 -0.105451 0.706669
vn -0.699643 -0.105454 0.706668
vn -0.552925 -0.440939 0.706999
vn -0.530256 -0.467954 0.706999
vn -0.560751 -0.424754 0.710733
vn -0.603744 -0.368941 0.706666
vn -0.637479 -0.306996 0.706664
vn -0.637479 -0.306993 0.706666
vn -0.685666 -0.174592 0.706668
vn -0.685665 -0.174590 0.706669
vn -0.706668 -0.035266 0.706666
vn -0.708564 -0.035361 0.704760
vn -0.706669 -0.035268 0.706665
vn -0.705238 -0.052852 0.706998
vn -0.701728 -0.087935 0.706998
vn -0.506273 -0.493802 0.706999
vn -0.481026 -0.518427 0.706999
vn -0.515674 -0.478474 0.710734
vn -0.603745 -0.368939 0.706665
vn -0.664875 -0.241994 0.706669
vn -0.664875 -0.241994 0.706668
vn -0.701521 -0.105738 0.704760
vn -0.696471 -0.122809 0.706998
vn -0.689484 -0.157375 0.706998
vn -0.699645 -0.105455 0.706665
vn -0.699645 -0.105455 0.706665
vn -0.454590 -0.541758 0.706998
vn -0.427022 -0.563743 0.706998
vn -0.465471 -0.527442 0.710734
vn -0.564009 -0.427222 0.706665
vn -0.518670 -0.481254 0.706665
vn -0.564009 -0.427222 0.706665
vn -0.637476 -0.306993 0.706669
vn -0.637475 -0.306994 0.706668
vn -0.687507 -0.175062 0.704761
vn -0.680785 -0.191538 0.706997
vn -0.670389 -0.225242 0.706997
vn -0.685668 -0.174594 0.706665
vn -0.685668 -0.174591 0.706666
vn -0.398387 -0.584330 0.706998
vn -0.368768 -0.603460 0.706998
vn -0.410642 -0.571166 0.710734
vn -0.518670 -0.481254 0.706665
vn -0.564006 -0.427220 0.706669
vn -0.603741 -0.368940 0.706668
vn -0.603742 -0.368937 0.706669
vn -0.658331 -0.258372 0.706997
vn -0.644631 -0.290870 0.706997
vn -0.664877 -0.241995 0.706666
vn -0.666661 -0.242644 0.704761
vn -0.664877 -0.241995 0.706666
vn -0.338228 -0.621092 0.706998
vn -0.306849 -0.637179 0.706998
vn -0.351729 -0.609216 0.710734
vn -0.468174 -0.530506 0.706665
vn -0.468174 -0.530507 0.706665
vn -0.564009 -0.427217 0.706667
vn -0.639188 -0.307816 0.704760
vn -0.603743 -0.368941 0.706666
vn -0.629331 -0.322640 0.706998
vn -0.612467 -0.353607 0.706998
vn -0.637478 -0.306994 0.706666
vn -0.637478 -0.306993 0.706666
vn -0.274707 -0.651683 0.706998
vn -0.241884 -0.664565 0.706998
vn -0.289326 -0.641209 0.710734
vn -0.413027 -0.574485 0.706665
vn -0.413027 -0.574484 0.706666
vn -0.518668 -0.481252 0.706668
vn -0.518668 -0.481254 0.706667
vn -0.594079 -0.383698 0.706998
vn -0.574216 -0.412832 0.706998
vn -0.605363 -0.369929 0.704761
vn -0.603745 -0.368940 0.706665
vn -0.208455 -0.675796 0.706998
vn -0.174512 -0.685346 0.706998
vn -0.224042 -0.666830 0.710734
vn -0.353774 -0.612754 0.706666
vn -0.353773 -0.612755 0.706665
vn -0.468172 -0.530505 0.706668
vn -0.468172 -0.530505 0.706668
vn -0.413025 -0.574483 0.706668
vn -0.552923 -0.440942 0.706998
vn -0.530254 -0.467958 0.706998
vn -0.564011 -0.427219 0.706665
vn -0.565523 -0.428364 0.704761
vn -0.564011 -0.427219 0.706665
vn -0.140130 -0.693194 0.706998
vn -0.105407 -0.699316 0.706998
vn -0.156535 -0.685824 0.710734
vn -0.291007 -0.644934 0.706665
vn -0.291007 -0.644934 0.706665
vn -0.413026 -0.574483 0.706668
vn -0.520058 -0.482546 0.704762
vn -0.518668 -0.481256 0.706665
vn -0.506276 -0.493801 0.706998
vn -0.481027 -0.518428 0.706998
vn -0.518669 -0.481255 0.706666
vn -0.070415 -0.703701 0.706998
vn -0.035251 -0.706336 0.706998
vn -0.087470 -0.698001 0.710734
vn -0.225344 -0.670704 0.706665
vn -0.225344 -0.670704 0.706665
vn -0.353772 -0.612753 0.706668
vn -0.291005 -0.644931 0.706668
vn -0.353772 -0.612752 0.706668
vn -0.413027 -0.574485 0.706665
vn -0.468173 -0.530507 0.706665
vn -0.454587 -0.541760 0.706998
vn -0.427021 -0.563744 0.706998
vn -0.468173 -0.530507 0.706666
vn -0.469429 -0.531929 0.704761
vn 0.000000 -0.707215 0.706998
vn 0.035252 -0.706336 0.706998
vn -0.017538 -0.703242 0.710734
vn -0.157445 -0.689808 0.706665
vn -0.157444 -0.689809 0.706665
vn -0.225343 -0.670702 0.706668
vn -0.291005 -0.644931 0.706668
vn -0.413028 -0.574484 0.706665
vn -0.414135 -0.576024 0.704761
vn -0.398388 -0.584329 0.706998
vn -0.368771 -0.603458 0.706998
vn 0.070415 -0.703701 0.706998
vn 0.105407 -0.699316 0.706998
vn 0.052569 -0.701494 0.710734
vn -0.087979 -0.702057 0.706665
vn -0.087979 -0.702057 0.706665
vn -0.017640 -0.707328 0.706665
vn -0.225344 -0.670702 0.706668
vn -0.338224 -0.621094 0.706998
vn -0.306852 -0.637178 0.706998
vn -0.353774 -0.612755 0.706665
vn -0.353773 -0.612755 0.706665
vn -0.291007 -0.644934 0.706665
vn -0.354722 -0.614398 0.704761
vn 0.140130 -0.693194 0.706998
vn 0.174512 -0.685346 0.706998
vn 0.122154 -0.692775 0.710733
vn -0.017640 -0.707328 0.706665
vn 0.052875 -0.705570 0.706665
vn -0.157442 -0.689806 0.706668
vn -0.087978 -0.702054 0.706668
vn -0.157444 -0.689805 0.706668
vn -0.291786 -0.646663 0.704761
vn -0.291006 -0.644934 0.706666
vn -0.274705 -0.651683 0.706998
vn -0.241885 -0.664564 0.706998
vn 0.190527 -0.677169 0.710733
vn 0.208454 -0.675796 0.706998
vn 0.241884 -0.664564 0.706998
vn 0.052875 -0.705570 0.706665
vn -0.087981 -0.702054 0.706668
vn -0.225343 -0.670704 0.706666
vn -0.208452 -0.675797 0.706998
vn -0.225947 -0.672503 0.704761
vn -0.174511 -0.685347 0.706998
vn -0.225345 -0.670703 0.706666
vn 0.257003 -0.654834 0.710733
vn 0.274707 -0.651683 0.706998
vn 0.306848 -0.637180 0.706998
vn 0.122864 -0.696799 0.706665
vn 0.122865 -0.696799 0.706665
vn 0.191633 -0.681102 0.706666
vn -0.017638 -0.707326 0.706668
vn 0.052874 -0.705566 0.706668
vn -0.017640 -0.707325 0.706668
vn -0.157445 -0.689807 0.706666
vn -0.140135 -0.693193 0.706998
vn -0.105403 -0.699317 0.706998
vn -0.157868 -0.691657 0.704761
vn -0.087981 -0.702057 0.706665
vn -0.157443 -0.689809 0.706665
vn 0.320927 -0.625990 0.710734
vn 0.338229 -0.621091 0.706998
vn 0.368768 -0.603460 0.706998
vn 0.191632 -0.681103 0.706665
vn 0.122864 -0.696796 0.706668
vn 0.052874 -0.705566 0.706668
vn -0.088215 -0.703939 0.704761
vn -0.070418 -0.703701 0.706998
vn -0.035249 -0.706337 0.706998
vn -0.087979 -0.702056 0.706666
vn 0.398388 -0.584329 0.706998
vn 0.427020 -0.563744 0.706998
vn 0.381660 -0.590926 0.710734
vn 0.258497 -0.658638 0.706665
vn 0.258495 -0.658638 0.706666
vn 0.122864 -0.696796 0.706668
vn -0.017638 -0.707328 0.706665
vn -0.017641 -0.707328 0.706666
vn -0.017688 -0.709224 0.704761
vn 0.000000 -0.707215 0.706998
vn 0.035249 -0.706336 0.706998
vn 0.438601 -0.549988 0.710733
vn 0.454590 -0.541758 0.706998
vn 0.481028 -0.518427 0.706998
vn 0.383877 -0.594359 0.706665
vn 0.322792 -0.629627 0.706665
vn 0.322790 -0.629627 0.706666
vn 0.191631 -0.681100 0.706668
vn 0.191632 -0.681100 0.706668
vn 0.053017 -0.707461 0.704761
vn 0.070418 -0.703701 0.706998
vn 0.105403 -0.699316 0.706998
vn 0.052875 -0.705570 0.706665
vn 0.052875 -0.705570 0.706665
vn 0.491183 -0.503585 0.710734
vn 0.506271 -0.493804 0.706998
vn 0.530258 -0.467953 0.706998
vn 0.383877 -0.594359 0.706665
vn 0.258496 -0.658635 0.706668
vn 0.258495 -0.658635 0.706668
vn 0.322789 -0.629625 0.706668
vn 0.123195 -0.698667 0.704761
vn 0.122865 -0.696799 0.706665
vn 0.122864 -0.696799 0.706665
vn 0.140135 -0.693192 0.706998
vn 0.174511 -0.685346 0.706998
vn 0.538882 -0.452177 0.710733
vn 0.552923 -0.440943 0.706998
vn 0.574216 -0.412831 0.706998
vn 0.441150 -0.553183 0.706665
vn 0.441149 -0.553183 0.706665
vn 0.322790 -0.629624 0.706668
vn 0.383875 -0.594357 0.706668
vn 0.191632 -0.681103 0.706666
vn 0.192147 -0.682929 0.704761
vn 0.191633 -0.681103 0.706665
vn 0.208452 -0.675797 0.706998
vn 0.241885 -0.664564 0.706998
vn 0.581228 -0.396274 0.710733
vn 0.594078 -0.383699 0.706998
vn 0.612466 -0.353608 0.706998
vn 0.494036 -0.506510 0.706665
vn 0.494036 -0.506510 0.706665
vn 0.441147 -0.553180 0.706669
vn 0.383876 -0.594356 0.706669
vn 0.258497 -0.658637 0.706666
vn 0.258496 -0.658637 0.706666
vn 0.259190 -0.660403 0.704761
vn 0.274705 -0.651684 0.706998
vn 0.306852 -0.637178 0.706998
vn 0.629332 -0.322638 0.706998
vn 0.644631 -0.290870 0.706998
vn 0.617794 -0.336434 0.710734
vn 0.584604 -0.398575 0.706666
vn 0.542014 -0.454803 0.706665
vn 0.542013 -0.454803 0.706666
vn 0.441147 -0.553181 0.706668
vn 0.323656 -0.631315 0.704761
vn 0.322792 -0.629626 0.706666
vn 0.338225 -0.621095 0.706997
vn 0.368772 -0.603458 0.706997
vn 0.322791 -0.629627 0.706666
vn 0.383877 -0.594358 0.706666
vn 0.658328 -0.258375 0.706998
vn 0.670389 -0.225239 0.706998
vn 0.648223 -0.273248 0.710733
vn 0.584604 -0.398575 0.706666
vn 0.494034 -0.506508 0.706668
vn 0.494034 -0.506508 0.706668
vn 0.398388 -0.584329 0.706998
vn 0.427021 -0.563744 0.706998
vn 0.384906 -0.595952 0.704761
vn 0.383877 -0.594359 0.706665
vn 0.672208 -0.207348 0.710734
vn 0.680783 -0.191541 0.706998
vn 0.689484 -0.157370 0.706998
vn 0.621383 -0.338388 0.706666
vn 0.621383 -0.338388 0.706666
vn 0.651988 -0.274836 0.706666
vn 0.542012 -0.454801 0.706668
vn 0.542011 -0.454802 0.706668
vn 0.442330 -0.554667 0.704761
vn 0.441149 -0.553184 0.706665
vn 0.454587 -0.541760 0.706998
vn 0.481027 -0.518427 0.706998
vn 0.441148 -0.553184 0.706665
vn 0.689514 -0.139389 0.710733
vn 0.696472 -0.122807 0.706998
vn 0.701727 -0.087940 0.706998
vn 0.651988 -0.274836 0.706666
vn 0.584602 -0.398574 0.706668
vn 0.584602 -0.398574 0.706668
vn 0.495361 -0.507868 0.704761
vn 0.494036 -0.506510 0.706665
vn 0.506275 -0.493800 0.706998
vn 0.530254 -0.467958 0.706998
vn 0.494037 -0.506510 0.706665
vn 0.699966 -0.070042 0.710734
vn 0.705238 -0.052850 0.706998
vn 0.706996 -0.017630 0.706998
vn 0.676113 -0.208554 0.706666
vn 0.676114 -0.208553 0.706665
vn 0.621381 -0.338387 0.706668
vn 0.621381 -0.338387 0.706668
vn 0.651986 -0.274835 0.706668
vn 0.542014 -0.454802 0.706665
vn 0.542013 -0.454803 0.706666
vn 0.543467 -0.456022 0.704761
vn 0.552924 -0.440942 0.706997
vn 0.574216 -0.412832 0.706997
vn 0.703462 -0.000000 0.710733
vn 0.706996 0.017630 0.706998
vn 0.705238 0.052850 0.706998
vn 0.693519 -0.140198 0.706665
vn 0.693519 -0.140198 0.706666
vn 0.651986 -0.274835 0.706668
vn 0.584603 -0.398577 0.706666
vn 0.586170 -0.399646 0.704761
vn 0.584604 -0.398576 0.706665
vn 0.594079 -0.383698 0.706998
vn 0.612467 -0.353607 0.706998
vn 0.699966 0.070042 0.710734
vn 0.701727 0.087940 0.706998
vn 0.696472 0.122807 0.706998
vn 0.704032 -0.070449 0.706665
vn 0.707548 0.000000 0.706665
vn 0.704032 -0.070449 0.706666
vn 0.676111 -0.208553 0.706668
vn 0.676111 -0.208553 0.706668
vn 0.621383 -0.338388 0.706665
vn 0.621384 -0.338388 0.706665
vn 0.623050 -0.339295 0.704761
vn 0.629331 -0.322640 0.706998
vn 0.644633 -0.290864 0.706998
vn 0.689484 0.157370 0.706998
vn 0.680783 0.191541 0.706998
vn 0.689514 0.139389 0.710733
vn 0.707548 -0.000000 0.706665
vn 0.704032 0.070449 0.706665
vn 0.693516 -0.140197 0.706668
vn 0.693516 -0.140197 0.706668
vn 0.651989 -0.274836 0.706666
vn 0.651989 -0.274836 0.706666
vn 0.653737 -0.275572 0.704761
vn 0.658328 -0.258376 0.706998
vn 0.670388 -0.225242 0.706998
vn 0.672208 0.207348 0.710734
vn 0.670389 0.225239 0.706998
vn 0.658328 0.258375 0.706998
vn 0.704032 0.070449 0.706666
vn 0.704029 -0.070449 0.706668
vn 0.704029 -0.070449 0.706668
vn 0.676114 -0.208554 0.706665
vn 0.676113 -0.208554 0.706666
vn 0.677926 -0.209114 0.704761
vn 0.680783 -0.191543 0.706998
vn 0.689485 -0.157369 0.706998
vn 0.644631 0.290870 0.706998
vn 0.629332 0.322639 0.706998
vn 0.648223 0.273248 0.710733
vn 0.693519 0.140199 0.706665
vn 0.693519 0.140198 0.706666
vn 0.707545 0.000000 0.706668
vn 0.707545 -0.000000 0.706668
vn 0.693519 -0.140198 0.706666
vn 0.693519 -0.140197 0.706665
vn 0.695379 -0.140573 0.704761
vn 0.696472 -0.122803 0.706998
vn 0.701726 -0.087941 0.706998
vn 0.612468 0.353605 0.706998
vn 0.594077 0.383700 0.706998
vn 0.617795 0.336434 0.710733
vn 0.676113 0.208553 0.706666
vn 0.676114 0.208554 0.706665
vn 0.693516 0.140197 0.706668
vn 0.704029 0.070449 0.706668
vn 0.704029 0.070449 0.706668
vn 0.705919 -0.070639 0.704761
vn 0.704032 -0.070450 0.706665
vn 0.704032 -0.070450 0.706666
vn 0.705238 -0.052852 0.706998
vn 0.706996 -0.017627 0.706998
vn 0.574216 0.412831 0.706998
vn 0.552924 0.440941 0.706998
vn 0.581227 0.396274 0.710733
vn 0.651988 0.274836 0.706666
vn 0.651988 0.274836 0.706666
vn 0.676111 0.208553 0.706668
vn 0.693516 0.140197 0.706668
vn 0.707548 0.000000 0.706665
vn 0.707548 -0.000000 0.706665
vn 0.709444 -0.000000 0.704761
vn 0.706996 0.017627 0.706998
vn 0.705238 0.052852 0.706998
vn 0.538882 0.452177 0.710734
vn 0.530256 0.467956 0.706998
vn 0.506273 0.493803 0.706998
vn 0.621383 0.338388 0.706666
vn 0.621383 0.338388 0.706666
vn 0.676111 0.208553 0.706668
vn 0.701726 0.087941 0.706998
vn 0.696472 0.122803 0.706998
vn 0.704032 0.070450 0.706665
vn 0.704032 0.070450 0.706666
vn 0.693519 0.140198 0.706666
vn 0.705919 0.070639 0.704761
vn 0.491182 0.503585 0.710734
vn 0.481028 0.518426 0.706998
vn 0.454590 0.541758 0.706998
vn 0.584603 0.398576 0.706666
vn 0.584603 0.398576 0.706666
vn 0.651986 0.274835 0.706668
vn 0.651986 0.274835 0.706668
vn 0.689485 0.157369 0.706998
vn 0.680783 0.191543 0.706998
vn 0.695379 0.140573 0.704761
vn 0.676114 0.208554 0.706665
vn 0.693519 0.140197 0.706665
vn 0.438602 0.549987 0.710734
vn 0.427019 0.563746 0.706998
vn 0.398392 0.584327 0.706997
vn 0.542013 0.454804 0.706665
vn 0.542014 0.454801 0.706666
vn 0.621381 0.338387 0.706668
vn 0.621381 0.338387 0.706668
vn 0.670388 0.225242 0.706998
vn 0.658328 0.258376 0.706998
vn 0.676113 0.208554 0.706666
vn 0.651989 0.274836 0.706666
vn 0.677926 0.209114 0.704761
vn 0.381660 0.590926 0.710734
vn 0.368765 0.603461 0.706998
vn 0.338227 0.621092 0.706998
vn 0.494036 0.506511 0.706665
vn 0.494036 0.506510 0.706665
vn 0.584602 0.398575 0.706667
vn 0.584602 0.398574 0.706668
vn 0.644633 0.290864 0.706998
vn 0.629331 0.322640 0.706998
vn 0.653737 0.275572 0.704761
vn 0.651989 0.274836 0.706666
vn 0.320926 0.625991 0.710734
vn 0.306850 0.637179 0.706998
vn 0.274706 0.651682 0.706998
vn 0.441149 0.553184 0.706665
vn 0.441150 0.553182 0.706665
vn 0.542012 0.454800 0.706668
vn 0.542012 0.454801 0.706667
vn 0.612467 0.353607 0.706998
vn 0.594079 0.383698 0.706998
vn 0.623050 0.339295 0.704761
vn 0.621383 0.338388 0.706665
vn 0.621384 0.338388 0.706665
vn 0.257006 0.654833 0.710733
vn 0.241884 0.664565 0.706998
vn 0.208457 0.675796 0.706998
vn 0.383877 0.594359 0.706666
vn 0.383877 0.594359 0.706666
vn 0.494034 0.506508 0.706668
vn 0.494034 0.506509 0.706668
vn 0.574216 0.412832 0.706997
vn 0.552924 0.440942 0.706997
vn 0.586170 0.399646 0.704761
vn 0.584603 0.398575 0.706666
vn 0.584603 0.398577 0.706665
vn 0.190523 0.677169 0.710734
vn 0.174507 0.685347 0.706998
vn 0.140135 0.693192 0.706998
vn 0.322791 0.629628 0.706665
vn 0.322793 0.629626 0.706666
vn 0.441147 0.553182 0.706668
vn 0.441148 0.553180 0.706668
vn 0.542014 0.454802 0.706666
vn 0.530254 0.467958 0.706998
vn 0.506275 0.493800 0.706998
vn 0.543467 0.456022 0.704761
vn 0.542014 0.454802 0.706666
vn 0.494035 0.506511 0.706666
vn 0.122155 0.692773 0.710734
vn 0.105404 0.699316 0.706998
vn 0.070412 0.703701 0.706998
vn 0.258495 0.658639 0.706665
vn 0.258498 0.658636 0.706666
vn 0.322791 0.629623 0.706668
vn 0.383874 0.594359 0.706667
vn 0.383875 0.594357 0.706668
vn 0.481027 0.518428 0.706998
vn 0.454588 0.541761 0.706998
vn 0.495360 0.507869 0.704761
vn 0.494035 0.506511 0.706666
vn 0.052569 0.701495 0.710733
vn 0.035254 0.706336 0.706998
vn 0.000000 0.707215 0.706998
vn 0.191632 0.681102 0.706666
vn 0.191630 0.681103 0.706666
vn 0.322792 0.629623 0.706668
vn 0.441150 0.553182 0.706666
vn 0.441149 0.553182 0.706666
vn 0.427021 0.563744 0.706998
vn 0.398388 0.584329 0.706998
vn 0.383874 0.594360 0.706666
vn 0.442332 0.554666 0.704761
vn -0.035254 0.706336 0.706998
vn -0.070412 0.703702 0.706998
vn -0.017538 0.703242 0.710734
vn 0.122865 0.696798 0.706666
vn 0.122865 0.696798 0.706666
vn 0.052875 0.705569 0.706666
vn 0.258495 0.658635 0.706668
vn 0.258493 0.658637 0.706668
vn 0.368772 0.603458 0.706998
vn 0.322794 0.629627 0.706665
vn 0.338224 0.621094 0.706998
vn 0.384908 0.595951 0.704761
vn 0.383879 0.594359 0.706665
vn -0.105404 0.699316 0.706999
vn -0.140135 0.693192 0.706999
vn -0.087470 0.698001 0.710734
vn 0.052875 0.705569 0.706666
vn 0.191631 0.681100 0.706668
vn 0.122865 0.696796 0.706668
vn 0.191630 0.681101 0.706668
vn 0.322789 0.629627 0.706666
vn 0.306846 0.637180 0.706998
vn 0.274710 0.651681 0.706998
vn 0.323654 0.631316 0.704761
vn -0.174507 0.685347 0.706998
vn -0.208457 0.675795 0.706998
vn -0.156534 0.685825 0.710733
vn -0.017640 0.707328 0.706665
vn -0.017638 0.707328 0.706666
vn 0.122868 0.696796 0.706667
vn 0.241879 0.664565 0.706999
vn 0.208457 0.675794 0.706999
vn 0.258496 0.658638 0.706665
vn 0.259192 0.660402 0.704761
vn 0.258499 0.658636 0.706666
vn -0.241884 0.664565 0.706998
vn -0.274707 0.651683 0.706998
vn -0.224044 0.666830 0.710733
vn -0.087980 0.702057 0.706665
vn -0.087979 0.702056 0.706666
vn 0.052874 0.705568 0.706667
vn 0.052875 0.705568 0.706667
vn 0.192146 0.682928 0.704762
vn 0.174516 0.685345 0.706998
vn 0.140123 0.693195 0.706998
vn 0.191631 0.681104 0.706664
vn 0.191633 0.681103 0.706665
vn -0.306851 0.637179 0.706998
vn -0.338226 0.621093 0.706998
vn -0.289326 0.641209 0.710734
vn -0.157442 0.689807 0.706666
vn -0.157444 0.689808 0.706666
vn -0.087980 0.702054 0.706668
vn -0.017638 0.707326 0.706668
vn -0.017640 0.707326 0.706667
vn 0.105409 0.699316 0.706998
vn 0.070412 0.703701 0.706998
vn 0.123192 0.698666 0.704762
vn 0.122868 0.696798 0.706666
vn 0.122863 0.696800 0.706664
vn -0.368765 0.603461 0.706998
vn -0.398391 0.584327 0.706998
vn -0.351729 0.609216 0.710734
vn -0.225345 0.670703 0.706666
vn -0.225344 0.670703 0.706666
vn -0.087979 0.702055 0.706667
vn 0.035255 0.706336 0.706998
vn 0.000000 0.707215 0.706998
vn 0.053016 0.707460 0.704762
vn 0.052875 0.705569 0.706666
vn 0.052875 0.705569 0.706666
vn -0.427020 0.563745 0.706998
vn -0.454590 0.541758 0.706998
vn -0.410641 0.571168 0.710733
vn -0.291007 0.644934 0.706665
vn -0.291005 0.644934 0.706666
vn -0.225343 0.670702 0.706668
vn -0.157446 0.689806 0.706667
vn -0.157444 0.689806 0.706668
vn -0.017638 0.707328 0.706666
vn -0.035255 0.706335 0.706999
vn -0.070412 0.703700 0.706999
vn -0.017686 0.709224 0.704761
vn -0.017640 0.707328 0.706665
vn -0.481026 0.518427 0.706999
vn -0.506274 0.493801 0.706999
vn -0.465472 0.527440 0.710734
vn -0.353773 0.612755 0.706666
vn -0.353774 0.612755 0.706665
vn -0.291004 0.644932 0.706668
vn -0.225342 0.670703 0.706668
vn -0.087979 0.702056 0.706666
vn -0.157447 0.689807 0.706666
vn -0.105409 0.699315 0.706999
vn -0.140123 0.693194 0.706999
vn -0.087981 0.702057 0.706665
vn -0.088217 0.703938 0.704761
vn -0.515673 0.478476 0.710734
vn -0.530254 0.467957 0.706999
vn -0.552926 0.440937 0.706999
vn -0.413027 0.574485 0.706666
vn -0.413026 0.574485 0.706666
vn -0.291005 0.644931 0.706668
vn -0.157868 0.691658 0.704760
vn -0.157446 0.689808 0.706665
vn -0.174517 0.685345 0.706998
vn -0.208457 0.675796 0.706998
vn -0.574213 0.412835 0.706998
vn -0.594080 0.383696 0.706998
vn -0.560752 0.424753 0.710733
vn -0.468174 0.530506 0.706666
vn -0.468177 0.530505 0.706665
vn -0.353772 0.612752 0.706668
vn -0.353772 0.612752 0.706668
vn -0.413025 0.574483 0.706668
vn -0.225343 0.670704 0.706666
vn -0.225345 0.670704 0.706665
vn -0.241880 0.664567 0.706998
vn -0.274711 0.651681 0.706998
vn -0.291006 0.644933 0.706666
vn -0.225950 0.672502 0.704761
vn -0.612467 0.353608 0.706998
vn -0.629332 0.322639 0.706998
vn -0.600257 0.366810 0.710733
vn -0.518668 0.481256 0.706665
vn -0.518670 0.481255 0.706665
vn -0.468173 0.530505 0.706668
vn -0.413025 0.574484 0.706668
vn -0.291004 0.644935 0.706665
vn -0.291784 0.646664 0.704761
vn -0.353773 0.612755 0.706665
vn -0.306846 0.637180 0.706998
vn -0.338224 0.621094 0.706998
vn -0.644630 0.290869 0.706998
vn -0.658329 0.258372 0.706999
vn -0.633797 0.305219 0.710734
vn -0.564010 0.427220 0.706665
vn -0.564009 0.427221 0.706666
vn -0.468172 0.530506 0.706667
vn -0.368771 0.603458 0.706998
vn -0.398388 0.584329 0.706998
vn -0.353774 0.612755 0.706665
vn -0.354722 0.614398 0.704761
vn -0.670387 0.225241 0.706999
vn -0.680783 0.191541 0.706999
vn -0.661038 0.240598 0.710733
vn -0.603743 0.368941 0.706666
vn -0.603744 0.368940 0.706665
vn -0.518667 0.481253 0.706668
vn -0.518669 0.481253 0.706667
vn -0.413025 0.574485 0.706666
vn -0.414135 0.576024 0.704761
vn -0.413028 0.574484 0.706665
vn -0.427021 0.563744 0.706998
vn -0.454587 0.541760 0.706998
vn -0.468173 0.530507 0.706666
vn -0.689484 0.157370 0.706998
vn -0.696471 0.122809 0.706998
vn -0.681708 0.173585 0.710734
vn -0.637477 0.306995 0.706666
vn -0.637480 0.306993 0.706664
vn -0.564009 0.427217 0.706668
vn -0.564008 0.427218 0.706668
vn -0.603742 0.368938 0.706668
vn -0.481027 0.518428 0.706998
vn -0.506276 0.493801 0.706998
vn -0.469429 0.531929 0.704761
vn -0.518670 0.481253 0.706666
vn -0.468173 0.530506 0.706666
vn -0.702587 0.035063 0.710733
vn -0.701727 0.087937 0.706998
vn -0.705239 0.052848 0.706998
vn -0.695604 0.104846 0.710734
vn -0.664879 0.241995 0.706664
vn -0.664878 0.241996 0.706665
vn -0.603741 0.368940 0.706668
vn -0.518668 0.481256 0.706665
vn -0.530254 0.467958 0.706998
vn -0.552923 0.440942 0.706998
vn -0.520058 0.482546 0.704762
vn -0.685669 0.174593 0.706665
vn -0.685669 0.174594 0.706665
vn -0.637476 0.306993 0.706668
vn -0.637475 0.306994 0.706668
vn -0.574216 0.412832 0.706998
vn -0.594079 0.383698 0.706998
vn -0.564011 0.427219 0.706665
vn -0.565523 0.428364 0.704761
vn -0.564011 0.427219 0.706665
vn -0.699644 0.105455 0.706666
vn -0.706667 0.035267 0.706666
vn -0.706668 0.035269 0.706666
vn -0.706666 0.035269 0.706668
vn -0.699646 0.105452 0.706665
vn -0.685666 0.174592 0.706668
vn -0.664875 0.241994 0.706668
vn -0.664875 0.241994 0.706668
vn -0.603745 0.368940 0.706665
vn -0.612467 0.353607 0.706998
vn -0.629331 0.322640 0.706998
vn -0.637478 0.306994 0.706666
vn -0.605363 0.369929 0.704761
vn -0.603743 0.368941 0.706666
vn -0.685665 0.174590 0.706669
vn -0.637478 0.306993 0.706666
vn -0.644631 0.290870 0.706997
vn -0.658331 0.258372 0.706997
vn -0.639188 0.307816 0.704760
vn -0.706666 0.035268 0.706668
vn -0.699643 0.105451 0.706668
vn -0.699642 0.105454 0.706669
vn -0.664877 0.241995 0.706666
vn -0.664877 0.241995 0.706666
vn -0.666661 0.242644 0.704761
vn -0.670389 0.225242 0.706997
vn -0.680785 0.191538 0.706997
vn -0.685669 0.174591 0.706665
vn -0.685668 0.174594 0.706666
vn -0.699645 0.105455 0.706665
vn -0.687507 0.175062 0.704761
vn -0.689484 0.157375 0.706998
vn -0.696471 0.122809 0.706998
vn -0.699645 0.105455 0.706665
vn -0.706668 0.035266 0.706666
vn -0.701521 0.105738 0.704760
vn -0.701728 0.087935 0.706998
vn -0.705238 0.052852 0.706998
vn -0.706669 0.035268 0.706665
vn -0.708564 0.035361 0.704760
vn -0.706997 -0.017633 0.706997
vn -0.706997 -0.017634 0.706997
vn -0.706997 0.017633 0.706997
vn -0.706997 0.017634 0.706997
vn -0.705238 -0.052853 0.706998
vn -0.701727 -0.087937 0.706998
vn -0.702587 -0.035069 0.710733
vn -0.696471 -0.122804 0.706999
vn -0.689484 -0.157364 0.706999
vn -0.695604 -0.104846 0.710734
vn -0.680781 -0.191547 0.706999
vn -0.670387 -0.225241 0.706999
vn -0.681707 -0.173582 0.710736
vn -0.706667 -0.035269 0.706667
vn -0.706668 -0.035273 0.706665
vn -0.658328 -0.258377 0.706997
vn -0.644633 -0.290865 0.706997
vn -0.661038 -0.240598 0.710733
vn -0.699647 -0.105456 0.706664
vn -0.699646 -0.105452 0.706665
vn -0.629330 -0.322643 0.706997
vn -0.612469 -0.353606 0.706997
vn -0.633797 -0.305220 0.710734
vn -0.685669 -0.174591 0.706666
vn -0.685669 -0.174597 0.706664
vn -0.706667 -0.035272 0.706667
vn -0.706666 -0.035269 0.706668
vn -0.594080 -0.383700 0.706996
vn -0.574220 -0.412828 0.706996
vn -0.600259 -0.366808 0.710733
vn -0.664879 -0.241996 0.706664
vn -0.664878 -0.241992 0.706666
vn -0.699643 -0.105454 0.706668
vn -0.699642 -0.105451 0.706669
vn -0.552920 -0.440946 0.706998
vn -0.530257 -0.467955 0.706998
vn -0.560749 -0.424756 0.710734
vn -0.637480 -0.306993 0.706664
vn -0.637480 -0.306993 0.706664
vn -0.685667 -0.174596 0.706666
vn -0.685666 -0.174586 0.706669
vn -0.706667 -0.035266 0.706667
vn -0.708564 -0.035361 0.704760
vn -0.705238 -0.052852 0.706998
vn -0.701726 -0.087947 0.706998
vn -0.706668 -0.035272 0.706665
vn -0.699645 -0.105455 0.706665
vn -0.506274 -0.493804 0.706997
vn -0.481033 -0.518423 0.706997
vn -0.515676 -0.478474 0.710733
vn -0.603745 -0.368938 0.706666
vn -0.603744 -0.368942 0.706664
vn -0.664875 -0.241990 0.706670
vn -0.664875 -0.242003 0.706666
vn -0.699648 -0.105450 0.706664
vn -0.701520 -0.105732 0.704762
vn -0.696472 -0.122797 0.706999
vn -0.689482 -0.157374 0.706999
vn -0.454589 -0.541757 0.706999
vn -0.427016 -0.563747 0.706999
vn -0.465469 -0.527443 0.710734
vn -0.564007 -0.427223 0.706665
vn -0.564008 -0.427221 0.706666
vn -0.637476 -0.306991 0.706669
vn -0.637476 -0.306989 0.706670
vn -0.687505 -0.175062 0.704762
vn -0.685669 -0.174587 0.706666
vn -0.685670 -0.174594 0.706664
vn -0.680784 -0.191537 0.706998
vn -0.670391 -0.225230 0.706998
vn -0.398390 -0.584328 0.706998
vn -0.368768 -0.603460 0.706998
vn -0.410642 -0.571167 0.710733
vn -0.518671 -0.481252 0.706666
vn -0.518670 -0.481254 0.706665
vn -0.603740 -0.368940 0.706669
vn -0.603740 -0.368940 0.706669
vn -0.664876 -0.242003 0.706665
vn -0.666660 -0.242648 0.704760
vn -0.658326 -0.258382 0.706997
vn -0.644631 -0.290870 0.706997
vn -0.664876 -0.241999 0.706666
vn -0.338228 -0.621092 0.706998
vn -0.306849 -0.637179 0.706998
vn -0.351730 -0.609216 0.710734
vn -0.468175 -0.530504 0.706666
vn -0.468173 -0.530508 0.706665
vn -0.564008 -0.427217 0.706669
vn -0.564007 -0.427221 0.706667
vn -0.639190 -0.307812 0.704761
vn -0.637481 -0.306989 0.706665
vn -0.629327 -0.322644 0.706999
vn -0.612466 -0.353606 0.706999
vn -0.637481 -0.306991 0.706664
vn -0.289325 -0.641209 0.710733
vn -0.274708 -0.651682 0.706998
vn -0.241881 -0.664566 0.706998
vn -0.413026 -0.574487 0.706665
vn -0.413027 -0.574484 0.706666
vn -0.518666 -0.481256 0.706667
vn -0.518667 -0.481252 0.706669
vn -0.603741 -0.368948 0.706664
vn -0.605359 -0.369936 0.704761
vn -0.594086 -0.383691 0.706996
vn -0.574217 -0.412832 0.706996
vn -0.564010 -0.427218 0.706666
vn -0.603743 -0.368941 0.706666
vn -0.208455 -0.675797 0.706997
vn -0.174515 -0.685346 0.706998
vn -0.224043 -0.666831 0.710733
vn -0.353772 -0.612755 0.706666
vn -0.353773 -0.612754 0.706666
vn -0.468174 -0.530502 0.706669
vn -0.468173 -0.530503 0.706669
vn -0.552923 -0.440942 0.706998
vn -0.530248 -0.467965 0.706998
vn -0.565526 -0.428361 0.704760
vn -0.564014 -0.427216 0.706665
vn -0.140129 -0.693194 0.706998
vn -0.105408 -0.699316 0.706998
vn -0.156534 -0.685824 0.710734
vn -0.291006 -0.644933 0.706666
vn -0.291006 -0.644933 0.706666
vn -0.413024 -0.574483 0.706669
vn -0.413023 -0.574484 0.706668
vn -0.518671 -0.481254 0.706665
vn -0.506278 -0.493797 0.706999
vn -0.481023 -0.518430 0.706999
vn -0.518668 -0.481258 0.706664
vn -0.520060 -0.482543 0.704762
vn -0.070415 -0.703701 0.706998
vn -0.035251 -0.706336 0.706998
vn -0.087471 -0.698001 0.710734
vn -0.225345 -0.670703 0.706666
vn -0.225345 -0.670704 0.706666
vn -0.353773 -0.612752 0.706668
vn -0.291006 -0.644931 0.706668
vn -0.353771 -0.612754 0.706667
vn -0.454590 -0.541757 0.706999
vn -0.468175 -0.530508 0.706664
vn -0.427023 -0.563741 0.706999
vn -0.468176 -0.530506 0.706665
vn -0.469428 -0.531928 0.704762
vn 0.000000 -0.707215 0.706998
vn 0.035251 -0.706336 0.706998
vn -0.017538 -0.703242 0.710734
vn -0.157443 -0.689809 0.706665
vn -0.157445 -0.689808 0.706665
vn -0.291007 -0.644931 0.706667
vn -0.353774 -0.612754 0.706666
vn -0.413026 -0.574485 0.706666
vn -0.414130 -0.576028 0.704761
vn -0.413023 -0.574488 0.706665
vn -0.398392 -0.584328 0.706997
vn -0.368761 -0.603466 0.706997
vn 0.052569 -0.701494 0.710734
vn 0.070415 -0.703701 0.706998
vn 0.105408 -0.699316 0.706998
vn -0.087979 -0.702057 0.706665
vn -0.087979 -0.702057 0.706665
vn -0.225344 -0.670701 0.706668
vn -0.225342 -0.670703 0.706668
vn -0.354725 -0.614395 0.704761
vn -0.338226 -0.621092 0.706999
vn -0.306851 -0.637177 0.706999
vn -0.353777 -0.612753 0.706665
vn 0.122154 -0.692775 0.710733
vn 0.140129 -0.693194 0.706998
vn 0.174514 -0.685345 0.706998
vn -0.017640 -0.707328 0.706665
vn -0.017640 -0.707328 0.706665
vn -0.087978 -0.702054 0.706668
vn -0.157444 -0.689805 0.706669
vn -0.157443 -0.689806 0.706668
vn -0.274705 -0.651683 0.706998
vn -0.241891 -0.664562 0.706998
vn -0.291785 -0.646663 0.704761
vn -0.291005 -0.644935 0.706665
vn -0.225343 -0.670704 0.706666
vn -0.291007 -0.644933 0.706666
vn 0.208455 -0.675796 0.706998
vn 0.241881 -0.664566 0.706998
vn 0.190527 -0.677169 0.710733
vn 0.052875 -0.705570 0.706665
vn 0.052874 -0.705570 0.706665
vn -0.087981 -0.702054 0.706668
vn -0.225344 -0.670704 0.706665
vn -0.225948 -0.672503 0.704760
vn -0.208446 -0.675798 0.706998
vn -0.174515 -0.685345 0.706998
vn 0.257002 -0.654834 0.710733
vn 0.274708 -0.651683 0.706997
vn 0.306849 -0.637180 0.706997
vn 0.122865 -0.696799 0.706665
vn 0.122864 -0.696798 0.706666
vn -0.017640 -0.707325 0.706668
vn -0.017638 -0.707326 0.706668
vn 0.052874 -0.705567 0.706668
vn -0.157444 -0.689808 0.706665
vn -0.140134 -0.693193 0.706997
vn -0.105402 -0.699318 0.706998
vn -0.157866 -0.691658 0.704761
vn -0.157444 -0.689808 0.706666
vn 0.338228 -0.621092 0.706998
vn 0.368768 -0.603460 0.706998
vn 0.320928 -0.625990 0.710733
vn 0.191633 -0.681103 0.706665
vn 0.258495 -0.658638 0.706665
vn 0.191632 -0.681103 0.706666
vn 0.052874 -0.705566 0.706668
vn -0.070418 -0.703701 0.706998
vn -0.035249 -0.706337 0.706998
vn -0.087979 -0.702057 0.706665
vn -0.087981 -0.702056 0.706666
vn -0.088215 -0.703939 0.704761
vn 0.381661 -0.590926 0.710733
vn 0.398387 -0.584330 0.706998
vn 0.427022 -0.563743 0.706998
vn 0.258497 -0.658636 0.706666
vn 0.122863 -0.696796 0.706668
vn 0.122865 -0.696796 0.706668
vn -0.017638 -0.707328 0.706665
vn 0.052875 -0.705570 0.706665
vn -0.017641 -0.707328 0.706666
vn -0.017688 -0.709224 0.704761
vn 0.000000 -0.707215 0.706998
vn 0.035249 -0.706336 0.706998
vn 0.454590 -0.541758 0.706998
vn 0.481026 -0.518428 0.706998
vn 0.438601 -0.549988 0.710733
vn 0.322792 -0.629627 0.706665
vn 0.322787 -0.629628 0.706667
vn 0.383878 -0.594359 0.706665
vn 0.191632 -0.681101 0.706668
vn 0.191631 -0.681101 0.706668
vn 0.258497 -0.658635 0.706668
vn 0.053017 -0.707461 0.704761
vn 0.070418 -0.703701 0.706998
vn 0.105402 -0.699317 0.706998
vn 0.052875 -0.705570 0.706665
vn 0.491183 -0.503583 0.710734
vn 0.506273 -0.493802 0.706999
vn 0.530256 -0.467954 0.706999
vn 0.383879 -0.594358 0.706665
vn 0.322787 -0.629627 0.706667
vn 0.258496 -0.658636 0.706667
vn 0.123195 -0.698667 0.704761
vn 0.122866 -0.696799 0.706665
vn 0.122864 -0.696799 0.706666
vn 0.140134 -0.693193 0.706998
vn 0.174515 -0.685346 0.706998
vn 0.552926 -0.440940 0.706997
vn 0.574214 -0.412836 0.706997
vn 0.538880 -0.452178 0.710734
vn 0.441150 -0.553183 0.706665
vn 0.441149 -0.553183 0.706665
vn 0.322789 -0.629624 0.706669
vn 0.258497 -0.658637 0.706666
vn 0.191633 -0.681102 0.706666
vn 0.192147 -0.682929 0.704761
vn 0.208447 -0.675800 0.706997
vn 0.241891 -0.664563 0.706997
vn 0.191632 -0.681102 0.706666
vn 0.581228 -0.396274 0.710733
vn 0.594082 -0.383695 0.706997
vn 0.612466 -0.353610 0.706997
vn 0.494036 -0.506510 0.706665
vn 0.494037 -0.506510 0.706665
vn 0.383877 -0.594355 0.706669
vn 0.383878 -0.594355 0.706669
vn 0.274705 -0.651683 0.706998
vn 0.306851 -0.637178 0.706998
vn 0.258495 -0.658638 0.706665
vn 0.259188 -0.660404 0.704761
vn 0.617795 -0.336433 0.710733
vn 0.629332 -0.322638 0.706998
vn 0.644631 -0.290870 0.706998
vn 0.542011 -0.454805 0.706666
vn 0.542013 -0.454804 0.706665
vn 0.441148 -0.553181 0.706668
vn 0.441146 -0.553181 0.706669
vn 0.322793 -0.629626 0.706665
vn 0.322791 -0.629627 0.706666
vn 0.323658 -0.631313 0.704761
vn 0.383879 -0.594357 0.706666
vn 0.338227 -0.621093 0.706998
vn 0.368761 -0.603464 0.706998
vn 0.658330 -0.258372 0.706997
vn 0.670389 -0.225242 0.706997
vn 0.648223 -0.273248 0.710733
vn 0.584604 -0.398575 0.706666
vn 0.584604 -0.398575 0.706666
vn 0.621384 -0.338387 0.706666
vn 0.494034 -0.506508 0.706668
vn 0.494033 -0.506509 0.706668
vn 0.384909 -0.595952 0.704760
vn 0.383879 -0.594357 0.706666
vn 0.398392 -0.584328 0.706997
vn 0.427025 -0.563742 0.706997
vn 0.672208 -0.207350 0.710733
vn 0.680784 -0.191542 0.706997
vn 0.689485 -0.157370 0.706997
vn 0.651989 -0.274836 0.706665
vn 0.621384 -0.338389 0.706665
vn 0.542012 -0.454801 0.706668
vn 0.542010 -0.454802 0.706668
vn 0.441148 -0.553184 0.706666
vn 0.442331 -0.554667 0.704760
vn 0.441147 -0.553184 0.706666
vn 0.454590 -0.541758 0.706998
vn 0.481024 -0.518430 0.706998
vn 0.696470 -0.122809 0.706999
vn 0.701726 -0.087937 0.706999
vn 0.689514 -0.139386 0.710733
vn 0.676112 -0.208554 0.706666
vn 0.651989 -0.274833 0.706666
vn 0.621381 -0.338387 0.706668
vn 0.584601 -0.398574 0.706668
vn 0.584601 -0.398574 0.706668
vn 0.495356 -0.507873 0.704761
vn 0.506277 -0.493796 0.707000
vn 0.494036 -0.506511 0.706665
vn 0.530246 -0.467964 0.707000
vn 0.494031 -0.506514 0.706666
vn 0.699965 -0.070044 0.710734
vn 0.705239 -0.052848 0.706997
vn 0.706996 -0.017633 0.706997
vn 0.676113 -0.208555 0.706666
vn 0.621381 -0.338385 0.706669
vn 0.543470 -0.456019 0.704761
vn 0.542017 -0.454800 0.706665
vn 0.584603 -0.398575 0.706666
vn 0.542014 -0.454802 0.706666
vn 0.552924 -0.440942 0.706997
vn 0.574217 -0.412832 0.706997
vn 0.703462 -0.000000 0.710733
vn 0.706996 0.017633 0.706997
vn 0.705239 0.052848 0.706997
vn 0.693520 -0.140196 0.706665
vn 0.693518 -0.140198 0.706666
vn 0.651988 -0.274832 0.706667
vn 0.651985 -0.274836 0.706669
vn 0.676111 -0.208555 0.706667
vn 0.584603 -0.398577 0.706665
vn 0.586171 -0.399646 0.704760
vn 0.621384 -0.338387 0.706665
vn 0.594084 -0.383689 0.706998
vn 0.612467 -0.353607 0.706998
vn 0.699965 0.070044 0.710734
vn 0.701726 0.087937 0.706999
vn 0.696470 0.122809 0.706999
vn 0.704031 -0.070451 0.706666
vn 0.704033 -0.070448 0.706665
vn 0.676111 -0.208551 0.706669
vn 0.621384 -0.338388 0.706665
vn 0.623049 -0.339295 0.704761
vn 0.629329 -0.322645 0.706998
vn 0.644631 -0.290869 0.706998
vn 0.689485 0.157370 0.706997
vn 0.680784 0.191542 0.706997
vn 0.689514 0.139386 0.710733
vn 0.707547 0.000000 0.706666
vn 0.707547 -0.000000 0.706666
vn 0.693516 -0.140197 0.706669
vn 0.693516 -0.140197 0.706669
vn 0.651988 -0.274838 0.706665
vn 0.651988 -0.274838 0.706665
vn 0.676115 -0.208552 0.706665
vn 0.653736 -0.275575 0.704761
vn 0.658329 -0.258371 0.706999
vn 0.670387 -0.225241 0.706999
vn 0.672208 0.207350 0.710733
vn 0.670389 0.225242 0.706997
vn 0.658330 0.258372 0.706997
vn 0.704032 0.070451 0.706665
vn 0.704031 0.070448 0.706666
vn 0.704030 -0.070447 0.706667
vn 0.704028 -0.070451 0.706669
vn 0.676115 -0.208552 0.706665
vn 0.677926 -0.209111 0.704761
vn 0.680784 -0.191537 0.706999
vn 0.689483 -0.157375 0.706999
vn 0.644631 0.290870 0.706998
vn 0.629332 0.322639 0.706998
vn 0.648223 0.273248 0.710733
vn 0.693519 0.140195 0.706666
vn 0.693519 0.140198 0.706665
vn 0.707546 0.000000 0.706667
vn 0.707546 -0.000000 0.706667
vn 0.693519 -0.140198 0.706665
vn 0.693520 -0.140197 0.706665
vn 0.695379 -0.140573 0.704761
vn 0.696471 -0.122809 0.706998
vn 0.701728 -0.087935 0.706997
vn 0.612468 0.353608 0.706997
vn 0.594081 0.383697 0.706997
vn 0.617796 0.336433 0.710733
vn 0.676112 0.208554 0.706666
vn 0.676112 0.208555 0.706666
vn 0.693516 0.140197 0.706669
vn 0.704029 0.070447 0.706669
vn 0.704030 0.070452 0.706667
vn 0.705920 -0.070637 0.704761
vn 0.704031 -0.070452 0.706666
vn 0.704033 -0.070448 0.706665
vn 0.705239 -0.052852 0.706997
vn 0.706996 -0.017634 0.706997
vn 0.581227 0.396274 0.710733
vn 0.574214 0.412836 0.706997
vn 0.552927 0.440938 0.706997
vn 0.651989 0.274833 0.706666
vn 0.651989 0.274836 0.706665
vn 0.693516 0.140197 0.706669
vn 0.676110 0.208554 0.706669
vn 0.707547 0.000000 0.706666
vn 0.707547 -0.000000 0.706666
vn 0.709446 -0.000000 0.704760
vn 0.706996 0.017634 0.706997
vn 0.705239 0.052852 0.706997
vn 0.538880 0.452178 0.710734
vn 0.530254 0.467958 0.706998
vn 0.506274 0.493801 0.706998
vn 0.621384 0.338389 0.706665
vn 0.621384 0.338386 0.706666
vn 0.651988 0.274832 0.706667
vn 0.676112 0.208551 0.706667
vn 0.701728 0.087935 0.706997
vn 0.696471 0.122809 0.706998
vn 0.705920 0.070637 0.704761
vn 0.704031 0.070448 0.706666
vn 0.704032 0.070452 0.706665
vn 0.481026 0.518428 0.706998
vn 0.454590 0.541758 0.706998
vn 0.491182 0.503584 0.710735
vn 0.584603 0.398576 0.706666
vn 0.584603 0.398576 0.706666
vn 0.651985 0.274836 0.706669
vn 0.689483 0.157375 0.706999
vn 0.680784 0.191537 0.706999
vn 0.693520 0.140198 0.706665
vn 0.693520 0.140197 0.706665
vn 0.695379 0.140573 0.704761
vn 0.427020 0.563744 0.706998
vn 0.398391 0.584328 0.706998
vn 0.438602 0.549987 0.710734
vn 0.542013 0.454802 0.706666
vn 0.542012 0.454806 0.706665
vn 0.621381 0.338387 0.706668
vn 0.584601 0.398575 0.706668
vn 0.621381 0.338385 0.706669
vn 0.677926 0.209111 0.704761
vn 0.670387 0.225241 0.706999
vn 0.658329 0.258371 0.706999
vn 0.676115 0.208552 0.706665
vn 0.676115 0.208552 0.706665
vn 0.381660 0.590925 0.710734
vn 0.368766 0.603462 0.706998
vn 0.338226 0.621093 0.706998
vn 0.494036 0.506510 0.706665
vn 0.494037 0.506510 0.706665
vn 0.584602 0.398574 0.706668
vn 0.644631 0.290869 0.706998
vn 0.629329 0.322645 0.706998
vn 0.653736 0.275575 0.704761
vn 0.651988 0.274838 0.706665
vn 0.651988 0.274838 0.706665
vn 0.320926 0.625991 0.710733
vn 0.306851 0.637178 0.706998
vn 0.274708 0.651682 0.706998
vn 0.441150 0.553182 0.706665
vn 0.441149 0.553184 0.706665
vn 0.383878 0.594358 0.706666
vn 0.542012 0.454801 0.706667
vn 0.494035 0.506508 0.706667
vn 0.542013 0.454799 0.706668
vn 0.612467 0.353607 0.706998
vn 0.594084 0.383689 0.706998
vn 0.623049 0.339295 0.704761
vn 0.621384 0.338387 0.706665
vn 0.621384 0.338388 0.706665
vn 0.257005 0.654833 0.710733
vn 0.241881 0.664566 0.706997
vn 0.208458 0.675796 0.706997
vn 0.383879 0.594358 0.706665
vn 0.441146 0.553181 0.706668
vn 0.494032 0.506510 0.706668
vn 0.574217 0.412832 0.706997
vn 0.552924 0.440942 0.706997
vn 0.584603 0.398575 0.706666
vn 0.586171 0.399646 0.704760
vn 0.584603 0.398577 0.706665
vn 0.190523 0.677169 0.710734
vn 0.174509 0.685346 0.706998
vn 0.140134 0.693192 0.706998
vn 0.322791 0.629627 0.706665
vn 0.258498 0.658637 0.706665
vn 0.322791 0.629627 0.706665
vn 0.441147 0.553181 0.706668
vn 0.530246 0.467964 0.707000
vn 0.506277 0.493796 0.707000
vn 0.543470 0.456019 0.704761
vn 0.542016 0.454799 0.706666
vn 0.542015 0.454801 0.706665
vn 0.122156 0.692773 0.710734
vn 0.105405 0.699316 0.706998
vn 0.070412 0.703701 0.706998
vn 0.258494 0.658637 0.706667
vn 0.383875 0.594357 0.706668
vn 0.383877 0.594355 0.706669
vn 0.441148 0.553182 0.706666
vn 0.481024 0.518431 0.706997
vn 0.494030 0.506516 0.706665
vn 0.454591 0.541758 0.706997
vn 0.495355 0.507874 0.704761
vn 0.494033 0.506511 0.706667
vn 0.052569 0.701495 0.710733
vn 0.035254 0.706336 0.706998
vn 0.000000 0.707215 0.706998
vn 0.191632 0.681102 0.706667
vn 0.191630 0.681103 0.706666
vn 0.258493 0.658636 0.706668
vn 0.322791 0.629623 0.706669
vn 0.322789 0.629625 0.706668
vn 0.441149 0.553182 0.706666
vn 0.427025 0.563742 0.706997
vn 0.398392 0.584328 0.706997
vn 0.442333 0.554666 0.704760
vn -0.035254 0.706336 0.706998
vn -0.070412 0.703702 0.706998
vn -0.017538 0.703242 0.710734
vn 0.122865 0.696798 0.706666
vn 0.122865 0.696798 0.706666
vn 0.258496 0.658636 0.706667
vn 0.191632 0.681101 0.706667
vn 0.384911 0.595950 0.704760
vn 0.368760 0.603464 0.706999
vn 0.338226 0.621092 0.706999
vn 0.383877 0.594360 0.706665
vn 0.383880 0.594355 0.706666
vn -0.105405 0.699316 0.706999
vn -0.140134 0.693192 0.706999
vn -0.087471 0.698001 0.710734
vn 0.052874 0.705569 0.706666
vn 0.052874 0.705569 0.706666
vn 0.191630 0.681101 0.706668
vn 0.322793 0.629626 0.706665
vn 0.306846 0.637179 0.706999
vn 0.274710 0.651680 0.706999
vn 0.322791 0.629627 0.706665
vn 0.323656 0.631314 0.704762
vn -0.174509 0.685347 0.706998
vn -0.208458 0.675796 0.706997
vn -0.156532 0.685825 0.710733
vn -0.017638 0.707328 0.706666
vn -0.017640 0.707328 0.706665
vn 0.122867 0.696796 0.706668
vn 0.122865 0.696797 0.706667
vn 0.258497 0.658638 0.706665
vn 0.241885 0.664564 0.706998
vn 0.259190 0.660403 0.704762
vn 0.208452 0.675797 0.706998
vn 0.258497 0.658638 0.706665
vn -0.241881 0.664566 0.706998
vn -0.274708 0.651682 0.706998
vn -0.224045 0.666830 0.710733
vn -0.087979 0.702057 0.706666
vn -0.087980 0.702057 0.706665
vn 0.052874 0.705568 0.706667
vn 0.052874 0.705568 0.706667
vn 0.191631 0.681104 0.706665
vn 0.174521 0.685344 0.706998
vn 0.140122 0.693196 0.706998
vn 0.192146 0.682928 0.704762
vn 0.191633 0.681103 0.706665
vn -0.306851 0.637179 0.706998
vn -0.338226 0.621094 0.706998
vn -0.289325 0.641209 0.710733
vn -0.157441 0.689807 0.706667
vn -0.157445 0.689808 0.706665
vn -0.087980 0.702054 0.706668
vn -0.017640 0.707326 0.706667
vn -0.017638 0.707326 0.706668
vn 0.105408 0.699316 0.706998
vn 0.070412 0.703701 0.706998
vn 0.123193 0.698666 0.704762
vn 0.122868 0.696798 0.706666
vn 0.122864 0.696800 0.706664
vn -0.368765 0.603461 0.706998
vn -0.398393 0.584325 0.706998
vn -0.351730 0.609216 0.710734
vn -0.225346 0.670703 0.706666
vn -0.225345 0.670702 0.706667
vn -0.157445 0.689806 0.706667
vn -0.087979 0.702055 0.706667
vn 0.053016 0.707460 0.704762
vn 0.035255 0.706336 0.706998
vn 0.000000 0.707215 0.706998
vn 0.052875 0.705569 0.706666
vn 0.052875 0.705569 0.706666
vn -0.427014 0.563748 0.706998
vn -0.454590 0.541758 0.706998
vn -0.410641 0.571168 0.710732
vn -0.353773 0.612754 0.706666
vn -0.291005 0.644933 0.706666
vn -0.291006 0.644933 0.706666
vn -0.157447 0.689805 0.706668
vn -0.087979 0.702057 0.706665
vn -0.017638 0.707328 0.706666
vn -0.035255 0.706335 0.706999
vn -0.070412 0.703700 0.706999
vn -0.017686 0.709224 0.704761
vn -0.017640 0.707328 0.706665
vn -0.465470 0.527442 0.710734
vn -0.481032 0.518423 0.706997
vn -0.506275 0.493802 0.706997
vn -0.353772 0.612755 0.706666
vn -0.225345 0.670702 0.706667
vn -0.225340 0.670702 0.706668
vn -0.291004 0.644933 0.706667
vn -0.088218 0.703938 0.704761
vn -0.105408 0.699316 0.706998
vn -0.140122 0.693195 0.706998
vn -0.157447 0.689807 0.706666
vn -0.087982 0.702056 0.706666
vn -0.530254 0.467958 0.706998
vn -0.552921 0.440945 0.706998
vn -0.515675 0.478475 0.710732
vn -0.413025 0.574486 0.706666
vn -0.413026 0.574485 0.706665
vn -0.291006 0.644931 0.706668
vn -0.157444 0.689809 0.706665
vn -0.157866 0.691659 0.704760
vn -0.174521 0.685344 0.706998
vn -0.208452 0.675797 0.706998
vn -0.574220 0.412828 0.706996
vn -0.594079 0.383701 0.706996
vn -0.560750 0.424755 0.710734
vn -0.468175 0.530506 0.706666
vn -0.468176 0.530505 0.706665
vn -0.353771 0.612753 0.706668
vn -0.353773 0.612753 0.706668
vn -0.225341 0.670704 0.706666
vn -0.291007 0.644932 0.706666
vn -0.225346 0.670704 0.706665
vn -0.241885 0.664564 0.706998
vn -0.274710 0.651681 0.706998
vn -0.225950 0.672502 0.704761
vn -0.612471 0.353604 0.706997
vn -0.629330 0.322644 0.706997
vn -0.600259 0.366808 0.710733
vn -0.518670 0.481254 0.706665
vn -0.518669 0.481255 0.706666
vn -0.413023 0.574484 0.706668
vn -0.413023 0.574484 0.706668
vn -0.291783 0.646664 0.704762
vn -0.306846 0.637180 0.706999
vn -0.338226 0.621092 0.706999
vn -0.353774 0.612755 0.706665
vn -0.291003 0.644936 0.706665
vn -0.633797 0.305219 0.710734
vn -0.644633 0.290865 0.706997
vn -0.658328 0.258377 0.706997
vn -0.564007 0.427222 0.706666
vn -0.603744 0.368938 0.706666
vn -0.564010 0.427220 0.706665
vn -0.468174 0.530503 0.706668
vn -0.468173 0.530503 0.706668
vn -0.368761 0.603466 0.706997
vn -0.398392 0.584328 0.706997
vn -0.353777 0.612752 0.706666
vn -0.354725 0.614395 0.704761
vn -0.661038 0.240598 0.710733
vn -0.670387 0.225241 0.706999
vn -0.680781 0.191547 0.706999
vn -0.603743 0.368943 0.706665
vn -0.518667 0.481253 0.706668
vn -0.518666 0.481254 0.706668
vn -0.413025 0.574487 0.706665
vn -0.414130 0.576028 0.704761
vn -0.427023 0.563741 0.706999
vn -0.454590 0.541757 0.706999
vn -0.413023 0.574487 0.706666
vn -0.689484 0.157364 0.706999
vn -0.696471 0.122804 0.706999
vn -0.681707 0.173582 0.710736
vn -0.637480 0.306993 0.706664
vn -0.637480 0.306993 0.706665
vn -0.564009 0.427217 0.706668
vn -0.564008 0.427218 0.706668
vn -0.481023 0.518430 0.706999
vn -0.506278 0.493797 0.706999
vn -0.468176 0.530506 0.706664
vn -0.469428 0.531928 0.704762
vn -0.468174 0.530507 0.706665
vn -0.702587 0.035069 0.710733
vn -0.701727 0.087937 0.706998
vn -0.705238 0.052853 0.706998
vn -0.695604 0.104846 0.710734
vn -0.664877 0.241995 0.706666
vn -0.664880 0.241992 0.706664
vn -0.603740 0.368941 0.706669
vn -0.603741 0.368940 0.706668
vn -0.530248 0.467965 0.706998
vn -0.552923 0.440942 0.706998
vn -0.518671 0.481254 0.706664
vn -0.518668 0.481256 0.706665
vn -0.520060 0.482543 0.704762
vn -0.699647 0.105456 0.706664
vn -0.685667 0.174596 0.706666
vn -0.685671 0.174591 0.706664
vn -0.637477 0.306989 0.706669
vn -0.637475 0.306991 0.706670
vn -0.603743 0.368941 0.706666
vn -0.564014 0.427216 0.706665
vn -0.574217 0.412832 0.706996
vn -0.594086 0.383691 0.706996
vn -0.565526 0.428361 0.704760
vn -0.564010 0.427218 0.706666
vn -0.706667 0.035269 0.706667
vn -0.706668 0.035273 0.706665
vn -0.699646 0.105452 0.706665
vn -0.664871 0.242001 0.706670
vn -0.664878 0.241992 0.706666
vn -0.603741 0.368948 0.706664
vn -0.605359 0.369936 0.704761
vn -0.612466 0.353606 0.706999
vn -0.629327 0.322644 0.706999
vn -0.637481 0.306991 0.706664
vn -0.699642 0.105451 0.706669
vn -0.685670 0.174587 0.706666
vn -0.685664 0.174595 0.706669
vn -0.637481 0.306989 0.706665
vn -0.639190 0.307812 0.704761
vn -0.644631 0.290870 0.706997
vn -0.658326 0.258382 0.706997
vn -0.706666 0.035269 0.706668
vn -0.706667 0.035272 0.706667
vn -0.699643 0.105454 0.706668
vn -0.664877 0.242000 0.706665
vn -0.666660 0.242648 0.704760
vn -0.664875 0.242003 0.706666
vn -0.670391 0.225230 0.706998
vn -0.680784 0.191537 0.706998
vn -0.685671 0.174588 0.706664
vn -0.685668 0.174594 0.706666
vn -0.687505 0.175062 0.704762
vn -0.689482 0.157374 0.706999
vn -0.696472 0.122797 0.706999
vn -0.706667 0.035266 0.706667
vn -0.706668 0.035272 0.706665
vn -0.699645 0.105455 0.706665
vn -0.699648 0.105450 0.706664
vn -0.701520 0.105732 0.704762
vn -0.701726 0.087947 0.706998
vn -0.705238 0.052852 0.706998
vn -0.708564 0.035361 0.704760
vn -0.706994 -0.017633 0.706999
vn -0.706995 -0.017609 0.707000
vn -0.706994 0.017633 0.706999
vn -0.706995 0.017609 0.707000
vn -0.705241 -0.052853 0.706995
vn -0.701730 -0.087937 0.706995
vn -0.702588 -0.035057 0.710733
vn -0.696470 -0.122792 0.707002
vn -0.689479 -0.157375 0.707002
vn -0.695604 -0.104853 0.710733
vn -0.680781 -0.191547 0.706999
vn -0.670387 -0.225241 0.706999
vn -0.681707 -0.173582 0.710736
vn -0.706672 -0.035277 0.706661
vn -0.706667 -0.035260 0.706668
vn -0.658330 -0.258367 0.707000
vn -0.644627 -0.290874 0.707000
vn -0.661038 -0.240598 0.710733
vn -0.699646 -0.105462 0.706664
vn -0.699643 -0.105451 0.706668
vn -0.629331 -0.322632 0.707002
vn -0.612460 -0.353612 0.707002
vn -0.633793 -0.305224 0.710735
vn -0.685669 -0.174591 0.706666
vn -0.685669 -0.174597 0.706664
vn -0.706664 -0.035264 0.706670
vn -0.706668 -0.035276 0.706665
vn -0.594081 -0.383689 0.707001
vn -0.574206 -0.412841 0.707000
vn -0.600257 -0.366807 0.710735
vn -0.664876 -0.241995 0.706667
vn -0.664876 -0.241998 0.706666
vn -0.699645 -0.105455 0.706665
vn -0.699645 -0.105452 0.706666
vn -0.552927 -0.440941 0.706996
vn -0.530258 -0.467956 0.706996
vn -0.560757 -0.424749 0.710732
vn -0.637478 -0.306992 0.706667
vn -0.637477 -0.306998 0.706665
vn -0.685665 -0.174595 0.706669
vn -0.685665 -0.174603 0.706666
vn -0.706667 -0.035266 0.706667
vn -0.708564 -0.035361 0.704760
vn -0.705233 -0.052876 0.707001
vn -0.701729 -0.087898 0.707001
vn -0.706666 -0.035264 0.706668
vn -0.699643 -0.105455 0.706668
vn -0.506278 -0.493797 0.706999
vn -0.481020 -0.518433 0.706999
vn -0.515674 -0.478478 0.710732
vn -0.603747 -0.368939 0.706664
vn -0.603747 -0.368937 0.706665
vn -0.664877 -0.241998 0.706665
vn -0.664877 -0.241987 0.706669
vn -0.696470 -0.122821 0.706997
vn -0.689490 -0.157352 0.706997
vn -0.699641 -0.105459 0.706669
vn -0.701523 -0.105743 0.704758
vn -0.454596 -0.541754 0.706997
vn -0.427017 -0.563748 0.706997
vn -0.465474 -0.527442 0.710731
vn -0.564012 -0.427214 0.706667
vn -0.564010 -0.427223 0.706664
vn -0.637477 -0.306998 0.706665
vn -0.637478 -0.306992 0.706667
vn -0.685665 -0.174593 0.706669
vn -0.687510 -0.175063 0.704757
vn -0.680771 -0.191583 0.706999
vn -0.670391 -0.225230 0.706998
vn -0.685665 -0.174603 0.706666
vn -0.664880 -0.241988 0.706666
vn -0.398391 -0.584330 0.706996
vn -0.368768 -0.603462 0.706996
vn -0.410643 -0.571168 0.710732
vn -0.518669 -0.481253 0.706667
vn -0.518668 -0.481255 0.706666
vn -0.603746 -0.368936 0.706666
vn -0.603746 -0.368935 0.706667
vn -0.658324 -0.258381 0.707000
vn -0.644638 -0.290848 0.707000
vn -0.664878 -0.241990 0.706667
vn -0.666662 -0.242639 0.704761
vn -0.338228 -0.621092 0.706998
vn -0.306849 -0.637179 0.706998
vn -0.351728 -0.609218 0.710733
vn -0.468172 -0.530508 0.706666
vn -0.468174 -0.530503 0.706668
vn -0.564002 -0.427229 0.706666
vn -0.564005 -0.427219 0.706670
vn -0.639190 -0.307812 0.704761
vn -0.629339 -0.322626 0.706997
vn -0.612468 -0.353608 0.706997
vn -0.637478 -0.306998 0.706664
vn -0.637479 -0.306988 0.706667
vn -0.274704 -0.651686 0.706996
vn -0.241885 -0.664566 0.706996
vn -0.289328 -0.641208 0.710733
vn -0.413027 -0.574482 0.706668
vn -0.413026 -0.574483 0.706667
vn -0.518667 -0.481252 0.706669
vn -0.518668 -0.481250 0.706669
vn -0.603745 -0.368934 0.706668
vn -0.603741 -0.368948 0.706664
vn -0.594075 -0.383708 0.706996
vn -0.574217 -0.412832 0.706996
vn -0.605360 -0.369937 0.704759
vn -0.224040 -0.666832 0.710733
vn -0.208455 -0.675796 0.706998
vn -0.174514 -0.685345 0.706998
vn -0.353774 -0.612752 0.706667
vn -0.353771 -0.612757 0.706665
vn -0.468171 -0.530507 0.706667
vn -0.468173 -0.530503 0.706669
vn -0.552910 -0.440955 0.707000
vn -0.530271 -0.467936 0.707000
vn -0.518673 -0.481254 0.706663
vn -0.564011 -0.427214 0.706668
vn -0.565526 -0.428361 0.704760
vn -0.564004 -0.427231 0.706663
vn -0.140129 -0.693194 0.706998
vn -0.105406 -0.699316 0.706998
vn -0.156535 -0.685823 0.710734
vn -0.291007 -0.644934 0.706665
vn -0.291008 -0.644932 0.706666
vn -0.413028 -0.574483 0.706667
vn -0.413029 -0.574481 0.706667
vn -0.353774 -0.612752 0.706667
vn -0.520057 -0.482550 0.704760
vn -0.518665 -0.481259 0.706666
vn -0.506253 -0.493822 0.706999
vn -0.481047 -0.518407 0.706999
vn -0.070415 -0.703701 0.706998
vn -0.035252 -0.706336 0.706998
vn -0.087471 -0.698002 0.710734
vn -0.225345 -0.670703 0.706666
vn -0.157445 -0.689809 0.706664
vn -0.225341 -0.670707 0.706664
vn -0.291006 -0.644931 0.706668
vn -0.353773 -0.612753 0.706667
vn -0.469435 -0.531926 0.704760
vn -0.454591 -0.541758 0.706997
vn -0.427001 -0.563760 0.706997
vn -0.468176 -0.530506 0.706665
vn -0.468178 -0.530502 0.706666
vn 0.000000 -0.707215 0.706998
vn 0.035253 -0.706336 0.706998
vn -0.017538 -0.703242 0.710734
vn -0.157442 -0.689809 0.706666
vn -0.291003 -0.644932 0.706669
vn -0.413023 -0.574488 0.706665
vn -0.414130 -0.576027 0.704762
vn -0.398403 -0.584321 0.706997
vn -0.368761 -0.603466 0.706997
vn -0.413029 -0.574481 0.706667
vn 0.052570 -0.701494 0.710734
vn 0.070415 -0.703701 0.706998
vn 0.105406 -0.699316 0.706998
vn -0.087979 -0.702057 0.706665
vn -0.017640 -0.707328 0.706665
vn -0.087979 -0.702057 0.706665
vn -0.225344 -0.670701 0.706668
vn -0.225345 -0.670701 0.706668
vn -0.353773 -0.612753 0.706668
vn -0.353772 -0.612754 0.706667
vn -0.338227 -0.621093 0.706998
vn -0.306852 -0.637178 0.706998
vn -0.354721 -0.614399 0.704760
vn 0.140129 -0.693194 0.706998
vn 0.174514 -0.685345 0.706998
vn 0.122153 -0.692775 0.710733
vn -0.017640 -0.707328 0.706665
vn -0.157443 -0.689806 0.706668
vn -0.157441 -0.689807 0.706668
vn -0.291789 -0.646662 0.704761
vn -0.291008 -0.644931 0.706667
vn -0.274705 -0.651683 0.706998
vn -0.241883 -0.664564 0.706998
vn -0.291004 -0.644934 0.706666
vn 0.208455 -0.675795 0.706999
vn 0.241884 -0.664564 0.706999
vn 0.190528 -0.677168 0.710734
vn 0.122863 -0.696799 0.706665
vn 0.052876 -0.705570 0.706665
vn 0.052875 -0.705570 0.706665
vn -0.087978 -0.702055 0.706667
vn -0.017640 -0.707326 0.706668
vn -0.087980 -0.702054 0.706668
vn -0.225948 -0.672502 0.704761
vn -0.208453 -0.675796 0.706998
vn -0.174515 -0.685345 0.706998
vn -0.157443 -0.689808 0.706666
vn -0.225345 -0.670703 0.706666
vn -0.225344 -0.670704 0.706666
vn 0.257000 -0.654836 0.710733
vn 0.274704 -0.651685 0.706997
vn 0.306849 -0.637180 0.706997
vn 0.122864 -0.696798 0.706666
vn 0.191635 -0.681102 0.706666
vn -0.017638 -0.707325 0.706668
vn -0.157868 -0.691657 0.704761
vn -0.140134 -0.693193 0.706998
vn -0.105405 -0.699317 0.706998
vn -0.157446 -0.689808 0.706665
vn 0.320926 -0.625991 0.710733
vn 0.338229 -0.621093 0.706997
vn 0.368768 -0.603461 0.706997
vn 0.191631 -0.681105 0.706664
vn 0.258494 -0.658641 0.706664
vn 0.052875 -0.705566 0.706668
vn 0.052875 -0.705566 0.706668
vn -0.087979 -0.702057 0.706665
vn -0.087980 -0.702057 0.706666
vn -0.070416 -0.703701 0.706998
vn -0.035249 -0.706337 0.706998
vn -0.017638 -0.707328 0.706666
vn -0.088215 -0.703939 0.704761
vn 0.398390 -0.584329 0.706997
vn 0.427017 -0.563748 0.706997
vn 0.381661 -0.590926 0.710733
vn 0.258497 -0.658637 0.706665
vn 0.122863 -0.696796 0.706668
vn 0.122864 -0.696796 0.706668
vn -0.017688 -0.709224 0.704761
vn 0.000000 -0.707215 0.706998
vn 0.035249 -0.706336 0.706998
vn -0.017640 -0.707328 0.706665
vn 0.438601 -0.549988 0.710733
vn 0.454597 -0.541755 0.706996
vn 0.481022 -0.518434 0.706996
vn 0.322794 -0.629626 0.706665
vn 0.322790 -0.629626 0.706667
vn 0.383877 -0.594357 0.706667
vn 0.191629 -0.681100 0.706668
vn 0.191629 -0.681100 0.706668
vn 0.052875 -0.705570 0.706665
vn 0.070415 -0.703701 0.706998
vn 0.105405 -0.699316 0.706998
vn 0.053016 -0.707461 0.704761
vn 0.122864 -0.696800 0.706664
vn 0.052875 -0.705570 0.706665
vn 0.491184 -0.503581 0.710735
vn 0.506279 -0.493797 0.706998
vn 0.530257 -0.467955 0.706998
vn 0.383878 -0.594356 0.706667
vn 0.258496 -0.658634 0.706669
vn 0.258498 -0.658634 0.706669
vn 0.123195 -0.698666 0.704761
vn 0.140134 -0.693193 0.706998
vn 0.174515 -0.685345 0.706998
vn 0.122866 -0.696799 0.706665
vn 0.552928 -0.440941 0.706995
vn 0.574211 -0.412844 0.706995
vn 0.538880 -0.452181 0.710732
vn 0.441148 -0.553182 0.706667
vn 0.441146 -0.553183 0.706667
vn 0.322785 -0.629625 0.706670
vn 0.322793 -0.629624 0.706667
vn 0.258499 -0.658636 0.706666
vn 0.191636 -0.681103 0.706664
vn 0.192149 -0.682927 0.704762
vn 0.191630 -0.681103 0.706666
vn 0.208453 -0.675797 0.706998
vn 0.241883 -0.664565 0.706998
vn 0.594082 -0.383690 0.706999
vn 0.612462 -0.353613 0.707000
vn 0.581231 -0.396266 0.710735
vn 0.494039 -0.506508 0.706665
vn 0.494033 -0.506510 0.706667
vn 0.383877 -0.594356 0.706668
vn 0.383879 -0.594356 0.706667
vn 0.259191 -0.660403 0.704761
vn 0.258498 -0.658637 0.706665
vn 0.274705 -0.651684 0.706997
vn 0.306852 -0.637179 0.706997
vn 0.629333 -0.322633 0.706999
vn 0.644628 -0.290874 0.706999
vn 0.617791 -0.336434 0.710736
vn 0.542013 -0.454804 0.706665
vn 0.542009 -0.454806 0.706667
vn 0.441144 -0.553184 0.706667
vn 0.441147 -0.553183 0.706667
vn 0.383880 -0.594358 0.706665
vn 0.322785 -0.629630 0.706665
vn 0.322788 -0.629629 0.706665
vn 0.338226 -0.621092 0.706999
vn 0.368760 -0.603463 0.706999
vn 0.323650 -0.631318 0.704761
vn 0.648220 -0.273253 0.710735
vn 0.658333 -0.258368 0.706996
vn 0.670390 -0.225242 0.706996
vn 0.584611 -0.398570 0.706663
vn 0.621385 -0.338391 0.706662
vn 0.584601 -0.398577 0.706667
vn 0.494033 -0.506510 0.706668
vn 0.494037 -0.506508 0.706666
vn 0.383880 -0.594358 0.706664
vn 0.441146 -0.553187 0.706664
vn 0.398401 -0.584318 0.707000
vn 0.426999 -0.563757 0.707000
vn 0.384908 -0.595951 0.704761
vn 0.672210 -0.207344 0.710733
vn 0.680780 -0.191546 0.707000
vn 0.689481 -0.157375 0.707000
vn 0.621387 -0.338379 0.706667
vn 0.542010 -0.454801 0.706669
vn 0.542014 -0.454798 0.706668
vn 0.584599 -0.398576 0.706670
vn 0.441152 -0.553179 0.706667
vn 0.442336 -0.554664 0.704760
vn 0.454591 -0.541759 0.706996
vn 0.481050 -0.518409 0.706996
vn 0.696474 -0.122793 0.706998
vn 0.701728 -0.087937 0.706998
vn 0.689510 -0.139388 0.710736
vn 0.651988 -0.274836 0.706666
vn 0.651984 -0.274840 0.706668
vn 0.584598 -0.398576 0.706669
vn 0.495355 -0.507871 0.704763
vn 0.494030 -0.506513 0.706667
vn 0.506254 -0.493823 0.706998
vn 0.530273 -0.467937 0.706997
vn 0.494038 -0.506509 0.706665
vn 0.699966 -0.070037 0.710734
vn 0.705236 -0.052853 0.707000
vn 0.706994 -0.017633 0.707000
vn 0.676113 -0.208548 0.706667
vn 0.676111 -0.208551 0.706669
vn 0.621389 -0.338380 0.706665
vn 0.621377 -0.338391 0.706670
vn 0.542018 -0.454801 0.706663
vn 0.542012 -0.454805 0.706665
vn 0.543463 -0.456023 0.704764
vn 0.552911 -0.440956 0.706999
vn 0.574215 -0.412831 0.706999
vn 0.703459 -0.000000 0.710736
vn 0.706994 0.017633 0.707000
vn 0.705236 0.052853 0.707000
vn 0.693519 -0.140199 0.706665
vn 0.693516 -0.140205 0.706667
vn 0.651988 -0.274836 0.706666
vn 0.651992 -0.274831 0.706664
vn 0.621380 -0.338392 0.706667
vn 0.584612 -0.398568 0.706662
vn 0.584601 -0.398578 0.706666
vn 0.586177 -0.399635 0.704761
vn 0.594076 -0.383709 0.706995
vn 0.612470 -0.353609 0.706995
vn 0.699966 0.070037 0.710734
vn 0.701728 0.087937 0.706998
vn 0.696474 0.122793 0.706998
vn 0.704036 -0.070445 0.706662
vn 0.704032 -0.070451 0.706665
vn 0.707551 0.000000 0.706662
vn 0.693518 -0.140205 0.706665
vn 0.676112 -0.208555 0.706666
vn 0.676114 -0.208552 0.706665
vn 0.621379 -0.338395 0.706666
vn 0.623047 -0.339304 0.704759
vn 0.629337 -0.322625 0.706999
vn 0.644639 -0.290848 0.706999
vn 0.689481 0.157375 0.707000
vn 0.680780 0.191546 0.707000
vn 0.689510 0.139388 0.710736
vn 0.707551 -0.000000 0.706662
vn 0.704036 0.070445 0.706662
vn 0.693517 -0.140198 0.706667
vn 0.651992 -0.274831 0.706664
vn 0.651987 -0.274837 0.706666
vn 0.653733 -0.275573 0.704765
vn 0.658323 -0.258381 0.707001
vn 0.670389 -0.225230 0.707001
vn 0.672210 0.207344 0.710733
vn 0.670390 0.225242 0.706996
vn 0.658333 0.258368 0.706996
vn 0.704032 0.070451 0.706665
vn 0.704027 -0.070451 0.706670
vn 0.704031 -0.070443 0.706667
vn 0.676111 -0.208555 0.706667
vn 0.676119 -0.208544 0.706663
vn 0.677927 -0.209101 0.704764
vn 0.680775 -0.191584 0.706994
vn 0.689492 -0.157352 0.706994
vn 0.648220 0.273253 0.710735
vn 0.644628 0.290874 0.706999
vn 0.629333 0.322634 0.706999
vn 0.693517 0.140198 0.706667
vn 0.693518 0.140205 0.706665
vn 0.707543 0.000000 0.706670
vn 0.707543 -0.000000 0.706670
vn 0.704027 0.070451 0.706670
vn 0.693519 -0.140198 0.706665
vn 0.704033 -0.070443 0.706665
vn 0.693515 -0.140206 0.706667
vn 0.695377 -0.140582 0.704761
vn 0.696469 -0.122821 0.706997
vn 0.701733 -0.087899 0.706997
vn 0.612463 0.353611 0.707000
vn 0.594081 0.383691 0.706999
vn 0.617792 0.336434 0.710736
vn 0.676112 0.208552 0.706667
vn 0.676112 0.208548 0.706669
vn 0.693516 0.140205 0.706667
vn 0.704031 0.070443 0.706667
vn 0.705915 -0.070641 0.704765
vn 0.704035 -0.070453 0.706662
vn 0.705234 -0.052876 0.707000
vn 0.706995 -0.017609 0.707000
vn 0.581230 0.396267 0.710735
vn 0.574211 0.412844 0.706995
vn 0.552929 0.440940 0.706995
vn 0.651985 0.274841 0.706667
vn 0.651986 0.274835 0.706669
vn 0.676114 0.208552 0.706665
vn 0.693520 0.140198 0.706665
vn 0.707551 0.000000 0.706662
vn 0.707551 -0.000000 0.706662
vn 0.709440 -0.000000 0.704765
vn 0.706995 0.017609 0.707000
vn 0.705234 0.052876 0.707000
vn 0.538880 0.452181 0.710733
vn 0.530255 0.467958 0.706997
vn 0.506281 0.493796 0.706998
vn 0.621387 0.338379 0.706667
vn 0.621386 0.338390 0.706663
vn 0.676112 0.208555 0.706666
vn 0.701733 0.087899 0.706997
vn 0.696469 0.122821 0.706997
vn 0.704035 0.070453 0.706662
vn 0.704033 0.070443 0.706665
vn 0.705915 0.070641 0.704765
vn 0.491183 0.503582 0.710735
vn 0.481022 0.518434 0.706997
vn 0.454596 0.541754 0.706997
vn 0.584606 0.398569 0.706667
vn 0.584604 0.398580 0.706663
vn 0.651990 0.274837 0.706664
vn 0.651990 0.274830 0.706666
vn 0.689492 0.157352 0.706994
vn 0.680775 0.191584 0.706994
vn 0.695377 0.140582 0.704761
vn 0.693518 0.140207 0.706665
vn 0.693517 0.140198 0.706667
vn 0.438602 0.549987 0.710734
vn 0.427016 0.563750 0.706996
vn 0.398394 0.584327 0.706996
vn 0.542010 0.454808 0.706665
vn 0.542012 0.454801 0.706667
vn 0.584598 0.398577 0.706669
vn 0.621382 0.338394 0.706664
vn 0.621385 0.338378 0.706669
vn 0.670389 0.225230 0.707001
vn 0.658323 0.258381 0.707001
vn 0.676115 0.208556 0.706664
vn 0.677927 0.209101 0.704764
vn 0.676115 0.208543 0.706667
vn 0.381661 0.590926 0.710733
vn 0.368766 0.603462 0.706997
vn 0.338227 0.621094 0.706997
vn 0.494035 0.506512 0.706665
vn 0.494037 0.506508 0.706667
vn 0.584599 0.398576 0.706669
vn 0.644639 0.290848 0.706999
vn 0.629337 0.322625 0.706999
vn 0.653733 0.275573 0.704765
vn 0.651989 0.274838 0.706664
vn 0.651990 0.274830 0.706666
vn 0.320925 0.625992 0.710733
vn 0.306851 0.637178 0.706998
vn 0.274704 0.651684 0.706998
vn 0.441146 0.553185 0.706666
vn 0.441148 0.553180 0.706668
vn 0.494033 0.506510 0.706667
vn 0.542012 0.454801 0.706667
vn 0.542014 0.454796 0.706669
vn 0.612470 0.353609 0.706995
vn 0.594076 0.383709 0.706995
vn 0.623047 0.339304 0.704759
vn 0.621380 0.338392 0.706667
vn 0.621379 0.338395 0.706666
vn 0.257003 0.654835 0.710733
vn 0.241884 0.664564 0.706998
vn 0.208458 0.675795 0.706998
vn 0.383877 0.594357 0.706667
vn 0.383877 0.594356 0.706668
vn 0.494036 0.506509 0.706666
vn 0.441146 0.553184 0.706667
vn 0.574215 0.412831 0.706999
vn 0.552911 0.440956 0.706999
vn 0.586177 0.399635 0.704761
vn 0.584604 0.398580 0.706663
vn 0.584609 0.398566 0.706667
vn 0.190525 0.677168 0.710734
vn 0.174509 0.685346 0.706998
vn 0.140134 0.693192 0.706998
vn 0.322790 0.629629 0.706664
vn 0.322796 0.629622 0.706667
vn 0.441146 0.553184 0.706666
vn 0.542014 0.454807 0.706663
vn 0.530273 0.467937 0.706997
vn 0.506254 0.493823 0.706998
vn 0.543463 0.456023 0.704764
vn 0.542017 0.454799 0.706665
vn 0.122155 0.692773 0.710734
vn 0.105403 0.699316 0.706998
vn 0.070412 0.703701 0.706998
vn 0.258495 0.658640 0.706664
vn 0.258496 0.658639 0.706665
vn 0.383876 0.594358 0.706666
vn 0.322795 0.629622 0.706668
vn 0.383878 0.594356 0.706667
vn 0.481050 0.518410 0.706995
vn 0.494030 0.506516 0.706665
vn 0.454592 0.541760 0.706996
vn 0.495354 0.507873 0.704762
vn 0.494035 0.506508 0.706667
vn 0.052570 0.701495 0.710733
vn 0.035255 0.706336 0.706998
vn 0.000000 0.707215 0.706998
vn 0.191630 0.681104 0.706665
vn 0.191632 0.681103 0.706666
vn 0.322787 0.629623 0.706670
vn 0.441153 0.553177 0.706667
vn 0.441147 0.553185 0.706665
vn 0.426999 0.563757 0.707000
vn 0.398401 0.584318 0.707000
vn 0.442338 0.554663 0.704759
vn -0.035255 0.706336 0.706998
vn -0.070412 0.703702 0.706998
vn -0.017538 0.703242 0.710734
vn 0.122864 0.696798 0.706666
vn 0.122864 0.696798 0.706666
vn 0.258493 0.658636 0.706668
vn 0.258498 0.658632 0.706670
vn 0.191630 0.681101 0.706668
vn 0.384910 0.595949 0.704762
vn 0.368760 0.603463 0.707000
vn 0.338226 0.621091 0.707000
vn 0.383881 0.594357 0.706665
vn 0.383878 0.594361 0.706663
vn 0.322790 0.629630 0.706664
vn -0.105403 0.699316 0.706999
vn -0.140134 0.693192 0.706999
vn -0.087471 0.698002 0.710734
vn 0.052876 0.705569 0.706666
vn -0.017640 0.707328 0.706666
vn 0.052875 0.705569 0.706665
vn 0.122864 0.696796 0.706668
vn 0.191627 0.681101 0.706669
vn 0.306847 0.637181 0.706998
vn 0.274710 0.651681 0.706998
vn 0.323648 0.631318 0.704762
vn 0.322783 0.629631 0.706666
vn -0.174509 0.685347 0.706998
vn -0.208458 0.675795 0.706998
vn -0.156534 0.685824 0.710734
vn -0.017638 0.707328 0.706665
vn 0.122868 0.696796 0.706667
vn 0.258500 0.658637 0.706665
vn 0.241877 0.664566 0.706999
vn 0.208459 0.675794 0.706999
vn 0.259193 0.660402 0.704761
vn 0.258500 0.658636 0.706665
vn -0.241885 0.664566 0.706996
vn -0.274704 0.651686 0.706996
vn -0.224041 0.666832 0.710733
vn -0.087979 0.702056 0.706666
vn -0.087980 0.702057 0.706665
vn 0.052875 0.705568 0.706667
vn 0.052875 0.705568 0.706667
vn 0.192149 0.682927 0.704762
vn 0.174521 0.685344 0.706998
vn 0.140122 0.693195 0.706998
vn 0.191629 0.681106 0.706663
vn 0.191635 0.681102 0.706665
vn -0.289328 0.641208 0.710733
vn -0.306851 0.637179 0.706998
vn -0.338226 0.621094 0.706998
vn -0.157443 0.689808 0.706666
vn -0.157442 0.689808 0.706666
vn -0.017640 0.707326 0.706667
vn -0.017638 0.707326 0.706668
vn -0.087980 0.702055 0.706667
vn 0.123193 0.698666 0.704762
vn 0.122868 0.696799 0.706665
vn 0.105411 0.699315 0.706998
vn 0.070409 0.703702 0.706998
vn 0.122864 0.696801 0.706663
vn -0.368766 0.603462 0.706997
vn -0.398394 0.584327 0.706997
vn -0.351728 0.609218 0.710733
vn -0.225345 0.670704 0.706665
vn -0.225342 0.670704 0.706666
vn -0.087978 0.702056 0.706667
vn 0.053016 0.707460 0.704762
vn 0.035255 0.706336 0.706998
vn 0.000000 0.707215 0.706998
vn 0.052875 0.705569 0.706666
vn 0.052875 0.705570 0.706665
vn -0.017640 0.707328 0.706666
vn -0.427015 0.563750 0.706997
vn -0.454596 0.541754 0.706997
vn -0.410642 0.571169 0.710731
vn -0.291009 0.644933 0.706665
vn -0.291005 0.644933 0.706666
vn -0.157441 0.689806 0.706668
vn -0.157447 0.689807 0.706666
vn -0.225344 0.670701 0.706668
vn -0.035255 0.706335 0.706999
vn -0.070409 0.703700 0.706999
vn -0.017685 0.709224 0.704761
vn -0.017638 0.707328 0.706665
vn -0.481020 0.518432 0.706999
vn -0.506279 0.493795 0.706999
vn -0.465475 0.527441 0.710731
vn -0.353776 0.612754 0.706665
vn -0.353770 0.612755 0.706667
vn -0.291004 0.644932 0.706668
vn -0.225343 0.670702 0.706668
vn -0.087978 0.702056 0.706666
vn -0.105411 0.699315 0.706999
vn -0.088218 0.703938 0.704761
vn -0.140122 0.693195 0.706999
vn -0.087982 0.702057 0.706665
vn -0.515673 0.478480 0.710731
vn -0.530256 0.467959 0.706996
vn -0.552928 0.440939 0.706996
vn -0.413027 0.574482 0.706667
vn -0.413025 0.574483 0.706668
vn -0.291003 0.644933 0.706668
vn -0.225344 0.670704 0.706666
vn -0.157868 0.691658 0.704760
vn -0.174521 0.685344 0.706998
vn -0.208459 0.675795 0.706998
vn -0.157447 0.689807 0.706666
vn -0.157446 0.689807 0.706666
vn -0.574206 0.412841 0.707000
vn -0.594080 0.383691 0.707001
vn -0.560758 0.424748 0.710732
vn -0.468178 0.530503 0.706666
vn -0.468170 0.530506 0.706669
vn -0.353774 0.612752 0.706667
vn -0.353773 0.612753 0.706668
vn -0.225950 0.672501 0.704761
vn -0.291004 0.644934 0.706666
vn -0.225346 0.670703 0.706666
vn -0.241878 0.664567 0.706998
vn -0.274710 0.651681 0.706998
vn -0.612462 0.353610 0.707001
vn -0.629331 0.322633 0.707001
vn -0.600257 0.366807 0.710735
vn -0.518669 0.481255 0.706666
vn -0.518665 0.481256 0.706667
vn -0.413028 0.574483 0.706667
vn -0.413028 0.574482 0.706667
vn -0.306847 0.637181 0.706998
vn -0.338227 0.621093 0.706998
vn -0.291006 0.644932 0.706667
vn -0.291787 0.646663 0.704761
vn -0.644627 0.290874 0.707000
vn -0.658330 0.258367 0.707000
vn -0.633794 0.305224 0.710735
vn -0.564008 0.427219 0.706667
vn -0.564015 0.427215 0.706665
vn -0.468170 0.530506 0.706668
vn -0.468175 0.530504 0.706667
vn -0.354721 0.614399 0.704760
vn -0.353773 0.612753 0.706667
vn -0.368761 0.603466 0.706997
vn -0.398403 0.584321 0.706997
vn -0.353771 0.612753 0.706667
vn -0.670387 0.225241 0.706999
vn -0.680781 0.191547 0.706999
vn -0.661038 0.240598 0.710733
vn -0.603745 0.368939 0.706665
vn -0.603747 0.368938 0.706664
vn -0.518666 0.481252 0.706670
vn -0.564006 0.427217 0.706670
vn -0.518670 0.481250 0.706668
vn -0.427001 0.563760 0.706997
vn -0.454591 0.541758 0.706997
vn -0.413029 0.574484 0.706665
vn -0.414130 0.576027 0.704762
vn -0.413022 0.574486 0.706667
vn -0.468176 0.530505 0.706665
vn -0.689479 0.157375 0.707002
vn -0.696470 0.122792 0.707002
vn -0.681707 0.173582 0.710736
vn -0.637476 0.306997 0.706667
vn -0.637480 0.306993 0.706665
vn -0.564002 0.427229 0.706666
vn -0.481047 0.518407 0.706999
vn -0.506253 0.493822 0.706999
vn -0.518672 0.481251 0.706666
vn -0.469435 0.531926 0.704760
vn -0.468178 0.530502 0.706666
vn -0.701730 0.087937 0.706995
vn -0.705241 0.052853 0.706995
vn -0.702588 0.035057 0.710733
vn -0.695604 0.104853 0.710733
vn -0.664875 0.241998 0.706667
vn -0.664877 0.241995 0.706666
vn -0.603747 0.368935 0.706666
vn -0.637478 0.306992 0.706667
vn -0.603745 0.368937 0.706667
vn -0.530271 0.467936 0.707000
vn -0.552910 0.440955 0.707000
vn -0.520057 0.482550 0.704760
vn -0.518667 0.481260 0.706663
vn -0.685667 0.174596 0.706666
vn -0.685671 0.174591 0.706664
vn -0.637477 0.306998 0.706665
vn -0.564001 0.427228 0.706668
vn -0.564015 0.427217 0.706663
vn -0.574217 0.412832 0.706996
vn -0.594075 0.383708 0.706996
vn -0.565526 0.428361 0.704760
vn -0.706667 0.035260 0.706668
vn -0.699642 0.105462 0.706668
vn -0.699647 0.105452 0.706664
vn -0.706672 0.035277 0.706661
vn -0.706664 0.035276 0.706669
vn -0.664881 0.241988 0.706665
vn -0.664874 0.241997 0.706668
vn -0.685665 0.174595 0.706669
vn -0.603748 0.368936 0.706665
vn -0.603737 0.368945 0.706669
vn -0.637478 0.306998 0.706664
vn -0.612468 0.353608 0.706997
vn -0.629339 0.322626 0.706997
vn -0.605360 0.369937 0.704759
vn -0.685665 0.174603 0.706666
vn -0.637479 0.306988 0.706667
vn -0.639190 0.307812 0.704761
vn -0.644638 0.290848 0.707000
vn -0.658324 0.258381 0.707000
vn -0.699646 0.105452 0.706665
vn -0.706669 0.035264 0.706665
vn -0.699644 0.105455 0.706666
vn -0.664880 0.241988 0.706666
vn -0.666662 0.242639 0.704761
vn -0.670391 0.225230 0.706998
vn -0.680771 0.191583 0.706999
vn -0.685665 0.174603 0.706666
vn -0.664878 0.241990 0.706667
vn -0.685665 0.174593 0.706669
vn -0.687510 0.175063 0.704757
vn -0.689490 0.157352 0.706997
vn -0.696470 0.122821 0.706997
vn -0.706667 0.035266 0.706667
vn -0.706666 0.035264 0.706668
vn -0.699643 0.105455 0.706668
vn -0.699641 0.105459 0.706669
vn -0.701523 0.105743 0.704758
vn -0.701729 0.087898 0.707001
vn -0.705233 0.052876 0.707001
vn -0.708564 0.035361 0.704760
f 1//1 2//1 3//1
f 1//2 3//2 4//2
f 2//3 5//3 3//3
f 3//4 5//4 6//4
f 6//5 7//5 8//5
f 5//6 7//6 6//6
f 8//7 9//7 10//7
f 7//8 9//8 8//8
f 10//9 11//9 12//9
f 9//10 11//10 10//10
f 12//11 13//11 14//11
f 11//12 13//12 12//12
f 14//13 15//13 16//13
f 13//14 15//14 14//14
f 16//15 17//15 18//15
f 15//16 17//16 16//16
f 18//17 19//17 20//17
f 17//18 19//18 18//18
f 19//19 21//19 20//19
f 20//20 21//20 22//20
f 22//21 23//21 24//21
f 21//22 23//22 22//22
f 24//23 25//23 26//23
f 23//24 25//24 24//24
f 26//25 27//25 28//25
f 25//26 27//26 26//26
f 28//27 29//27 30//27
f 27//28 29//28 28//28
f 30//29 31//29 32//29
f 29//30 31//30 30//30
f 32//31 33//31 34//31
f 31//32 33//32 32//32
f 34//33 35//33 36//33
f 33//34 35//34 34//34
f 36//35 37//35 38//35
f 35//36 37//36 36//36
f 38//37 39//37 40//37
f 37//38 39//38 38//38
f 40//39 41//39 42//39
f 39//40 41//40 40//40
f 42//41 43//41 44//41
f 44//42 43//42 45//42
f 41//43 43//43 42//43
f 43//44 46//44 45//44
f 45//45 47//45 48//45
f 46//46 47//46 45//46
f 48//47 49//47 50//47
f 50//48 49//48 51//48
f 47//49 49//49 48//49
f 49//50 52//50 51//50
f 51//51 53//51 54//51
f 52//52 53//52 51//52
f 54//53 55//53 56//53
f 56//54 55//54 57//54
f 53//55 55//55 54//55
f 55//56 58//56 57//56
f 57//57 59//57 60//57
f 58//58 59//58 57//58
f 60//59 61//59 62//59
f 62//60 61//60 63//60
f 59//61 61//61 60//61
f 61//62 64//62 63//62
f 63//63 65//63 66//63
f 64//64 65//64 63//64
f 66//65 67//65 68//65
f 65//66 67//66 66//66
f 69//67 70//67 71//67
f 71//68 70//68 72//68
f 72//69 73//69 74//69
f 70//70 73//70 72//70
f 74//71 75//71 76//71
f 73//72 75//72 74//72
f 76//73 77//73 78//73
f 75//74 77//74 76//74
f 78//75 79//75 80//75
f 77//76 79//76 78//76
f 80//77 81//77 82//77
f 79//78 81//78 80//78
f 82//79 83//79 84//79
f 81//80 83//80 82//80
f 84//81 85//81 86//81
f 83//82 85//82 84//82
f 85//83 87//83 86//83
f 86//84 87//84 88//84
f 88//85 89//85 90//85
f 87//86 89//86 88//86
f 90//87 91//87 92//87
f 89//88 91//88 90//88
f 92//89 93//89 94//89
f 91//90 93//90 92//90
f 94//91 95//91 96//91
f 93//92 95//92 94//92
f 96//93 97//93 98//93
f 95//94 97//94 96//94
f 98//95 99//95 100//95
f 97//96 99//96 98//96
f 100//97 101//97 102//97
f 99//98 101//98 100//98
f 102//99 103//99 104//99
f 101//100 103//100 102//100
f 104//101 105//101 106//101
f 103//102 105//102 104//102
f 106//103 107//103 108//103
f 105//104 107//104 106//104
f 108//105 109//105 110//105
f 107//106 109//106 108//106
f 110//107 111//107 112//107
f 109//108 111//108 110//108
f 112//109 113//109 114//109
f 111//110 113//110 112//110
f 114//111 115//111 116//111
f 113//112 115//112 114//112
f 116//113 117//113 118//113
f 118//114 117//114 119//114
f 115//115 117//115 116//115
f 117//116 120//116 119//116
f 119//117 121//117 122//117
f 122//118 121//118 123//118
f 120//119 121//119 119//119
f 121//120 124//120 123//120
f 123//121 125//121 126//121
f 124//122 125//122 123//122
f 126//123 127//123 128//123
f 125//124 127//124 126//124
f 128//125 129//125 130//125
f 130//126 129//126 131//126
f 127//127 129//127 128//127
f 129//128 132//128 131//128
f 131//129 1//129 4//129
f 132//130 1//130 131//130
f 35//131 33//131 37//131
f 33//132 31//132 37//132
f 37//133 43//133 39//133
f 39//134 43//134 41//134
f 31//135 43//135 37//135
f 29//136 27//136 31//136
f 25//137 23//137 27//137
f 27//138 23//138 31//138
f 43//139 49//139 46//139
f 46//140 49//140 47//140
f 31//141 52//141 43//141
f 43//142 52//142 49//142
f 23//143 52//143 31//143
f 21//144 19//144 23//144
f 17//145 15//145 19//145
f 53//146 58//146 55//146
f 13//147 11//147 15//147
f 58//148 61//148 59//148
f 15//149 9//149 19//149
f 19//150 9//150 23//150
f 11//151 9//151 15//151
f 53//152 64//152 58//152
f 58//153 64//153 61//153
f 52//154 7//154 53//154
f 23//155 7//155 52//155
f 9//156 7//156 23//156
f 64//157 67//157 65//157
f 53//158 67//158 64//158
f 7//159 67//159 53//159
f 5//160 2//160 7//160
f 7//161 2//161 67//161
f 2//162 133//162 67//162
f 134//163 133//163 2//163
f 67//164 135//164 136//164
f 133//165 135//165 67//165
f 133//166 137//166 138//166
f 138//167 139//167 133//167
f 133//168 140//168 137//168
f 139//169 141//169 133//169
f 133//170 142//170 140//170
f 141//171 143//171 133//171
f 133//172 144//172 142//172
f 143//173 145//173 133//173
f 133//174 146//174 144//174
f 145//175 147//175 133//175
f 133//176 148//176 146//176
f 147//177 149//177 133//177
f 133//178 150//178 148//178
f 149//179 151//179 133//179
f 133//180 152//180 150//180
f 151//181 153//181 133//181
f 133//182 154//182 152//182
f 153//183 155//183 133//183
f 133//184 156//184 154//184
f 155//185 157//185 133//185
f 157//186 158//186 133//186
f 158//187 159//187 133//187
f 159//188 160//188 133//188
f 160//189 161//189 133//189
f 161//190 162//190 133//190
f 2//191 163//191 134//191
f 162//192 164//192 133//192
f 164//193 165//193 133//193
f 165//194 166//194 133//194
f 166//195 167//195 133//195
f 133//196 168//196 135//196
f 167//197 168//197 133//197
f 168//198 169//198 135//198
f 169//199 170//199 135//199
f 170//200 171//200 135//200
f 171//201 172//201 135//201
f 172//202 173//202 135//202
f 173//203 174//203 135//203
f 174//204 175//204 135//204
f 175//205 176//205 135//205
f 176//206 177//206 135//206
f 177//207 178//207 135//207
f 178//208 179//208 135//208
f 179//209 180//209 135//209
f 180//210 181//210 135//210
f 181//211 182//211 135//211
f 182//212 183//212 135//212
f 183//213 184//213 135//213
f 184//214 185//214 135//214
f 185//215 186//215 135//215
f 186//216 187//216 135//216
f 187//217 188//217 135//217
f 188//218 189//218 135//218
f 189//219 190//219 135//219
f 190//220 191//220 135//220
f 192//221 193//221 194//221
f 195//222 193//222 192//222
f 196//223 193//223 195//223
f 197//224 193//224 196//224
f 198//225 193//225 197//225
f 199//226 193//226 198//226
f 200//227 193//227 199//227
f 201//228 193//228 200//228
f 202//229 193//229 201//229
f 203//230 193//230 202//230
f 204//231 193//231 203//231
f 205//232 193//232 204//232
f 206//233 193//233 205//233
f 207//234 193//234 206//234
f 208//235 193//235 207//235
f 209//236 193//236 208//236
f 210//237 193//237 209//237
f 211//238 193//238 210//238
f 212//239 193//239 211//239
f 213//240 193//240 212//240
f 214//241 193//241 213//241
f 215//242 193//242 214//242
f 216//243 193//243 215//243
f 217//244 193//244 216//244
f 218//245 193//245 217//245
f 193//246 219//246 194//246
f 193//247 220//247 219//247
f 193//248 221//248 220//248
f 193//249 222//249 221//249
f 193//250 223//250 222//250
f 193//251 224//251 223//251
f 193//252 225//252 224//252
f 193//253 226//253 225//253
f 193//254 227//254 226//254
f 136//255 228//255 67//255
f 229//256 230//256 231//256
f 232//257 230//257 229//257
f 233//258 230//258 232//258
f 234//259 230//259 233//259
f 235//260 230//260 234//260
f 236//261 230//261 235//261
f 237//262 230//262 236//262
f 238//263 230//263 237//263
f 239//264 230//264 191//264
f 240//265 230//265 239//265
f 241//266 230//266 240//266
f 231//267 230//267 241//267
f 191//268 230//268 135//268
f 163//269 242//269 193//269
f 193//270 243//270 227//270
f 242//271 243//271 193//271
f 244//272 243//272 245//272
f 246//273 243//273 244//273
f 247//274 243//274 246//274
f 248//275 243//275 247//275
f 227//276 243//276 248//276
f 228//277 249//277 67//277
f 230//278 249//278 228//278
f 230//279 250//279 249//279
f 242//280 1//280 251//280
f 132//281 129//281 1//281
f 127//282 125//282 129//282
f 129//283 125//283 1//283
f 252//284 253//284 254//284
f 254//285 255//285 252//285
f 252//286 256//286 253//286
f 255//287 257//287 252//287
f 252//288 258//288 256//288
f 257//289 259//289 252//289
f 252//290 260//290 258//290
f 259//291 261//291 252//291
f 252//292 262//292 260//292
f 261//293 263//293 252//293
f 252//294 264//294 262//294
f 263//295 265//295 252//295
f 252//296 266//296 264//296
f 265//297 267//297 252//297
f 125//298 124//298 1//298
f 252//299 268//299 266//299
f 267//300 269//300 252//300
f 252//301 270//301 268//301
f 252//302 271//302 243//302
f 269//303 271//303 252//303
f 252//304 272//304 270//304
f 271//305 273//305 243//305
f 252//306 274//306 272//306
f 124//307 121//307 1//307
f 273//308 275//308 243//308
f 252//309 276//309 274//309
f 275//310 277//310 243//310
f 252//311 278//311 276//311
f 277//312 279//312 243//312
f 121//313 120//313 1//313
f 252//314 280//314 278//314
f 279//315 281//315 243//315
f 252//316 282//316 280//316
f 281//317 283//317 243//317
f 252//318 284//318 282//318
f 283//319 285//319 243//319
f 252//320 286//320 284//320
f 285//321 287//321 243//321
f 252//322 288//322 286//322
f 287//323 289//323 243//323
f 117//324 115//324 120//324
f 252//325 290//325 288//325
f 289//326 291//326 243//326
f 252//327 292//327 290//327
f 291//328 293//328 243//328
f 115//329 113//329 120//329
f 252//330 294//330 292//330
f 293//331 295//331 243//331
f 252//332 296//332 294//332
f 295//333 297//333 243//333
f 252//334 298//334 296//334
f 297//335 299//335 243//335
f 252//336 300//336 298//336
f 111//337 109//337 113//337
f 113//338 109//338 120//338
f 299//339 301//339 243//339
f 252//340 302//340 300//340
f 301//341 303//341 243//341
f 252//342 304//342 302//342
f 109//343 107//343 120//343
f 303//344 305//344 243//344
f 251//345 306//345 252//345
f 252//346 306//346 304//346
f 1//347 306//347 251//347
f 305//348 307//348 243//348
f 1//349 308//349 306//349
f 107//350 105//350 120//350
f 1//351 309//351 308//351
f 105//352 103//352 120//352
f 1//353 310//353 309//353
f 1//354 311//354 310//354
f 103//355 101//355 120//355
f 1//356 312//356 311//356
f 101//357 99//357 120//357
f 97//358 95//358 99//358
f 99//359 93//359 120//359
f 95//360 93//360 99//360
f 93//361 91//361 120//361
f 91//362 89//362 120//362
f 89//363 87//363 120//363
f 120//364 85//364 1//364
f 87//365 85//365 120//365
f 83//366 81//366 85//366
f 81//367 79//367 85//367
f 79//368 77//368 85//368
f 85//369 75//369 1//369
f 77//370 75//370 85//370
f 70//371 69//371 73//371
f 73//372 69//372 75//372
f 1//373 69//373 312//373
f 313//374 69//374 314//374
f 315//375 69//375 313//375
f 316//376 69//376 315//376
f 317//377 69//377 316//377
f 318//378 69//378 317//378
f 319//379 69//379 318//379
f 320//380 69//380 319//380
f 321//381 69//381 320//381
f 322//382 69//382 321//382
f 323//383 69//383 322//383
f 324//384 69//384 323//384
f 325//385 69//385 324//385
f 326//386 69//386 325//386
f 327//387 69//387 326//387
f 312//388 69//388 327//388
f 75//389 69//389 1//389
f 328//390 329//390 330//390
f 330//391 329//391 331//391
f 332//392 333//392 334//392
f 335//393 333//393 332//393
f 336//394 333//394 335//394
f 337//395 333//395 336//395
f 338//396 333//396 337//396
f 339//397 333//397 338//397
f 340//398 333//398 339//398
f 341//399 333//399 340//399
f 342//400 333//400 341//400
f 343//401 333//401 342//401
f 344//402 333//402 343//402
f 345//403 333//403 344//403
f 346//404 333//404 345//404
f 347//405 333//405 346//405
f 348//406 333//406 347//406
f 349//407 333//407 348//407
f 350//408 333//408 349//408
f 351//409 333//409 350//409
f 352//410 333//410 351//410
f 353//411 333//411 352//411
f 354//412 333//412 353//412
f 355//413 333//413 356//413
f 357//414 333//414 354//414
f 358//415 333//415 355//415
f 359//416 333//416 357//416
f 360//417 333//417 358//417
f 361//418 333//418 359//418
f 334//419 333//419 360//419
f 362//420 363//420 364//420
f 364//421 363//421 365//421
f 364//422 366//422 367//422
f 365//423 366//423 364//423
f 362//424 368//424 363//424
f 369//425 368//425 362//425
f 367//426 370//426 371//426
f 366//427 370//427 367//427
f 372//428 373//428 369//428
f 369//429 373//429 368//429
f 370//430 374//430 371//430
f 371//431 374//431 375//431
f 372//432 376//432 373//432
f 377//433 376//433 372//433
f 375//434 378//434 307//434
f 374//435 378//435 375//435
f 307//436 378//436 243//436
f 379//437 380//437 377//437
f 381//438 380//438 379//438
f 377//439 380//439 376//439
f 378//440 382//440 243//440
f 381//441 383//441 380//441
f 382//442 384//442 243//442
f 385//443 386//443 381//443
f 387//444 386//444 385//444
f 381//445 386//445 383//445
f 384//446 388//446 243//446
f 387//447 389//447 386//447
f 388//448 390//448 243//448
f 391//449 392//449 387//449
f 387//450 392//450 389//450
f 390//451 393//451 243//451
f 394//452 395//452 391//452
f 391//453 395//453 392//453
f 393//454 396//454 243//454
f 397//455 398//455 394//455
f 394//456 398//456 395//456
f 396//457 399//457 243//457
f 333//458 400//458 356//458
f 356//459 400//459 397//459
f 397//460 400//460 398//460
f 399//461 401//461 243//461
f 243//462 401//462 245//462
f 245//463 401//463 402//463
f 333//464 403//464 400//464
f 401//465 404//465 402//465
f 402//466 404//466 405//466
f 333//467 406//467 403//467
f 404//468 407//468 405//468
f 405//469 407//469 408//469
f 333//470 409//470 406//470
f 408//471 410//471 411//471
f 407//472 410//472 408//472
f 333//473 412//473 409//473
f 410//474 413//474 411//474
f 411//475 413//475 414//475
f 333//476 415//476 412//476
f 414//477 416//477 417//477
f 413//478 416//478 414//478
f 333//479 418//479 415//479
f 416//480 419//480 417//480
f 417//481 419//481 420//481
f 333//482 421//482 418//482
f 420//483 422//483 423//483
f 419//484 422//484 420//484
f 333//485 424//485 421//485
f 422//486 425//486 423//486
f 423//487 425//487 426//487
f 333//488 427//488 424//488
f 238//489 428//489 230//489
f 426//490 428//490 238//490
f 425//491 428//491 426//491
f 333//492 429//492 427//492
f 428//493 430//493 230//493
f 333//494 431//494 429//494
f 230//495 432//495 250//495
f 430//496 432//496 230//496
f 333//497 433//497 431//497
f 432//498 434//498 250//498
f 333//499 435//499 433//499
f 434//500 436//500 250//500
f 333//501 437//501 435//501
f 436//502 438//502 250//502
f 439//503 440//503 361//503
f 441//504 440//504 439//504
f 442//505 440//505 441//505
f 443//506 440//506 442//506
f 444//507 440//507 443//507
f 445//508 440//508 444//508
f 446//509 440//509 445//509
f 314//510 440//510 446//510
f 361//511 440//511 333//511
f 69//512 440//512 314//512
f 333//513 447//513 437//513
f 438//514 448//514 250//514
f 333//515 449//515 447//515
f 448//516 450//516 250//516
f 333//517 451//517 449//517
f 450//518 452//518 250//518
f 333//519 453//519 451//519
f 452//520 454//520 250//520
f 333//521 455//521 453//521
f 333//522 456//522 455//522
f 333//523 457//523 456//523
f 333//524 458//524 457//524
f 333//525 459//525 458//525
f 333//526 460//526 459//526
f 333//527 461//527 460//527
f 462//528 463//528 464//528
f 465//529 463//529 462//529
f 466//530 463//530 465//530
f 467//531 463//531 466//531
f 468//532 463//532 467//532
f 469//533 463//533 468//533
f 470//534 463//534 469//534
f 471//535 463//535 470//535
f 472//536 463//536 471//536
f 473//537 463//537 472//537
f 474//538 463//538 473//538
f 475//539 463//539 474//539
f 476//540 463//540 475//540
f 477//541 463//541 476//541
f 478//542 463//542 477//542
f 479//543 463//543 478//543
f 480//544 463//544 479//544
f 481//545 463//545 480//545
f 482//546 463//546 481//546
f 483//547 463//547 482//547
f 484//548 463//548 483//548
f 485//549 463//549 484//549
f 486//550 463//550 485//550
f 487//551 463//551 486//551
f 488//552 463//552 487//552
f 489//553 463//553 488//553
f 490//554 463//554 489//554
f 491//555 463//555 490//555
f 492//556 463//556 491//556
f 493//557 463//557 492//557
f 494//558 463//558 493//558
f 495//559 463//559 494//559
f 496//560 463//560 495//560
f 497//561 463//561 496//561
f 498//562 463//562 497//562
f 330//563 499//563 249//563
f 500//564 499//564 501//564
f 501//565 499//565 331//565
f 331//566 499//566 330//566
f 249//567 499//567 67//567
f 502//568 503//568 504//568
f 499//569 505//569 502//569
f 502//570 505//570 503//570
f 499//571 506//571 505//571
f 499//572 507//572 506//572
f 507//573 508//573 509//573
f 499//574 508//574 507//574
f 499//575 510//575 508//575
f 510//576 511//576 512//576
f 499//577 511//577 510//577
f 511//578 513//578 514//578
f 511//579 515//579 513//579
f 499//580 516//580 511//580
f 511//581 516//581 515//581
f 499//582 517//582 516//582
f 517//583 518//583 519//583
f 519//584 518//584 520//584
f 499//585 521//585 517//585
f 517//586 521//586 518//586
f 521//587 522//587 523//587
f 521//588 524//588 522//588
f 521//589 525//589 524//589
f 499//590 525//590 521//590
f 499//591 526//591 525//591
f 525//592 526//592 527//592
f 526//593 528//593 529//593
f 529//594 528//594 530//594
f 499//595 531//595 526//595
f 526//596 531//596 528//596
f 528//597 531//597 532//597
f 499//598 533//598 531//598
f 454//599 534//599 250//599
f 464//600 534//600 535//600
f 536//601 534//601 454//601
f 537//602 534//602 536//602
f 538//603 534//603 537//603
f 539//604 534//604 538//604
f 540//605 534//605 539//605
f 541//606 534//606 540//606
f 542//607 534//607 541//607
f 543//608 534//608 542//608
f 544//609 534//609 543//609
f 545//610 534//610 544//610
f 546//611 534//611 545//611
f 547//612 534//612 546//612
f 548//613 534//613 547//613
f 549//614 534//614 548//614
f 550//615 534//615 549//615
f 551//616 534//616 550//616
f 535//617 534//617 551//617
f 250//618 534//618 328//618
f 463//619 534//619 464//619
f 500//620 552//620 553//620
f 553//621 554//621 500//621
f 500//622 555//622 552//622
f 554//623 556//623 500//623
f 500//624 557//624 555//624
f 556//625 558//625 500//625
f 500//626 559//626 557//626
f 558//627 560//627 500//627
f 500//628 561//628 559//628
f 560//629 562//629 500//629
f 500//630 563//630 561//630
f 562//631 564//631 500//631
f 500//632 565//632 563//632
f 564//633 566//633 500//633
f 500//634 567//634 565//634
f 566//635 568//635 500//635
f 500//636 569//636 567//636
f 568//637 570//637 500//637
f 500//638 571//638 569//638
f 570//639 572//639 500//639
f 500//640 573//640 571//640
f 572//641 574//641 500//641
f 329//642 575//642 500//642
f 500//643 575//643 573//643
f 329//644 576//644 575//644
f 329//645 577//645 576//645
f 329//646 578//646 577//646
f 329//647 579//647 578//647
f 499//648 580//648 533//648
f 581//649 580//649 574//649
f 582//650 580//650 581//650
f 583//651 580//651 582//651
f 584//652 580//652 583//652
f 574//653 580//653 500//653
f 500//654 580//654 499//654
f 584//655 585//655 580//655
f 329//656 586//656 579//656
f 585//657 587//657 580//657
f 329//658 588//658 586//658
f 587//659 589//659 580//659
f 329//660 590//660 588//660
f 589//661 591//661 580//661
f 329//662 592//662 590//662
f 591//663 593//663 580//663
f 329//664 594//664 592//664
f 593//665 595//665 580//665
f 329//666 596//666 594//666
f 595//667 597//667 580//667
f 329//668 598//668 596//668
f 597//669 599//669 580//669
f 600//670 601//670 463//670
f 463//671 601//671 534//671
f 599//672 602//672 580//672
f 602//673 603//673 580//673
f 603//674 604//674 580//674
f 604//675 605//675 580//675
f 605//676 606//676 580//676
f 606//677 607//677 580//677
f 607//678 608//678 580//678
f 608//679 609//679 580//679
f 609//680 610//680 580//680
f 610//681 611//681 580//681
f 611//682 612//682 580//682
f 612//683 613//683 580//683
f 613//684 614//684 580//684
f 614//685 615//685 580//685
f 615//686 616//686 580//686
f 616//687 617//687 580//687
f 617//688 618//688 580//688
f 618//689 619//689 580//689
f 580//690 620//690 533//690
f 534//691 621//691 328//691
f 622//692 623//692 624//692
f 625//693 623//693 622//693
f 626//694 623//694 625//694
f 627//695 623//695 626//695
f 628//696 623//696 627//696
f 629//697 623//697 628//697
f 630//698 623//698 629//698
f 631//699 623//699 630//699
f 632//700 623//700 631//700
f 633//701 623//701 632//701
f 634//702 623//702 633//702
f 635//703 623//703 634//703
f 636//704 623//704 637//704
f 638//705 623//705 636//705
f 639//706 623//706 638//706
f 640//707 623//707 639//707
f 641//708 623//708 640//708
f 642//709 623//709 641//709
f 643//710 623//710 642//710
f 644//711 623//711 643//711
f 645//712 623//712 644//712
f 646//713 623//713 645//713
f 647//714 623//714 646//714
f 648//715 623//715 647//715
f 649//716 623//716 648//716
f 650//717 623//717 649//717
f 651//718 623//718 650//718
f 652//719 623//719 651//719
f 653//720 623//720 652//720
f 654//721 623//721 653//721
f 655//722 623//722 654//722
f 656//723 623//723 655//723
f 657//724 623//724 656//724
f 624//725 623//725 657//725
f 620//726 658//726 533//726
f 328//727 659//727 329//727
f 328//728 660//728 659//728
f 659//729 661//729 329//729
f 328//730 662//730 660//730
f 661//731 663//731 329//731
f 328//732 664//732 662//732
f 598//733 665//733 666//733
f 663//734 665//734 329//734
f 329//735 665//735 598//735
f 328//736 667//736 664//736
f 666//737 668//737 669//737
f 665//738 668//738 666//738
f 328//739 670//739 667//739
f 669//740 671//740 672//740
f 668//741 671//741 669//741
f 328//742 673//742 670//742
f 621//743 673//743 328//743
f 672//744 674//744 675//744
f 671//745 674//745 672//745
f 621//746 676//746 673//746
f 675//747 677//747 678//747
f 674//748 677//748 675//748
f 621//749 679//749 676//749
f 677//750 680//750 678//750
f 678//751 680//751 681//751
f 621//752 682//752 679//752
f 681//753 683//753 684//753
f 680//754 683//754 681//754
f 621//755 685//755 682//755
f 683//756 686//756 684//756
f 684//757 686//757 687//757
f 621//758 688//758 685//758
f 687//759 689//759 690//759
f 686//760 689//760 687//760
f 621//761 691//761 688//761
f 689//762 692//762 690//762
f 690//763 693//763 694//763
f 692//764 693//764 690//764
f 621//765 695//765 691//765
f 694//766 696//766 697//766
f 693//767 696//767 694//767
f 697//768 698//768 699//768
f 696//769 698//769 697//769
f 700//770 701//770 702//770
f 703//771 701//771 700//771
f 699//772 701//772 703//772
f 698//773 701//773 699//773
f 621//774 704//774 695//774
f 705//775 704//775 621//775
f 706//776 704//776 707//776
f 708//777 704//777 706//777
f 695//778 704//778 708//778
f 702//779 709//779 635//779
f 701//780 709//780 702//780
f 635//781 709//781 623//781
f 705//782 710//782 704//782
f 711//783 712//783 709//783
f 713//784 712//784 711//784
f 714//785 712//785 713//785
f 715//786 712//786 714//786
f 716//787 712//787 715//787
f 717//788 712//788 716//788
f 718//789 712//789 717//789
f 719//790 712//790 718//790
f 720//791 712//791 719//791
f 721//792 712//792 720//792
f 722//793 712//793 721//793
f 723//794 712//794 722//794
f 724//795 712//795 723//795
f 725//796 712//796 724//796
f 726//797 712//797 725//797
f 727//798 712//798 726//798
f 728//799 712//799 727//799
f 729//800 712//800 728//800
f 730//801 712//801 729//801
f 731//802 712//802 730//802
f 732//803 712//803 731//803
f 733//804 712//804 732//804
f 734//805 712//805 733//805
f 735//806 712//806 734//806
f 736//807 712//807 735//807
f 737//808 712//808 736//808
f 738//809 712//809 737//809
f 739//810 712//810 738//810
f 740//811 712//811 739//811
f 741//812 712//812 740//812
f 709//813 712//813 623//813
f 742//814 712//814 741//814
f 743//815 712//815 742//815
f 623//816 712//816 658//816
f 704//817 744//817 707//817
f 704//818 745//818 744//818
f 704//819 746//819 745//819
f 704//820 747//820 746//820
f 704//821 748//821 747//821
f 704//822 749//822 748//822
f 704//823 750//823 749//823
f 704//824 751//824 750//824
f 704//825 752//825 751//825
f 704//826 753//826 752//826
f 704//827 754//827 753//827
f 704//828 755//828 754//828
f 704//829 756//829 755//829
f 704//830 757//830 756//830
f 704//831 758//831 757//831
f 704//832 759//832 758//832
f 712//833 760//833 658//833
f 761//834 762//834 763//834
f 704//835 762//835 759//835
f 764//836 762//836 765//836
f 766//837 762//837 764//837
f 767//838 762//838 766//838
f 768//839 762//839 767//839
f 769//840 762//840 768//840
f 770//841 762//841 769//841
f 771//842 762//842 770//842
f 772//843 762//843 771//843
f 773//844 762//844 772//844
f 774//845 762//845 773//845
f 775//846 762//846 774//846
f 776//847 762//847 775//847
f 777//848 762//848 776//848
f 778//849 762//849 777//849
f 779//850 762//850 778//850
f 780//851 762//851 779//851
f 759//852 762//852 780//852
f 765//853 762//853 761//853
f 762//854 781//854 763//854
f 762//855 782//855 781//855
f 743//856 783//856 784//856
f 784//857 785//857 743//857
f 743//858 786//858 783//858
f 785//859 787//859 743//859
f 743//860 788//860 786//860
f 762//861 789//861 782//861
f 787//862 790//862 743//862
f 743//863 791//863 788//863
f 790//864 792//864 743//864
f 762//865 793//865 789//865
f 743//866 794//866 791//866
f 792//867 795//867 743//867
f 762//868 796//868 793//868
f 797//869 798//869 743//869
f 743//870 798//870 794//870
f 762//871 799//871 796//871
f 795//872 800//872 743//872
f 797//873 801//873 798//873
f 800//874 802//874 743//874
f 797//875 803//875 801//875
f 802//876 804//876 743//876
f 797//877 805//877 803//877
f 804//878 806//878 743//878
f 797//879 807//879 805//879
f 806//880 808//880 743//880
f 797//881 809//881 807//881
f 808//882 810//882 743//882
f 797//883 811//883 809//883
f 810//884 812//884 743//884
f 797//885 813//885 811//885
f 812//886 814//886 743//886
f 797//887 815//887 813//887
f 814//888 816//888 743//888
f 797//889 817//889 815//889
f 816//890 818//890 743//890
f 797//891 819//891 817//891
f 818//892 820//892 743//892
f 797//893 821//893 819//893
f 820//894 822//894 743//894
f 797//895 823//895 821//895
f 822//896 824//896 743//896
f 797//897 825//897 823//897
f 824//898 826//898 743//898
f 797//899 827//899 825//899
f 826//900 828//900 743//900
f 797//901 829//901 827//901
f 828//902 830//902 743//902
f 797//903 831//903 829//903
f 830//904 832//904 743//904
f 743//905 832//905 712//905
f 797//906 833//906 831//906
f 797//907 834//907 833//907
f 797//908 835//908 834//908
f 797//909 836//909 835//909
f 837//910 836//910 797//910
f 838//911 839//911 837//911
f 840//912 839//912 838//912
f 837//913 839//913 836//913
f 841//914 842//914 840//914
f 840//915 842//915 839//915
f 843//916 844//916 841//916
f 845//917 844//917 843//917
f 841//918 844//918 842//918
f 846//919 847//919 845//919
f 845//920 847//920 844//920
f 848//921 849//921 846//921
f 850//922 849//922 848//922
f 846//923 849//923 847//923
f 851//924 852//924 850//924
f 850//925 852//925 849//925
f 853//926 854//926 851//926
f 851//927 854//927 852//927
f 855//928 856//928 853//928
f 857//929 856//929 855//929
f 853//930 856//930 854//930
f 858//931 859//931 857//931
f 857//932 859//932 856//932
f 860//933 861//933 858//933
f 858//934 861//934 859//934
f 862//935 863//935 860//935
f 864//936 863//936 862//936
f 860//937 863//937 861//937
f 864//938 865//938 863//938
f 866//939 865//939 864//939
f 867//940 868//940 866//940
f 866//941 868//941 865//941
f 869//942 870//942 871//942
f 872//943 870//943 869//943
f 799//944 870//944 872//944
f 762//945 870//945 799//945
f 873//946 874//946 867//946
f 867//947 874//947 868//947
f 875//948 876//948 873//948
f 871//949 876//949 875//949
f 873//950 876//950 874//950
f 870//951 877//951 871//951
f 871//952 877//952 876//952
f 870//953 878//953 877//953
f 870//954 879//954 878//954
f 870//955 880//955 879//955
f 870//956 881//956 880//956
f 870//957 882//957 881//957
f 870//958 883//958 882//958
f 884//959 885//959 886//959
f 887//960 885//960 888//960
f 889//961 885//961 884//961
f 890//962 885//962 887//962
f 891//963 885//963 889//963
f 892//964 885//964 890//964
f 893//965 885//965 891//965
f 894//966 885//966 892//966
f 895//967 885//967 893//967
f 896//968 885//968 894//968
f 897//969 885//969 895//969
f 898//970 885//970 896//970
f 899//971 885//971 897//971
f 900//972 885//972 898//972
f 901//973 885//973 899//973
f 902//974 885//974 900//974
f 903//975 885//975 901//975
f 904//976 885//976 903//976
f 905//977 885//977 904//977
f 906//978 885//978 905//978
f 907//979 885//979 906//979
f 908//980 885//980 907//980
f 909//981 885//981 908//981
f 910//982 885//982 909//982
f 911//983 885//983 910//983
f 912//984 885//984 911//984
f 913//985 885//985 912//985
f 914//986 885//986 913//986
f 915//987 885//987 914//987
f 916//988 885//988 915//988
f 832//989 885//989 712//989
f 917//990 885//990 832//990
f 918//991 885//991 916//991
f 919//992 885//992 917//992
f 920//993 885//993 918//993
f 886//994 885//994 919//994
f 888//995 885//995 920//995
f 902//996 921//996 885//996
f 922//997 923//997 902//997
f 924//998 923//998 922//998
f 925//999 923//999 924//999
f 926//1000 923//1000 925//1000
f 927//1001 923//1001 926//1001
f 902//1002 923//1002 921//1002
f 921//1003 923//1003 760//1003
f 927//1004 928//1004 923//1004
f 929//1005 928//1005 927//1005
f 930//1006 928//1006 929//1006
f 931//1007 928//1007 930//1007
f 932//1008 928//1008 931//1008
f 933//1009 928//1009 932//1009
f 934//1010 928//1010 933//1010
f 935//1011 928//1011 934//1011
f 936//1012 928//1012 935//1012
f 937//1013 928//1013 936//1013
f 938//1014 928//1014 937//1014
f 939//1015 928//1015 938//1015
f 940//1016 928//1016 939//1016
f 941//1017 928//1017 940//1017
f 942//1018 928//1018 941//1018
f 883//1019 928//1019 942//1019
f 870//1020 928//1020 883//1020
f 943//1021 944//1021 945//1021
f 946//1022 947//1022 948//1022
f 943//1023 949//1023 944//1023
f 923//1024 949//1024 943//1024
f 944//1025 949//1025 950//1025
f 947//1026 951//1026 948//1026
f 948//1027 951//1027 952//1027
f 952//1028 951//1028 928//1028
f 923//1029 953//1029 949//1029
f 928//1030 953//1030 923//1030
f 951//1031 954//1031 928//1031
f 955//1032 954//1032 951//1032
f 953//1033 956//1033 957//1033
f 953//1034 958//1034 956//1034
f 956//1035 958//1035 959//1035
f 960//1036 961//1036 962//1036
f 962//1037 961//1037 954//1037
f 953//1038 963//1038 958//1038
f 958//1039 963//1039 964//1039
f 961//1040 965//1040 954//1040
f 966//1041 965//1041 961//1041
f 954//1042 967//1042 928//1042
f 965//1043 967//1043 954//1043
f 963//1044 968//1044 969//1044
f 953//1045 970//1045 963//1045
f 963//1046 970//1046 968//1046
f 967//1047 971//1047 928//1047
f 972//1048 971//1048 967//1048
f 928//1049 973//1049 953//1049
f 953//1050 973//1050 970//1050
f 971//1051 973//1051 928//1051
f 2//1052 1//1052 163//1052
f 163//1053 1//1053 242//1053
f 923//1054 533//1054 760//1054
f 760//1055 533//1055 658//1055
f 69//1056 928//1056 600//1056
f 69//1057 600//1057 440//1057
f 600//1058 928//1058 601//1058
f 601//1059 928//1059 705//1059
f 705//1060 928//1060 710//1060
f 710//1061 928//1061 870//1061
f 133//1062 193//1062 974//1062
f 133//1063 974//1063 975//1063
f 133//1064 975//1064 976//1064
f 133//1065 976//1065 977//1065
f 133//1066 977//1066 978//1066
f 133//1067 978//1067 979//1067
f 133//1068 979//1068 156//1068
f 974//1069 193//1069 980//1069
f 980//1070 193//1070 981//1070
f 981//1071 193//1071 982//1071
f 982//1072 193//1072 983//1072
f 983//1073 193//1073 984//1073
f 984//1074 193//1074 218//1074
f 623//1075 580//1075 985//1075
f 623//1076 985//1076 986//1076
f 623//1077 986//1077 987//1077
f 623//1078 987//1078 988//1078
f 623//1079 988//1079 989//1079
f 623//1080 989//1080 990//1080
f 623//1081 990//1081 637//1081
f 985//1082 580//1082 991//1082
f 991//1083 580//1083 992//1083
f 992//1084 580//1084 993//1084
f 993//1085 580//1085 994//1085
f 994//1086 580//1086 995//1086
f 995//1087 580//1087 619//1087
f 333//1088 463//1088 498//1088
f 333//1089 498//1089 996//1089
f 333//1090 996//1090 997//1090
f 333//1091 997//1091 998//1091
f 333//1092 998//1092 999//1092
f 333//1093 999//1093 1000//1093
f 333//1094 1000//1094 461//1094
f 38//1095 34//1095 36//1095
f 32//1096 34//1096 38//1096
f 44//1097 38//1097 40//1097
f 44//1098 40//1098 42//1098
f 44//1099 32//1099 38//1099
f 28//1100 30//1100 32//1100
f 24//1101 26//1101 28//1101
f 24//1102 28//1102 32//1102
f 50//1103 44//1103 45//1103
f 50//1104 45//1104 48//1104
f 51//1105 32//1105 44//1105
f 51//1106 44//1106 50//1106
f 51//1107 24//1107 32//1107
f 20//1108 22//1108 24//1108
f 16//1109 18//1109 20//1109
f 57//1110 54//1110 56//1110
f 12//1111 14//1111 16//1111
f 62//1112 57//1112 60//1112
f 10//1113 16//1113 20//1113
f 10//1114 20//1114 24//1114
f 10//1115 12//1115 16//1115
f 63//1116 54//1116 57//1116
f 63//1117 57//1117 62//1117
f 8//1118 51//1118 54//1118
f 8//1119 24//1119 51//1119
f 8//1120 10//1120 24//1120
f 3//1121 6//1121 8//1121
f 68//1122 63//1122 66//1122
f 68//1123 3//1123 8//1123
f 68//1124 54//1124 63//1124
f 68//1125 8//1125 54//1125
f 1001//1126 3//1126 68//1126
f 1001//1127 1002//1127 3//1127
f 1003//1128 68//1128 1004//1128
f 1003//1129 1001//1129 68//1129
f 1005//1130 1001//1130 1006//1130
f 1007//1131 1006//1131 1001//1131
f 1008//1132 1001//1132 1005//1132
f 1009//1133 1007//1133 1001//1133
f 1010//1134 1001//1134 1008//1134
f 1011//1135 1009//1135 1001//1135
f 1012//1136 1001//1136 1010//1136
f 1013//1137 1011//1137 1001//1137
f 1014//1138 1001//1138 1012//1138
f 1015//1139 1013//1139 1001//1139
f 1016//1140 1001//1140 1014//1140
f 1017//1141 1015//1141 1001//1141
f 1018//1142 1017//1142 1001//1142
f 1019//1143 1018//1143 1001//1143
f 1020//1144 1019//1144 1001//1144
f 1021//1145 1020//1145 1001//1145
f 1022//1146 1021//1146 1001//1146
f 1023//1147 1022//1147 1001//1147
f 1024//1148 1023//1148 1001//1148
f 1025//1149 1024//1149 1001//1149
f 1026//1150 1025//1150 1001//1150
f 1027//1151 1026//1151 1001//1151
f 1028//1152 1001//1152 1003//1152
f 1028//1153 1027//1153 1001//1153
f 1029//1154 1028//1154 1003//1154
f 1030//1155 1029//1155 1003//1155
f 1031//1156 1030//1156 1003//1156
f 1032//1157 1031//1157 1003//1157
f 1033//1158 1032//1158 1003//1158
f 1034//1159 1033//1159 1003//1159
f 1035//1160 1034//1160 1003//1160
f 1036//1161 3//1161 1002//1161
f 1037//1162 1035//1162 1003//1162
f 1038//1163 1037//1163 1003//1163
f 1039//1164 1038//1164 1003//1164
f 1040//1165 1039//1165 1003//1165
f 1041//1166 1040//1166 1003//1166
f 1042//1167 1041//1167 1003//1167
f 1043//1168 1042//1168 1003//1168
f 1044//1169 1043//1169 1003//1169
f 1045//1170 1044//1170 1003//1170
f 1046//1171 1045//1171 1003//1171
f 1047//1172 1046//1172 1003//1172
f 1048//1173 1047//1173 1003//1173
f 1049//1174 1048//1174 1003//1174
f 1050//1175 1051//1175 1052//1175
f 1050//1176 1053//1176 1051//1176
f 1050//1177 1054//1177 1053//1177
f 1050//1178 1055//1178 1054//1178
f 1050//1179 1056//1179 1055//1179
f 1050//1180 1057//1180 1056//1180
f 1050//1181 1058//1181 1057//1181
f 1050//1182 1059//1182 1058//1182
f 1050//1183 1060//1183 1059//1183
f 1050//1184 1061//1184 1060//1184
f 1050//1185 1062//1185 1061//1185
f 1050//1186 1063//1186 1062//1186
f 1064//1187 1049//1187 1003//1187
f 1065//1188 1050//1188 1052//1188
f 1066//1189 1064//1189 1003//1189
f 1067//1190 1050//1190 1065//1190
f 1068//1191 1066//1191 1003//1191
f 1069//1192 1050//1192 1067//1192
f 1070//1193 1050//1193 1069//1193
f 1071//1194 1050//1194 1070//1194
f 1072//1195 1004//1195 68//1195
f 1073//1196 1050//1196 1071//1196
f 1074//1197 1050//1197 1073//1197
f 1075//1198 1050//1198 1074//1198
f 1076//1199 1050//1199 1075//1199
f 1077//1200 1050//1200 1076//1200
f 1078//1201 1050//1201 1077//1201
f 1079//1202 1050//1202 1078//1202
f 1080//1203 1081//1203 1082//1203
f 1080//1204 1083//1204 1081//1204
f 1080//1205 1084//1205 1083//1205
f 1080//1206 1085//1206 1084//1206
f 1080//1207 1086//1207 1085//1207
f 1080//1208 1087//1208 1086//1208
f 1080//1209 1088//1209 1087//1209
f 1080//1210 1089//1210 1068//1210
f 1080//1211 1090//1211 1089//1211
f 1080//1212 1091//1212 1090//1212
f 1080//1213 1092//1213 1091//1213
f 1080//1214 1068//1214 1003//1214
f 1080//1215 1093//1215 1092//1215
f 1080//1216 1094//1216 1093//1216
f 1080//1217 1082//1217 1094//1217
f 1095//1218 1036//1218 1050//1218
f 1096//1219 1050//1219 1079//1219
f 1096//1220 1095//1220 1050//1220
f 1096//1221 1097//1221 1098//1221
f 1096//1222 1099//1222 1097//1222
f 1096//1223 1100//1223 1099//1223
f 1096//1224 1101//1224 1100//1224
f 1096//1225 1102//1225 1101//1225
f 1096//1226 1103//1226 1102//1226
f 1096//1227 1104//1227 1103//1227
f 1096//1228 1105//1228 1104//1228
f 1096//1229 1079//1229 1105//1229
f 1106//1230 1072//1230 68//1230
f 1106//1231 1080//1231 1072//1231
f 1107//1232 1080//1232 1106//1232
f 1108//1233 1109//1233 1110//1233
f 1111//1234 1110//1234 1109//1234
f 1112//1235 1109//1235 1108//1235
f 1113//1236 1109//1236 1112//1236
f 1114//1237 1115//1237 1096//1237
f 1116//1238 1109//1238 1113//1238
f 1117//1239 1114//1239 1096//1239
f 1118//1240 1109//1240 1116//1240
f 1119//1241 1117//1241 1096//1241
f 1120//1242 1109//1242 1118//1242
f 1121//1243 1119//1243 1096//1243
f 1122//1244 1109//1244 1120//1244
f 1123//1245 1121//1245 1096//1245
f 1124//1246 1109//1246 1122//1246
f 1125//1247 1123//1247 1096//1247
f 1126//1248 1109//1248 1124//1248
f 1127//1249 1125//1249 1096//1249
f 1128//1250 1109//1250 1126//1250
f 1129//1251 1127//1251 1096//1251
f 1130//1252 1109//1252 1128//1252
f 1131//1253 1129//1253 1096//1253
f 1132//1254 1109//1254 1130//1254
f 1133//1255 1131//1255 1096//1255
f 1134//1256 1109//1256 1132//1256
f 1135//1257 1133//1257 1096//1257
f 1136//1258 1109//1258 1134//1258
f 1137//1259 1135//1259 1096//1259
f 1138//1260 1109//1260 1136//1260
f 1139//1261 1137//1261 1096//1261
f 1140//1262 1109//1262 1138//1262
f 1141//1263 1139//1263 1096//1263
f 1142//1264 1143//1264 1109//1264
f 1142//1265 1109//1265 1140//1265
f 1144//1266 1141//1266 1096//1266
f 1145//1267 1143//1267 1142//1267
f 1146//1268 1144//1268 1096//1268
f 4//1269 1095//1269 1143//1269
f 1147//1270 1143//1270 1145//1270
f 1148//1271 1146//1271 1096//1271
f 1149//1272 1143//1272 1147//1272
f 130//1273 131//1273 4//1273
f 1150//1274 1148//1274 1096//1274
f 1151//1275 1143//1275 1149//1275
f 1152//1276 1150//1276 1096//1276
f 126//1277 128//1277 130//1277
f 126//1278 130//1278 4//1278
f 1153//1279 1143//1279 1151//1279
f 1154//1280 1152//1280 1096//1280
f 123//1281 126//1281 4//1281
f 1155//1282 1143//1282 1153//1282
f 1156//1283 1154//1283 1096//1283
f 122//1284 123//1284 4//1284
f 1157//1285 4//1285 1143//1285
f 1157//1286 1143//1286 1155//1286
f 119//1287 122//1287 4//1287
f 1158//1288 1156//1288 1096//1288
f 1159//1289 4//1289 1157//1289
f 1160//1290 1158//1290 1096//1290
f 116//1291 118//1291 119//1291
f 1161//1292 4//1292 1159//1292
f 1162//1293 1160//1293 1096//1293
f 114//1294 116//1294 119//1294
f 1163//1295 4//1295 1161//1295
f 1164//1296 4//1296 1163//1296
f 110//1297 114//1297 119//1297
f 110//1298 112//1298 114//1298
f 1165//1299 4//1299 1164//1299
f 108//1300 110//1300 119//1300
f 1166//1301 4//1301 1165//1301
f 106//1302 108//1302 119//1302
f 104//1303 106//1303 119//1303
f 1167//1304 4//1304 1166//1304
f 102//1305 104//1305 119//1305
f 1168//1306 4//1306 1167//1306
f 100//1307 102//1307 119//1307
f 96//1308 98//1308 100//1308
f 94//1309 100//1309 119//1309
f 94//1310 96//1310 100//1310
f 92//1311 94//1311 119//1311
f 90//1312 92//1312 119//1312
f 88//1313 90//1313 119//1313
f 86//1314 88//1314 119//1314
f 86//1315 119//1315 4//1315
f 82//1316 84//1316 86//1316
f 80//1317 82//1317 86//1317
f 78//1318 80//1318 86//1318
f 76//1319 78//1319 86//1319
f 76//1320 86//1320 4//1320
f 71//1321 72//1321 74//1321
f 71//1322 74//1322 76//1322
f 71//1323 4//1323 1168//1323
f 71//1324 1169//1324 1170//1324
f 71//1325 1171//1325 1169//1325
f 71//1326 1172//1326 1171//1326
f 71//1327 1173//1327 1172//1327
f 71//1328 1174//1328 1173//1328
f 71//1329 1175//1329 1174//1329
f 71//1330 1176//1330 1175//1330
f 71//1331 1177//1331 1176//1331
f 71//1332 1178//1332 1177//1332
f 71//1333 1179//1333 1178//1333
f 71//1334 1180//1334 1179//1334
f 71//1335 1168//1335 1180//1335
f 71//1336 76//1336 4//1336
f 1181//1337 71//1337 1170//1337
f 1182//1338 71//1338 1181//1338
f 1183//1339 71//1339 1182//1339
f 1184//1340 71//1340 1183//1340
f 1185//1341 1186//1341 1187//1341
f 1185//1342 1188//1342 1186//1342
f 1189//1343 1190//1343 1191//1343
f 1192//1344 1190//1344 1189//1344
f 1193//1345 1194//1345 1195//1345
f 1193//1346 1191//1346 1194//1346
f 1193//1347 1189//1347 1191//1347
f 1196//1348 1197//1348 1190//1348
f 1196//1349 1190//1349 1192//1349
f 1198//1350 1193//1350 1195//1350
f 1199//1351 1200//1351 1197//1351
f 1199//1352 1197//1352 1196//1352
f 1201//1353 1195//1353 1202//1353
f 1201//1354 1198//1354 1195//1354
f 1203//1355 1204//1355 1200//1355
f 1203//1356 1205//1356 1204//1356
f 1203//1357 1200//1357 1199//1357
f 1206//1358 1202//1358 1207//1358
f 1206//1359 1201//1359 1202//1359
f 1208//1360 1205//1360 1203//1360
f 1209//1361 1162//1361 1096//1361
f 1209//1362 1207//1362 1162//1362
f 1209//1363 1206//1363 1207//1363
f 1210//1364 1211//1364 1205//1364
f 1210//1365 1212//1365 1211//1365
f 1210//1366 1205//1366 1208//1366
f 1213//1367 1209//1367 1096//1367
f 1214//1368 1212//1368 1210//1368
f 1215//1369 1213//1369 1096//1369
f 1216//1370 1212//1370 1214//1370
f 1216//1371 1217//1371 1212//1371
f 1218//1372 1215//1372 1096//1372
f 1219//1373 1220//1373 1217//1373
f 1219//1374 1217//1374 1216//1374
f 1221//1375 1218//1375 1096//1375
f 1221//1376 1096//1376 1098//1376
f 1222//1377 1223//1377 1220//1377
f 1222//1378 1220//1378 1219//1378
f 1224//1379 1221//1379 1098//1379
f 1224//1380 1098//1380 1225//1380
f 1226//1381 1227//1381 1223//1381
f 1226//1382 1223//1382 1222//1382
f 1228//1383 1224//1383 1225//1383
f 1228//1384 1225//1384 1229//1384
f 1230//1385 1231//1385 1227//1385
f 1230//1386 1227//1386 1226//1386
f 1232//1387 1228//1387 1229//1387
f 1232//1388 1229//1388 1233//1388
f 1234//1389 1235//1389 1231//1389
f 1234//1390 1231//1390 1230//1390
f 1236//1391 1233//1391 1237//1391
f 1236//1392 1232//1392 1233//1392
f 1238//1393 1239//1393 1240//1393
f 1238//1394 1241//1394 1239//1394
f 1238//1395 1242//1395 1241//1395
f 1238//1396 1243//1396 1242//1396
f 1238//1397 1244//1397 1243//1397
f 1238//1398 1245//1398 1244//1398
f 1238//1399 1246//1399 1245//1399
f 1238//1400 1247//1400 1246//1400
f 1238//1401 1248//1401 1247//1401
f 1238//1402 1249//1402 1248//1402
f 1238//1403 1250//1403 1249//1403
f 1238//1404 1251//1404 1250//1404
f 1238//1405 1252//1405 1251//1405
f 1238//1406 1253//1406 1252//1406
f 1238//1407 1254//1407 1253//1407
f 1238//1408 1255//1408 1254//1408
f 1238//1409 1256//1409 1255//1409
f 1238//1410 1257//1410 1256//1410
f 1238//1411 1258//1411 1257//1411
f 1259//1412 1260//1412 1235//1412
f 1259//1413 1235//1413 1234//1413
f 1261//1414 1237//1414 1262//1414
f 1261//1415 1236//1415 1237//1415
f 1263//1416 1264//1416 1260//1416
f 1263//1417 1260//1417 1259//1417
f 1265//1418 1261//1418 1262//1418
f 1265//1419 1262//1419 1266//1419
f 1267//1420 1268//1420 1264//1420
f 1267//1421 1264//1421 1263//1421
f 1269//1422 1265//1422 1266//1422
f 1269//1423 1266//1423 1270//1423
f 1271//1424 1240//1424 1268//1424
f 1271//1425 1238//1425 1240//1425
f 1271//1426 1268//1426 1267//1426
f 1272//1427 1269//1427 1270//1427
f 1272//1428 1270//1428 1273//1428
f 1274//1429 1238//1429 1271//1429
f 1275//1430 1272//1430 1273//1430
f 1275//1431 1273//1431 1276//1431
f 1277//1432 1238//1432 1274//1432
f 1278//1433 1275//1433 1276//1433
f 1278//1434 1276//1434 1279//1434
f 1280//1435 1238//1435 1277//1435
f 1281//1436 1279//1436 1282//1436
f 1281//1437 1278//1437 1279//1437
f 1283//1438 1238//1438 1280//1438
f 1284//1439 1282//1439 1285//1439
f 1284//1440 1281//1440 1282//1440
f 1286//1441 1238//1441 1283//1441
f 1287//1442 1088//1442 1080//1442
f 1287//1443 1285//1443 1088//1443
f 1287//1444 1080//1444 1107//1444
f 1287//1445 1284//1445 1285//1445
f 1288//1446 1238//1446 1286//1446
f 1289//1447 1287//1447 1107//1447
f 1290//1448 1238//1448 1288//1448
f 1291//1449 1289//1449 1107//1449
f 1292//1450 1238//1450 1290//1450
f 1293//1451 1291//1451 1107//1451
f 1294//1452 1238//1452 1292//1452
f 1295//1453 1293//1453 1107//1453
f 1296//1454 1238//1454 1294//1454
f 1297//1455 1295//1455 1107//1455
f 1298//1456 1238//1456 1296//1456
f 1299//1457 1297//1457 1107//1457
f 1300//1458 1238//1458 1298//1458
f 1301//1459 1302//1459 1258//1459
f 1301//1460 1258//1460 1238//1460
f 1301//1461 1303//1461 1302//1461
f 1301//1462 1304//1462 1303//1462
f 1301//1463 1305//1463 1304//1463
f 1301//1464 1306//1464 1305//1464
f 1301//1465 1307//1465 1306//1465
f 1301//1466 1308//1466 1307//1466
f 1301//1467 71//1467 1184//1467
f 1301//1468 1309//1468 1308//1468
f 1301//1469 1310//1469 1309//1469
f 1301//1470 1311//1470 1310//1470
f 1301//1471 1184//1471 1311//1471
f 1312//1472 1299//1472 1107//1472
f 1313//1473 1238//1473 1300//1473
f 1314//1474 1312//1474 1107//1474
f 1315//1475 1238//1475 1313//1475
f 1316//1476 1314//1476 1107//1476
f 1316//1477 1107//1477 1188//1477
f 1317//1478 1238//1478 1315//1478
f 1318//1479 1316//1479 1188//1479
f 1319//1480 1238//1480 1317//1480
f 1320//1481 1238//1481 1319//1481
f 1321//1482 1322//1482 1323//1482
f 1321//1483 1324//1483 1322//1483
f 1321//1484 1325//1484 1324//1484
f 1321//1485 1326//1485 1325//1485
f 1321//1486 1327//1486 1326//1486
f 1321//1487 1328//1487 1327//1487
f 1321//1488 1329//1488 1328//1488
f 1321//1489 1330//1489 1329//1489
f 1321//1490 1331//1490 1330//1490
f 1321//1491 1332//1491 1331//1491
f 1321//1492 1333//1492 1332//1492
f 1321//1493 1334//1493 1333//1493
f 1321//1494 1335//1494 1334//1494
f 1321//1495 1336//1495 1335//1495
f 1321//1496 1337//1496 1336//1496
f 1321//1497 1338//1497 1337//1497
f 1321//1498 1339//1498 1338//1498
f 1321//1499 1340//1499 1339//1499
f 1321//1500 1341//1500 1340//1500
f 1321//1501 1342//1501 1341//1501
f 1343//1502 1106//1502 68//1502
f 1343//1503 1187//1503 1186//1503
f 1343//1504 1186//1504 1106//1504
f 1343//1505 1344//1505 1345//1505
f 1343//1506 1345//1506 1187//1506
f 1346//1507 1347//1507 1348//1507
f 1349//1508 1343//1508 1347//1508
f 1349//1509 1347//1509 1346//1509
f 1350//1510 1343//1510 1349//1510
f 1351//1511 1343//1511 1350//1511
f 1352//1512 1351//1512 1353//1512
f 1352//1513 1343//1513 1351//1513
f 1354//1514 1343//1514 1352//1514
f 1355//1515 1354//1515 1356//1515
f 1355//1516 1343//1516 1354//1516
f 1357//1517 1355//1517 1358//1517
f 1359//1518 1355//1518 1357//1518
f 1360//1519 1343//1519 1355//1519
f 1360//1520 1355//1520 1359//1520
f 1361//1521 1343//1521 1360//1521
f 1362//1522 1361//1522 1363//1522
f 1362//1523 1363//1523 1364//1523
f 1365//1524 1343//1524 1361//1524
f 1365//1525 1361//1525 1362//1525
f 1366//1526 1365//1526 1367//1526
f 1368//1527 1365//1527 1366//1527
f 1369//1528 1343//1528 1365//1528
f 1369//1529 1365//1529 1368//1529
f 1370//1530 1369//1530 1371//1530
f 1370//1531 1343//1531 1369//1531
f 1372//1532 1344//1532 1373//1532
f 1374//1533 1373//1533 1344//1533
f 1375//1534 1344//1534 1372//1534
f 1376//1535 1374//1535 1344//1535
f 1377//1536 1344//1536 1375//1536
f 1378//1537 1370//1537 1379//1537
f 1378//1538 1379//1538 1380//1538
f 1381//1539 1376//1539 1344//1539
f 1382//1540 1344//1540 1377//1540
f 1383//1541 1381//1541 1344//1541
f 1384//1542 1344//1542 1382//1542
f 1385//1543 1383//1543 1344//1543
f 1386//1544 1344//1544 1384//1544
f 1387//1545 1385//1545 1344//1545
f 1388//1546 1344//1546 1386//1546
f 1389//1547 1387//1547 1344//1547
f 1390//1548 1344//1548 1388//1548
f 1391//1549 1343//1549 1370//1549
f 1391//1550 1370//1550 1378//1550
f 1391//1551 1378//1551 1392//1551
f 1393//1552 1389//1552 1344//1552
f 1394//1553 1185//1553 1344//1553
f 1394//1554 1344//1554 1390//1554
f 1395//1555 1393//1555 1344//1555
f 1396//1556 1343//1556 1391//1556
f 1397//1557 1185//1557 1394//1557
f 1398//1558 1395//1558 1344//1558
f 1399//1559 1185//1559 1397//1559
f 1400//1560 1398//1560 1344//1560
f 1401//1561 1402//1561 1403//1561
f 1401//1562 1404//1562 1402//1562
f 1401//1563 1405//1563 1404//1563
f 1401//1564 1406//1564 1405//1564
f 1401//1565 1407//1565 1406//1565
f 1401//1566 1408//1566 1407//1566
f 1401//1567 1409//1567 1408//1567
f 1401//1568 1323//1568 1409//1568
f 1401//1569 1410//1569 1318//1569
f 1401//1570 1411//1570 1410//1570
f 1401//1571 1412//1571 1411//1571
f 1401//1572 1321//1572 1323//1572
f 1401//1573 1413//1573 1412//1573
f 1401//1574 1414//1574 1413//1574
f 1401//1575 1415//1575 1414//1575
f 1401//1576 1416//1576 1415//1576
f 1401//1577 1417//1577 1416//1577
f 1401//1578 1418//1578 1417//1578
f 1401//1579 1419//1579 1418//1579
f 1401//1580 1420//1580 1419//1580
f 1401//1581 1421//1581 1420//1581
f 1401//1582 1422//1582 1421//1582
f 1401//1583 1423//1583 1422//1583
f 1401//1584 1403//1584 1423//1584
f 1424//1585 1185//1585 1399//1585
f 1425//1586 1400//1586 1344//1586
f 1426//1587 1185//1587 1424//1587
f 1427//1588 1425//1588 1344//1588
f 1428//1589 1185//1589 1426//1589
f 1429//1590 1427//1590 1344//1590
f 1430//1591 1185//1591 1428//1591
f 1431//1592 1185//1592 1430//1592
f 1432//1593 1185//1593 1431//1593
f 1433//1594 1185//1594 1432//1594
f 1434//1595 1185//1595 1433//1595
f 1435//1596 1185//1596 1434//1596
f 1436//1597 1185//1597 1435//1597
f 1437//1598 1185//1598 1436//1598
f 1438//1599 1185//1599 1437//1599
f 1439//1600 1344//1600 1343//1600
f 1439//1601 1343//1601 1396//1601
f 1439//1602 1440//1602 1429//1602
f 1439//1603 1441//1603 1440//1603
f 1439//1604 1442//1604 1441//1604
f 1439//1605 1443//1605 1442//1605
f 1439//1606 1444//1606 1443//1606
f 1439//1607 1445//1607 1444//1607
f 1439//1608 1446//1608 1445//1608
f 1439//1609 1447//1609 1446//1609
f 1439//1610 1448//1610 1447//1610
f 1439//1611 1449//1611 1448//1611
f 1439//1612 1429//1612 1344//1612
f 1450//1613 1449//1613 1439//1613
f 1451//1614 1450//1614 1439//1614
f 1452//1615 1451//1615 1439//1615
f 1453//1616 1454//1616 1321//1616
f 1453//1617 1321//1617 1401//1617
f 1455//1618 1452//1618 1439//1618
f 1456//1619 1455//1619 1439//1619
f 1457//1620 1456//1620 1439//1620
f 1458//1621 1457//1621 1439//1621
f 1459//1622 1458//1622 1439//1622
f 1460//1623 1459//1623 1439//1623
f 1461//1624 1460//1624 1439//1624
f 1462//1625 1461//1625 1439//1625
f 1463//1626 1462//1626 1439//1626
f 1464//1627 1463//1627 1439//1627
f 1465//1628 1439//1628 1396//1628
f 1466//1629 1318//1629 1188//1629
f 1466//1630 1401//1630 1318//1630
f 1467//1631 1468//1631 1469//1631
f 1467//1632 1470//1632 1468//1632
f 1467//1633 1471//1633 1470//1633
f 1467//1634 1472//1634 1471//1634
f 1467//1635 1473//1635 1472//1635
f 1467//1636 1474//1636 1473//1636
f 1467//1637 1475//1637 1476//1637
f 1467//1638 1477//1638 1475//1638
f 1467//1639 1478//1639 1477//1639
f 1467//1640 1479//1640 1478//1640
f 1467//1641 1480//1641 1479//1641
f 1467//1642 1481//1642 1480//1642
f 1467//1643 1482//1643 1481//1643
f 1467//1644 1483//1644 1482//1644
f 1467//1645 1484//1645 1483//1645
f 1467//1646 1485//1646 1484//1646
f 1467//1647 1486//1647 1485//1647
f 1467//1648 1487//1648 1486//1648
f 1467//1649 1488//1649 1487//1649
f 1467//1650 1489//1650 1488//1650
f 1467//1651 1490//1651 1489//1651
f 1467//1652 1491//1652 1490//1652
f 1467//1653 1492//1653 1491//1653
f 1467//1654 1469//1654 1492//1654
f 1493//1655 1465//1655 1396//1655
f 1494//1656 1185//1656 1438//1656
f 1494//1657 1188//1657 1185//1657
f 1494//1658 1438//1658 1495//1658
f 1496//1659 1188//1659 1494//1659
f 1497//1660 1495//1660 1498//1660
f 1497//1661 1494//1661 1495//1661
f 1499//1662 1497//1662 1498//1662
f 1500//1663 1188//1663 1496//1663
f 1501//1664 1498//1664 1502//1664
f 1501//1665 1499//1665 1498//1665
f 1503//1666 1188//1666 1500//1666
f 1504//1667 1188//1667 1503//1667
f 1505//1668 1501//1668 1502//1668
f 1505//1669 1502//1669 1506//1669
f 1507//1670 1188//1670 1504//1670
f 1508//1671 1505//1671 1506//1671
f 1508//1672 1506//1672 1509//1672
f 1510//1673 1466//1673 1188//1673
f 1510//1674 1188//1674 1507//1674
f 1511//1675 1508//1675 1509//1675
f 1511//1676 1509//1676 1512//1676
f 1513//1677 1466//1677 1510//1677
f 1514//1678 1512//1678 1515//1678
f 1514//1679 1511//1679 1512//1679
f 1516//1680 1466//1680 1513//1680
f 1517//1681 1514//1681 1515//1681
f 1518//1682 1466//1682 1516//1682
f 1519//1683 1517//1683 1515//1683
f 1519//1684 1515//1684 1520//1684
f 1521//1685 1520//1685 1522//1685
f 1521//1686 1519//1686 1520//1686
f 1523//1687 1466//1687 1518//1687
f 1524//1688 1522//1688 1525//1688
f 1524//1689 1521//1689 1522//1689
f 1526//1690 1466//1690 1523//1690
f 1527//1691 1466//1691 1526//1691
f 1528//1692 1524//1692 1525//1692
f 1528//1693 1525//1693 1529//1693
f 1530//1694 1528//1694 1529//1694
f 1530//1695 1529//1695 1531//1695
f 1532//1696 1466//1696 1527//1696
f 1533//1697 1530//1697 1531//1697
f 1534//1698 1531//1698 1535//1698
f 1534//1699 1533//1699 1531//1699
f 1536//1700 1537//1700 1538//1700
f 1536//1701 1539//1701 1537//1701
f 1536//1702 1535//1702 1539//1702
f 1536//1703 1534//1703 1535//1703
f 1540//1704 1541//1704 1466//1704
f 1540//1705 1542//1705 1543//1705
f 1540//1706 1544//1706 1542//1706
f 1540//1707 1532//1707 1544//1707
f 1540//1708 1466//1708 1532//1708
f 1545//1709 1546//1709 1547//1709
f 1545//1710 1538//1710 1546//1710
f 1545//1711 1536//1711 1538//1711
f 1548//1712 1541//1712 1540//1712
f 1549//1713 1550//1713 1474//1713
f 1549//1714 1551//1714 1550//1714
f 1549//1715 1552//1715 1551//1715
f 1549//1716 1547//1716 1552//1716
f 1549//1717 1545//1717 1547//1717
f 1549//1718 1553//1718 1545//1718
f 1549//1719 1554//1719 1553//1719
f 1549//1720 1555//1720 1554//1720
f 1549//1721 1556//1721 1555//1721
f 1549//1722 1557//1722 1556//1722
f 1549//1723 1558//1723 1557//1723
f 1549//1724 1559//1724 1558//1724
f 1549//1725 1560//1725 1559//1725
f 1549//1726 1561//1726 1560//1726
f 1549//1727 1562//1727 1561//1727
f 1549//1728 1563//1728 1562//1728
f 1549//1729 1564//1729 1563//1729
f 1549//1730 1565//1730 1564//1730
f 1549//1731 1566//1731 1565//1731
f 1549//1732 1567//1732 1566//1732
f 1549//1733 1568//1733 1567//1733
f 1549//1734 1569//1734 1568//1734
f 1549//1735 1570//1735 1569//1735
f 1549//1736 1571//1736 1570//1736
f 1549//1737 1572//1737 1571//1737
f 1549//1738 1573//1738 1572//1738
f 1549//1739 1574//1739 1573//1739
f 1549//1740 1575//1740 1574//1740
f 1549//1741 1576//1741 1575//1741
f 1549//1742 1577//1742 1576//1742
f 1549//1743 1578//1743 1577//1743
f 1549//1744 1579//1744 1578//1744
f 1549//1745 1580//1745 1579//1745
f 1549//1746 1474//1746 1467//1746
f 1549//1747 1467//1747 1493//1747
f 1581//1748 1540//1748 1543//1748
f 1582//1749 1540//1749 1581//1749
f 1583//1750 1540//1750 1582//1750
f 1584//1751 1540//1751 1583//1751
f 1585//1752 1540//1752 1584//1752
f 1586//1753 1540//1753 1585//1753
f 1587//1754 1540//1754 1586//1754
f 1588//1755 1540//1755 1587//1755
f 1589//1756 1540//1756 1588//1756
f 1590//1757 1540//1757 1589//1757
f 1591//1758 1540//1758 1590//1758
f 1592//1759 1540//1759 1591//1759
f 1593//1760 1540//1760 1592//1760
f 1594//1761 1540//1761 1593//1761
f 1595//1762 1540//1762 1594//1762
f 1596//1763 1540//1763 1595//1763
f 1597//1764 1549//1764 1493//1764
f 1598//1765 1599//1765 1600//1765
f 1601//1766 1600//1766 1599//1766
f 1602//1767 1599//1767 1598//1767
f 1603//1768 1601//1768 1599//1768
f 1604//1769 1599//1769 1602//1769
f 1605//1770 1603//1770 1599//1770
f 1606//1771 1605//1771 1599//1771
f 1607//1772 1606//1772 1599//1772
f 1608//1773 1607//1773 1599//1773
f 1609//1774 1608//1774 1599//1774
f 1610//1775 1609//1775 1599//1775
f 1611//1776 1610//1776 1599//1776
f 1612//1777 1611//1777 1599//1777
f 1613//1778 1612//1778 1599//1778
f 1614//1779 1613//1779 1599//1779
f 1615//1780 1614//1780 1599//1780
f 1616//1781 1615//1781 1599//1781
f 1617//1782 1616//1782 1599//1782
f 1618//1783 1617//1783 1599//1783
f 1619//1784 1618//1784 1599//1784
f 1619//1785 1620//1785 1621//1785
f 1619//1786 1599//1786 1620//1786
f 1622//1787 1619//1787 1621//1787
f 1622//1788 1621//1788 1623//1788
f 1624//1789 1580//1789 1549//1789
f 1624//1790 1622//1790 1623//1790
f 1624//1791 1623//1791 1580//1791
f 1625//1792 1624//1792 1549//1792
f 1626//1793 1625//1793 1549//1793
f 1627//1794 1628//1794 1629//1794
f 1627//1795 1630//1795 1628//1795
f 1627//1796 1631//1796 1630//1796
f 1632//1797 1633//1797 1634//1797
f 1632//1798 1540//1798 1596//1798
f 1632//1799 1635//1799 1636//1799
f 1632//1800 1637//1800 1635//1800
f 1632//1801 1638//1801 1637//1801
f 1632//1802 1639//1802 1638//1802
f 1632//1803 1640//1803 1639//1803
f 1632//1804 1641//1804 1640//1804
f 1632//1805 1642//1805 1641//1805
f 1632//1806 1643//1806 1642//1806
f 1632//1807 1644//1807 1643//1807
f 1632//1808 1645//1808 1644//1808
f 1632//1809 1646//1809 1645//1809
f 1632//1810 1647//1810 1646//1810
f 1632//1811 1648//1811 1647//1811
f 1632//1812 1649//1812 1648//1812
f 1632//1813 1650//1813 1649//1813
f 1632//1814 1651//1814 1650//1814
f 1632//1815 1596//1815 1651//1815
f 1632//1816 1636//1816 1633//1816
f 1652//1817 1632//1817 1634//1817
f 1653//1818 1627//1818 1629//1818
f 1654//1819 1626//1819 1549//1819
f 1655//1820 1627//1820 1653//1820
f 1655//1821 1656//1821 1627//1821
f 1657//1822 1654//1822 1549//1822
f 1658//1823 1659//1823 1656//1823
f 1658//1824 1660//1824 1659//1824
f 1658//1825 1661//1825 1660//1825
f 1658//1826 1662//1826 1661//1826
f 1658//1827 1656//1827 1655//1827
f 1663//1828 1657//1828 1549//1828
f 1664//1829 1665//1829 1662//1829
f 1664//1830 1666//1830 1665//1830
f 1664//1831 1667//1831 1666//1831
f 1664//1832 1668//1832 1667//1832
f 1664//1833 1662//1833 1658//1833
f 1669//1834 1663//1834 1549//1834
f 1670//1835 1671//1835 1668//1835
f 1670//1836 1672//1836 1671//1836
f 1670//1837 1673//1837 1672//1837
f 1670//1838 1668//1838 1664//1838
f 1674//1839 1669//1839 1549//1839
f 1675//1840 1676//1840 1673//1840
f 1675//1841 1677//1841 1676//1841
f 1675//1842 1678//1842 1677//1842
f 1675//1843 1679//1843 1678//1843
f 1675//1844 1673//1844 1670//1844
f 1680//1845 1674//1845 1549//1845
f 1681//1846 1682//1846 1679//1846
f 1681//1847 1683//1847 1682//1847
f 1681//1848 1684//1848 1683//1848
f 1681//1849 1679//1849 1675//1849
f 1685//1850 1680//1850 1549//1850
f 1686//1851 1687//1851 1684//1851
f 1686//1852 1688//1852 1687//1852
f 1686//1853 1684//1853 1681//1853
f 1689//1854 1685//1854 1549//1854
f 1690//1855 1691//1855 1688//1855
f 1690//1856 1692//1856 1691//1856
f 1690//1857 1693//1857 1692//1857
f 1690//1858 1688//1858 1686//1858
f 1694//1859 1695//1859 1693//1859
f 1694//1860 1696//1860 1695//1860
f 1694//1861 1693//1861 1690//1861
f 1697//1862 1698//1862 1696//1862
f 1697//1863 1699//1863 1698//1863
f 1697//1864 1696//1864 1694//1864
f 1700//1865 1701//1865 1699//1865
f 1700//1866 1652//1866 1701//1866
f 1700//1867 1699//1867 1697//1867
f 1700//1868 1632//1868 1652//1868
f 1702//1869 1632//1869 1700//1869
f 1703//1870 1632//1870 1702//1870
f 1704//1871 1632//1871 1703//1871
f 1704//1872 1705//1872 1632//1872
f 1706//1873 1705//1873 1704//1873
f 1707//1874 1705//1874 1706//1874
f 1708//1875 1705//1875 1707//1875
f 1709//1876 1705//1876 1708//1876
f 1710//1877 1705//1877 1709//1877
f 1711//1878 1705//1878 1710//1878
f 1712//1879 1705//1879 1711//1879
f 1713//1880 1714//1880 1715//1880
f 1713//1881 1716//1881 1714//1881
f 1713//1882 1717//1882 1716//1882
f 1713//1883 1718//1883 1717//1883
f 1713//1884 1719//1884 1718//1884
f 1713//1885 1720//1885 1719//1885
f 1713//1886 1721//1886 1720//1886
f 1713//1887 1722//1887 1721//1887
f 1713//1888 1723//1888 1722//1888
f 1713//1889 1724//1889 1723//1889
f 1713//1890 1725//1890 1724//1890
f 1713//1891 1726//1891 1725//1891
f 1713//1892 1727//1892 1726//1892
f 1728//1893 1705//1893 1712//1893
f 1729//1894 1727//1894 1713//1894
f 1730//1895 1705//1895 1728//1895
f 1731//1896 1729//1896 1713//1896
f 1732//1897 1705//1897 1730//1897
f 1733//1898 1731//1898 1713//1898
f 1734//1899 1705//1899 1732//1899
f 1735//1900 1733//1900 1713//1900
f 1736//1901 1735//1901 1713//1901
f 1737//1902 1738//1902 1739//1902
f 1737//1903 1740//1903 1738//1903
f 1737//1904 1741//1904 1740//1904
f 1737//1905 1742//1905 1741//1905
f 1737//1906 1743//1906 1742//1906
f 1737//1907 1736//1907 1713//1907
f 1737//1908 1744//1908 1736//1908
f 1737//1909 1739//1909 1744//1909
f 1745//1910 1746//1910 1743//1910
f 1745//1911 1747//1911 1746//1911
f 1745//1912 1748//1912 1747//1912
f 1745//1913 1749//1913 1748//1913
f 1745//1914 1743//1914 1737//1914
f 1745//1915 1750//1915 1749//1915
f 1745//1916 1751//1916 1750//1916
f 1745//1917 1752//1917 1751//1917
f 1745//1918 1753//1918 1752//1918
f 1745//1919 1737//1919 1597//1919
f 1754//1920 1755//1920 1753//1920
f 1754//1921 1756//1921 1755//1921
f 1754//1922 1757//1922 1756//1922
f 1754//1923 1758//1923 1757//1923
f 1754//1924 1759//1924 1758//1924
f 1754//1925 1760//1925 1759//1925
f 1754//1926 1761//1926 1760//1926
f 1754//1927 1762//1927 1761//1927
f 1754//1928 1763//1928 1762//1928
f 1754//1929 1764//1929 1763//1929
f 1754//1930 1765//1930 1764//1930
f 1754//1931 1766//1931 1765//1931
f 1754//1932 1767//1932 1766//1932
f 1754//1933 1768//1933 1767//1933
f 1754//1934 1769//1934 1768//1934
f 1754//1935 1734//1935 1769//1935
f 1754//1936 1705//1936 1734//1936
f 1754//1937 1753//1937 1745//1937
f 1770//1938 1771//1938 1772//1938
f 1773//1939 1774//1939 1775//1939
f 1776//1940 1771//1940 1770//1940
f 1776//1941 1745//1941 1771//1941
f 1776//1942 1770//1942 1777//1942
f 1778//1943 1773//1943 1775//1943
f 1778//1944 1775//1944 1779//1944
f 1778//1945 1779//1945 1754//1945
f 1780//1946 1754//1946 1745//1946
f 1780//1947 1745//1947 1776//1947
f 1781//1948 1778//1948 1754//1948
f 1781//1949 1782//1949 1778//1949
f 1783//1950 1780//1950 1784//1950
f 1785//1951 1780//1951 1783//1951
f 1785//1952 1783//1952 1786//1952
f 1787//1953 1788//1953 1789//1953
f 1787//1954 1789//1954 1781//1954
f 1790//1955 1780//1955 1785//1955
f 1790//1956 1785//1956 1791//1956
f 1792//1957 1787//1957 1781//1957
f 1792//1958 1793//1958 1787//1958
f 1794//1959 1781//1959 1754//1959
f 1794//1960 1792//1960 1781//1960
f 1795//1961 1790//1961 1796//1961
f 1797//1962 1780//1962 1790//1962
f 1797//1963 1790//1963 1795//1963
f 1798//1964 1794//1964 1754//1964
f 1798//1965 1799//1965 1794//1965
f 1800//1966 1754//1966 1780//1966
f 1800//1967 1780//1967 1797//1967
f 1800//1968 1798//1968 1754//1968
f 4//1969 3//1969 1036//1969
f 4//1970 1036//1970 1095//1970
f 1396//1971 1745//1971 1597//1971
f 1396//1972 1597//1972 1493//1972
f 1754//1973 71//1973 1454//1973
f 1454//1974 71//1974 1301//1974
f 1754//1975 1454//1975 1453//1975
f 1754//1976 1453//1976 1541//1976
f 1754//1977 1541//1977 1548//1977
f 1754//1978 1548//1978 1705//1978
f 1050//1979 1001//1979 1801//1979
f 1801//1980 1001//1980 1802//1980
f 1802//1981 1001//1981 1803//1981
f 1803//1982 1001//1982 1804//1982
f 1804//1983 1001//1983 1805//1983
f 1805//1984 1001//1984 1806//1984
f 1806//1985 1001//1985 1807//1985
f 1807//1986 1001//1986 1808//1986
f 1808//1987 1001//1987 1809//1987
f 1809//1988 1001//1988 1810//1988
f 1810//1989 1001//1989 1016//1989
f 1050//1990 1801//1990 1811//1990
f 1050//1991 1811//1991 1812//1991
f 1050//1992 1812//1992 1813//1992
f 1050//1993 1813//1993 1814//1993
f 1050//1994 1814//1994 1815//1994
f 1050//1995 1815//1995 1816//1995
f 1050//1996 1816//1996 1817//1996
f 1050//1997 1817//1997 1818//1997
f 1050//1998 1818//1998 1819//1998
f 1050//1999 1819//1999 1063//1999
f 1439//2000 1467//2000 1820//2000
f 1820//2001 1467//2001 1821//2001
f 1821//2002 1467//2002 1822//2002
f 1822//2003 1467//2003 1823//2003
f 1823//2004 1467//2004 1824//2004
f 1824//2005 1467//2005 1825//2005
f 1825//2006 1467//2006 1826//2006
f 1826//2007 1467//2007 1827//2007
f 1827//2008 1467//2008 1828//2008
f 1828//2009 1467//2009 1829//2009
f 1829//2010 1467//2010 1476//2010
f 1439//2011 1820//2011 1830//2011
f 1439//2012 1830//2012 1831//2012
f 1439//2013 1831//2013 1832//2013
f 1439//2014 1832//2014 1833//2014
f 1439//2015 1833//2015 1834//2015
f 1439//2016 1834//2016 1835//2016
f 1439//2017 1835//2017 1836//2017
f 1439//2018 1836//2018 1837//2018
f 1439//2019 1837//2019 1838//2019
f 1439//2020 1838//2020 1464//2020
f 1109//2021 1096//2021 1111//2021
f 1111//2022 1096//2022 1115//2022
f 1321//2023 1238//2023 1839//2023
f 1839//2024 1238//2024 1840//2024
f 1840//2025 1238//2025 1841//2025
f 1841//2026 1238//2026 1842//2026
f 1842//2027 1238//2027 1843//2027
f 1843//2028 1238//2028 1844//2028
f 1844//2029 1238//2029 1845//2029
f 1845//2030 1238//2030 1846//2030
f 1846//2031 1238//2031 1847//2031
f 1847//2032 1238//2032 1848//2032
f 1848//2033 1238//2033 1849//2033
f 1849//2034 1238//2034 1850//2034
f 1850//2035 1238//2035 1851//2035
f 1851//2036 1238//2036 1320//2036
f 1321//2037 1839//2037 1852//2037
f 1321//2038 1852//2038 1853//2038
f 1321//2039 1853//2039 1854//2039
f 1321//2040 1854//2040 1342//2040
f 1549//2041 1713//2041 1715//2041
f 1549//2042 1715//2042 1689//2042
f 1627//2043 1599//2043 1855//2043
f 1855//2044 1599//2044 1856//2044
f 1856//2045 1599//2045 1857//2045
f 1857//2046 1599//2046 1858//2046
f 1858//2047 1599//2047 1859//2047
f 1859//2048 1599//2048 1860//2048
f 1860//2049 1599//2049 1861//2049
f 1861//2050 1599//2050 1862//2050
f 1862//2051 1599//2051 1863//2051
f 1863//2052 1599//2052 1864//2052
f 1864//2053 1599//2053 1865//2053
f 1865//2054 1599//2054 1866//2054
f 1866//2055 1599//2055 1867//2055
f 1867//2056 1599//2056 1604//2056
f 1627//2057 1855//2057 1868//2057
f 1627//2058 1868//2058 1631//2058
f 67//2059 499//2059 1343//2059
f 67//2060 1343//2060 68//2060
f 928//2061 69//2061 71//2061
f 928//2062 71//2062 1754//2062
f 499//2063 502//2063 1343//2063
f 1343//2064 502//2064 1347//2064
f 1347//2065 504//2065 1348//2065
f 502//2066 504//2066 1347//2066
f 1348//2067 503//2067 1346//2067
f 504//2068 503//2068 1348//2068
f 1346//2069 505//2069 1349//2069
f 503//2070 505//2070 1346//2070
f 1349//2071 506//2071 1350//2071
f 505//2072 506//2072 1349//2072
f 1350//2073 507//2073 1351//2073
f 506//2074 507//2074 1350//2074
f 1351//2075 509//2075 1353//2075
f 507//2076 509//2076 1351//2076
f 1353//2077 508//2077 1352//2077
f 509//2078 508//2078 1353//2078
f 508//2079 510//2079 1352//2079
f 1352//2080 510//2080 1354//2080
f 1354//2081 512//2081 1356//2081
f 510//2082 512//2082 1354//2082
f 1356//2083 511//2083 1355//2083
f 512//2084 511//2084 1356//2084
f 1355//2085 514//2085 1358//2085
f 511//2086 514//2086 1355//2086
f 1358//2087 513//2087 1357//2087
f 514//2088 513//2088 1358//2088
f 1357//2089 515//2089 1359//2089
f 513//2090 515//2090 1357//2090
f 1359//2091 516//2091 1360//2091
f 515//2092 516//2092 1359//2092
f 1360//2093 517//2093 1361//2093
f 516//2094 517//2094 1360//2094
f 1361//2095 519//2095 1363//2095
f 517//2096 519//2096 1361//2096
f 1363//2097 520//2097 1364//2097
f 519//2098 520//2098 1363//2098
f 1364//2099 518//2099 1362//2099
f 520//2100 518//2100 1364//2100
f 1362//2101 521//2101 1365//2101
f 1365//2102 521//2102 1367//2102
f 518//2103 521//2103 1362//2103
f 521//2104 523//2104 1367//2104
f 1367//2105 522//2105 1366//2105
f 523//2106 522//2106 1367//2106
f 1366//2107 524//2107 1368//2107
f 1368//2108 524//2108 1369//2108
f 522//2109 524//2109 1366//2109
f 524//2110 525//2110 1369//2110
f 1369//2111 527//2111 1371//2111
f 525//2112 527//2112 1369//2112
f 1371//2113 526//2113 1370//2113
f 1370//2114 526//2114 1379//2114
f 527//2115 526//2115 1371//2115
f 526//2116 529//2116 1379//2116
f 1379//2117 530//2117 1380//2117
f 529//2118 530//2118 1379//2118
f 1380//2119 528//2119 1378//2119
f 1378//2120 528//2120 1392//2120
f 530//2121 528//2121 1380//2121
f 528//2122 532//2122 1392//2122
f 1392//2123 531//2123 1391//2123
f 532//2124 531//2124 1392//2124
f 1391//2125 533//2125 1396//2125
f 531//2126 533//2126 1391//2126
f 923//2127 943//2127 1745//2127
f 1745//2128 943//2128 1771//2128
f 1771//2129 945//2129 1772//2129
f 943//2130 945//2130 1771//2130
f 1772//2131 944//2131 1770//2131
f 945//2132 944//2132 1772//2132
f 1770//2133 950//2133 1777//2133
f 944//2134 950//2134 1770//2134
f 1777//2135 949//2135 1776//2135
f 950//2136 949//2136 1777//2136
f 1776//2137 953//2137 1780//2137
f 949//2138 953//2138 1776//2138
f 1780//2139 957//2139 1784//2139
f 953//2140 957//2140 1780//2140
f 1784//2141 956//2141 1783//2141
f 1783//2142 956//2142 1786//2142
f 957//2143 956//2143 1784//2143
f 956//2144 959//2144 1786//2144
f 1786//2145 958//2145 1785//2145
f 959//2146 958//2146 1786//2146
f 1785//2147 964//2147 1791//2147
f 958//2148 964//2148 1785//2148
f 1791//2149 963//2149 1790//2149
f 1790//2150 963//2150 1796//2150
f 964//2151 963//2151 1791//2151
f 963//2152 969//2152 1796//2152
f 1796//2153 968//2153 1795//2153
f 969//2154 968//2154 1796//2154
f 1795//2155 970//2155 1797//2155
f 968//2156 970//2156 1795//2156
f 1797//2157 973//2157 1800//2157
f 970//2158 973//2158 1797//2158
f 1800//2159 971//2159 1798//2159
f 973//2160 971//2160 1800//2160
f 1798//2161 972//2161 1799//2161
f 971//2162 972//2162 1798//2162
f 1799//2163 967//2163 1794//2163
f 972//2164 967//2164 1799//2164
f 1794//2165 965//2165 1792//2165
f 967//2166 965//2166 1794//2166
f 1792//2167 966//2167 1793//2167
f 965//2168 966//2168 1792//2168
f 1793//2169 961//2169 1787//2169
f 1787//2170 961//2170 1788//2170
f 966//2171 961//2171 1793//2171
f 961//2172 960//2172 1788//2172
f 960//2173 962//2173 1788//2173
f 1788//2174 962//2174 1789//2174
f 1789//2175 954//2175 1781//2175
f 962//2176 954//2176 1789//2176
f 1781//2177 955//2177 1782//2177
f 1782//2178 955//2178 1778//2178
f 954//2179 955//2179 1781//2179
f 955//2180 951//2180 1778//2180
f 1778//2181 947//2181 1773//2181
f 951//2182 947//2182 1778//2182
f 1773//2183 946//2183 1774//2183
f 1774//2184 946//2184 1775//2184
f 947//2185 946//2185 1773//2185
f 946//2186 948//2186 1775//2186
f 1775//2187 952//2187 1779//2187
f 948//2188 952//2188 1775//2188
f 1779//2189 928//2189 1754//2189
f 952//2190 928//2190 1779//2190
f 533//2191 923//2191 1745//2191
f 533//2192 1745//2192 1396//2192
f 135//2193 230//2193 1003//2193
f 1003//2194 230//2194 1080//2194
f 136//2195 135//2195 1004//2195
f 1004//2196 135//2196 1003//2196
f 230//2197 228//2197 1080//2197
f 1080//2198 228//2198 1072//2198
f 228//2199 136//2199 1072//2199
f 1072//2200 136//2200 1004//2200
f 163//2201 193//2201 1036//2201
f 1036//2202 193//2202 1050//2202
f 134//2203 163//2203 1002//2203
f 1002//2204 163//2204 1036//2204
f 193//2205 133//2205 1050//2205
f 1050//2206 133//2206 1001//2206
f 133//2207 134//2207 1001//2207
f 1001//2208 134//2208 1002//2208
f 229//2209 231//2209 1869//2209
f 229//2210 1869//2210 1870//2210
f 232//2211 1870//2211 1871//2211
f 232//2212 229//2212 1870//2212
f 233//2213 1871//2213 1872//2213
f 233//2214 232//2214 1871//2214
f 234//2215 1872//2215 1873//2215
f 234//2216 1873//2216 1874//2216
f 234//2217 233//2217 1872//2217
f 235//2218 234//2218 1874//2218
f 236//2219 1874//2219 1875//2219
f 236//2220 235//2220 1874//2220
f 237//2221 1875//2221 1876//2221
f 237//2222 236//2222 1875//2222
f 238//2223 1876//2223 1877//2223
f 238//2224 237//2224 1876//2224
f 426//2225 1877//2225 1878//2225
f 426//2226 238//2226 1877//2226
f 423//2227 1878//2227 1879//2227
f 423//2228 426//2228 1878//2228
f 420//2229 423//2229 1879//2229
f 420//2230 1879//2230 1880//2230
f 417//2231 420//2231 1880//2231
f 417//2232 1880//2232 1881//2232
f 414//2233 417//2233 1881//2233
f 414//2234 1881//2234 1882//2234
f 411//2235 414//2235 1882//2235
f 411//2236 1882//2236 1883//2236
f 408//2237 411//2237 1883//2237
f 408//2238 1883//2238 1884//2238
f 405//2239 408//2239 1884//2239
f 405//2240 1884//2240 1885//2240
f 402//2241 405//2241 1885//2241
f 402//2242 1885//2242 1886//2242
f 402//2243 1886//2243 1887//2243
f 245//2244 402//2244 1887//2244
f 244//2245 245//2245 1887//2245
f 244//2246 1887//2246 1888//2246
f 246//2247 244//2247 1888//2247
f 246//2248 1888//2248 1889//2248
f 247//2249 246//2249 1889//2249
f 247//2250 1889//2250 1890//2250
f 247//2251 1890//2251 1891//2251
f 248//2252 247//2252 1891//2252
f 248//2253 1891//2253 1892//2253
f 227//2254 248//2254 1892//2254
f 226//2255 1892//2255 1893//2255
f 226//2256 227//2256 1892//2256
f 225//2257 1893//2257 1894//2257
f 225//2258 226//2258 1893//2258
f 224//2259 1894//2259 1895//2259
f 224//2260 225//2260 1894//2260
f 223//2261 1895//2261 1896//2261
f 223//2262 224//2262 1895//2262
f 222//2263 1896//2263 1897//2263
f 222//2264 223//2264 1896//2264
f 221//2265 1897//2265 1898//2265
f 221//2266 222//2266 1897//2266
f 220//2267 1898//2267 1899//2267
f 220//2268 221//2268 1898//2268
f 219//2269 1899//2269 1900//2269
f 219//2270 1900//2270 1901//2270
f 219//2271 220//2271 1899//2271
f 194//2272 219//2272 1901//2272
f 192//2273 1901//2273 1902//2273
f 192//2274 1902//2274 1903//2274
f 192//2275 194//2275 1901//2275
f 195//2276 1903//2276 1904//2276
f 195//2277 192//2277 1903//2277
f 196//2278 1904//2278 1905//2278
f 196//2279 195//2279 1904//2279
f 197//2280 196//2280 1905//2280
f 198//2281 197//2281 1905//2281
f 198//2282 1905//2282 1906//2282
f 198//2283 1906//2283 1907//2283
f 199//2284 198//2284 1907//2284
f 200//2285 199//2285 1907//2285
f 200//2286 1907//2286 1908//2286
f 201//2287 200//2287 1908//2287
f 201//2288 1908//2288 1909//2288
f 201//2289 1909//2289 1910//2289
f 202//2290 201//2290 1910//2290
f 203//2291 202//2291 1910//2291
f 203//2292 1910//2292 1911//2292
f 203//2293 1911//2293 1912//2293
f 204//2294 203//2294 1912//2294
f 204//2295 1912//2295 1913//2295
f 205//2296 204//2296 1913//2296
f 205//2297 1913//2297 1914//2297
f 206//2298 205//2298 1914//2298
f 206//2299 1914//2299 1915//2299
f 207//2300 206//2300 1915//2300
f 208//2301 207//2301 1915//2301
f 208//2302 1915//2302 1916//2302
f 209//2303 208//2303 1916//2303
f 209//2304 1916//2304 1917//2304
f 210//2305 209//2305 1917//2305
f 210//2306 1917//2306 1918//2306
f 211//2307 210//2307 1918//2307
f 211//2308 1918//2308 1919//2308
f 211//2309 1919//2309 1920//2309
f 212//2310 211//2310 1920//2310
f 213//2311 212//2311 1920//2311
f 213//2312 1920//2312 1921//2312
f 214//2313 213//2313 1921//2313
f 214//2314 1921//2314 1922//2314
f 214//2315 1922//2315 1923//2315
f 215//2316 214//2316 1923//2316
f 215//2317 1923//2317 1924//2317
f 216//2318 215//2318 1924//2318
f 217//2319 216//2319 1924//2319
f 217//2320 1924//2320 1925//2320
f 217//2321 1925//2321 1926//2321
f 218//2322 217//2322 1926//2322
f 984//2323 1926//2323 1927//2323
f 984//2324 218//2324 1926//2324
f 983//2325 1927//2325 1928//2325
f 983//2326 1928//2326 1929//2326
f 983//2327 984//2327 1927//2327
f 982//2328 983//2328 1929//2328
f 981//2329 1929//2329 1930//2329
f 981//2330 982//2330 1929//2330
f 980//2331 981//2331 1930//2331
f 980//2332 1930//2332 1931//2332
f 980//2333 1931//2333 1932//2333
f 974//2334 980//2334 1932//2334
f 974//2335 1932//2335 1933//2335
f 975//2336 974//2336 1933//2336
f 976//2337 975//2337 1933//2337
f 976//2338 1933//2338 1934//2338
f 977//2339 976//2339 1934//2339
f 977//2340 1934//2340 1935//2340
f 978//2341 977//2341 1935//2341
f 978//2342 1935//2342 1936//2342
f 979//2343 978//2343 1936//2343
f 979//2344 1936//2344 1937//2344
f 979//2345 1937//2345 1938//2345
f 156//2346 979//2346 1938//2346
f 154//2347 156//2347 1938//2347
f 154//2348 1938//2348 1939//2348
f 152//2349 154//2349 1939//2349
f 152//2350 1939//2350 1940//2350
f 152//2351 1940//2351 1941//2351
f 150//2352 152//2352 1941//2352
f 150//2353 1941//2353 1942//2353
f 148//2354 150//2354 1942//2354
f 146//2355 148//2355 1942//2355
f 146//2356 1942//2356 1943//2356
f 144//2357 1943//2357 1944//2357
f 144//2358 146//2358 1943//2358
f 142//2359 1944//2359 1945//2359
f 142//2360 144//2360 1944//2360
f 140//2361 1945//2361 1946//2361
f 140//2362 1946//2362 1947//2362
f 140//2363 142//2363 1945//2363
f 137//2364 140//2364 1947//2364
f 138//2365 1947//2365 1948//2365
f 138//2366 1948//2366 1949//2366
f 138//2367 137//2367 1947//2367
f 139//2368 138//2368 1949//2368
f 141//2369 1949//2369 1950//2369
f 141//2370 1950//2370 1951//2370
f 141//2371 139//2371 1949//2371
f 143//2372 141//2372 1951//2372
f 145//2373 1951//2373 1952//2373
f 145//2374 1952//2374 1953//2374
f 145//2375 143//2375 1951//2375
f 147//2376 1953//2376 1954//2376
f 147//2377 145//2377 1953//2377
f 149//2378 147//2378 1954//2378
f 151//2379 1954//2379 1955//2379
f 151//2380 149//2380 1954//2380
f 153//2381 1955//2381 1956//2381
f 153//2382 151//2382 1955//2382
f 155//2383 153//2383 1956//2383
f 155//2384 1956//2384 1957//2384
f 157//2385 155//2385 1957//2385
f 157//2386 1957//2386 1958//2386
f 158//2387 157//2387 1958//2387
f 158//2388 1958//2388 1959//2388
f 159//2389 158//2389 1959//2389
f 159//2390 1959//2390 1960//2390
f 160//2391 1960//2391 1961//2391
f 160//2392 159//2392 1960//2392
f 161//2393 1961//2393 1962//2393
f 161//2394 1962//2394 1963//2394
f 161//2395 160//2395 1961//2395
f 162//2396 161//2396 1963//2396
f 162//2397 1963//2397 1964//2397
f 164//2398 162//2398 1964//2398
f 165//2399 1964//2399 1965//2399
f 165//2400 164//2400 1964//2400
f 166//2401 1965//2401 1966//2401
f 166//2402 165//2402 1965//2402
f 167//2403 1966//2403 1967//2403
f 167//2404 166//2404 1966//2404
f 168//2405 1967//2405 1968//2405
f 168//2406 167//2406 1967//2406
f 169//2407 1968//2407 1969//2407
f 169//2408 168//2408 1968//2408
f 170//2409 1969//2409 1970//2409
f 170//2410 169//2410 1969//2410
f 171//2411 1970//2411 1971//2411
f 171//2412 1971//2412 1972//2412
f 171//2413 170//2413 1970//2413
f 172//2414 171//2414 1972//2414
f 173//2415 1972//2415 1973//2415
f 173//2416 1973//2416 1974//2416
f 173//2417 172//2417 1972//2417
f 174//2418 173//2418 1974//2418
f 175//2419 1974//2419 1975//2419
f 175//2420 174//2420 1974//2420
f 176//2421 1975//2421 1976//2421
f 176//2422 1976//2422 1977//2422
f 176//2423 175//2423 1975//2423
f 177//2424 176//2424 1977//2424
f 178//2425 1977//2425 1978//2425
f 178//2426 177//2426 1977//2426
f 179//2427 1978//2427 1979//2427
f 179//2428 1979//2428 1980//2428
f 179//2429 178//2429 1978//2429
f 180//2430 179//2430 1980//2430
f 181//2431 180//2431 1980//2431
f 181//2432 1980//2432 1981//2432
f 182//2433 181//2433 1981//2433
f 182//2434 1981//2434 1982//2434
f 183//2435 182//2435 1982//2435
f 183//2436 1982//2436 1983//2436
f 184//2437 183//2437 1983//2437
f 184//2438 1983//2438 1984//2438
f 185//2439 184//2439 1984//2439
f 185//2440 1984//2440 1985//2440
f 186//2441 185//2441 1985//2441
f 186//2442 1985//2442 1986//2442
f 187//2443 186//2443 1986//2443
f 187//2444 1986//2444 1987//2444
f 187//2445 1987//2445 1988//2445
f 188//2446 187//2446 1988//2446
f 188//2447 1988//2447 1989//2447
f 189//2448 188//2448 1989//2448
f 190//2449 189//2449 1989//2449
f 190//2450 1989//2450 1990//2450
f 191//2451 190//2451 1990//2451
f 191//2452 1990//2452 1991//2452
f 239//2453 191//2453 1991//2453
f 239//2454 1991//2454 1992//2454
f 240//2455 1992//2455 1993//2455
f 240//2456 1993//2456 1994//2456
f 240//2457 239//2457 1992//2457
f 241//2458 240//2458 1994//2458
f 231//2459 1994//2459 1869//2459
f 231//2460 241//2460 1994//2460
f 250//2461 328//2461 1107//2461
f 1107//2462 328//2462 1188//2462
f 249//2463 250//2463 1106//2463
f 1106//2464 250//2464 1107//2464
f 328//2465 330//2465 1188//2465
f 1188//2466 330//2466 1186//2466
f 330//2467 249//2467 1186//2467
f 1186//2468 249//2468 1106//2468
f 329//2469 500//2469 1185//2469
f 1185//2470 500//2470 1344//2470
f 331//2471 329//2471 1187//2471
f 1187//2472 329//2472 1185//2472
f 500//2473 501//2473 1344//2473
f 1344//2474 501//2474 1345//2474
f 501//2475 331//2475 1345//2475
f 1345//2476 331//2476 1187//2476
f 986//2477 985//2477 1995//2477
f 986//2478 1995//2478 1996//2478
f 987//2479 1996//2479 1997//2479
f 987//2480 986//2480 1996//2480
f 988//2481 1997//2481 1998//2481
f 988//2482 987//2482 1997//2482
f 989//2483 1998//2483 1999//2483
f 989//2484 1999//2484 2000//2484
f 989//2485 988//2485 1998//2485
f 990//2486 989//2486 2000//2486
f 637//2487 2000//2487 2001//2487
f 637//2488 990//2488 2000//2488
f 636//2489 2001//2489 2002//2489
f 636//2490 637//2490 2001//2490
f 638//2491 2002//2491 2003//2491
f 638//2492 636//2492 2002//2492
f 639//2493 2003//2493 2004//2493
f 639//2494 638//2494 2003//2494
f 640//2495 2004//2495 2005//2495
f 640//2496 639//2496 2004//2496
f 641//2497 640//2497 2005//2497
f 641//2498 2005//2498 2006//2498
f 642//2499 641//2499 2006//2499
f 642//2500 2006//2500 2007//2500
f 643//2501 642//2501 2007//2501
f 643//2502 2007//2502 2008//2502
f 644//2503 643//2503 2008//2503
f 644//2504 2008//2504 2009//2504
f 645//2505 644//2505 2009//2505
f 645//2506 2009//2506 2010//2506
f 646//2507 645//2507 2010//2507
f 646//2508 2010//2508 2011//2508
f 647//2509 646//2509 2011//2509
f 647//2510 2011//2510 2012//2510
f 647//2511 2012//2511 2013//2511
f 648//2512 647//2512 2013//2512
f 649//2513 648//2513 2013//2513
f 649//2514 2013//2514 2014//2514
f 650//2515 649//2515 2014//2515
f 650//2516 2014//2516 2015//2516
f 651//2517 650//2517 2015//2517
f 651//2518 2015//2518 2016//2518
f 651//2519 2016//2519 2017//2519
f 652//2520 651//2520 2017//2520
f 652//2521 2017//2521 2018//2521
f 653//2522 652//2522 2018//2522
f 654//2523 2018//2523 2019//2523
f 654//2524 653//2524 2018//2524
f 655//2525 2019//2525 2020//2525
f 655//2526 654//2526 2019//2526
f 656//2527 2020//2527 2021//2527
f 656//2528 655//2528 2020//2528
f 657//2529 2021//2529 2022//2529
f 657//2530 656//2530 2021//2530
f 624//2531 2022//2531 2023//2531
f 624//2532 657//2532 2022//2532
f 622//2533 2023//2533 2024//2533
f 622//2534 624//2534 2023//2534
f 625//2535 2024//2535 2025//2535
f 625//2536 622//2536 2024//2536
f 626//2537 2025//2537 2026//2537
f 626//2538 2026//2538 2027//2538
f 626//2539 625//2539 2025//2539
f 627//2540 626//2540 2027//2540
f 628//2541 2027//2541 2028//2541
f 628//2542 2028//2542 2029//2542
f 628//2543 627//2543 2027//2543
f 629//2544 2029//2544 2030//2544
f 629//2545 628//2545 2029//2545
f 630//2546 2030//2546 2031//2546
f 630//2547 629//2547 2030//2547
f 631//2548 630//2548 2031//2548
f 632//2549 631//2549 2031//2549
f 632//2550 2031//2550 2032//2550
f 632//2551 2032//2551 2033//2551
f 633//2552 632//2552 2033//2552
f 634//2553 633//2553 2033//2553
f 634//2554 2033//2554 2034//2554
f 635//2555 634//2555 2034//2555
f 635//2556 2034//2556 2035//2556
f 635//2557 2035//2557 2036//2557
f 702//2558 635//2558 2036//2558
f 700//2559 702//2559 2036//2559
f 700//2560 2036//2560 2037//2560
f 700//2561 2037//2561 2038//2561
f 703//2562 700//2562 2038//2562
f 703//2563 2038//2563 2039//2563
f 699//2564 703//2564 2039//2564
f 699//2565 2039//2565 2040//2565
f 697//2566 699//2566 2040//2566
f 697//2567 2040//2567 2041//2567
f 694//2568 697//2568 2041//2568
f 690//2569 694//2569 2041//2569
f 690//2570 2041//2570 2042//2570
f 687//2571 690//2571 2042//2571
f 687//2572 2042//2572 2043//2572
f 684//2573 687//2573 2043//2573
f 684//2574 2043//2574 2044//2574
f 681//2575 684//2575 2044//2575
f 681//2576 2044//2576 2045//2576
f 681//2577 2045//2577 2046//2577
f 678//2578 681//2578 2046//2578
f 675//2579 678//2579 2046//2579
f 675//2580 2046//2580 2047//2580
f 672//2581 675//2581 2047//2581
f 672//2582 2047//2582 2048//2582
f 672//2583 2048//2583 2049//2583
f 669//2584 672//2584 2049//2584
f 669//2585 2049//2585 2050//2585
f 666//2586 669//2586 2050//2586
f 598//2587 666//2587 2050//2587
f 598//2588 2050//2588 2051//2588
f 598//2589 2051//2589 2052//2589
f 596//2590 598//2590 2052//2590
f 594//2591 2052//2591 2053//2591
f 594//2592 596//2592 2052//2592
f 592//2593 2053//2593 2054//2593
f 592//2594 2054//2594 2055//2594
f 592//2595 594//2595 2053//2595
f 590//2596 592//2596 2055//2596
f 588//2597 2055//2597 2056//2597
f 588//2598 590//2598 2055//2598
f 586//2599 588//2599 2056//2599
f 586//2600 2056//2600 2057//2600
f 586//2601 2057//2601 2058//2601
f 579//2602 586//2602 2058//2602
f 579//2603 2058//2603 2059//2603
f 578//2604 579//2604 2059//2604
f 577//2605 578//2605 2059//2605
f 577//2606 2059//2606 2060//2606
f 576//2607 577//2607 2060//2607
f 576//2608 2060//2608 2061//2608
f 575//2609 576//2609 2061//2609
f 575//2610 2061//2610 2062//2610
f 573//2611 575//2611 2062//2611
f 573//2612 2062//2612 2063//2612
f 573//2613 2063//2613 2064//2613
f 571//2614 573//2614 2064//2614
f 569//2615 571//2615 2064//2615
f 569//2616 2064//2616 2065//2616
f 567//2617 569//2617 2065//2617
f 567//2618 2065//2618 2066//2618
f 567//2619 2066//2619 2067//2619
f 565//2620 567//2620 2067//2620
f 565//2621 2067//2621 2068//2621
f 563//2622 565//2622 2068//2622
f 561//2623 563//2623 2068//2623
f 561//2624 2068//2624 2069//2624
f 559//2625 2069//2625 2070//2625
f 559//2626 561//2626 2069//2626
f 557//2627 2070//2627 2071//2627
f 557//2628 559//2628 2070//2628
f 555//2629 2071//2629 2072//2629
f 555//2630 2072//2630 2073//2630
f 555//2631 557//2631 2071//2631
f 552//2632 555//2632 2073//2632
f 553//2633 2073//2633 2074//2633
f 553//2634 2074//2634 2075//2634
f 553//2635 552//2635 2073//2635
f 554//2636 553//2636 2075//2636
f 556//2637 2075//2637 2076//2637
f 556//2638 2076//2638 2077//2638
f 556//2639 554//2639 2075//2639
f 558//2640 556//2640 2077//2640
f 560//2641 2077//2641 2078//2641
f 560//2642 2078//2642 2079//2642
f 560//2643 558//2643 2077//2643
f 562//2644 2079//2644 2080//2644
f 562//2645 560//2645 2079//2645
f 564//2646 562//2646 2080//2646
f 566//2647 2080//2647 2081//2647
f 566//2648 564//2648 2080//2648
f 568//2649 2081//2649 2082//2649
f 568//2650 566//2650 2081//2650
f 570//2651 568//2651 2082//2651
f 570//2652 2082//2652 2083//2652
f 572//2653 570//2653 2083//2653
f 572//2654 2083//2654 2084//2654
f 574//2655 572//2655 2084//2655
f 574//2656 2084//2656 2085//2656
f 581//2657 574//2657 2085//2657
f 581//2658 2085//2658 2086//2658
f 582//2659 2086//2659 2087//2659
f 582//2660 581//2660 2086//2660
f 583//2661 2087//2661 2088//2661
f 583//2662 2088//2662 2089//2662
f 583//2663 582//2663 2087//2663
f 584//2664 583//2664 2089//2664
f 584//2665 2089//2665 2090//2665
f 585//2666 584//2666 2090//2666
f 587//2667 2090//2667 2091//2667
f 587//2668 585//2668 2090//2668
f 589//2669 2091//2669 2092//2669
f 589//2670 587//2670 2091//2670
f 591//2671 2092//2671 2093//2671
f 591//2672 589//2672 2092//2672
f 593//2673 2093//2673 2094//2673
f 593//2674 591//2674 2093//2674
f 595//2675 2094//2675 2095//2675
f 595//2676 593//2676 2094//2676
f 597//2677 2095//2677 2096//2677
f 597//2678 595//2678 2095//2678
f 599//2679 2096//2679 2097//2679
f 599//2680 2097//2680 2098//2680
f 599//2681 597//2681 2096//2681
f 602//2682 599//2682 2098//2682
f 603//2683 2098//2683 2099//2683
f 603//2684 2099//2684 2100//2684
f 603//2685 602//2685 2098//2685
f 604//2686 603//2686 2100//2686
f 605//2687 2100//2687 2101//2687
f 605//2688 604//2688 2100//2688
f 606//2689 2101//2689 2102//2689
f 606//2690 2102//2690 2103//2690
f 606//2691 605//2691 2101//2691
f 607//2692 606//2692 2103//2692
f 608//2693 2103//2693 2104//2693
f 608//2694 607//2694 2103//2694
f 609//2695 2104//2695 2105//2695
f 609//2696 2105//2696 2106//2696
f 609//2697 608//2697 2104//2697
f 610//2698 609//2698 2106//2698
f 611//2699 610//2699 2106//2699
f 611//2700 2106//2700 2107//2700
f 612//2701 611//2701 2107//2701
f 612//2702 2107//2702 2108//2702
f 613//2703 612//2703 2108//2703
f 613//2704 2108//2704 2109//2704
f 614//2705 613//2705 2109//2705
f 614//2706 2109//2706 2110//2706
f 615//2707 614//2707 2110//2707
f 615//2708 2110//2708 2111//2708
f 616//2709 615//2709 2111//2709
f 616//2710 2111//2710 2112//2710
f 617//2711 616//2711 2112//2711
f 617//2712 2112//2712 2113//2712
f 617//2713 2113//2713 2114//2713
f 618//2714 617//2714 2114//2714
f 618//2715 2114//2715 2115//2715
f 619//2716 618//2716 2115//2716
f 995//2717 619//2717 2115//2717
f 995//2718 2115//2718 2116//2718
f 994//2719 995//2719 2116//2719
f 994//2720 2116//2720 2117//2720
f 993//2721 994//2721 2117//2721
f 993//2722 2117//2722 2118//2722
f 992//2723 2118//2723 2119//2723
f 992//2724 2119//2724 2120//2724
f 992//2725 993//2725 2118//2725
f 991//2726 992//2726 2120//2726
f 985//2727 2120//2727 1995//2727
f 985//2728 991//2728 2120//2728
f 623//2729 658//2729 1467//2729
f 1467//2730 658//2730 1493//2730
f 580//2731 623//2731 1439//2731
f 1439//2732 623//2732 1467//2732
f 658//2733 620//2733 1493//2733
f 1493//2734 620//2734 1465//2734
f 620//2735 580//2735 1465//2735
f 1465//2736 580//2736 1439//2736
f 251//2737 252//2737 1143//2737
f 1143//2738 252//2738 1109//2738
f 242//2739 251//2739 1095//2739
f 1095//2740 251//2740 1143//2740
f 252//2741 243//2741 1109//2741
f 1109//2742 243//2742 1096//2742
f 243//2743 242//2743 1096//2743
f 1096//2744 242//2744 1095//2744
f 332//2745 334//2745 2121//2745
f 332//2746 2121//2746 2122//2746
f 335//2747 2122//2747 2123//2747
f 335//2748 332//2748 2122//2748
f 336//2749 2123//2749 2124//2749
f 336//2750 335//2750 2123//2750
f 337//2751 2124//2751 2125//2751
f 337//2752 2125//2752 2126//2752
f 337//2753 336//2753 2124//2753
f 338//2754 337//2754 2126//2754
f 339//2755 2126//2755 2127//2755
f 339//2756 338//2756 2126//2756
f 340//2757 2127//2757 2128//2757
f 340//2758 339//2758 2127//2758
f 341//2759 2128//2759 2129//2759
f 341//2760 340//2760 2128//2760
f 342//2761 2129//2761 2130//2761
f 342//2762 341//2762 2129//2762
f 343//2763 2130//2763 2131//2763
f 343//2764 342//2764 2130//2764
f 344//2765 343//2765 2131//2765
f 344//2766 2131//2766 2132//2766
f 345//2767 344//2767 2132//2767
f 345//2768 2132//2768 2133//2768
f 346//2769 345//2769 2133//2769
f 346//2770 2133//2770 2134//2770
f 347//2771 346//2771 2134//2771
f 347//2772 2134//2772 2135//2772
f 348//2773 347//2773 2135//2773
f 348//2774 2135//2774 2136//2774
f 349//2775 348//2775 2136//2775
f 349//2776 2136//2776 2137//2776
f 350//2777 349//2777 2137//2777
f 350//2778 2137//2778 2138//2778
f 350//2779 2138//2779 2139//2779
f 351//2780 350//2780 2139//2780
f 352//2781 351//2781 2139//2781
f 352//2782 2139//2782 2140//2782
f 353//2783 352//2783 2140//2783
f 353//2784 2140//2784 2141//2784
f 354//2785 353//2785 2141//2785
f 354//2786 2141//2786 2142//2786
f 354//2787 2142//2787 2143//2787
f 357//2788 354//2788 2143//2788
f 357//2789 2143//2789 2144//2789
f 359//2790 357//2790 2144//2790
f 361//2791 2144//2791 2145//2791
f 361//2792 359//2792 2144//2792
f 439//2793 2145//2793 2146//2793
f 439//2794 361//2794 2145//2794
f 441//2795 2146//2795 2147//2795
f 441//2796 439//2796 2146//2796
f 442//2797 2147//2797 2148//2797
f 442//2798 441//2798 2147//2798
f 443//2799 2148//2799 2149//2799
f 443//2800 442//2800 2148//2800
f 444//2801 2149//2801 2150//2801
f 444//2802 443//2802 2149//2802
f 445//2803 2150//2803 2151//2803
f 445//2804 444//2804 2150//2804
f 446//2805 2151//2805 2152//2805
f 446//2806 2152//2806 2153//2806
f 446//2807 445//2807 2151//2807
f 314//2808 446//2808 2153//2808
f 313//2809 2153//2809 2154//2809
f 313//2810 2154//2810 2155//2810
f 313//2811 314//2811 2153//2811
f 315//2812 2155//2812 2156//2812
f 315//2813 313//2813 2155//2813
f 316//2814 2156//2814 2157//2814
f 316//2815 315//2815 2156//2815
f 317//2816 316//2816 2157//2816
f 318//2817 317//2817 2157//2817
f 318//2818 2157//2818 2158//2818
f 318//2819 2158//2819 2159//2819
f 319//2820 318//2820 2159//2820
f 320//2821 319//2821 2159//2821
f 320//2822 2159//2822 2160//2822
f 321//2823 320//2823 2160//2823
f 321//2824 2160//2824 2161//2824
f 321//2825 2161//2825 2162//2825
f 322//2826 321//2826 2162//2826
f 323//2827 322//2827 2162//2827
f 323//2828 2162//2828 2163//2828
f 323//2829 2163//2829 2164//2829
f 324//2830 323//2830 2164//2830
f 324//2831 2164//2831 2165//2831
f 325//2832 324//2832 2165//2832
f 325//2833 2165//2833 2166//2833
f 326//2834 325//2834 2166//2834
f 326//2835 2166//2835 2167//2835
f 327//2836 326//2836 2167//2836
f 312//2837 327//2837 2167//2837
f 312//2838 2167//2838 2168//2838
f 311//2839 312//2839 2168//2839
f 311//2840 2168//2840 2169//2840
f 310//2841 311//2841 2169//2841
f 310//2842 2169//2842 2170//2842
f 309//2843 310//2843 2170//2843
f 309//2844 2170//2844 2171//2844
f 309//2845 2171//2845 2172//2845
f 308//2846 309//2846 2172//2846
f 306//2847 308//2847 2172//2847
f 306//2848 2172//2848 2173//2848
f 304//2849 306//2849 2173//2849
f 304//2850 2173//2850 2174//2850
f 304//2851 2174//2851 2175//2851
f 302//2852 304//2852 2175//2852
f 302//2853 2175//2853 2176//2853
f 300//2854 302//2854 2176//2854
f 298//2855 300//2855 2176//2855
f 298//2856 2176//2856 2177//2856
f 298//2857 2177//2857 2178//2857
f 296//2858 298//2858 2178//2858
f 294//2859 2178//2859 2179//2859
f 294//2860 296//2860 2178//2860
f 292//2861 2179//2861 2180//2861
f 292//2862 2180//2862 2181//2862
f 292//2863 294//2863 2179//2863
f 290//2864 292//2864 2181//2864
f 288//2865 2181//2865 2182//2865
f 288//2866 290//2866 2181//2866
f 286//2867 288//2867 2182//2867
f 286//2868 2182//2868 2183//2868
f 286//2869 2183//2869 2184//2869
f 284//2870 286//2870 2184//2870
f 284//2871 2184//2871 2185//2871
f 282//2872 284//2872 2185//2872
f 280//2873 282//2873 2185//2873
f 280//2874 2185//2874 2186//2874
f 278//2875 280//2875 2186//2875
f 278//2876 2186//2876 2187//2876
f 276//2877 278//2877 2187//2877
f 276//2878 2187//2878 2188//2878
f 274//2879 276//2879 2188//2879
f 274//2880 2188//2880 2189//2880
f 274//2881 2189//2881 2190//2881
f 272//2882 274//2882 2190//2882
f 270//2883 272//2883 2190//2883
f 270//2884 2190//2884 2191//2884
f 268//2885 270//2885 2191//2885
f 268//2886 2191//2886 2192//2886
f 268//2887 2192//2887 2193//2887
f 266//2888 268//2888 2193//2888
f 266//2889 2193//2889 2194//2889
f 264//2890 266//2890 2194//2890
f 262//2891 264//2891 2194//2891
f 262//2892 2194//2892 2195//2892
f 260//2893 2195//2893 2196//2893
f 260//2894 262//2894 2195//2894
f 258//2895 2196//2895 2197//2895
f 258//2896 260//2896 2196//2896
f 256//2897 2197//2897 2198//2897
f 256//2898 2198//2898 2199//2898
f 256//2899 258//2899 2197//2899
f 253//2900 256//2900 2199//2900
f 254//2901 2199//2901 2200//2901
f 254//2902 2200//2902 2201//2902
f 254//2903 253//2903 2199//2903
f 255//2904 254//2904 2201//2904
f 257//2905 2201//2905 2202//2905
f 257//2906 2202//2906 2203//2906
f 257//2907 255//2907 2201//2907
f 259//2908 257//2908 2203//2908
f 261//2909 2203//2909 2204//2909
f 261//2910 2204//2910 2205//2910
f 261//2911 259//2911 2203//2911
f 263//2912 2205//2912 2206//2912
f 263//2913 261//2913 2205//2913
f 265//2914 263//2914 2206//2914
f 267//2915 2206//2915 2207//2915
f 267//2916 265//2916 2206//2916
f 269//2917 2207//2917 2208//2917
f 269//2918 267//2918 2207//2918
f 271//2919 269//2919 2208//2919
f 271//2920 2208//2920 2209//2920
f 273//2921 271//2921 2209//2921
f 273//2922 2209//2922 2210//2922
f 275//2923 273//2923 2210//2923
f 275//2924 2210//2924 2211//2924
f 277//2925 275//2925 2211//2925
f 277//2926 2211//2926 2212//2926
f 279//2927 2212//2927 2213//2927
f 279//2928 277//2928 2212//2928
f 281//2929 2213//2929 2214//2929
f 281//2930 2214//2930 2215//2930
f 281//2931 279//2931 2213//2931
f 283//2932 281//2932 2215//2932
f 283//2933 2215//2933 2216//2933
f 285//2934 283//2934 2216//2934
f 287//2935 2216//2935 2217//2935
f 287//2936 285//2936 2216//2936
f 289//2937 2217//2937 2218//2937
f 289//2938 287//2938 2217//2938
f 291//2939 2218//2939 2219//2939
f 291//2940 289//2940 2218//2940
f 293//2941 2219//2941 2220//2941
f 293//2942 291//2942 2219//2942
f 295//2943 2220//2943 2221//2943
f 295//2944 293//2944 2220//2944
f 297//2945 2221//2945 2222//2945
f 297//2946 295//2946 2221//2946
f 299//2947 2222//2947 2223//2947
f 299//2948 2223//2948 2224//2948
f 299//2949 297//2949 2222//2949
f 301//2950 299//2950 2224//2950
f 303//2951 2224//2951 2225//2951
f 303//2952 2225//2952 2226//2952
f 303//2953 301//2953 2224//2953
f 305//2954 303//2954 2226//2954
f 307//2955 2226//2955 2227//2955
f 307//2956 305//2956 2226//2956
f 375//2957 2227//2957 2228//2957
f 375//2958 2228//2958 2229//2958
f 375//2959 307//2959 2227//2959
f 371//2960 375//2960 2229//2960
f 367//2961 2229//2961 2230//2961
f 367//2962 371//2962 2229//2962
f 364//2963 2230//2963 2231//2963
f 364//2964 2231//2964 2232//2964
f 364//2965 367//2965 2230//2965
f 362//2966 364//2966 2232//2966
f 369//2967 362//2967 2232//2967
f 369//2968 2232//2968 2233//2968
f 372//2969 369//2969 2233//2969
f 372//2970 2233//2970 2234//2970
f 377//2971 372//2971 2234//2971
f 377//2972 2234//2972 2235//2972
f 379//2973 377//2973 2235//2973
f 379//2974 2235//2974 2236//2974
f 381//2975 379//2975 2236//2975
f 381//2976 2236//2976 2237//2976
f 385//2977 381//2977 2237//2977
f 385//2978 2237//2978 2238//2978
f 387//2979 385//2979 2238//2979
f 387//2980 2238//2980 2239//2980
f 387//2981 2239//2981 2240//2981
f 391//2982 387//2982 2240//2982
f 391//2983 2240//2983 2241//2983
f 394//2984 391//2984 2241//2984
f 397//2985 394//2985 2241//2985
f 397//2986 2241//2986 2242//2986
f 356//2987 397//2987 2242//2987
f 356//2988 2242//2988 2243//2988
f 355//2989 356//2989 2243//2989
f 355//2990 2243//2990 2244//2990
f 358//2991 2244//2991 2245//2991
f 358//2992 2245//2992 2246//2992
f 358//2993 355//2993 2244//2993
f 360//2994 358//2994 2246//2994
f 334//2995 2246//2995 2121//2995
f 334//2996 360//2996 2246//2996
f 440//2997 600//2997 1301//2997
f 1301//2998 600//2998 1454//2998
f 333//2999 440//2999 1238//2999
f 1238//3000 440//3000 1301//3000
f 600//3001 463//3001 1454//3001
f 1454//3002 463//3002 1321//3002
f 463//3003 333//3003 1321//3003
f 1321//3004 333//3004 1238//3004
f 464//3005 535//3005 2247//3005
f 464//3006 2247//3006 2248//3006
f 462//3007 2248//3007 2249//3007
f 462//3008 464//3008 2248//3008
f 465//3009 2249//3009 2250//3009
f 465//3010 462//3010 2249//3010
f 466//3011 2250//3011 2251//3011
f 466//3012 2251//3012 2252//3012
f 466//3013 465//3013 2250//3013
f 467//3014 466//3014 2252//3014
f 468//3015 2252//3015 2253//3015
f 468//3016 467//3016 2252//3016
f 469//3017 2253//3017 2254//3017
f 469//3018 468//3018 2253//3018
f 470//3019 2254//3019 2255//3019
f 470//3020 469//3020 2254//3020
f 471//3021 2255//3021 2256//3021
f 471//3022 470//3022 2255//3022
f 472//3023 2256//3023 2257//3023
f 472//3024 471//3024 2256//3024
f 473//3025 472//3025 2257//3025
f 473//3026 2257//3026 2258//3026
f 474//3027 473//3027 2258//3027
f 474//3028 2258//3028 2259//3028
f 475//3029 474//3029 2259//3029
f 475//3030 2259//3030 2260//3030
f 476//3031 475//3031 2260//3031
f 476//3032 2260//3032 2261//3032
f 477//3033 476//3033 2261//3033
f 477//3034 2261//3034 2262//3034
f 478//3035 477//3035 2262//3035
f 478//3036 2262//3036 2263//3036
f 479//3037 478//3037 2263//3037
f 479//3038 2263//3038 2264//3038
f 479//3039 2264//3039 2265//3039
f 480//3040 479//3040 2265//3040
f 481//3041 480//3041 2265//3041
f 481//3042 2265//3042 2266//3042
f 482//3043 481//3043 2266//3043
f 482//3044 2266//3044 2267//3044
f 483//3045 482//3045 2267//3045
f 483//3046 2267//3046 2268//3046
f 483//3047 2268//3047 2269//3047
f 484//3048 483//3048 2269//3048
f 484//3049 2269//3049 2270//3049
f 485//3050 484//3050 2270//3050
f 486//3051 2270//3051 2271//3051
f 486//3052 485//3052 2270//3052
f 487//3053 2271//3053 2272//3053
f 487//3054 486//3054 2271//3054
f 488//3055 2272//3055 2273//3055
f 488//3056 487//3056 2272//3056
f 489//3057 2273//3057 2274//3057
f 489//3058 488//3058 2273//3058
f 490//3059 2274//3059 2275//3059
f 490//3060 489//3060 2274//3060
f 491//3061 2275//3061 2276//3061
f 491//3062 490//3062 2275//3062
f 492//3063 2276//3063 2277//3063
f 492//3064 491//3064 2276//3064
f 493//3065 2277//3065 2278//3065
f 493//3066 2278//3066 2279//3066
f 493//3067 492//3067 2277//3067
f 494//3068 493//3068 2279//3068
f 495//3069 2279//3069 2280//3069
f 495//3070 2280//3070 2281//3070
f 495//3071 494//3071 2279//3071
f 496//3072 2281//3072 2282//3072
f 496//3073 495//3073 2281//3073
f 497//3074 2282//3074 2283//3074
f 497//3075 496//3075 2282//3075
f 498//3076 497//3076 2283//3076
f 996//3077 498//3077 2283//3077
f 996//3078 2283//3078 2284//3078
f 996//3079 2284//3079 2285//3079
f 997//3080 996//3080 2285//3080
f 998//3081 997//3081 2285//3081
f 998//3082 2285//3082 2286//3082
f 999//3083 998//3083 2286//3083
f 999//3084 2286//3084 2287//3084
f 999//3085 2287//3085 2288//3085
f 1000//3086 999//3086 2288//3086
f 461//3087 1000//3087 2288//3087
f 461//3088 2288//3088 2289//3088
f 461//3089 2289//3089 2290//3089
f 460//3090 461//3090 2290//3090
f 460//3091 2290//3091 2291//3091
f 459//3092 460//3092 2291//3092
f 459//3093 2291//3093 2292//3093
f 458//3094 459//3094 2292//3094
f 458//3095 2292//3095 2293//3095
f 457//3096 458//3096 2293//3096
f 456//3097 457//3097 2293//3097
f 456//3098 2293//3098 2294//3098
f 455//3099 456//3099 2294//3099
f 455//3100 2294//3100 2295//3100
f 453//3101 455//3101 2295//3101
f 453//3102 2295//3102 2296//3102
f 451//3103 453//3103 2296//3103
f 451//3104 2296//3104 2297//3104
f 451//3105 2297//3105 2298//3105
f 449//3106 451//3106 2298//3106
f 447//3107 449//3107 2298//3107
f 447//3108 2298//3108 2299//3108
f 437//3109 447//3109 2299//3109
f 437//3110 2299//3110 2300//3110
f 437//3111 2300//3111 2301//3111
f 435//3112 437//3112 2301//3112
f 435//3113 2301//3113 2302//3113
f 433//3114 435//3114 2302//3114
f 431//3115 433//3115 2302//3115
f 431//3116 2302//3116 2303//3116
f 431//3117 2303//3117 2304//3117
f 429//3118 431//3118 2304//3118
f 427//3119 2304//3119 2305//3119
f 427//3120 429//3120 2304//3120
f 424//3121 2305//3121 2306//3121
f 424//3122 2306//3122 2307//3122
f 424//3123 427//3123 2305//3123
f 421//3124 424//3124 2307//3124
f 418//3125 2307//3125 2308//3125
f 418//3126 421//3126 2307//3126
f 415//3127 418//3127 2308//3127
f 415//3128 2308//3128 2309//3128
f 415//3129 2309//3129 2310//3129
f 412//3130 415//3130 2310//3130
f 412//3131 2310//3131 2311//3131
f 409//3132 412//3132 2311//3132
f 406//3133 409//3133 2311//3133
f 406//3134 2311//3134 2312//3134
f 403//3135 406//3135 2312//3135
f 403//3136 2312//3136 2313//3136
f 400//3137 403//3137 2313//3137
f 400//3138 2313//3138 2314//3138
f 398//3139 400//3139 2314//3139
f 398//3140 2314//3140 2315//3140
f 398//3141 2315//3141 2316//3141
f 395//3142 398//3142 2316//3142
f 392//3143 395//3143 2316//3143
f 392//3144 2316//3144 2317//3144
f 389//3145 392//3145 2317//3145
f 389//3146 2317//3146 2318//3146
f 389//3147 2318//3147 2319//3147
f 386//3148 389//3148 2319//3148
f 386//3149 2319//3149 2320//3149
f 383//3150 386//3150 2320//3150
f 380//3151 383//3151 2320//3151
f 380//3152 2320//3152 2321//3152
f 376//3153 2321//3153 2322//3153
f 376//3154 380//3154 2321//3154
f 373//3155 2322//3155 2323//3155
f 373//3156 376//3156 2322//3156
f 368//3157 2323//3157 2324//3157
f 368//3158 2324//3158 2325//3158
f 368//3159 373//3159 2323//3159
f 363//3160 368//3160 2325//3160
f 365//3161 2325//3161 2326//3161
f 365//3162 2326//3162 2327//3162
f 365//3163 363//3163 2325//3163
f 366//3164 365//3164 2327//3164
f 370//3165 2327//3165 2328//3165
f 370//3166 2328//3166 2329//3166
f 370//3167 366//3167 2327//3167
f 374//3168 370//3168 2329//3168
f 378//3169 2329//3169 2330//3169
f 378//3170 2330//3170 2331//3170
f 378//3171 374//3171 2329//3171
f 382//3172 2331//3172 2332//3172
f 382//3173 378//3173 2331//3173
f 384//3174 382//3174 2332//3174
f 388//3175 2332//3175 2333//3175
f 388//3176 384//3176 2332//3176
f 390//3177 2333//3177 2334//3177
f 390//3178 388//3178 2333//3178
f 393//3179 390//3179 2334//3179
f 393//3180 2334//3180 2335//3180
f 396//3181 393//3181 2335//3181
f 396//3182 2335//3182 2336//3182
f 399//3183 396//3183 2336//3183
f 399//3184 2336//3184 2337//3184
f 401//3185 399//3185 2337//3185
f 401//3186 2337//3186 2338//3186
f 404//3187 2338//3187 2339//3187
f 404//3188 401//3188 2338//3188
f 407//3189 2339//3189 2340//3189
f 407//3190 2340//3190 2341//3190
f 407//3191 404//3191 2339//3191
f 410//3192 407//3192 2341//3192
f 410//3193 2341//3193 2342//3193
f 413//3194 410//3194 2342//3194
f 416//3195 2342//3195 2343//3195
f 416//3196 413//3196 2342//3196
f 419//3197 2343//3197 2344//3197
f 419//3198 416//3198 2343//3198
f 422//3199 2344//3199 2345//3199
f 422//3200 419//3200 2344//3200
f 425//3201 2345//3201 2346//3201
f 425//3202 422//3202 2345//3202
f 428//3203 2346//3203 2347//3203
f 428//3204 425//3204 2346//3204
f 430//3205 2347//3205 2348//3205
f 430//3206 428//3206 2347//3206
f 432//3207 2348//3207 2349//3207
f 432//3208 2349//3208 2350//3208
f 432//3209 430//3209 2348//3209
f 434//3210 432//3210 2350//3210
f 436//3211 2350//3211 2351//3211
f 436//3212 2351//3212 2352//3212
f 436//3213 434//3213 2350//3213
f 438//3214 436//3214 2352//3214
f 448//3215 2352//3215 2353//3215
f 448//3216 438//3216 2352//3216
f 450//3217 2353//3217 2354//3217
f 450//3218 2354//3218 2355//3218
f 450//3219 448//3219 2353//3219
f 452//3220 450//3220 2355//3220
f 454//3221 2355//3221 2356//3221
f 454//3222 452//3222 2355//3222
f 536//3223 2356//3223 2357//3223
f 536//3224 2357//3224 2358//3224
f 536//3225 454//3225 2356//3225
f 537//3226 536//3226 2358//3226
f 538//3227 537//3227 2358//3227
f 538//3228 2358//3228 2359//3228
f 539//3229 538//3229 2359//3229
f 539//3230 2359//3230 2360//3230
f 540//3231 539//3231 2360//3231
f 540//3232 2360//3232 2361//3232
f 541//3233 540//3233 2361//3233
f 541//3234 2361//3234 2362//3234
f 542//3235 541//3235 2362//3235
f 542//3236 2362//3236 2363//3236
f 543//3237 542//3237 2363//3237
f 543//3238 2363//3238 2364//3238
f 544//3239 543//3239 2364//3239
f 544//3240 2364//3240 2365//3240
f 544//3241 2365//3241 2366//3241
f 545//3242 544//3242 2366//3242
f 545//3243 2366//3243 2367//3243
f 546//3244 545//3244 2367//3244
f 547//3245 546//3245 2367//3245
f 547//3246 2367//3246 2368//3246
f 548//3247 547//3247 2368//3247
f 548//3248 2368//3248 2369//3248
f 549//3249 548//3249 2369//3249
f 549//3250 2369//3250 2370//3250
f 550//3251 2370//3251 2371//3251
f 550//3252 2371//3252 2372//3252
f 550//3253 549//3253 2370//3253
f 551//3254 550//3254 2372//3254
f 535//3255 2372//3255 2247//3255
f 535//3256 551//3256 2372//3256
f 885//3257 921//3257 1713//3257
f 1713//3258 921//3258 1737//3258
f 712//3259 885//3259 1549//3259
f 1549//3260 885//3260 1713//3260
f 921//3261 760//3261 1737//3261
f 1737//3262 760//3262 1597//3262
f 760//3263 712//3263 1597//3263
f 1597//3264 712//3264 1549//3264
f 601//3265 705//3265 1453//3265
f 1453//3266 705//3266 1541//3266
f 534//3267 601//3267 1401//3267
f 1401//3268 601//3268 1453//3268
f 705//3269 621//3269 1541//3269
f 1541//3270 621//3270 1466//3270
f 621//3271 534//3271 1466//3271
f 1466//3272 534//3272 1401//3272
f 765//3273 1636//3273 764//3273
f 764//3274 1635//3274 766//3274
f 1636//3275 1635//3275 764//3275
f 766//3276 1637//3276 767//3276
f 1635//3277 1637//3277 766//3277
f 767//3278 1638//3278 768//3278
f 1637//3279 1638//3279 767//3279
f 768//3280 1639//3280 769//3280
f 1638//3281 1639//3281 768//3281
f 769//3282 1640//3282 770//3282
f 1639//3283 1640//3283 769//3283
f 770//3284 1641//3284 771//3284
f 1640//3285 1641//3285 770//3285
f 771//3286 1642//3286 772//3286
f 1641//3287 1642//3287 771//3287
f 1642//3288 1643//3288 772//3288
f 772//3289 1643//3289 773//3289
f 1643//3290 1644//3290 773//3290
f 773//3291 1644//3291 774//3291
f 1644//3292 1645//3292 774//3292
f 774//3293 1645//3293 775//3293
f 1645//3294 1646//3294 775//3294
f 775//3295 1646//3295 776//3295
f 1646//3296 1647//3296 776//3296
f 776//3297 1647//3297 777//3297
f 1647//3298 1648//3298 777//3298
f 777//3299 1648//3299 778//3299
f 1648//3300 1649//3300 778//3300
f 778//3301 1649//3301 779//3301
f 1649//3302 1650//3302 779//3302
f 779//3303 1650//3303 780//3303
f 1650//3304 1651//3304 780//3304
f 780//3305 1651//3305 759//3305
f 1651//3306 1596//3306 759//3306
f 759//3307 1596//3307 758//3307
f 1596//3308 1595//3308 758//3308
f 758//3309 1595//3309 757//3309
f 1595//3310 1594//3310 757//3310
f 757//3311 1594//3311 756//3311
f 1594//3312 1593//3312 756//3312
f 756//3313 1593//3313 755//3313
f 755//3314 1592//3314 754//3314
f 1593//3315 1592//3315 755//3315
f 754//3316 1591//3316 753//3316
f 1592//3317 1591//3317 754//3317
f 753//3318 1590//3318 752//3318
f 1591//3319 1590//3319 753//3319
f 752//3320 1589//3320 751//3320
f 1590//3321 1589//3321 752//3321
f 751//3322 1588//3322 750//3322
f 1589//3323 1588//3323 751//3323
f 750//3324 1587//3324 749//3324
f 1588//3325 1587//3325 750//3325
f 749//3326 1586//3326 748//3326
f 1587//3327 1586//3327 749//3327
f 748//3328 1585//3328 747//3328
f 1586//3329 1585//3329 748//3329
f 747//3330 1584//3330 746//3330
f 1585//3331 1584//3331 747//3331
f 1584//3332 1583//3332 746//3332
f 746//3333 1582//3333 745//3333
f 745//3334 1582//3334 744//3334
f 1583//3335 1582//3335 746//3335
f 1582//3336 1581//3336 744//3336
f 1581//3337 1543//3337 707//3337
f 1581//3338 707//3338 744//3338
f 1543//3339 1542//3339 707//3339
f 707//3340 1542//3340 706//3340
f 706//3341 1544//3341 708//3341
f 1542//3342 1544//3342 706//3342
f 708//3343 1532//3343 695//3343
f 1544//3344 1532//3344 708//3344
f 695//3345 1527//3345 691//3345
f 1532//3346 1527//3346 695//3346
f 691//3347 1526//3347 688//3347
f 1527//3348 1526//3348 691//3348
f 688//3349 1523//3349 685//3349
f 1526//3350 1523//3350 688//3350
f 685//3351 1518//3351 682//3351
f 1523//3352 1518//3352 685//3352
f 682//3353 1516//3353 679//3353
f 1518//3354 1516//3354 682//3354
f 1516//3355 1513//3355 679//3355
f 679//3356 1513//3356 676//3356
f 1513//3357 1510//3357 676//3357
f 676//3358 1510//3358 673//3358
f 1510//3359 1507//3359 673//3359
f 673//3360 1507//3360 670//3360
f 1507//3361 1504//3361 670//3361
f 670//3362 1504//3362 667//3362
f 667//3363 1504//3363 664//3363
f 1504//3364 1503//3364 664//3364
f 1503//3365 1500//3365 664//3365
f 664//3366 1500//3366 662//3366
f 1500//3367 1496//3367 662//3367
f 662//3368 1496//3368 660//3368
f 1496//3369 1494//3369 660//3369
f 660//3370 1494//3370 659//3370
f 1494//3371 1497//3371 659//3371
f 659//3372 1497//3372 661//3372
f 1497//3373 1499//3373 661//3373
f 661//3374 1499//3374 663//3374
f 1499//3375 1501//3375 663//3375
f 663//3376 1501//3376 665//3376
f 1501//3377 1505//3377 665//3377
f 665//3378 1505//3378 668//3378
f 668//3379 1508//3379 671//3379
f 1505//3380 1508//3380 668//3380
f 1508//3381 1511//3381 671//3381
f 671//3382 1511//3382 674//3382
f 674//3383 1514//3383 677//3383
f 1511//3384 1514//3384 674//3384
f 677//3385 1517//3385 680//3385
f 1514//3386 1517//3386 677//3386
f 680//3387 1519//3387 683//3387
f 683//3388 1519//3388 686//3388
f 1517//3389 1519//3389 680//3389
f 1519//3390 1521//3390 686//3390
f 686//3391 1524//3391 689//3391
f 689//3392 1524//3392 692//3392
f 1521//3393 1524//3393 686//3393
f 1524//3394 1528//3394 692//3394
f 692//3395 1530//3395 693//3395
f 693//3396 1530//3396 696//3396
f 1528//3397 1530//3397 692//3397
f 1530//3398 1533//3398 696//3398
f 696//3399 1534//3399 698//3399
f 1533//3400 1534//3400 696//3400
f 698//3401 1536//3401 701//3401
f 1534//3402 1536//3402 698//3402
f 1536//3403 1545//3403 709//3403
f 1536//3404 709//3404 701//3404
f 709//3405 1545//3405 711//3405
f 711//3406 1553//3406 713//3406
f 1545//3407 1553//3407 711//3407
f 713//3408 1554//3408 714//3408
f 1553//3409 1554//3409 713//3409
f 714//3410 1555//3410 715//3410
f 1554//3411 1555//3411 714//3411
f 715//3412 1556//3412 716//3412
f 1555//3413 1556//3413 715//3413
f 716//3414 1557//3414 717//3414
f 1556//3415 1557//3415 716//3415
f 717//3416 1558//3416 718//3416
f 1557//3417 1558//3417 717//3417
f 718//3418 1559//3418 719//3418
f 1558//3419 1559//3419 718//3419
f 1559//3420 1560//3420 719//3420
f 719//3421 1560//3421 720//3421
f 1560//3422 1561//3422 720//3422
f 720//3423 1561//3423 721//3423
f 1561//3424 1562//3424 721//3424
f 721//3425 1562//3425 722//3425
f 1562//3426 1563//3426 722//3426
f 722//3427 1563//3427 723//3427
f 1563//3428 1564//3428 723//3428
f 723//3429 1564//3429 724//3429
f 1564//3430 1565//3430 724//3430
f 724//3431 1565//3431 725//3431
f 1565//3432 1566//3432 725//3432
f 725//3433 1566//3433 726//3433
f 1566//3434 1567//3434 726//3434
f 726//3435 1567//3435 727//3435
f 1567//3436 1568//3436 727//3436
f 727//3437 1568//3437 728//3437
f 1568//3438 1569//3438 728//3438
f 728//3439 1569//3439 729//3439
f 1569//3440 1570//3440 729//3440
f 729//3441 1570//3441 730//3441
f 1570//3442 1571//3442 730//3442
f 730//3443 1571//3443 731//3443
f 1571//3444 1572//3444 731//3444
f 731//3445 1572//3445 732//3445
f 732//3446 1573//3446 733//3446
f 1572//3447 1573//3447 732//3447
f 733//3448 1574//3448 734//3448
f 1573//3449 1574//3449 733//3449
f 734//3450 1575//3450 735//3450
f 1574//3451 1575//3451 734//3451
f 735//3452 1576//3452 736//3452
f 1575//3453 1576//3453 735//3453
f 736//3454 1577//3454 737//3454
f 1576//3455 1577//3455 736//3455
f 737//3456 1578//3456 738//3456
f 1577//3457 1578//3457 737//3457
f 738//3458 1579//3458 739//3458
f 1578//3459 1579//3459 738//3459
f 739//3460 1580//3460 740//3460
f 1579//3461 1580//3461 739//3461
f 740//3462 1623//3462 741//3462
f 1580//3463 1623//3463 740//3463
f 741//3464 1621//3464 742//3464
f 1623//3465 1621//3465 741//3465
f 742//3466 1620//3466 743//3466
f 1621//3467 1620//3467 742//3467
f 1620//3468 1599//3468 743//3468
f 1599//3469 1627//3469 797//3469
f 1599//3470 797//3470 743//3470
f 797//3471 1627//3471 837//3471
f 1627//3472 1656//3472 837//3472
f 837//3473 1659//3473 838//3473
f 1656//3474 1659//3474 837//3474
f 838//3475 1660//3475 840//3475
f 1659//3476 1660//3476 838//3476
f 840//3477 1661//3477 841//3477
f 1660//3478 1661//3478 840//3478
f 841//3479 1662//3479 843//3479
f 1661//3480 1662//3480 841//3480
f 843//3481 1665//3481 845//3481
f 1662//3482 1665//3482 843//3482
f 845//3483 1666//3483 846//3483
f 1665//3484 1666//3484 845//3484
f 846//3485 1667//3485 848//3485
f 1666//3486 1667//3486 846//3486
f 1667//3487 1668//3487 848//3487
f 848//3488 1668//3488 850//3488
f 1668//3489 1671//3489 850//3489
f 850//3490 1671//3490 851//3490
f 1671//3491 1672//3491 851//3491
f 851//3492 1672//3492 853//3492
f 1672//3493 1673//3493 853//3493
f 853//3494 1673//3494 855//3494
f 1673//3495 1676//3495 855//3495
f 855//3496 1676//3496 857//3496
f 1676//3497 1677//3497 857//3497
f 857//3498 1677//3498 858//3498
f 1677//3499 1678//3499 858//3499
f 858//3500 1678//3500 860//3500
f 1678//3501 1679//3501 860//3501
f 860//3502 1679//3502 862//3502
f 1679//3503 1682//3503 862//3503
f 862//3504 1682//3504 864//3504
f 1682//3505 1683//3505 864//3505
f 864//3506 1683//3506 866//3506
f 1683//3507 1684//3507 866//3507
f 866//3508 1684//3508 867//3508
f 1684//3509 1687//3509 867//3509
f 867//3510 1687//3510 873//3510
f 873//3511 1688//3511 875//3511
f 1687//3512 1688//3512 873//3512
f 1688//3513 1691//3513 875//3513
f 875//3514 1691//3514 871//3514
f 871//3515 1692//3515 869//3515
f 1691//3516 1692//3516 871//3516
f 869//3517 1693//3517 872//3517
f 1692//3518 1693//3518 869//3518
f 872//3519 1695//3519 799//3519
f 1693//3520 1695//3520 872//3520
f 799//3521 1696//3521 796//3521
f 1695//3522 1696//3522 799//3522
f 796//3523 1698//3523 793//3523
f 1696//3524 1698//3524 796//3524
f 793//3525 1699//3525 789//3525
f 1698//3526 1699//3526 793//3526
f 789//3527 1701//3527 782//3527
f 1699//3528 1701//3528 789//3528
f 782//3529 1652//3529 781//3529
f 1701//3530 1652//3530 782//3530
f 781//3531 1634//3531 763//3531
f 1652//3532 1634//3532 781//3532
f 1634//3533 1633//3533 763//3533
f 763//3534 1633//3534 761//3534
f 1633//3535 1636//3535 765//3535
f 1633//3536 765//3536 761//3536
f 918//3537 916//3537 2373//3537
f 918//3538 2373//3538 2374//3538
f 920//3539 2374//3539 2375//3539
f 920//3540 918//3540 2374//3540
f 888//3541 2375//3541 2376//3541
f 888//3542 920//3542 2375//3542
f 887//3543 2376//3543 2377//3543
f 887//3544 2377//3544 2378//3544
f 887//3545 888//3545 2376//3545
f 890//3546 887//3546 2378//3546
f 892//3547 2378//3547 2379//3547
f 892//3548 890//3548 2378//3548
f 894//3549 2379//3549 2380//3549
f 894//3550 892//3550 2379//3550
f 896//3551 2380//3551 2381//3551
f 896//3552 894//3552 2380//3552
f 898//3553 2381//3553 2382//3553
f 898//3554 896//3554 2381//3554
f 900//3555 2382//3555 2383//3555
f 900//3556 898//3556 2382//3556
f 902//3557 900//3557 2383//3557
f 902//3558 2383//3558 2384//3558
f 922//3559 902//3559 2384//3559
f 922//3560 2384//3560 2385//3560
f 924//3561 922//3561 2385//3561
f 924//3562 2385//3562 2386//3562
f 925//3563 924//3563 2386//3563
f 925//3564 2386//3564 2387//3564
f 926//3565 925//3565 2387//3565
f 926//3566 2387//3566 2388//3566
f 927//3567 926//3567 2388//3567
f 927//3568 2388//3568 2389//3568
f 929//3569 927//3569 2389//3569
f 929//3570 2389//3570 2390//3570
f 929//3571 2390//3571 2391//3571
f 930//3572 929//3572 2391//3572
f 931//3573 930//3573 2391//3573
f 931//3574 2391//3574 2392//3574
f 932//3575 931//3575 2392//3575
f 932//3576 2392//3576 2393//3576
f 933//3577 932//3577 2393//3577
f 933//3578 2393//3578 2394//3578
f 933//3579 2394//3579 2395//3579
f 934//3580 933//3580 2395//3580
f 934//3581 2395//3581 2396//3581
f 935//3582 934//3582 2396//3582
f 936//3583 2396//3583 2397//3583
f 936//3584 935//3584 2396//3584
f 937//3585 2397//3585 2398//3585
f 937//3586 936//3586 2397//3586
f 938//3587 2398//3587 2399//3587
f 938//3588 937//3588 2398//3588
f 939//3589 2399//3589 2400//3589
f 939//3590 938//3590 2399//3590
f 940//3591 2400//3591 2401//3591
f 940//3592 939//3592 2400//3592
f 941//3593 2401//3593 2402//3593
f 941//3594 940//3594 2401//3594
f 942//3595 2402//3595 2403//3595
f 942//3596 941//3596 2402//3596
f 883//3597 2403//3597 2404//3597
f 883//3598 2404//3598 2405//3598
f 883//3599 942//3599 2403//3599
f 882//3600 883//3600 2405//3600
f 881//3601 2405//3601 2406//3601
f 881//3602 2406//3602 2407//3602
f 881//3603 882//3603 2405//3603
f 880//3604 2407//3604 2408//3604
f 880//3605 881//3605 2407//3605
f 879//3606 2408//3606 2409//3606
f 879//3607 880//3607 2408//3607
f 878//3608 879//3608 2409//3608
f 877//3609 878//3609 2409//3609
f 877//3610 2409//3610 2410//3610
f 877//3611 2410//3611 2411//3611
f 876//3612 877//3612 2411//3612
f 874//3613 876//3613 2411//3613
f 874//3614 2411//3614 2412//3614
f 868//3615 874//3615 2412//3615
f 868//3616 2412//3616 2413//3616
f 868//3617 2413//3617 2414//3617
f 865//3618 868//3618 2414//3618
f 863//3619 865//3619 2414//3619
f 863//3620 2414//3620 2415//3620
f 863//3621 2415//3621 2416//3621
f 861//3622 863//3622 2416//3622
f 861//3623 2416//3623 2417//3623
f 859//3624 861//3624 2417//3624
f 859//3625 2417//3625 2418//3625
f 856//3626 859//3626 2418//3626
f 856//3627 2418//3627 2419//3627
f 854//3628 856//3628 2419//3628
f 852//3629 854//3629 2419//3629
f 852//3630 2419//3630 2420//3630
f 849//3631 852//3631 2420//3631
f 849//3632 2420//3632 2421//3632
f 847//3633 849//3633 2421//3633
f 847//3634 2421//3634 2422//3634
f 844//3635 847//3635 2422//3635
f 844//3636 2422//3636 2423//3636
f 844//3637 2423//3637 2424//3637
f 842//3638 844//3638 2424//3638
f 839//3639 842//3639 2424//3639
f 839//3640 2424//3640 2425//3640
f 836//3641 839//3641 2425//3641
f 836//3642 2425//3642 2426//3642
f 836//3643 2426//3643 2427//3643
f 835//3644 836//3644 2427//3644
f 835//3645 2427//3645 2428//3645
f 834//3646 835//3646 2428//3646
f 833//3647 834//3647 2428//3647
f 833//3648 2428//3648 2429//3648
f 833//3649 2429//3649 2430//3649
f 831//3650 833//3650 2430//3650
f 829//3651 2430//3651 2431//3651
f 829//3652 831//3652 2430//3652
f 827//3653 2431//3653 2432//3653
f 827//3654 2432//3654 2433//3654
f 827//3655 829//3655 2431//3655
f 825//3656 827//3656 2433//3656
f 823//3657 2433//3657 2434//3657
f 823//3658 825//3658 2433//3658
f 821//3659 823//3659 2434//3659
f 821//3660 2434//3660 2435//3660
f 821//3661 2435//3661 2436//3661
f 819//3662 821//3662 2436//3662
f 819//3663 2436//3663 2437//3663
f 817//3664 819//3664 2437//3664
f 815//3665 817//3665 2437//3665
f 815//3666 2437//3666 2438//3666
f 813//3667 815//3667 2438//3667
f 813//3668 2438//3668 2439//3668
f 811//3669 813//3669 2439//3669
f 811//3670 2439//3670 2440//3670
f 809//3671 811//3671 2440//3671
f 809//3672 2440//3672 2441//3672
f 809//3673 2441//3673 2442//3673
f 807//3674 809//3674 2442//3674
f 805//3675 807//3675 2442//3675
f 805//3676 2442//3676 2443//3676
f 803//3677 805//3677 2443//3677
f 803//3678 2443//3678 2444//3678
f 803//3679 2444//3679 2445//3679
f 801//3680 803//3680 2445//3680
f 801//3681 2445//3681 2446//3681
f 798//3682 801//3682 2446//3682
f 794//3683 798//3683 2446//3683
f 794//3684 2446//3684 2447//3684
f 791//3685 2447//3685 2448//3685
f 791//3686 794//3686 2447//3686
f 788//3687 2448//3687 2449//3687
f 788//3688 791//3688 2448//3688
f 786//3689 2449//3689 2450//3689
f 786//3690 2450//3690 2451//3690
f 786//3691 788//3691 2449//3691
f 783//3692 786//3692 2451//3692
f 784//3693 2451//3693 2452//3693
f 784//3694 2452//3694 2453//3694
f 784//3695 783//3695 2451//3695
f 785//3696 784//3696 2453//3696
f 787//3697 2453//3697 2454//3697
f 787//3698 2454//3698 2455//3698
f 787//3699 785//3699 2453//3699
f 790//3700 787//3700 2455//3700
f 792//3701 2455//3701 2456//3701
f 792//3702 2456//3702 2457//3702
f 792//3703 790//3703 2455//3703
f 795//3704 2457//3704 2458//3704
f 795//3705 792//3705 2457//3705
f 800//3706 795//3706 2458//3706
f 802//3707 2458//3707 2459//3707
f 802//3708 800//3708 2458//3708
f 804//3709 2459//3709 2460//3709
f 804//3710 802//3710 2459//3710
f 806//3711 804//3711 2460//3711
f 806//3712 2460//3712 2461//3712
f 808//3713 806//3713 2461//3713
f 808//3714 2461//3714 2462//3714
f 810//3715 808//3715 2462//3715
f 810//3716 2462//3716 2463//3716
f 812//3717 810//3717 2463//3717
f 812//3718 2463//3718 2464//3718
f 814//3719 2464//3719 2465//3719
f 814//3720 812//3720 2464//3720
f 816//3721 2465//3721 2466//3721
f 816//3722 2466//3722 2467//3722
f 816//3723 814//3723 2465//3723
f 818//3724 816//3724 2467//3724
f 818//3725 2467//3725 2468//3725
f 820//3726 818//3726 2468//3726
f 822//3727 2468//3727 2469//3727
f 822//3728 820//3728 2468//3728
f 824//3729 2469//3729 2470//3729
f 824//3730 822//3730 2469//3730
f 826//3731 2470//3731 2471//3731
f 826//3732 824//3732 2470//3732
f 828//3733 2471//3733 2472//3733
f 828//3734 826//3734 2471//3734
f 830//3735 2472//3735 2473//3735
f 830//3736 828//3736 2472//3736
f 832//3737 2473//3737 2474//3737
f 832//3738 830//3738 2473//3738
f 917//3739 2474//3739 2475//3739
f 917//3740 2475//3740 2476//3740
f 917//3741 832//3741 2474//3741
f 919//3742 917//3742 2476//3742
f 886//3743 2476//3743 2477//3743
f 886//3744 2477//3744 2478//3744
f 886//3745 919//3745 2476//3745
f 884//3746 886//3746 2478//3746
f 889//3747 2478//3747 2479//3747
f 889//3748 884//3748 2478//3748
f 891//3749 2479//3749 2480//3749
f 891//3750 2480//3750 2481//3750
f 891//3751 889//3751 2479//3751
f 893//3752 891//3752 2481//3752
f 895//3753 2481//3753 2482//3753
f 895//3754 893//3754 2481//3754
f 897//3755 2482//3755 2483//3755
f 897//3756 2483//3756 2484//3756
f 897//3757 895//3757 2482//3757
f 899//3758 897//3758 2484//3758
f 901//3759 899//3759 2484//3759
f 901//3760 2484//3760 2485//3760
f 903//3761 901//3761 2485//3761
f 903//3762 2485//3762 2486//3762
f 904//3763 903//3763 2486//3763
f 904//3764 2486//3764 2487//3764
f 905//3765 904//3765 2487//3765
f 905//3766 2487//3766 2488//3766
f 906//3767 905//3767 2488//3767
f 906//3768 2488//3768 2489//3768
f 907//3769 906//3769 2489//3769
f 907//3770 2489//3770 2490//3770
f 908//3771 907//3771 2490//3771
f 908//3772 2490//3772 2491//3772
f 908//3773 2491//3773 2492//3773
f 909//3774 908//3774 2492//3774
f 909//3775 2492//3775 2493//3775
f 910//3776 909//3776 2493//3776
f 911//3777 910//3777 2493//3777
f 911//3778 2493//3778 2494//3778
f 912//3779 911//3779 2494//3779
f 912//3780 2494//3780 2495//3780
f 913//3781 912//3781 2495//3781
f 913//3782 2495//3782 2496//3782
f 914//3783 2496//3783 2497//3783
f 914//3784 2497//3784 2498//3784
f 914//3785 913//3785 2496//3785
f 915//3786 914//3786 2498//3786
f 916//3787 2498//3787 2373//3787
f 916//3788 915//3788 2498//3788
f 710//3789 870//3789 1548//3789
f 1548//3790 870//3790 1705//3790
f 704//3791 710//3791 1540//3791
f 1540//3792 710//3792 1548//3792
f 870//3793 762//3793 1705//3793
f 1705//3794 762//3794 1632//3794
f 762//3795 704//3795 1632//3795
f 1632//3796 704//3796 1540//3796
f 2499//3797 1082//3797 1081//3797
f 1870//3798 1869//3798 2500//3798
f 2499//3799 1094//3799 1082//3799
f 1869//3800 1994//3800 2500//3800
f 2501//3801 1081//3801 1083//3801
f 2501//3802 1083//3802 1084//3802
f 2501//3803 2499//3803 1081//3803
f 2502//3804 1084//3804 1085//3804
f 2502//3805 1085//3805 1086//3805
f 2502//3806 2501//3806 1084//3806
f 2503//3807 1086//3807 1087//3807
f 2503//3808 1087//3808 1088//3808
f 2503//3809 2502//3809 1086//3809
f 2504//3810 2505//3810 2499//3810
f 2504//3811 2499//3811 2501//3811
f 2506//3812 1088//3812 1285//3812
f 2506//3813 1285//3813 1282//3813
f 2506//3814 2503//3814 1088//3814
f 2507//3815 2501//3815 2502//3815
f 2507//3816 2504//3816 2501//3816
f 2508//3817 1282//3817 1279//3817
f 2508//3818 1279//3818 1276//3818
f 2508//3819 2506//3819 1282//3819
f 2509//3820 2502//3820 2503//3820
f 2509//3821 2507//3821 2502//3821
f 2510//3822 2511//3822 2505//3822
f 2510//3823 2505//3823 2504//3823
f 2512//3824 1276//3824 1273//3824
f 2512//3825 1273//3825 1270//3825
f 2512//3826 2508//3826 1276//3826
f 2513//3827 2503//3827 2506//3827
f 2513//3828 2509//3828 2503//3828
f 2514//3829 2504//3829 2507//3829
f 2514//3830 2510//3830 2504//3830
f 2515//3831 1270//3831 1266//3831
f 2515//3832 1266//3832 1262//3832
f 2515//3833 2512//3833 1270//3833
f 2516//3834 2513//3834 2506//3834
f 2516//3835 2506//3835 2508//3835
f 2517//3836 2507//3836 2509//3836
f 2517//3837 2514//3837 2507//3837
f 2518//3838 2500//3838 2511//3838
f 2518//3839 1870//3839 2500//3839
f 2518//3840 2511//3840 2510//3840
f 2518//3841 1871//3841 1870//3841
f 2518//3842 1872//3842 1871//3842
f 2519//3843 1262//3843 1237//3843
f 2519//3844 1237//3844 1233//3844
f 2519//3845 2515//3845 1262//3845
f 2520//3846 2508//3846 2512//3846
f 2520//3847 2516//3847 2508//3847
f 2521//3848 2509//3848 2513//3848
f 2521//3849 2517//3849 2509//3849
f 2522//3850 2510//3850 2514//3850
f 2522//3851 1872//3851 2518//3851
f 2522//3852 1873//3852 1872//3852
f 2522//3853 1874//3853 1873//3853
f 2522//3854 2518//3854 2510//3854
f 2523//3855 1233//3855 1229//3855
f 2523//3856 1229//3856 1225//3856
f 2523//3857 2519//3857 1233//3857
f 2524//3858 2512//3858 2515//3858
f 2524//3859 2520//3859 2512//3859
f 2525//3860 2513//3860 2516//3860
f 2525//3861 2521//3861 2513//3861
f 2526//3862 1874//3862 2522//3862
f 2526//3863 2514//3863 2517//3863
f 2526//3864 2522//3864 2514//3864
f 2526//3865 1875//3865 1874//3865
f 2526//3866 1876//3866 1875//3866
f 2527//3867 1225//3867 1098//3867
f 2527//3868 1098//3868 1097//3868
f 2527//3869 2523//3869 1225//3869
f 2528//3870 2515//3870 2519//3870
f 2528//3871 2524//3871 2515//3871
f 2529//3872 2525//3872 2516//3872
f 2529//3873 2516//3873 2520//3873
f 2530//3874 1877//3874 1876//3874
f 2530//3875 1878//3875 1877//3875
f 2530//3876 2517//3876 2521//3876
f 2530//3877 2526//3877 2517//3877
f 2530//3878 1876//3878 2526//3878
f 2531//3879 1097//3879 1099//3879
f 2531//3880 1099//3880 1100//3880
f 2531//3881 2527//3881 1097//3881
f 2532//3882 2528//3882 2519//3882
f 2532//3883 2519//3883 2523//3883
f 2533//3884 2520//3884 2524//3884
f 2533//3885 2529//3885 2520//3885
f 2534//3886 1879//3886 1878//3886
f 2534//3887 1880//3887 1879//3887
f 2534//3888 1878//3888 2530//3888
f 2534//3889 2521//3889 2525//3889
f 2534//3890 2530//3890 2521//3890
f 2535//3891 1100//3891 1101//3891
f 2535//3892 1101//3892 1102//3892
f 2535//3893 2531//3893 1100//3893
f 2536//3894 2523//3894 2527//3894
f 2536//3895 2532//3895 2523//3895
f 2537//3896 2524//3896 2528//3896
f 2537//3897 2528//3897 2532//3897
f 2537//3898 2533//3898 2524//3898
f 2538//3899 2525//3899 2529//3899
f 2538//3900 1880//3900 2534//3900
f 2538//3901 1881//3901 1880//3901
f 2538//3902 1882//3902 1881//3902
f 2538//3903 2534//3903 2525//3903
f 2538//3904 2529//3904 2533//3904
f 2539//3905 1102//3905 1103//3905
f 2539//3906 1103//3906 1104//3906
f 2539//3907 2535//3907 1102//3907
f 2540//3908 2527//3908 2531//3908
f 2540//3909 2536//3909 2527//3909
f 2541//3910 2532//3910 2536//3910
f 2541//3911 2537//3911 2532//3911
f 2542//3912 1883//3912 1882//3912
f 2542//3913 1884//3913 1883//3913
f 2542//3914 2533//3914 2537//3914
f 2542//3915 1882//3915 2538//3915
f 2542//3916 2538//3916 2533//3916
f 2543//3917 1104//3917 1105//3917
f 2543//3918 1105//3918 1079//3918
f 2543//3919 2539//3919 1104//3919
f 2544//3920 2531//3920 2535//3920
f 2544//3921 2540//3921 2531//3921
f 2545//3922 2541//3922 2536//3922
f 2546//3923 2542//3923 2537//3923
f 2546//3924 1885//3924 1884//3924
f 2546//3925 1886//3925 1885//3925
f 2546//3926 1884//3926 2542//3926
f 2547//3927 1079//3927 1078//3927
f 2547//3928 1078//3928 1077//3928
f 2547//3929 2543//3929 1079//3929
f 2548//3930 2539//3930 2543//3930
f 2548//3931 2544//3931 2535//3931
f 2548//3932 2535//3932 2539//3932
f 2549//3933 2536//3933 2540//3933
f 2549//3934 2545//3934 2536//3934
f 2550//3935 2541//3935 2545//3935
f 2550//3936 2546//3936 2537//3936
f 2550//3937 1887//3937 1886//3937
f 2550//3938 1888//3938 1887//3938
f 2550//3939 2537//3939 2541//3939
f 2550//3940 1886//3940 2546//3940
f 2551//3941 2547//3941 1077//3941
f 2551//3942 1077//3942 1076//3942
f 2551//3943 1076//3943 1075//3943
f 2552//3944 2548//3944 2543//3944
f 2553//3945 2540//3945 2544//3945
f 2553//3946 2549//3946 2540//3946
f 2553//3947 2544//3947 2548//3947
f 2554//3948 1888//3948 2550//3948
f 2554//3949 1889//3949 1888//3949
f 2554//3950 1890//3950 1889//3950
f 2554//3951 2545//3951 2549//3951
f 2554//3952 2550//3952 2545//3952
f 2555//3953 1075//3953 1074//3953
f 2555//3954 1074//3954 1073//3954
f 2555//3955 2551//3955 1075//3955
f 2556//3956 2552//3956 2543//3956
f 2556//3957 2543//3957 2547//3957
f 2557//3958 2553//3958 2548//3958
f 2558//3959 2554//3959 2549//3959
f 2558//3960 1891//3960 1890//3960
f 2558//3961 1890//3961 2554//3961
f 2558//3962 1892//3962 1891//3962
f 2558//3963 2549//3963 2553//3963
f 2559//3964 1073//3964 1071//3964
f 2559//3965 1071//3965 1070//3965
f 2559//3966 2555//3966 1073//3966
f 2560//3967 2547//3967 2551//3967
f 2560//3968 2556//3968 2547//3968
f 2561//3969 2552//3969 2556//3969
f 2561//3970 2557//3970 2548//3970
f 2561//3971 2548//3971 2552//3971
f 2562//3972 1893//3972 1892//3972
f 2562//3973 1894//3973 1893//3973
f 2562//3974 1892//3974 2558//3974
f 2562//3975 2558//3975 2553//3975
f 2563//3976 2559//3976 1070//3976
f 2563//3977 1070//3977 1069//3977
f 2563//3978 1069//3978 1067//3978
f 2564//3979 2551//3979 2555//3979
f 2564//3980 2560//3980 2551//3980
f 2565//3981 2561//3981 2556//3981
f 2566//3982 2553//3982 2557//3982
f 2566//3983 2557//3983 2561//3983
f 2566//3984 2562//3984 2553//3984
f 2566//3985 1895//3985 1894//3985
f 2566//3986 1896//3986 1895//3986
f 2566//3987 1894//3987 2562//3987
f 2567//3988 1067//3988 1065//3988
f 2567//3989 1065//3989 1052//3989
f 2567//3990 2563//3990 1067//3990
f 2568//3991 2555//3991 2559//3991
f 2568//3992 2564//3992 2555//3992
f 2568//3993 2559//3993 2563//3993
f 2569//3994 2556//3994 2560//3994
f 2569//3995 2565//3995 2556//3995
f 2569//3996 2560//3996 2564//3996
f 2570//3997 1897//3997 1896//3997
f 2570//3998 1898//3998 1897//3998
f 2570//3999 2566//3999 2561//3999
f 2570//4000 1896//4000 2566//4000
f 2571//4001 2567//4001 1052//4001
f 2571//4002 1052//4002 1051//4002
f 2571//4003 1051//4003 1053//4003
f 2572//4004 2568//4004 2563//4004
f 2572//4005 2563//4005 2567//4005
f 2573//4006 2569//4006 2564//4006
f 2574//4007 2561//4007 2565//4007
f 2574//4008 1898//4008 2570//4008
f 2574//4009 1899//4009 1898//4009
f 2574//4010 1900//4010 1899//4010
f 2574//4011 2565//4011 2569//4011
f 2574//4012 2570//4012 2561//4012
f 2575//4013 2571//4013 1053//4013
f 2575//4014 1053//4014 1054//4014
f 2575//4015 1054//4015 1055//4015
f 2576//4016 2572//4016 2567//4016
f 2577//4017 2564//4017 2568//4017
f 2577//4018 2573//4018 2564//4018
f 2577//4019 2568//4019 2572//4019
f 2578//4020 1900//4020 2574//4020
f 2578//4021 2574//4021 2569//4021
f 2578//4022 1901//4022 1900//4022
f 2578//4023 1902//4023 1901//4023
f 2579//4024 1055//4024 1056//4024
f 2579//4025 1056//4025 1057//4025
f 2579//4026 2575//4026 1055//4026
f 2580//4027 2576//4027 2567//4027
f 2580//4028 2571//4028 2575//4028
f 2580//4029 2567//4029 2571//4029
f 2581//4030 2577//4030 2572//4030
f 2582//4031 2569//4031 2573//4031
f 2582//4032 1903//4032 1902//4032
f 2582//4033 1904//4033 1903//4033
f 2582//4034 2578//4034 2569//4034
f 2582//4035 1902//4035 2578//4035
f 2583//4036 1057//4036 1058//4036
f 2583//4037 1058//4037 1059//4037
f 2583//4038 2579//4038 1057//4038
f 2584//4039 2580//4039 2575//4039
f 2585//4040 2572//4040 2576//4040
f 2585//4041 2576//4041 2580//4041
f 2585//4042 2581//4042 2572//4042
f 2586//4043 1904//4043 2582//4043
f 2586//4044 2573//4044 2577//4044
f 2586//4045 2582//4045 2573//4045
f 2586//4046 1905//4046 1904//4046
f 2586//4047 1906//4047 1905//4047
f 2587//4048 2583//4048 1059//4048
f 2587//4049 1059//4049 1060//4049
f 2587//4050 1060//4050 1061//4050
f 2588//4051 2575//4051 2579//4051
f 2588//4052 2584//4052 2575//4052
f 2589//4053 2580//4053 2584//4053
f 2589//4054 2585//4054 2580//4054
f 2590//4055 2577//4055 2581//4055
f 2590//4056 2586//4056 2577//4056
f 2590//4057 1906//4057 2586//4057
f 2590//4058 1907//4058 1906//4058
f 2590//4059 1908//4059 1907//4059
f 2591//4060 2587//4060 1061//4060
f 2591//4061 1061//4061 1062//4061
f 2591//4062 1062//4062 1063//4062
f 2592//4063 2588//4063 2579//4063
f 2592//4064 2583//4064 2587//4064
f 2592//4065 2579//4065 2583//4065
f 2593//4066 2589//4066 2584//4066
f 2594//4067 2590//4067 2581//4067
f 2594//4068 1908//4068 2590//4068
f 2594//4069 2581//4069 2585//4069
f 2594//4070 1909//4070 1908//4070
f 2594//4071 1910//4071 1909//4071
f 2595//4072 1063//4072 1819//4072
f 2595//4073 1819//4073 1818//4073
f 2595//4074 2591//4074 1063//4074
f 2596//4075 2587//4075 2591//4075
f 2596//4076 2592//4076 2587//4076
f 2597//4077 2588//4077 2592//4077
f 2597//4078 2584//4078 2588//4078
f 2597//4079 2593//4079 2584//4079
f 2598//4080 1911//4080 1910//4080
f 2598//4081 1912//4081 1911//4081
f 2598//4082 2594//4082 2585//4082
f 2598//4083 1910//4083 2594//4083
f 2598//4084 2585//4084 2589//4084
f 2599//4085 1818//4085 1817//4085
f 2599//4086 1817//4086 1816//4086
f 2599//4087 2595//4087 1818//4087
f 2600//4088 2596//4088 2591//4088
f 2601//4089 2597//4089 2592//4089
f 2602//4090 2598//4090 2589//4090
f 2602//4091 1912//4091 2598//4091
f 2602//4092 2589//4092 2593//4092
f 2602//4093 1913//4093 1912//4093
f 2602//4094 1914//4094 1913//4094
f 2603//4095 1816//4095 1815//4095
f 2603//4096 1815//4096 1814//4096
f 2603//4097 2599//4097 1816//4097
f 2604//4098 2591//4098 2595//4098
f 2604//4099 2600//4099 2591//4099
f 2605//4100 2592//4100 2596//4100
f 2605//4101 2601//4101 2592//4101
f 2606//4102 2597//4102 2601//4102
f 2606//4103 1914//4103 2602//4103
f 2606//4104 1915//4104 1914//4104
f 2606//4105 1916//4105 1915//4105
f 2606//4106 2602//4106 2593//4106
f 2606//4107 2593//4107 2597//4107
f 2607//4108 2603//4108 1814//4108
f 2607//4109 1814//4109 1813//4109
f 2607//4110 1813//4110 1812//4110
f 2608//4111 2604//4111 2595//4111
f 2608//4112 2595//4112 2599//4112
f 2609//4113 2600//4113 2604//4113
f 2609//4114 2605//4114 2596//4114
f 2609//4115 2596//4115 2600//4115
f 2610//4116 2601//4116 2605//4116
f 2610//4117 1916//4117 2606//4117
f 2610//4118 2606//4118 2601//4118
f 2610//4119 1917//4119 1916//4119
f 2610//4120 1918//4120 1917//4120
f 2611//4121 2607//4121 1812//4121
f 2611//4122 1812//4122 1811//4122
f 2611//4123 1811//4123 1801//4123
f 2612//4124 2608//4124 2599//4124
f 2612//4125 2599//4125 2603//4125
f 2613//4126 2609//4126 2604//4126
f 2614//4127 1918//4127 2610//4127
f 2614//4128 2610//4128 2605//4128
f 2614//4129 1919//4129 1918//4129
f 2614//4130 1920//4130 1919//4130
f 2615//4131 2611//4131 1801//4131
f 2615//4132 1801//4132 1802//4132
f 2615//4133 1802//4133 1803//4133
f 2616//4134 2603//4134 2607//4134
f 2616//4135 2612//4135 2603//4135
f 2617//4136 2604//4136 2608//4136
f 2617//4137 2613//4137 2604//4137
f 2618//4138 2605//4138 2609//4138
f 2618//4139 2614//4139 2605//4139
f 2618//4140 1920//4140 2614//4140
f 2618//4141 1921//4141 1920//4141
f 2618//4142 1922//4142 1921//4142
f 2619//4143 1803//4143 1804//4143
f 2619//4144 1804//4144 1805//4144
f 2619//4145 2615//4145 1803//4145
f 2620//4146 2607//4146 2611//4146
f 2620//4147 2616//4147 2607//4147
f 2621//4148 2617//4148 2608//4148
f 2621//4149 2608//4149 2612//4149
f 2622//4150 2609//4150 2613//4150
f 2622//4151 1922//4151 2618//4151
f 2622//4152 1923//4152 1922//4152
f 2622//4153 1924//4153 1923//4153
f 2622//4154 2618//4154 2609//4154
f 2623//4155 1805//4155 1806//4155
f 2623//4156 1806//4156 1807//4156
f 2623//4157 2619//4157 1805//4157
f 2624//4158 2615//4158 2619//4158
f 2624//4159 2620//4159 2611//4159
f 2624//4160 2611//4160 2615//4160
f 2625//4161 2612//4161 2616//4161
f 2625//4162 2621//4162 2612//4162
f 2626//4163 2622//4163 2613//4163
f 2626//4164 2613//4164 2617//4164
f 2626//4165 1924//4165 2622//4165
f 2626//4166 1925//4166 1924//4166
f 2626//4167 1926//4167 1925//4167
f 2627//4168 2623//4168 1807//4168
f 2627//4169 1807//4169 1808//4169
f 2627//4170 1808//4170 1809//4170
f 2628//4171 2624//4171 2619//4171
f 2629//4172 2616//4172 2620//4172
f 2629//4173 2625//4173 2616//4173
f 2629//4174 2620//4174 2624//4174
f 2630//4175 2617//4175 2621//4175
f 2630//4176 2621//4176 2625//4176
f 2630//4177 2626//4177 2617//4177
f 2630//4178 1926//4178 2626//4178
f 2630//4179 1927//4179 1926//4179
f 2630//4180 1928//4180 1927//4180
f 2631//4181 2627//4181 1809//4181
f 2631//4182 1809//4182 1810//4182
f 2631//4183 1810//4183 1016//4183
f 2632//4184 2619//4184 2623//4184
f 2632//4185 2628//4185 2619//4185
f 2633//4186 2629//4186 2624//4186
f 2634//4187 2630//4187 2625//4187
f 2634//4188 1928//4188 2630//4188
f 2634//4189 1929//4189 1928//4189
f 2634//4190 1930//4190 1929//4190
f 2635//4191 2631//4191 1016//4191
f 2635//4192 1016//4192 1014//4192
f 2635//4193 1014//4193 1012//4193
f 2636//4194 2632//4194 2623//4194
f 2636//4195 2623//4195 2627//4195
f 2637//4196 2633//4196 2624//4196
f 2637//4197 2624//4197 2628//4197
f 2638//4198 1930//4198 2634//4198
f 2638//4199 2625//4199 2629//4199
f 2638//4200 2634//4200 2625//4200
f 2638//4201 1931//4201 1930//4201
f 2638//4202 1932//4202 1931//4202
f 2639//4203 2635//4203 1012//4203
f 2639//4204 1012//4204 1010//4204
f 2639//4205 1010//4205 1008//4205
f 2640//4206 2636//4206 2627//4206
f 2640//4207 2627//4207 2631//4207
f 2641//4208 2628//4208 2632//4208
f 2641//4209 2637//4209 2628//4209
f 2642//4210 1932//4210 2638//4210
f 2642//4211 2629//4211 2633//4211
f 2642//4212 1933//4212 1932//4212
f 2642//4213 1934//4213 1933//4213
f 2642//4214 2638//4214 2629//4214
f 2643//4215 1008//4215 1005//4215
f 2643//4216 1005//4216 1006//4216
f 2643//4217 2639//4217 1008//4217
f 2644//4218 2640//4218 2631//4218
f 2644//4219 2631//4219 2635//4219
f 2645//4220 2641//4220 2632//4220
f 2645//4221 2632//4221 2636//4221
f 2646//4222 1935//4222 1934//4222
f 2646//4223 2633//4223 2637//4223
f 2646//4224 1936//4224 1935//4224
f 2646//4225 1934//4225 2642//4225
f 2646//4226 2642//4226 2633//4226
f 2647//4227 2643//4227 1006//4227
f 2647//4228 1006//4228 1007//4228
f 2647//4229 1007//4229 1009//4229
f 2648//4230 2635//4230 2639//4230
f 2648//4231 2644//4231 2635//4231
f 2649//4232 2636//4232 2640//4232
f 2649//4233 2645//4233 2636//4233
f 2650//4234 1937//4234 1936//4234
f 2650//4235 1938//4235 1937//4235
f 2650//4236 1936//4236 2646//4236
f 2650//4237 2646//4237 2637//4237
f 2650//4238 2641//4238 2645//4238
f 2650//4239 2637//4239 2641//4239
f 2651//4240 2647//4240 1009//4240
f 2651//4241 1009//4241 1011//4241
f 2651//4242 1011//4242 1013//4242
f 2652//4243 2648//4243 2639//4243
f 2652//4244 2639//4244 2643//4244
f 2653//4245 2640//4245 2644//4245
f 2653//4246 2649//4246 2640//4246
f 2653//4247 2644//4247 2648//4247
f 2654//4248 1939//4248 1938//4248
f 2654//4249 1940//4249 1939//4249
f 2654//4250 1938//4250 2650//4250
f 2654//4251 2650//4251 2645//4251
f 2655//4252 2651//4252 1013//4252
f 2655//4253 1013//4253 1015//4253
f 2655//4254 1015//4254 1017//4254
f 2656//4255 2652//4255 2643//4255
f 2656//4256 2643//4256 2647//4256
f 2657//4257 2653//4257 2648//4257
f 2657//4258 2648//4258 2652//4258
f 2658//4259 1941//4259 1940//4259
f 2658//4260 1942//4260 1941//4260
f 2658//4261 2645//4261 2649//4261
f 2658//4262 1940//4262 2654//4262
f 2658//4263 2649//4263 2653//4263
f 2658//4264 2654//4264 2645//4264
f 2659//4265 2655//4265 1017//4265
f 2659//4266 1017//4266 1018//4266
f 2659//4267 1018//4267 1019//4267
f 2660//4268 2647//4268 2651//4268
f 2660//4269 2656//4269 2647//4269
f 2661//4270 2652//4270 2656//4270
f 2661//4271 2657//4271 2652//4271
f 2662//4272 1943//4272 1942//4272
f 2662//4273 1944//4273 1943//4273
f 2662//4274 1942//4274 2658//4274
f 2662//4275 2653//4275 2657//4275
f 2662//4276 2658//4276 2653//4276
f 2663//4277 2659//4277 1019//4277
f 2663//4278 1019//4278 1020//4278
f 2663//4279 1020//4279 1021//4279
f 2664//4280 2651//4280 2655//4280
f 2664//4281 2660//4281 2651//4281
f 2665//4282 2661//4282 2656//4282
f 2666//4283 1945//4283 1944//4283
f 2666//4284 1946//4284 1945//4284
f 2666//4285 1944//4285 2662//4285
f 2666//4286 2662//4286 2657//4286
f 2667//4287 2663//4287 1021//4287
f 2667//4288 1021//4288 1022//4288
f 2667//4289 1022//4289 1023//4289
f 2668//4290 2655//4290 2659//4290
f 2668//4291 2664//4291 2655//4291
f 2669//4292 2656//4292 2660//4292
f 2669//4293 2665//4293 2656//4293
f 2670//4294 2666//4294 2657//4294
f 2670//4295 1947//4295 1946//4295
f 2670//4296 1948//4296 1947//4296
f 2670//4297 1946//4297 2666//4297
f 2670//4298 2657//4298 2661//4298
f 2671//4299 1023//4299 1024//4299
f 2671//4300 2667//4300 1023//4300
f 2671//4301 1024//4301 1025//4301
f 2672//4302 2668//4302 2659//4302
f 2672//4303 2659//4303 2663//4303
f 2672//4304 2663//4304 2667//4304
f 2673//4305 2669//4305 2660//4305
f 2673//4306 2660//4306 2664//4306
f 2674//4307 1949//4307 1948//4307
f 2674//4308 2670//4308 2661//4308
f 2674//4309 1950//4309 1949//4309
f 2674//4310 2661//4310 2665//4310
f 2674//4311 1948//4311 2670//4311
f 2675//4312 2671//4312 1025//4312
f 2675//4313 1025//4313 1026//4313
f 2675//4314 1026//4314 1027//4314
f 2676//4315 2672//4315 2667//4315
f 2677//4316 2664//4316 2668//4316
f 2677//4317 2673//4317 2664//4317
f 2677//4318 2668//4318 2672//4318
f 2678//4319 1950//4319 2674//4319
f 2678//4320 2665//4320 2669//4320
f 2678//4321 2674//4321 2665//4321
f 2678//4322 1951//4322 1950//4322
f 2678//4323 1952//4323 1951//4323
f 2679//4324 1027//4324 1028//4324
f 2679//4325 1028//4325 1029//4325
f 2679//4326 2675//4326 1027//4326
f 2680//4327 2676//4327 2667//4327
f 2680//4328 2667//4328 2671//4328
f 2680//4329 2671//4329 2675//4329
f 2681//4330 2677//4330 2672//4330
f 2682//4331 1953//4331 1952//4331
f 2682//4332 1954//4332 1953//4332
f 2682//4333 2678//4333 2669//4333
f 2682//4334 2673//4334 2677//4334
f 2682//4335 1952//4335 2678//4335
f 2682//4336 2669//4336 2673//4336
f 2683//4337 1029//4337 1030//4337
f 2683//4338 1030//4338 1031//4338
f 2683//4339 2679//4339 1029//4339
f 2684//4340 2680//4340 2675//4340
f 2685//4341 2681//4341 2672//4341
f 2685//4342 2672//4342 2676//4342
f 2686//4343 1955//4343 1954//4343
f 2686//4344 1956//4344 1955//4344
f 2686//4345 2677//4345 2681//4345
f 2686//4346 1954//4346 2682//4346
f 2686//4347 2682//4347 2677//4347
f 2687//4348 1031//4348 1032//4348
f 2687//4349 1032//4349 1033//4349
f 2687//4350 2683//4350 1031//4350
f 2688//4351 2684//4351 2675//4351
f 2688//4352 2675//4352 2679//4352
f 2689//4353 2680//4353 2684//4353
f 2689//4354 2685//4354 2676//4354
f 2689//4355 2676//4355 2680//4355
f 2690//4356 2681//4356 2685//4356
f 2690//4357 1957//4357 1956//4357
f 2690//4358 1958//4358 1957//4358
f 2690//4359 2686//4359 2681//4359
f 2690//4360 1956//4360 2686//4360
f 2691//4361 1033//4361 1034//4361
f 2691//4362 1034//4362 1035//4362
f 2691//4363 2687//4363 1033//4363
f 2692//4364 2679//4364 2683//4364
f 2692//4365 2688//4365 2679//4365
f 2693//4366 2689//4366 2684//4366
f 2694//4367 1959//4367 1958//4367
f 2694//4368 1960//4368 1959//4368
f 2694//4369 2690//4369 2685//4369
f 2694//4370 1958//4370 2690//4370
f 2695//4371 1035//4371 1037//4371
f 2695//4372 1037//4372 1038//4372
f 2695//4373 2691//4373 1035//4373
f 2696//4374 2692//4374 2683//4374
f 2696//4375 2683//4375 2687//4375
f 2697//4376 2684//4376 2688//4376
f 2697//4377 2688//4377 2692//4377
f 2697//4378 2693//4378 2684//4378
f 2698//4379 1961//4379 1960//4379
f 2698//4380 1962//4380 1961//4380
f 2698//4381 1960//4381 2694//4381
f 2698//4382 2685//4382 2689//4382
f 2698//4383 2694//4383 2685//4383
f 2699//4384 1038//4384 1039//4384
f 2699//4385 1039//4385 1040//4385
f 2699//4386 2695//4386 1038//4386
f 2700//4387 2687//4387 2691//4387
f 2700//4388 2696//4388 2687//4388
f 2701//4389 2697//4389 2692//4389
f 2702//4390 1963//4390 1962//4390
f 2702//4391 1964//4391 1963//4391
f 2702//4392 1962//4392 2698//4392
f 2702//4393 2689//4393 2693//4393
f 2702//4394 2698//4394 2689//4394
f 2703//4395 1040//4395 1041//4395
f 2703//4396 1041//4396 1042//4396
f 2703//4397 2699//4397 1040//4397
f 2704//4398 2691//4398 2695//4398
f 2704//4399 2700//4399 2691//4399
f 2705//4400 2692//4400 2696//4400
f 2705//4401 2701//4401 2692//4401
f 2706//4402 2702//4402 2693//4402
f 2706//4403 1965//4403 1964//4403
f 2706//4404 1966//4404 1965//4404
f 2706//4405 2693//4405 2697//4405
f 2706//4406 1964//4406 2702//4406
f 2707//4407 2703//4407 1042//4407
f 2707//4408 1042//4408 1043//4408
f 2707//4409 1043//4409 1044//4409
f 2708//4410 2695//4410 2699//4410
f 2708//4411 2704//4411 2695//4411
f 2709//4412 2700//4412 2704//4412
f 2709//4413 2696//4413 2700//4413
f 2709//4414 2705//4414 2696//4414
f 2710//4415 2697//4415 2701//4415
f 2710//4416 2701//4416 2705//4416
f 2710//4417 1966//4417 2706//4417
f 2710//4418 1967//4418 1966//4418
f 2710//4419 1968//4419 1967//4419
f 2710//4420 2706//4420 2697//4420
f 2711//4421 1044//4421 1045//4421
f 2711//4422 1045//4422 1046//4422
f 2711//4423 2707//4423 1044//4423
f 2712//4424 2708//4424 2699//4424
f 2712//4425 2699//4425 2703//4425
f 2713//4426 2709//4426 2704//4426
f 2714//4427 2710//4427 2705//4427
f 2714//4428 1968//4428 2710//4428
f 2714//4429 1969//4429 1968//4429
f 2714//4430 1970//4430 1969//4430
f 2715//4431 1046//4431 1047//4431
f 2715//4432 1047//4432 1048//4432
f 2715//4433 2711//4433 1046//4433
f 2716//4434 2712//4434 2703//4434
f 2716//4435 2703//4435 2707//4435
f 2717//4436 2713//4436 2704//4436
f 2717//4437 2704//4437 2708//4437
f 2718//4438 2705//4438 2709//4438
f 2718//4439 2714//4439 2705//4439
f 2718//4440 1971//4440 1970//4440
f 2718//4441 1972//4441 1971//4441
f 2718//4442 2709//4442 2713//4442
f 2718//4443 1970//4443 2714//4443
f 2719//4444 1048//4444 1049//4444
f 2719//4445 1049//4445 1064//4445
f 2719//4446 2715//4446 1048//4446
f 2720//4447 2707//4447 2711//4447
f 2720//4448 2716//4448 2707//4448
f 2721//4449 2708//4449 2712//4449
f 2721//4450 2717//4450 2708//4450
f 2722//4451 1973//4451 1972//4451
f 2722//4452 1974//4452 1973//4452
f 2722//4453 2718//4453 2713//4453
f 2722//4454 1972//4454 2718//4454
f 2723//4455 1064//4455 1066//4455
f 2723//4456 1066//4456 1068//4456
f 2723//4457 2719//4457 1064//4457
f 2724//4458 2720//4458 2711//4458
f 2724//4459 2711//4459 2715//4459
f 2725//4460 2721//4460 2712//4460
f 2725//4461 2712//4461 2716//4461
f 2726//4462 2713//4462 2717//4462
f 2726//4463 2717//4463 2721//4463
f 2726//4464 1975//4464 1974//4464
f 2726//4465 1976//4465 1975//4465
f 2726//4466 1974//4466 2722//4466
f 2726//4467 2722//4467 2713//4467
f 2727//4468 1068//4468 1089//4468
f 2727//4469 1089//4469 1090//4469
f 2727//4470 2723//4470 1068//4470
f 2728//4471 2715//4471 2719//4471
f 2728//4472 2724//4472 2715//4472
f 2729//4473 2716//4473 2720//4473
f 2729//4474 2725//4474 2716//4474
f 2730//4475 1977//4475 1976//4475
f 2730//4476 1978//4476 1977//4476
f 2730//4477 2726//4477 2721//4477
f 2730//4478 1976//4478 2726//4478
f 2731//4479 1090//4479 1091//4479
f 2731//4480 1091//4480 1092//4480
f 2731//4481 2727//4481 1090//4481
f 2732//4482 2728//4482 2719//4482
f 2732//4483 2719//4483 2723//4483
f 2733//4484 2729//4484 2720//4484
f 2733//4485 2720//4485 2724//4485
f 2734//4486 1979//4486 1978//4486
f 2734//4487 1980//4487 1979//4487
f 2734//4488 2721//4488 2725//4488
f 2734//4489 1978//4489 2730//4489
f 2734//4490 2730//4490 2721//4490
f 2735//4491 1092//4491 1093//4491
f 2735//4492 1093//4492 1094//4492
f 2735//4493 1094//4493 2499//4493
f 2735//4494 2731//4494 1092//4494
f 2736//4495 2723//4495 2727//4495
f 2736//4496 2732//4496 2723//4496
f 2737//4497 2728//4497 2732//4497
f 2737//4498 2733//4498 2724//4498
f 2737//4499 2724//4499 2728//4499
f 2738//4500 2734//4500 2725//4500
f 2738//4501 1981//4501 1980//4501
f 2738//4502 1982//4502 1981//4502
f 2738//4503 1980//4503 2734//4503
f 2738//4504 2725//4504 2729//4504
f 2739//4505 2727//4505 2731//4505
f 2739//4506 2731//4506 2735//4506
f 2739//4507 2736//4507 2727//4507
f 2740//4508 2737//4508 2732//4508
f 2741//4509 2733//4509 2737//4509
f 2741//4510 2729//4510 2733//4510
f 2741//4511 1983//4511 1982//4511
f 2741//4512 1984//4512 1983//4512
f 2741//4513 1982//4513 2738//4513
f 2741//4514 2738//4514 2729//4514
f 2742//4515 2735//4515 2499//4515
f 2742//4516 2739//4516 2735//4516
f 2742//4517 2499//4517 2505//4517
f 2743//4518 2732//4518 2736//4518
f 2743//4519 2740//4519 2732//4519
f 2744//4520 2741//4520 2737//4520
f 2744//4521 1985//4521 1984//4521
f 2744//4522 1986//4522 1985//4522
f 2744//4523 1984//4523 2741//4523
f 2745//4524 2736//4524 2739//4524
f 2745//4525 2743//4525 2736//4525
f 2746//4526 1986//4526 2744//4526
f 2746//4527 1987//4527 1986//4527
f 2746//4528 1988//4528 1987//4528
f 2746//4529 2737//4529 2740//4529
f 2746//4530 2744//4530 2737//4530
f 2747//4531 2739//4531 2742//4531
f 2747//4532 2742//4532 2505//4532
f 2747//4533 2505//4533 2511//4533
f 2747//4534 2745//4534 2739//4534
f 2748//4535 2740//4535 2743//4535
f 2748//4536 1989//4536 1988//4536
f 2748//4537 1990//4537 1989//4537
f 2748//4538 1988//4538 2746//4538
f 2748//4539 2746//4539 2740//4539
f 2749//4540 2743//4540 2745//4540
f 2749//4541 2748//4541 2743//4541
f 2749//4542 1991//4542 1990//4542
f 2749//4543 1992//4543 1991//4543
f 2749//4544 1990//4544 2748//4544
f 2750//4545 2511//4545 2500//4545
f 2750//4546 2747//4546 2511//4546
f 2750//4547 2745//4547 2747//4547
f 2750//4548 2749//4548 2745//4548
f 2750//4549 1992//4549 2749//4549
f 2750//4550 1993//4550 1992//4550
f 2750//4551 1994//4551 1993//4551
f 2750//4552 2500//4552 1994//4552
f 2751//4553 1820//4553 1821//4553
f 1996//4554 1995//4554 2752//4554
f 2751//4555 1830//4555 1820//4555
f 1995//4556 2120//4556 2752//4556
f 2753//4557 1821//4557 1822//4557
f 2753//4558 1822//4558 1823//4558
f 2753//4559 2751//4559 1821//4559
f 2754//4560 1823//4560 1824//4560
f 2754//4561 1824//4561 1825//4561
f 2754//4562 2753//4562 1823//4562
f 2755//4563 1825//4563 1826//4563
f 2755//4564 1826//4564 1827//4564
f 2755//4565 2754//4565 1825//4565
f 2756//4566 2757//4566 2751//4566
f 2756//4567 2751//4567 2753//4567
f 2758//4568 1827//4568 1828//4568
f 2758//4569 1828//4569 1829//4569
f 2758//4570 2755//4570 1827//4570
f 2759//4571 2753//4571 2754//4571
f 2759//4572 2756//4572 2753//4572
f 2760//4573 1829//4573 1476//4573
f 2760//4574 1476//4574 1475//4574
f 2760//4575 2758//4575 1829//4575
f 2761//4576 2754//4576 2755//4576
f 2761//4577 2759//4577 2754//4577
f 2762//4578 2763//4578 2757//4578
f 2762//4579 2757//4579 2756//4579
f 2764//4580 1475//4580 1477//4580
f 2764//4581 1477//4581 1478//4581
f 2764//4582 2760//4582 1475//4582
f 2765//4583 2755//4583 2758//4583
f 2765//4584 2761//4584 2755//4584
f 2766//4585 2762//4585 2756//4585
f 2766//4586 2756//4586 2759//4586
f 2767//4587 1478//4587 1479//4587
f 2767//4588 1479//4588 1480//4588
f 2767//4589 2764//4589 1478//4589
f 2768//4590 2765//4590 2758//4590
f 2768//4591 2758//4591 2760//4591
f 2769//4592 2759//4592 2761//4592
f 2769//4593 2766//4593 2759//4593
f 2770//4594 2752//4594 2763//4594
f 2770//4595 1996//4595 2752//4595
f 2770//4596 1997//4596 1996//4596
f 2770//4597 1998//4597 1997//4597
f 2770//4598 2763//4598 2762//4598
f 2770//4599 2762//4599 2766//4599
f 2771//4600 1480//4600 1481//4600
f 2771//4601 1481//4601 1482//4601
f 2771//4602 2767//4602 1480//4602
f 2772//4603 2760//4603 2764//4603
f 2772//4604 2768//4604 2760//4604
f 2773//4605 2761//4605 2765//4605
f 2773//4606 2769//4606 2761//4606
f 2774//4607 2770//4607 2766//4607
f 2774//4608 1998//4608 2770//4608
f 2774//4609 1999//4609 1998//4609
f 2774//4610 2000//4610 1999//4610
f 2775//4611 1482//4611 1483//4611
f 2775//4612 1483//4612 1484//4612
f 2775//4613 2771//4613 1482//4613
f 2776//4614 2764//4614 2767//4614
f 2776//4615 2772//4615 2764//4615
f 2777//4616 2765//4616 2768//4616
f 2777//4617 2773//4617 2765//4617
f 2778//4618 2000//4618 2774//4618
f 2778//4619 2766//4619 2769//4619
f 2778//4620 2774//4620 2766//4620
f 2778//4621 2001//4621 2000//4621
f 2778//4622 2002//4622 2001//4622
f 2779//4623 1484//4623 1485//4623
f 2779//4624 1485//4624 1486//4624
f 2779//4625 2775//4625 1484//4625
f 2780//4626 2767//4626 2771//4626
f 2780//4627 2776//4627 2767//4627
f 2781//4628 2777//4628 2768//4628
f 2781//4629 2768//4629 2772//4629
f 2782//4630 2769//4630 2773//4630
f 2782//4631 2002//4631 2778//4631
f 2782//4632 2003//4632 2002//4632
f 2782//4633 2004//4633 2003//4633
f 2782//4634 2778//4634 2769//4634
f 2783//4635 1486//4635 1487//4635
f 2783//4636 1487//4636 1488//4636
f 2783//4637 2779//4637 1486//4637
f 2784//4638 2780//4638 2771//4638
f 2784//4639 2771//4639 2775//4639
f 2785//4640 2781//4640 2772//4640
f 2785//4641 2772//4641 2776//4641
f 2786//4642 2004//4642 2782//4642
f 2786//4643 2782//4643 2773//4643
f 2786//4644 2005//4644 2004//4644
f 2786//4645 2006//4645 2005//4645
f 2786//4646 2773//4646 2777//4646
f 2787//4647 2783//4647 1488//4647
f 2787//4648 1488//4648 1489//4648
f 2787//4649 1489//4649 1490//4649
f 2788//4650 2784//4650 2775//4650
f 2788//4651 2775//4651 2779//4651
f 2789//4652 2785//4652 2776//4652
f 2789//4653 2776//4653 2780//4653
f 2790//4654 2786//4654 2777//4654
f 2790//4655 2006//4655 2786//4655
f 2790//4656 2007//4656 2006//4656
f 2790//4657 2008//4657 2007//4657
f 2790//4658 2781//4658 2785//4658
f 2790//4659 2777//4659 2781//4659
f 2791//4660 1490//4660 1491//4660
f 2791//4661 1491//4661 1492//4661
f 2791//4662 2787//4662 1490//4662
f 2792//4663 2788//4663 2779//4663
f 2792//4664 2779//4664 2783//4664
f 2793//4665 2780//4665 2784//4665
f 2793//4666 2789//4666 2780//4666
f 2794//4667 2009//4667 2008//4667
f 2794//4668 2010//4668 2009//4668
f 2794//4669 2008//4669 2790//4669
f 2794//4670 2790//4670 2785//4670
f 2795//4671 1492//4671 1469//4671
f 2795//4672 1469//4672 1468//4672
f 2795//4673 2791//4673 1492//4673
f 2796//4674 2783//4674 2787//4674
f 2796//4675 2792//4675 2783//4675
f 2797//4676 2793//4676 2784//4676
f 2797//4677 2784//4677 2788//4677
f 2798//4678 2794//4678 2785//4678
f 2798//4679 2011//4679 2010//4679
f 2798//4680 2012//4680 2011//4680
f 2798//4681 2785//4681 2789//4681
f 2798//4682 2010//4682 2794//4682
f 2799//4683 1468//4683 1470//4683
f 2799//4684 1470//4684 1471//4684
f 2799//4685 2795//4685 1468//4685
f 2800//4686 2796//4686 2787//4686
f 2800//4687 2787//4687 2791//4687
f 2801//4688 2797//4688 2788//4688
f 2801//4689 2792//4689 2796//4689
f 2801//4690 2788//4690 2792//4690
f 2802//4691 2013//4691 2012//4691
f 2802//4692 2798//4692 2789//4692
f 2802//4693 2014//4693 2013//4693
f 2802//4694 2789//4694 2793//4694
f 2802//4695 2012//4695 2798//4695
f 2803//4696 1471//4696 1472//4696
f 2803//4697 1472//4697 1473//4697
f 2803//4698 2799//4698 1471//4698
f 2804//4699 2791//4699 2795//4699
f 2804//4700 2800//4700 2791//4700
f 2805//4701 2801//4701 2796//4701
f 2806//4702 2797//4702 2801//4702
f 2806//4703 2793//4703 2797//4703
f 2806//4704 2014//4704 2802//4704
f 2806//4705 2802//4705 2793//4705
f 2806//4706 2015//4706 2014//4706
f 2806//4707 2016//4707 2015//4707
f 2807//4708 2803//4708 1473//4708
f 2807//4709 1473//4709 1474//4709
f 2807//4710 1474//4710 1550//4710
f 2808//4711 2795//4711 2799//4711
f 2808//4712 2804//4712 2795//4712
f 2809//4713 2796//4713 2800//4713
f 2809//4714 2805//4714 2796//4714
f 2810//4715 2016//4715 2806//4715
f 2810//4716 2017//4716 2016//4716
f 2810//4717 2018//4717 2017//4717
f 2810//4718 2806//4718 2801//4718
f 2811//4719 2807//4719 1550//4719
f 2811//4720 1550//4720 1551//4720
f 2811//4721 1551//4721 1552//4721
f 2812//4722 2808//4722 2799//4722
f 2812//4723 2799//4723 2803//4723
f 2813//4724 2804//4724 2808//4724
f 2813//4725 2800//4725 2804//4725
f 2813//4726 2809//4726 2800//4726
f 2814//4727 2019//4727 2018//4727
f 2814//4728 2020//4728 2019//4728
f 2814//4729 2018//4729 2810//4729
f 2814//4730 2810//4730 2801//4730
f 2814//4731 2805//4731 2809//4731
f 2814//4732 2801//4732 2805//4732
f 2815//4733 1552//4733 1547//4733
f 2815//4734 1547//4734 1546//4734
f 2815//4735 2811//4735 1552//4735
f 2816//4736 2812//4736 2803//4736
f 2816//4737 2803//4737 2807//4737
f 2817//4738 2813//4738 2808//4738
f 2818//4739 2814//4739 2809//4739
f 2818//4740 2020//4740 2814//4740
f 2818//4741 2021//4741 2020//4741
f 2818//4742 2022//4742 2021//4742
f 2819//4743 2815//4743 1546//4743
f 2819//4744 1546//4744 1538//4744
f 2819//4745 1538//4745 1537//4745
f 2820//4746 2816//4746 2807//4746
f 2820//4747 2807//4747 2811//4747
f 2821//4748 2808//4748 2812//4748
f 2821//4749 2817//4749 2808//4749
f 2821//4750 2812//4750 2816//4750
f 2822//4751 2809//4751 2813//4751
f 2822//4752 2023//4752 2022//4752
f 2822//4753 2024//4753 2023//4753
f 2822//4754 2022//4754 2818//4754
f 2822//4755 2818//4755 2809//4755
f 2823//4756 1537//4756 1539//4756
f 2823//4757 1539//4757 1535//4757
f 2823//4758 2819//4758 1537//4758
f 2824//4759 2811//4759 2815//4759
f 2824//4760 2815//4760 2819//4760
f 2824//4761 2820//4761 2811//4761
f 2825//4762 2821//4762 2816//4762
f 2826//4763 2025//4763 2024//4763
f 2826//4764 2026//4764 2025//4764
f 2826//4765 2822//4765 2813//4765
f 2826//4766 2813//4766 2817//4766
f 2826//4767 2024//4767 2822//4767
f 2827//4768 2823//4768 1535//4768
f 2827//4769 1535//4769 1531//4769
f 2827//4770 1531//4770 1529//4770
f 2828//4771 2824//4771 2819//4771
f 2829//4772 2825//4772 2816//4772
f 2829//4773 2816//4773 2820//4773
f 2830//4774 2817//4774 2821//4774
f 2830//4775 2821//4775 2825//4775
f 2830//4776 2826//4776 2817//4776
f 2830//4777 2026//4777 2826//4777
f 2830//4778 2027//4778 2026//4778
f 2830//4779 2028//4779 2027//4779
f 2831//4780 1529//4780 1525//4780
f 2831//4781 1525//4781 1522//4781
f 2831//4782 2827//4782 1529//4782
f 2832//4783 2819//4783 2823//4783
f 2832//4784 2828//4784 2819//4784
f 2832//4785 2823//4785 2827//4785
f 2833//4786 2829//4786 2820//4786
f 2833//4787 2820//4787 2824//4787
f 2833//4788 2824//4788 2828//4788
f 2834//4789 2028//4789 2830//4789
f 2834//4790 2029//4790 2028//4790
f 2834//4791 2030//4791 2029//4791
f 2834//4792 2830//4792 2825//4792
f 2835//4793 2831//4793 1522//4793
f 2835//4794 1522//4794 1520//4794
f 2835//4795 1520//4795 1515//4795
f 2836//4796 2832//4796 2827//4796
f 2837//4797 2828//4797 2832//4797
f 2837//4798 2833//4798 2828//4798
f 2838//4799 2030//4799 2834//4799
f 2838//4800 2834//4800 2825//4800
f 2838//4801 2825//4801 2829//4801
f 2838//4802 2031//4802 2030//4802
f 2838//4803 2032//4803 2031//4803
f 2839//4804 1515//4804 1512//4804
f 2839//4805 1512//4805 1509//4805
f 2839//4806 2835//4806 1515//4806
f 2840//4807 2836//4807 2827//4807
f 2840//4808 2827//4808 2831//4808
f 2841//4809 2837//4809 2832//4809
f 2842//4810 2833//4810 2837//4810
f 2842//4811 2838//4811 2829//4811
f 2842//4812 2032//4812 2838//4812
f 2842//4813 2033//4813 2032//4813
f 2842//4814 2034//4814 2033//4814
f 2842//4815 2829//4815 2833//4815
f 2843//4816 2839//4816 1509//4816
f 2843//4817 1509//4817 1506//4817
f 2843//4818 1506//4818 1502//4818
f 2844//4819 2840//4819 2831//4819
f 2844//4820 2831//4820 2835//4820
f 2845//4821 2832//4821 2836//4821
f 2845//4822 2841//4822 2832//4822
f 2846//4823 2035//4823 2034//4823
f 2846//4824 2036//4824 2035//4824
f 2846//4825 2842//4825 2837//4825
f 2846//4826 2034//4826 2842//4826
f 2847//4827 2843//4827 1502//4827
f 2847//4828 1502//4828 1498//4828
f 2847//4829 1498//4829 1495//4829
f 2848//4830 2835//4830 2839//4830
f 2848//4831 2844//4831 2835//4831
f 2849//4832 2836//4832 2840//4832
f 2849//4833 2845//4833 2836//4833
f 2850//4834 2846//4834 2837//4834
f 2850//4835 2837//4835 2841//4835
f 2850//4836 2036//4836 2846//4836
f 2850//4837 2841//4837 2845//4837
f 2850//4838 2037//4838 2036//4838
f 2850//4839 2038//4839 2037//4839
f 2851//4840 1495//4840 1438//4840
f 2851//4841 1438//4841 1437//4841
f 2851//4842 2847//4842 1495//4842
f 2852//4843 2839//4843 2843//4843
f 2852//4844 2848//4844 2839//4844
f 2852//4845 2843//4845 2847//4845
f 2853//4846 2840//4846 2844//4846
f 2853//4847 2849//4847 2840//4847
f 2854//4848 2038//4848 2850//4848
f 2854//4849 2850//4849 2845//4849
f 2854//4850 2039//4850 2038//4850
f 2854//4851 2040//4851 2039//4851
f 2855//4852 2851//4852 1437//4852
f 2855//4853 1437//4853 1436//4853
f 2855//4854 1436//4854 1435//4854
f 2856//4855 2847//4855 2851//4855
f 2856//4856 2852//4856 2847//4856
f 2857//4857 2853//4857 2844//4857
f 2857//4858 2844//4858 2848//4858
f 2858//4859 2854//4859 2845//4859
f 2858//4860 2040//4860 2854//4860
f 2858//4861 2845//4861 2849//4861
f 2858//4862 2041//4862 2040//4862
f 2858//4863 2042//4863 2041//4863
f 2859//4864 1435//4864 1434//4864
f 2859//4865 1434//4865 1433//4865
f 2859//4866 2855//4866 1435//4866
f 2860//4867 2851//4867 2855//4867
f 2860//4868 2856//4868 2851//4868
f 2861//4869 2852//4869 2856//4869
f 2861//4870 2857//4870 2848//4870
f 2861//4871 2848//4871 2852//4871
f 2862//4872 2042//4872 2858//4872
f 2862//4873 2043//4873 2042//4873
f 2862//4874 2849//4874 2853//4874
f 2862//4875 2044//4875 2043//4875
f 2862//4876 2858//4876 2849//4876
f 2863//4877 2859//4877 1433//4877
f 2863//4878 1433//4878 1432//4878
f 2863//4879 1432//4879 1431//4879
f 2864//4880 2860//4880 2855//4880
f 2865//4881 2861//4881 2856//4881
f 2866//4882 2044//4882 2862//4882
f 2866//4883 2862//4883 2853//4883
f 2866//4884 2857//4884 2861//4884
f 2866//4885 2853//4885 2857//4885
f 2866//4886 2045//4886 2044//4886
f 2866//4887 2046//4887 2045//4887
f 2867//4888 2863//4888 1431//4888
f 2867//4889 1431//4889 1430//4889
f 2867//4890 1430//4890 1428//4890
f 2868//4891 2855//4891 2859//4891
f 2868//4892 2864//4892 2855//4892
f 2869//4893 2856//4893 2860//4893
f 2869//4894 2865//4894 2856//4894
f 2869//4895 2860//4895 2864//4895
f 2870//4896 2866//4896 2861//4896
f 2870//4897 2046//4897 2866//4897
f 2870//4898 2861//4898 2865//4898
f 2870//4899 2047//4899 2046//4899
f 2870//4900 2048//4900 2047//4900
f 2871//4901 2867//4901 1428//4901
f 2871//4902 1428//4902 1426//4902
f 2871//4903 1426//4903 1424//4903
f 2872//4904 2859//4904 2863//4904
f 2872//4905 2868//4905 2859//4905
f 2873//4906 2869//4906 2864//4906
f 2874//4907 2870//4907 2865//4907
f 2874//4908 2048//4908 2870//4908
f 2874//4909 2049//4909 2048//4909
f 2874//4910 2050//4910 2049//4910
f 2875//4911 1424//4911 1399//4911
f 2875//4912 1399//4912 1397//4912
f 2875//4913 2871//4913 1424//4913
f 2876//4914 2863//4914 2867//4914
f 2876//4915 2872//4915 2863//4915
f 2877//4916 2873//4916 2864//4916
f 2877//4917 2864//4917 2868//4917
f 2878//4918 2865//4918 2869//4918
f 2878//4919 2874//4919 2865//4919
f 2878//4920 2869//4920 2873//4920
f 2878//4921 2050//4921 2874//4921
f 2878//4922 2051//4922 2050//4922
f 2878//4923 2052//4923 2051//4923
f 2879//4924 2875//4924 1397//4924
f 2879//4925 1397//4925 1394//4925
f 2879//4926 1394//4926 1390//4926
f 2880//4927 2867//4927 2871//4927
f 2880//4928 2876//4928 2867//4928
f 2881//4929 2868//4929 2872//4929
f 2881//4930 2877//4930 2868//4930
f 2882//4931 2878//4931 2873//4931
f 2882//4932 2052//4932 2878//4932
f 2882//4933 2053//4933 2052//4933
f 2882//4934 2054//4934 2053//4934
f 2883//4935 1390//4935 1388//4935
f 2883//4936 1388//4936 1386//4936
f 2883//4937 2879//4937 1390//4937
f 2884//4938 2871//4938 2875//4938
f 2884//4939 2880//4939 2871//4939
f 2885//4940 2872//4940 2876//4940
f 2885//4941 2881//4941 2872//4941
f 2886//4942 2873//4942 2877//4942
f 2886//4943 2882//4943 2873//4943
f 2886//4944 2054//4944 2882//4944
f 2886//4945 2055//4945 2054//4945
f 2886//4946 2056//4946 2055//4946
f 2887//4947 1386//4947 1384//4947
f 2887//4948 1384//4948 1382//4948
f 2887//4949 2883//4949 1386//4949
f 2888//4950 2875//4950 2879//4950
f 2888//4951 2884//4951 2875//4951
f 2889//4952 2880//4952 2884//4952
f 2889//4953 2876//4953 2880//4953
f 2889//4954 2885//4954 2876//4954
f 2890//4955 2056//4955 2886//4955
f 2890//4956 2877//4956 2881//4956
f 2890//4957 2886//4957 2877//4957
f 2890//4958 2057//4958 2056//4958
f 2890//4959 2058//4959 2057//4959
f 2891//4960 2887//4960 1382//4960
f 2891//4961 1382//4961 1377//4961
f 2891//4962 1377//4962 1375//4962
f 2892//4963 2888//4963 2879//4963
f 2892//4964 2879//4964 2883//4964
f 2893//4965 2889//4965 2884//4965
f 2893//4966 2884//4966 2888//4966
f 2894//4967 2881//4967 2885//4967
f 2894//4968 2890//4968 2881//4968
f 2894//4969 2058//4969 2890//4969
f 2894//4970 2059//4970 2058//4970
f 2894//4971 2060//4971 2059//4971
f 2895//4972 2891//4972 1375//4972
f 2895//4973 1375//4973 1372//4973
f 2895//4974 1372//4974 1373//4974
f 2896//4975 2892//4975 2883//4975
f 2896//4976 2883//4976 2887//4976
f 2897//4977 2888//4977 2892//4977
f 2897//4978 2893//4978 2888//4978
f 2898//4979 2061//4979 2060//4979
f 2898//4980 2062//4980 2061//4980
f 2898//4981 2060//4981 2894//4981
f 2898//4982 2894//4982 2885//4982
f 2898//4983 2885//4983 2889//4983
f 2899//4984 1373//4984 1374//4984
f 2899//4985 1374//4985 1376//4985
f 2899//4986 2895//4986 1373//4986
f 2900//4987 2896//4987 2887//4987
f 2900//4988 2887//4988 2891//4988
f 2901//4989 2897//4989 2892//4989
f 2902//4990 2063//4990 2062//4990
f 2902//4991 2064//4991 2063//4991
f 2902//4992 2889//4992 2893//4992
f 2902//4993 2898//4993 2889//4993
f 2902//4994 2062//4994 2898//4994
f 2903//4995 1376//4995 1381//4995
f 2903//4996 1381//4996 1383//4996
f 2903//4997 2899//4997 1376//4997
f 2904//4998 2900//4998 2891//4998
f 2904//4999 2891//4999 2895//4999
f 2905//5000 2892//5000 2896//5000
f 2905//5001 2896//5001 2900//5001
f 2905//5002 2901//5002 2892//5002
f 2906//5003 2064//5003 2902//5003
f 2906//5004 2065//5004 2064//5004
f 2906//5005 2066//5005 2065//5005
f 2906//5006 2893//5006 2897//5006
f 2906//5007 2902//5007 2893//5007
f 2907//5008 2903//5008 1383//5008
f 2907//5009 1383//5009 1385//5009
f 2907//5010 1385//5010 1387//5010
f 2908//5011 2895//5011 2899//5011
f 2908//5012 2904//5012 2895//5012
f 2909//5013 2905//5013 2900//5013
f 2910//5014 2067//5014 2066//5014
f 2910//5015 2068//5015 2067//5015
f 2910//5016 2066//5016 2906//5016
f 2910//5017 2897//5017 2901//5017
f 2910//5018 2906//5018 2897//5018
f 2911//5019 2907//5019 1387//5019
f 2911//5020 1387//5020 1389//5020
f 2911//5021 1389//5021 1393//5021
f 2912//5022 2899//5022 2903//5022
f 2912//5023 2908//5023 2899//5023
f 2912//5024 2903//5024 2907//5024
f 2913//5025 2900//5025 2904//5025
f 2913//5026 2904//5026 2908//5026
f 2913//5027 2909//5027 2900//5027
f 2914//5028 2069//5028 2068//5028
f 2914//5029 2070//5029 2069//5029
f 2914//5030 2068//5030 2910//5030
f 2914//5031 2901//5031 2905//5031
f 2914//5032 2910//5032 2901//5032
f 2915//5033 2911//5033 1393//5033
f 2915//5034 1393//5034 1395//5034
f 2915//5035 1395//5035 1398//5035
f 2916//5036 2912//5036 2907//5036
f 2917//5037 2908//5037 2912//5037
f 2917//5038 2913//5038 2908//5038
f 2918//5039 2071//5039 2070//5039
f 2918//5040 2072//5040 2071//5040
f 2918//5041 2905//5041 2909//5041
f 2918//5042 2070//5042 2914//5042
f 2918//5043 2914//5043 2905//5043
f 2919//5044 2915//5044 1398//5044
f 2919//5045 1398//5045 1400//5045
f 2919//5046 1400//5046 1425//5046
f 2920//5047 2907//5047 2911//5047
f 2920//5048 2911//5048 2915//5048
f 2920//5049 2916//5049 2907//5049
f 2921//5050 2917//5050 2912//5050
f 2922//5051 2073//5051 2072//5051
f 2922//5052 2074//5052 2073//5052
f 2922//5053 2072//5053 2918//5053
f 2922//5054 2918//5054 2909//5054
f 2922//5055 2909//5055 2913//5055
f 2923//5056 2919//5056 1425//5056
f 2923//5057 1425//5057 1427//5057
f 2923//5058 1427//5058 1429//5058
f 2924//5059 2920//5059 2915//5059
f 2925//5060 2921//5060 2912//5060
f 2925//5061 2912//5061 2916//5061
f 2926//5062 2917//5062 2921//5062
f 2926//5063 2075//5063 2074//5063
f 2926//5064 2922//5064 2913//5064
f 2926//5065 2076//5065 2075//5065
f 2926//5066 2074//5066 2922//5066
f 2926//5067 2913//5067 2917//5067
f 2927//5068 2923//5068 1429//5068
f 2927//5069 1429//5069 1440//5069
f 2927//5070 1440//5070 1441//5070
f 2928//5071 2924//5071 2915//5071
f 2928//5072 2915//5072 2919//5072
f 2929//5073 2920//5073 2924//5073
f 2929//5074 2925//5074 2916//5074
f 2929//5075 2916//5075 2920//5075
f 2930//5076 2926//5076 2921//5076
f 2930//5077 2077//5077 2076//5077
f 2930//5078 2078//5078 2077//5078
f 2930//5079 2076//5079 2926//5079
f 2931//5080 1441//5080 1442//5080
f 2931//5081 1442//5081 1443//5081
f 2931//5082 2927//5082 1441//5082
f 2932//5083 2928//5083 2919//5083
f 2932//5084 2919//5084 2923//5084
f 2933//5085 2929//5085 2924//5085
f 2933//5086 2924//5086 2928//5086
f 2934//5087 2078//5087 2930//5087
f 2934//5088 2079//5088 2078//5088
f 2934//5089 2080//5089 2079//5089
f 2934//5090 2921//5090 2925//5090
f 2934//5091 2930//5091 2921//5091
f 2935//5092 1443//5092 1444//5092
f 2935//5093 1444//5093 1445//5093
f 2935//5094 2931//5094 1443//5094
f 2936//5095 2932//5095 2923//5095
f 2936//5096 2923//5096 2927//5096
f 2937//5097 2933//5097 2928//5097
f 2938//5098 2925//5098 2929//5098
f 2938//5099 2081//5099 2080//5099
f 2938//5100 2082//5100 2081//5100
f 2938//5101 2934//5101 2925//5101
f 2938//5102 2080//5102 2934//5102
f 2939//5103 1445//5103 1446//5103
f 2939//5104 1446//5104 1447//5104
f 2939//5105 2935//5105 1445//5105
f 2940//5106 2936//5106 2927//5106
f 2940//5107 2927//5107 2931//5107
f 2941//5108 2937//5108 2928//5108
f 2941//5109 2928//5109 2932//5109
f 2942//5110 2929//5110 2933//5110
f 2942//5111 2083//5111 2082//5111
f 2942//5112 2082//5112 2938//5112
f 2942//5113 2084//5113 2083//5113
f 2942//5114 2938//5114 2929//5114
f 2943//5115 1447//5115 1448//5115
f 2943//5116 1448//5116 1449//5116
f 2943//5117 2939//5117 1447//5117
f 2944//5118 2931//5118 2935//5118
f 2944//5119 2940//5119 2931//5119
f 2945//5120 2932//5120 2936//5120
f 2945//5121 2941//5121 2932//5121
f 2946//5122 2933//5122 2937//5122
f 2946//5123 2085//5123 2084//5123
f 2946//5124 2086//5124 2085//5124
f 2946//5125 2084//5125 2942//5125
f 2946//5126 2942//5126 2933//5126
f 2947//5127 1449//5127 1450//5127
f 2947//5128 1450//5128 1451//5128
f 2947//5129 2943//5129 1449//5129
f 2948//5130 2935//5130 2939//5130
f 2948//5131 2944//5131 2935//5131
f 2949//5132 2940//5132 2944//5132
f 2949//5133 2945//5133 2936//5133
f 2949//5134 2936//5134 2940//5134
f 2950//5135 2087//5135 2086//5135
f 2950//5136 2088//5136 2087//5136
f 2950//5137 2086//5137 2946//5137
f 2950//5138 2937//5138 2941//5138
f 2950//5139 2946//5139 2937//5139
f 2951//5140 1451//5140 1452//5140
f 2951//5141 1452//5141 1455//5141
f 2951//5142 2947//5142 1451//5142
f 2952//5143 2939//5143 2943//5143
f 2952//5144 2948//5144 2939//5144
f 2953//5145 2944//5145 2948//5145
f 2953//5146 2949//5146 2944//5146
f 2954//5147 2088//5147 2950//5147
f 2954//5148 2089//5148 2088//5148
f 2954//5149 2090//5149 2089//5149
f 2954//5150 2941//5150 2945//5150
f 2954//5151 2950//5151 2941//5151
f 2955//5152 1455//5152 1456//5152
f 2955//5153 1456//5153 1457//5153
f 2955//5154 2951//5154 1455//5154
f 2956//5155 2947//5155 2951//5155
f 2956//5156 2952//5156 2943//5156
f 2956//5157 2943//5157 2947//5157
f 2957//5158 2953//5158 2948//5158
f 2958//5159 2949//5159 2953//5159
f 2958//5160 2954//5160 2945//5160
f 2958//5161 2091//5161 2090//5161
f 2958//5162 2092//5162 2091//5162
f 2958//5163 2090//5163 2954//5163
f 2958//5164 2945//5164 2949//5164
f 2959//5165 2955//5165 1457//5165
f 2959//5166 1457//5166 1458//5166
f 2959//5167 1458//5167 1459//5167
f 2960//5168 2956//5168 2951//5168
f 2961//5169 2948//5169 2952//5169
f 2961//5170 2957//5170 2948//5170
f 2961//5171 2952//5171 2956//5171
f 2962//5172 2092//5172 2958//5172
f 2962//5173 2093//5173 2092//5173
f 2962//5174 2094//5174 2093//5174
f 2962//5175 2953//5175 2957//5175
f 2962//5176 2958//5176 2953//5176
f 2963//5177 1459//5177 1460//5177
f 2963//5178 1460//5178 1461//5178
f 2963//5179 2959//5179 1459//5179
f 2964//5180 2960//5180 2951//5180
f 2964//5181 2951//5181 2955//5181
f 2965//5182 2961//5182 2956//5182
f 2966//5183 2962//5183 2957//5183
f 2966//5184 2094//5184 2962//5184
f 2966//5185 2095//5185 2094//5185
f 2966//5186 2096//5186 2095//5186
f 2967//5187 1461//5187 1462//5187
f 2967//5188 1462//5188 1463//5188
f 2967//5189 2963//5189 1461//5189
f 2968//5190 2955//5190 2959//5190
f 2968//5191 2964//5191 2955//5191
f 2969//5192 2956//5192 2960//5192
f 2969//5193 2965//5193 2956//5193
f 2970//5194 2957//5194 2961//5194
f 2970//5195 2961//5195 2965//5195
f 2970//5196 2966//5196 2957//5196
f 2970//5197 2097//5197 2096//5197
f 2970//5198 2098//5198 2097//5198
f 2970//5199 2096//5199 2966//5199
f 2971//5200 1463//5200 1464//5200
f 2971//5201 1464//5201 1838//5201
f 2971//5202 2967//5202 1463//5202
f 2972//5203 2959//5203 2963//5203
f 2972//5204 2968//5204 2959//5204
f 2973//5205 2960//5205 2964//5205
f 2973//5206 2969//5206 2960//5206
f 2974//5207 2098//5207 2970//5207
f 2974//5208 2099//5208 2098//5208
f 2974//5209 2100//5209 2099//5209
f 2974//5210 2965//5210 2969//5210
f 2974//5211 2970//5211 2965//5211
f 2975//5212 2971//5212 1838//5212
f 2975//5213 1838//5213 1837//5213
f 2975//5214 1837//5214 1836//5214
f 2976//5215 2963//5215 2967//5215
f 2976//5216 2967//5216 2971//5216
f 2976//5217 2972//5217 2963//5217
f 2977//5218 2964//5218 2968//5218
f 2977//5219 2973//5219 2964//5219
f 2978//5220 2101//5220 2100//5220
f 2978//5221 2102//5221 2101//5221
f 2978//5222 2974//5222 2969//5222
f 2978//5223 2100//5223 2974//5223
f 2979//5224 2975//5224 1836//5224
f 2979//5225 1836//5225 1835//5225
f 2979//5226 1835//5226 1834//5226
f 2980//5227 2976//5227 2971//5227
f 2981//5228 2968//5228 2972//5228
f 2981//5229 2977//5229 2968//5229
f 2982//5230 2969//5230 2973//5230
f 2982//5231 2102//5231 2978//5231
f 2982//5232 2103//5232 2102//5232
f 2982//5233 2104//5233 2103//5233
f 2982//5234 2978//5234 2969//5234
f 2983//5235 1834//5235 1833//5235
f 2983//5236 1833//5236 1832//5236
f 2983//5237 2979//5237 1834//5237
f 2984//5238 2971//5238 2975//5238
f 2984//5239 2980//5239 2971//5239
f 2985//5240 2981//5240 2972//5240
f 2985//5241 2972//5241 2976//5241
f 2986//5242 2105//5242 2104//5242
f 2986//5243 2106//5243 2105//5243
f 2986//5244 2973//5244 2977//5244
f 2986//5245 2104//5245 2982//5245
f 2986//5246 2982//5246 2973//5246
f 2987//5247 1830//5247 2751//5247
f 2987//5248 1832//5248 1831//5248
f 2987//5249 1831//5249 1830//5249
f 2987//5250 2983//5250 1832//5250
f 2988//5251 2975//5251 2979//5251
f 2988//5252 2984//5252 2975//5252
f 2989//5253 2976//5253 2980//5253
f 2989//5254 2985//5254 2976//5254
f 2990//5255 2107//5255 2106//5255
f 2990//5256 2108//5256 2107//5256
f 2990//5257 2986//5257 2977//5257
f 2990//5258 2977//5258 2981//5258
f 2990//5259 2106//5259 2986//5259
f 2991//5260 2983//5260 2987//5260
f 2991//5261 2988//5261 2979//5261
f 2991//5262 2979//5262 2983//5262
f 2992//5263 2989//5263 2980//5263
f 2992//5264 2980//5264 2984//5264
f 2993//5265 2985//5265 2989//5265
f 2993//5266 2990//5266 2981//5266
f 2993//5267 2109//5267 2108//5267
f 2993//5268 2110//5268 2109//5268
f 2993//5269 2108//5269 2990//5269
f 2993//5270 2981//5270 2985//5270
f 2994//5271 2751//5271 2757//5271
f 2994//5272 2987//5272 2751//5272
f 2994//5273 2991//5273 2987//5273
f 2995//5274 2992//5274 2984//5274
f 2995//5275 2984//5275 2988//5275
f 2996//5276 2993//5276 2989//5276
f 2996//5277 2110//5277 2993//5277
f 2996//5278 2111//5278 2110//5278
f 2996//5279 2112//5279 2111//5279
f 2996//5280 2989//5280 2992//5280
f 2997//5281 2991//5281 2994//5281
f 2997//5282 2995//5282 2988//5282
f 2997//5283 2988//5283 2991//5283
f 2998//5284 2996//5284 2992//5284
f 2998//5285 2112//5285 2996//5285
f 2998//5286 2113//5286 2112//5286
f 2998//5287 2114//5287 2113//5287
f 2999//5288 2994//5288 2757//5288
f 2999//5289 2757//5289 2763//5289
f 2999//5290 2997//5290 2994//5290
f 3000//5291 2998//5291 2992//5291
f 3000//5292 2114//5292 2998//5292
f 3000//5293 2992//5293 2995//5293
f 3000//5294 2115//5294 2114//5294
f 3000//5295 2116//5295 2115//5295
f 3001//5296 2995//5296 2997//5296
f 3001//5297 3000//5297 2995//5297
f 3001//5298 2116//5298 3000//5298
f 3001//5299 2117//5299 2116//5299
f 3001//5300 2118//5300 2117//5300
f 3002//5301 2763//5301 2752//5301
f 3002//5302 2999//5302 2763//5302
f 3002//5303 2997//5303 2999//5303
f 3002//5304 3001//5304 2997//5304
f 3002//5305 2118//5305 3001//5305
f 3002//5306 2119//5306 2118//5306
f 3002//5307 2120//5307 2119//5307
f 3002//5308 2752//5308 2120//5308
f 3003//5309 1268//5309 1240//5309
f 2122//5310 2121//5310 3004//5310
f 3003//5311 1264//5311 1268//5311
f 2121//5312 2246//5312 3004//5312
f 3005//5313 1240//5313 1239//5313
f 3005//5314 1239//5314 1241//5314
f 3005//5315 3003//5315 1240//5315
f 3006//5316 1241//5316 1242//5316
f 3006//5317 1242//5317 1243//5317
f 3006//5318 3005//5318 1241//5318
f 3007//5319 1243//5319 1244//5319
f 3007//5320 1244//5320 1245//5320
f 3007//5321 3006//5321 1243//5321
f 3008//5322 3009//5322 3003//5322
f 3008//5323 3003//5323 3005//5323
f 3010//5324 1245//5324 1246//5324
f 3010//5325 1246//5325 1247//5325
f 3010//5326 3007//5326 1245//5326
f 3011//5327 3005//5327 3006//5327
f 3011//5328 3008//5328 3005//5328
f 3012//5329 1247//5329 1248//5329
f 3012//5330 1248//5330 1249//5330
f 3012//5331 3010//5331 1247//5331
f 3013//5332 3006//5332 3007//5332
f 3013//5333 3011//5333 3006//5333
f 3014//5334 3015//5334 3009//5334
f 3014//5335 3009//5335 3008//5335
f 3016//5336 1249//5336 1250//5336
f 3016//5337 1250//5337 1251//5337
f 3016//5338 3012//5338 1249//5338
f 3017//5339 3007//5339 3010//5339
f 3017//5340 3013//5340 3007//5340
f 3018//5341 3008//5341 3011//5341
f 3018//5342 3014//5342 3008//5342
f 3019//5343 1251//5343 1252//5343
f 3019//5344 1252//5344 1253//5344
f 3019//5345 3016//5345 1251//5345
f 3020//5346 3012//5346 3016//5346
f 3020//5347 3017//5347 3010//5347
f 3020//5348 3010//5348 3012//5348
f 3021//5349 3011//5349 3013//5349
f 3021//5350 3018//5350 3011//5350
f 3022//5351 3004//5351 3015//5351
f 3022//5352 2122//5352 3004//5352
f 3022//5353 3015//5353 3014//5353
f 3022//5354 2123//5354 2122//5354
f 3022//5355 2124//5355 2123//5355
f 3023//5356 1253//5356 1254//5356
f 3023//5357 1254//5357 1255//5357
f 3023//5358 3019//5358 1253//5358
f 3024//5359 3020//5359 3016//5359
f 3025//5360 3013//5360 3017//5360
f 3025//5361 3021//5361 3013//5361
f 3026//5362 2124//5362 3022//5362
f 3026//5363 2125//5363 2124//5363
f 3026//5364 2126//5364 2125//5364
f 3026//5365 3022//5365 3014//5365
f 3026//5366 3014//5366 3018//5366
f 3027//5367 1255//5367 1256//5367
f 3027//5368 1256//5368 1257//5368
f 3027//5369 3023//5369 1255//5369
f 3028//5370 3016//5370 3019//5370
f 3028//5371 3019//5371 3023//5371
f 3028//5372 3024//5372 3016//5372
f 3029//5373 3025//5373 3017//5373
f 3029//5374 3017//5374 3020//5374
f 3030//5375 2126//5375 3026//5375
f 3030//5376 2127//5376 2126//5376
f 3030//5377 2128//5377 2127//5377
f 3030//5378 3026//5378 3018//5378
f 3030//5379 3018//5379 3021//5379
f 3031//5380 1257//5380 1258//5380
f 3031//5381 1258//5381 1302//5381
f 3031//5382 3027//5382 1257//5382
f 3032//5383 3028//5383 3023//5383
f 3033//5384 3024//5384 3028//5384
f 3033//5385 3029//5385 3020//5385
f 3033//5386 3020//5386 3024//5386
f 3034//5387 2129//5387 2128//5387
f 3034//5388 2130//5388 2129//5388
f 3034//5389 3021//5389 3025//5389
f 3034//5390 2128//5390 3030//5390
f 3034//5391 3030//5391 3021//5391
f 3035//5392 1302//5392 1303//5392
f 3035//5393 1303//5393 1304//5393
f 3035//5394 3031//5394 1302//5394
f 3036//5395 3023//5395 3027//5395
f 3036//5396 3032//5396 3023//5396
f 3037//5397 3033//5397 3028//5397
f 3038//5398 2130//5398 3034//5398
f 3038//5399 3029//5399 3033//5399
f 3038//5400 2131//5400 2130//5400
f 3038//5401 2132//5401 2131//5401
f 3038//5402 3025//5402 3029//5402
f 3038//5403 3034//5403 3025//5403
f 3039//5404 1304//5404 1305//5404
f 3039//5405 1305//5405 1306//5405
f 3039//5406 3035//5406 1304//5406
f 3040//5407 3036//5407 3027//5407
f 3040//5408 3027//5408 3031//5408
f 3041//5409 3028//5409 3032//5409
f 3041//5410 3037//5410 3028//5410
f 3042//5411 2133//5411 2132//5411
f 3042//5412 2134//5412 2133//5412
f 3042//5413 2132//5413 3038//5413
f 3042//5414 3038//5414 3033//5414
f 3043//5415 1306//5415 1307//5415
f 3043//5416 1307//5416 1308//5416
f 3043//5417 3039//5417 1306//5417
f 3044//5418 3040//5418 3031//5418
f 3044//5419 3031//5419 3035//5419
f 3045//5420 3032//5420 3036//5420
f 3045//5421 3041//5421 3032//5421
f 3045//5422 3036//5422 3040//5422
f 3046//5423 2135//5423 2134//5423
f 3046//5424 2136//5424 2135//5424
f 3046//5425 3042//5425 3033//5425
f 3046//5426 2134//5426 3042//5426
f 3046//5427 3033//5427 3037//5427
f 3047//5428 1308//5428 1309//5428
f 3047//5429 1309//5429 1310//5429
f 3047//5430 3043//5430 1308//5430
f 3048//5431 3035//5431 3039//5431
f 3048//5432 3044//5432 3035//5432
f 3049//5433 3045//5433 3040//5433
f 3050//5434 2136//5434 3046//5434
f 3050//5435 3046//5435 3037//5435
f 3050//5436 2137//5436 2136//5436
f 3050//5437 2138//5437 2137//5437
f 3050//5438 3037//5438 3041//5438
f 3051//5439 1310//5439 1311//5439
f 3051//5440 1311//5440 1184//5440
f 3051//5441 3047//5441 1310//5441
f 3052//5442 3039//5442 3043//5442
f 3052//5443 3048//5443 3039//5443
f 3053//5444 3049//5444 3040//5444
f 3053//5445 3044//5445 3048//5445
f 3053//5446 3040//5446 3044//5446
f 3054//5447 3045//5447 3049//5447
f 3054//5448 3041//5448 3045//5448
f 3054//5449 2139//5449 2138//5449
f 3054//5450 2140//5450 2139//5450
f 3054//5451 3050//5451 3041//5451
f 3054//5452 2138//5452 3050//5452
f 3055//5453 1184//5453 1183//5453
f 3055//5454 1183//5454 1182//5454
f 3055//5455 3051//5455 1184//5455
f 3056//5456 3052//5456 3043//5456
f 3056//5457 3043//5457 3047//5457
f 3057//5458 3048//5458 3052//5458
f 3057//5459 3053//5459 3048//5459
f 3058//5460 3054//5460 3049//5460
f 3058//5461 2140//5461 3054//5461
f 3058//5462 2141//5462 2140//5462
f 3058//5463 2142//5463 2141//5463
f 3059//5464 1182//5464 1181//5464
f 3059//5465 1181//5465 1170//5465
f 3059//5466 3055//5466 1182//5466
f 3060//5467 3047//5467 3051//5467
f 3060//5468 3056//5468 3047//5468
f 3060//5469 3051//5469 3055//5469
f 3061//5470 3057//5470 3052//5470
f 3062//5471 2143//5471 2142//5471
f 3062//5472 2144//5472 2143//5472
f 3062//5473 3058//5473 3049//5473
f 3062//5474 3049//5474 3053//5474
f 3062//5475 3053//5475 3057//5475
f 3062//5476 2142//5476 3058//5476
f 3063//5477 1170//5477 1169//5477
f 3063//5478 1169//5478 1171//5478
f 3063//5479 3059//5479 1170//5479
f 3064//5480 3060//5480 3055//5480
f 3064//5481 3055//5481 3059//5481
f 3065//5482 3061//5482 3052//5482
f 3065//5483 3056//5483 3060//5483
f 3065//5484 3052//5484 3056//5484
f 3066//5485 2144//5485 3062//5485
f 3066//5486 3062//5486 3057//5486
f 3066//5487 2145//5487 2144//5487
f 3066//5488 2146//5488 2145//5488
f 3067//5489 3063//5489 1171//5489
f 3067//5490 1171//5490 1172//5490
f 3067//5491 1172//5491 1173//5491
f 3068//5492 3064//5492 3059//5492
f 3069//5493 3065//5493 3060//5493
f 3070//5494 3066//5494 3057//5494
f 3070//5495 2147//5495 2146//5495
f 3070//5496 2146//5496 3066//5496
f 3070//5497 2148//5497 2147//5497
f 3070//5498 3057//5498 3061//5498
f 3071//5499 3067//5499 1173//5499
f 3071//5500 1173//5500 1174//5500
f 3071//5501 1174//5501 1175//5501
f 3072//5502 3059//5502 3063//5502
f 3072//5503 3068//5503 3059//5503
f 3072//5504 3063//5504 3067//5504
f 3073//5505 3069//5505 3060//5505
f 3073//5506 3064//5506 3068//5506
f 3073//5507 3060//5507 3064//5507
f 3074//5508 3070//5508 3061//5508
f 3074//5509 2149//5509 2148//5509
f 3074//5510 2150//5510 2149//5510
f 3074//5511 2148//5511 3070//5511
f 3074//5512 3065//5512 3069//5512
f 3074//5513 3061//5513 3065//5513
f 3075//5514 3071//5514 1175//5514
f 3075//5515 1175//5515 1176//5515
f 3075//5516 1176//5516 1177//5516
f 3076//5517 3072//5517 3067//5517
f 3077//5518 3068//5518 3072//5518
f 3077//5519 3073//5519 3068//5519
f 3078//5520 2150//5520 3074//5520
f 3078//5521 2151//5521 2150//5521
f 3078//5522 2152//5522 2151//5522
f 3078//5523 3074//5523 3069//5523
f 3079//5524 1177//5524 1178//5524
f 3079//5525 1178//5525 1179//5525
f 3079//5526 3075//5526 1177//5526
f 3080//5527 3076//5527 3067//5527
f 3080//5528 3067//5528 3071//5528
f 3081//5529 3077//5529 3072//5529
f 3082//5530 3069//5530 3073//5530
f 3082//5531 3078//5531 3069//5531
f 3082//5532 2152//5532 3078//5532
f 3082//5533 2153//5533 2152//5533
f 3082//5534 2154//5534 2153//5534
f 3083//5535 3079//5535 1179//5535
f 3083//5536 1179//5536 1180//5536
f 3083//5537 1180//5537 1168//5537
f 3084//5538 3075//5538 3079//5538
f 3084//5539 3071//5539 3075//5539
f 3084//5540 3080//5540 3071//5540
f 3085//5541 3072//5541 3076//5541
f 3085//5542 3081//5542 3072//5542
f 3086//5543 2154//5543 3082//5543
f 3086//5544 2155//5544 2154//5544
f 3086//5545 2156//5545 2155//5545
f 3086//5546 3082//5546 3073//5546
f 3086//5547 3073//5547 3077//5547
f 3087//5548 3083//5548 1168//5548
f 3087//5549 1168//5549 1167//5549
f 3087//5550 1167//5550 1166//5550
f 3088//5551 3084//5551 3079//5551
f 3089//5552 3076//5552 3080//5552
f 3089//5553 3085//5553 3076//5553
f 3089//5554 3080//5554 3084//5554
f 3090//5555 2156//5555 3086//5555
f 3090//5556 3086//5556 3077//5556
f 3090//5557 3077//5557 3081//5557
f 3090//5558 2157//5558 2156//5558
f 3090//5559 2158//5559 2157//5559
f 3091//5560 3087//5560 1166//5560
f 3091//5561 1166//5561 1165//5561
f 3091//5562 1165//5562 1164//5562
f 3092//5563 3088//5563 3079//5563
f 3092//5564 3079//5564 3083//5564
f 3093//5565 3089//5565 3084//5565
f 3093//5566 3084//5566 3088//5566
f 3094//5567 3081//5567 3085//5567
f 3094//5568 2158//5568 3090//5568
f 3094//5569 3090//5569 3081//5569
f 3094//5570 2159//5570 2158//5570
f 3094//5571 2160//5571 2159//5571
f 3095//5572 3091//5572 1164//5572
f 3095//5573 1164//5573 1163//5573
f 3095//5574 1163//5574 1161//5574
f 3096//5575 3092//5575 3083//5575
f 3096//5576 3083//5576 3087//5576
f 3097//5577 3088//5577 3092//5577
f 3097//5578 3093//5578 3088//5578
f 3098//5579 3094//5579 3085//5579
f 3098//5580 3085//5580 3089//5580
f 3098//5581 2160//5581 3094//5581
f 3098//5582 2161//5582 2160//5582
f 3098//5583 2162//5583 2161//5583
f 3099//5584 1161//5584 1159//5584
f 3099//5585 1159//5585 1157//5585
f 3099//5586 3095//5586 1161//5586
f 3100//5587 3091//5587 3095//5587
f 3100//5588 3096//5588 3087//5588
f 3100//5589 3087//5589 3091//5589
f 3101//5590 3097//5590 3092//5590
f 3102//5591 2162//5591 3098//5591
f 3102//5592 3089//5592 3093//5592
f 3102//5593 2163//5593 2162//5593
f 3102//5594 2164//5594 2163//5594
f 3102//5595 3098//5595 3089//5595
f 3102//5596 3093//5596 3097//5596
f 3103//5597 1157//5597 1155//5597
f 3103//5598 1155//5598 1153//5598
f 3103//5599 3099//5599 1157//5599
f 3104//5600 3100//5600 3095//5600
f 3105//5601 3101//5601 3092//5601
f 3105//5602 3092//5602 3096//5602
f 3106//5603 2165//5603 2164//5603
f 3106//5604 2166//5604 2165//5604
f 3106//5605 2164//5605 3102//5605
f 3106//5606 3102//5606 3097//5606
f 3107//5607 3103//5607 1153//5607
f 3107//5608 1153//5608 1151//5608
f 3107//5609 1151//5609 1149//5609
f 3108//5610 3095//5610 3099//5610
f 3108//5611 3104//5611 3095//5611
f 3108//5612 3099//5612 3103//5612
f 3109//5613 3096//5613 3100//5613
f 3109//5614 3105//5614 3096//5614
f 3110//5615 2166//5615 3106//5615
f 3110//5616 3097//5616 3101//5616
f 3110//5617 2167//5617 2166//5617
f 3110//5618 2168//5618 2167//5618
f 3110//5619 3106//5619 3097//5619
f 3111//5620 3107//5620 1149//5620
f 3111//5621 1149//5621 1147//5621
f 3111//5622 1147//5622 1145//5622
f 3112//5623 3108//5623 3103//5623
f 3113//5624 3109//5624 3100//5624
f 3113//5625 3100//5625 3104//5625
f 3114//5626 2168//5626 3110//5626
f 3114//5627 3101//5627 3105//5627
f 3114//5628 2169//5628 2168//5628
f 3114//5629 2170//5629 2169//5629
f 3114//5630 3110//5630 3101//5630
f 3115//5631 3111//5631 1145//5631
f 3115//5632 1145//5632 1142//5632
f 3115//5633 1142//5633 1140//5633
f 3116//5634 3112//5634 3103//5634
f 3116//5635 3103//5635 3107//5635
f 3117//5636 3104//5636 3108//5636
f 3117//5637 3113//5637 3104//5637
f 3117//5638 3108//5638 3112//5638
f 3118//5639 3114//5639 3105//5639
f 3118//5640 3105//5640 3109//5640
f 3118//5641 2170//5641 3114//5641
f 3118//5642 2171//5642 2170//5642
f 3118//5643 2172//5643 2171//5643
f 3119//5644 3115//5644 1140//5644
f 3119//5645 1140//5645 1138//5645
f 3119//5646 1138//5646 1136//5646
f 3120//5647 3116//5647 3107//5647
f 3120//5648 3107//5648 3111//5648
f 3121//5649 3117//5649 3112//5649
f 3122//5650 3118//5650 3109//5650
f 3122//5651 2172//5651 3118//5651
f 3122//5652 3109//5652 3113//5652
f 3122//5653 2173//5653 2172//5653
f 3122//5654 2174//5654 2173//5654
f 3123//5655 3119//5655 1136//5655
f 3123//5656 1136//5656 1134//5656
f 3123//5657 1134//5657 1132//5657
f 3124//5658 3111//5658 3115//5658
f 3124//5659 3115//5659 3119//5659
f 3124//5660 3120//5660 3111//5660
f 3125//5661 3112//5661 3116//5661
f 3125//5662 3121//5662 3112//5662
f 3126//5663 3113//5663 3117//5663
f 3126//5664 3122//5664 3113//5664
f 3126//5665 2174//5665 3122//5665
f 3126//5666 2175//5666 2174//5666
f 3126//5667 2176//5667 2175//5667
f 3127//5668 1132//5668 1130//5668
f 3127//5669 1130//5669 1128//5669
f 3127//5670 3123//5670 1132//5670
f 3128//5671 3124//5671 3119//5671
f 3128//5672 3119//5672 3123//5672
f 3129//5673 3116//5673 3120//5673
f 3129//5674 3125//5674 3116//5674
f 3130//5675 3117//5675 3121//5675
f 3130//5676 3126//5676 3117//5676
f 3130//5677 2176//5677 3126//5677
f 3130//5678 2177//5678 2176//5678
f 3130//5679 2178//5679 2177//5679
f 3131//5680 3127//5680 1128//5680
f 3131//5681 1128//5681 1126//5681
f 3131//5682 1126//5682 1124//5682
f 3132//5683 3128//5683 3123//5683
f 3133//5684 3120//5684 3124//5684
f 3133//5685 3129//5685 3120//5685
f 3134//5686 3121//5686 3125//5686
f 3134//5687 3130//5687 3121//5687
f 3134//5688 2178//5688 3130//5688
f 3134//5689 2179//5689 2178//5689
f 3134//5690 2180//5690 2179//5690
f 3135//5691 1124//5691 1122//5691
f 3135//5692 1122//5692 1120//5692
f 3135//5693 3131//5693 1124//5693
f 3136//5694 3123//5694 3127//5694
f 3136//5695 3132//5695 3123//5695
f 3137//5696 3124//5696 3128//5696
f 3137//5697 3133//5697 3124//5697
f 3138//5698 3125//5698 3129//5698
f 3138//5699 3134//5699 3125//5699
f 3138//5700 2180//5700 3134//5700
f 3138//5701 2181//5701 2180//5701
f 3138//5702 2182//5702 2181//5702
f 3139//5703 1120//5703 1118//5703
f 3139//5704 1118//5704 1116//5704
f 3139//5705 3135//5705 1120//5705
f 3140//5706 3127//5706 3131//5706
f 3140//5707 3136//5707 3127//5707
f 3141//5708 3132//5708 3136//5708
f 3141//5709 3128//5709 3132//5709
f 3141//5710 3137//5710 3128//5710
f 3142//5711 2182//5711 3138//5711
f 3142//5712 3129//5712 3133//5712
f 3142//5713 3138//5713 3129//5713
f 3142//5714 2183//5714 2182//5714
f 3142//5715 2184//5715 2183//5715
f 3143//5716 1116//5716 1113//5716
f 3143//5717 1113//5717 1112//5717
f 3143//5718 3139//5718 1116//5718
f 3144//5719 3131//5719 3135//5719
f 3144//5720 3140//5720 3131//5720
f 3145//5721 3136//5721 3140//5721
f 3145//5722 3141//5722 3136//5722
f 3146//5723 3133//5723 3137//5723
f 3146//5724 3142//5724 3133//5724
f 3146//5725 2184//5725 3142//5725
f 3146//5726 2185//5726 2184//5726
f 3146//5727 2186//5727 2185//5727
f 3147//5728 3143//5728 1112//5728
f 3147//5729 1112//5729 1108//5729
f 3147//5730 1108//5730 1110//5730
f 3148//5731 3144//5731 3135//5731
f 3148//5732 3135//5732 3139//5732
f 3149//5733 3145//5733 3140//5733
f 3150//5734 2187//5734 2186//5734
f 3150//5735 2188//5735 2187//5735
f 3150//5736 3146//5736 3137//5736
f 3150//5737 3137//5737 3141//5737
f 3150//5738 3141//5738 3145//5738
f 3150//5739 2186//5739 3146//5739
f 3151//5740 3147//5740 1110//5740
f 3151//5741 1110//5741 1111//5741
f 3151//5742 1111//5742 1115//5742
f 3152//5743 3139//5743 3143//5743
f 3152//5744 3148//5744 3139//5744
f 3153//5745 3140//5745 3144//5745
f 3153//5746 3149//5746 3140//5746
f 3154//5747 2189//5747 2188//5747
f 3154//5748 2190//5748 2189//5748
f 3154//5749 2188//5749 3150//5749
f 3154//5750 3145//5750 3149//5750
f 3154//5751 3150//5751 3145//5751
f 3155//5752 3151//5752 1115//5752
f 3155//5753 1115//5753 1114//5753
f 3155//5754 1114//5754 1117//5754
f 3156//5755 3143//5755 3147//5755
f 3156//5756 3152//5756 3143//5756
f 3157//5757 3144//5757 3148//5757
f 3157//5758 3153//5758 3144//5758
f 3158//5759 2191//5759 2190//5759
f 3158//5760 2192//5760 2191//5760
f 3158//5761 3154//5761 3149//5761
f 3158//5762 3149//5762 3153//5762
f 3158//5763 2190//5763 3154//5763
f 3159//5764 3155//5764 1117//5764
f 3159//5765 1117//5765 1119//5765
f 3159//5766 1119//5766 1121//5766
f 3160//5767 3147//5767 3151//5767
f 3160//5768 3156//5768 3147//5768
f 3161//5769 3148//5769 3152//5769
f 3161//5770 3157//5770 3148//5770
f 3162//5771 2193//5771 2192//5771
f 3162//5772 2194//5772 2193//5772
f 3162//5773 2192//5773 3158//5773
f 3162//5774 3158//5774 3153//5774
f 3163//5775 3159//5775 1121//5775
f 3163//5776 1121//5776 1123//5776
f 3163//5777 1123//5777 1125//5777
f 3164//5778 3160//5778 3151//5778
f 3164//5779 3151//5779 3155//5779
f 3165//5780 3152//5780 3156//5780
f 3165//5781 3161//5781 3152//5781
f 3166//5782 2195//5782 2194//5782
f 3166//5783 2196//5783 2195//5783
f 3166//5784 2194//5784 3162//5784
f 3166//5785 3153//5785 3157//5785
f 3166//5786 3162//5786 3153//5786
f 3167//5787 3163//5787 1125//5787
f 3167//5788 1125//5788 1127//5788
f 3167//5789 1127//5789 1129//5789
f 3168//5790 3164//5790 3155//5790
f 3168//5791 3155//5791 3159//5791
f 3169//5792 3156//5792 3160//5792
f 3169//5793 3165//5793 3156//5793
f 3170//5794 2197//5794 2196//5794
f 3170//5795 2198//5795 2197//5795
f 3170//5796 2196//5796 3166//5796
f 3170//5797 3157//5797 3161//5797
f 3170//5798 3166//5798 3157//5798
f 3171//5799 3167//5799 1129//5799
f 3171//5800 1129//5800 1131//5800
f 3171//5801 1131//5801 1133//5801
f 3172//5802 3159//5802 3163//5802
f 3172//5803 3168//5803 3159//5803
f 3173//5804 3160//5804 3164//5804
f 3173//5805 3169//5805 3160//5805
f 3174//5806 3170//5806 3161//5806
f 3174//5807 2199//5807 2198//5807
f 3174//5808 2200//5808 2199//5808
f 3174//5809 2198//5809 3170//5809
f 3174//5810 3161//5810 3165//5810
f 3174//5811 3165//5811 3169//5811
f 3175//5812 3171//5812 1133//5812
f 3175//5813 1133//5813 1135//5813
f 3175//5814 1135//5814 1137//5814
f 3176//5815 3172//5815 3163//5815
f 3176//5816 3163//5816 3167//5816
f 3177//5817 3168//5817 3172//5817
f 3177//5818 3173//5818 3164//5818
f 3177//5819 3164//5819 3168//5819
f 3178//5820 2201//5820 2200//5820
f 3178//5821 2202//5821 2201//5821
f 3178//5822 2200//5822 3174//5822
f 3178//5823 3174//5823 3169//5823
f 3179//5824 3175//5824 1137//5824
f 3179//5825 1137//5825 1139//5825
f 3179//5826 1139//5826 1141//5826
f 3180//5827 3176//5827 3167//5827
f 3180//5828 3167//5828 3171//5828
f 3181//5829 3177//5829 3172//5829
f 3182//5830 3169//5830 3173//5830
f 3182//5831 3178//5831 3169//5831
f 3182//5832 2203//5832 2202//5832
f 3182//5833 2204//5833 2203//5833
f 3182//5834 3173//5834 3177//5834
f 3182//5835 2202//5835 3178//5835
f 3183//5836 1141//5836 1144//5836
f 3183//5837 1144//5837 1146//5837
f 3183//5838 3179//5838 1141//5838
f 3184//5839 3180//5839 3171//5839
f 3184//5840 3171//5840 3175//5840
f 3184//5841 3175//5841 3179//5841
f 3185//5842 3181//5842 3172//5842
f 3185//5843 3172//5843 3176//5843
f 3186//5844 2205//5844 2204//5844
f 3186//5845 3177//5845 3181//5845
f 3186//5846 2206//5846 2205//5846
f 3186//5847 2204//5847 3182//5847
f 3186//5848 3182//5848 3177//5848
f 3187//5849 1146//5849 1148//5849
f 3187//5850 1148//5850 1150//5850
f 3187//5851 3183//5851 1146//5851
f 3188//5852 3184//5852 3179//5852
f 3189//5853 3176//5853 3180//5853
f 3189//5854 3180//5854 3184//5854
f 3189//5855 3185//5855 3176//5855
f 3190//5856 3186//5856 3181//5856
f 3190//5857 2207//5857 2206//5857
f 3190//5858 2208//5858 2207//5858
f 3190//5859 2206//5859 3186//5859
f 3191//5860 1150//5860 1152//5860
f 3191//5861 1152//5861 1154//5861
f 3191//5862 3187//5862 1150//5862
f 3192//5863 3179//5863 3183//5863
f 3192//5864 3188//5864 3179//5864
f 3193//5865 3189//5865 3184//5865
f 3194//5866 2209//5866 2208//5866
f 3194//5867 2210//5867 2209//5867
f 3194//5868 3181//5868 3185//5868
f 3194//5869 2208//5869 3190//5869
f 3194//5870 3190//5870 3181//5870
f 3195//5871 1154//5871 1156//5871
f 3195//5872 1156//5872 1158//5872
f 3195//5873 3191//5873 1154//5873
f 3196//5874 3192//5874 3183//5874
f 3196//5875 3183//5875 3187//5875
f 3197//5876 3193//5876 3184//5876
f 3197//5877 3184//5877 3188//5877
f 3198//5878 2210//5878 3194//5878
f 3198//5879 2211//5879 2210//5879
f 3198//5880 2212//5880 2211//5880
f 3198//5881 3185//5881 3189//5881
f 3198//5882 3194//5882 3185//5882
f 3199//5883 1158//5883 1160//5883
f 3199//5884 1160//5884 1162//5884
f 3199//5885 3195//5885 1158//5885
f 3200//5886 3187//5886 3191//5886
f 3200//5887 3196//5887 3187//5887
f 3201//5888 3192//5888 3196//5888
f 3201//5889 3188//5889 3192//5889
f 3201//5890 3197//5890 3188//5890
f 3202//5891 2213//5891 2212//5891
f 3202//5892 2214//5892 2213//5892
f 3202//5893 2212//5893 3198//5893
f 3202//5894 3189//5894 3193//5894
f 3202//5895 3198//5895 3189//5895
f 3203//5896 1162//5896 1207//5896
f 3203//5897 1207//5897 1202//5897
f 3203//5898 3199//5898 1162//5898
f 3204//5899 3191//5899 3195//5899
f 3204//5900 3200//5900 3191//5900
f 3205//5901 3201//5901 3196//5901
f 3206//5902 2215//5902 2214//5902
f 3206//5903 2216//5903 2215//5903
f 3206//5904 2214//5904 3202//5904
f 3206//5905 3193//5905 3197//5905
f 3206//5906 3202//5906 3193//5906
f 3207//5907 1202//5907 1195//5907
f 3207//5908 1195//5908 1194//5908
f 3207//5909 3203//5909 1202//5909
f 3208//5910 3195//5910 3199//5910
f 3208//5911 3204//5911 3195//5911
f 3209//5912 3200//5912 3204//5912
f 3209//5913 3205//5913 3196//5913
f 3209//5914 3196//5914 3200//5914
f 3210//5915 3206//5915 3197//5915
f 3210//5916 2217//5916 2216//5916
f 3210//5917 2218//5917 2217//5917
f 3210//5918 2216//5918 3206//5918
f 3210//5919 3197//5919 3201//5919
f 3211//5920 1194//5920 1191//5920
f 3211//5921 1191//5921 1190//5921
f 3211//5922 3207//5922 1194//5922
f 3212//5923 3199//5923 3203//5923
f 3212//5924 3208//5924 3199//5924
f 3213//5925 3204//5925 3208//5925
f 3213//5926 3209//5926 3204//5926
f 3214//5927 3201//5927 3205//5927
f 3214//5928 3205//5928 3209//5928
f 3214//5929 2219//5929 2218//5929
f 3214//5930 2220//5930 2219//5930
f 3214//5931 3210//5931 3201//5931
f 3214//5932 2218//5932 3210//5932
f 3215//5933 3211//5933 1190//5933
f 3215//5934 1190//5934 1197//5934
f 3215//5935 1197//5935 1200//5935
f 3216//5936 3212//5936 3203//5936
f 3216//5937 3203//5937 3207//5937
f 3217//5938 3213//5938 3208//5938
f 3218//5939 2220//5939 3214//5939
f 3218//5940 3214//5940 3209//5940
f 3218//5941 2221//5941 2220//5941
f 3218//5942 2222//5942 2221//5942
f 3219//5943 1200//5943 1204//5943
f 3219//5944 1204//5944 1205//5944
f 3219//5945 3215//5945 1200//5945
f 3220//5946 3216//5946 3207//5946
f 3220//5947 3207//5947 3211//5947
f 3221//5948 3217//5948 3208//5948
f 3221//5949 3208//5949 3212//5949
f 3221//5950 3212//5950 3216//5950
f 3222//5951 3209//5951 3213//5951
f 3222//5952 3218//5952 3209//5952
f 3222//5953 2223//5953 2222//5953
f 3222//5954 2224//5954 2223//5954
f 3222//5955 3213//5955 3217//5955
f 3222//5956 2222//5956 3218//5956
f 3223//5957 1205//5957 1211//5957
f 3223//5958 1211//5958 1212//5958
f 3223//5959 3219//5959 1205//5959
f 3224//5960 3211//5960 3215//5960
f 3224//5961 3220//5961 3211//5961
f 3225//5962 3216//5962 3220//5962
f 3225//5963 3221//5963 3216//5963
f 3226//5964 3222//5964 3217//5964
f 3226//5965 2224//5965 3222//5965
f 3226//5966 3217//5966 3221//5966
f 3226//5967 2225//5967 2224//5967
f 3226//5968 2226//5968 2225//5968
f 3227//5969 1212//5969 1217//5969
f 3227//5970 1217//5970 1220//5970
f 3227//5971 3223//5971 1212//5971
f 3228//5972 3224//5972 3215//5972
f 3228//5973 3215//5973 3219//5973
f 3229//5974 3225//5974 3220//5974
f 3230//5975 2227//5975 2226//5975
f 3230//5976 2228//5976 2227//5976
f 3230//5977 3226//5977 3221//5977
f 3230//5978 2226//5978 3226//5978
f 3231//5979 1220//5979 1223//5979
f 3231//5980 1223//5980 1227//5980
f 3231//5981 3227//5981 1220//5981
f 3232//5982 3219//5982 3223//5982
f 3232//5983 3228//5983 3219//5983
f 3233//5984 3220//5984 3224//5984
f 3233//5985 3229//5985 3220//5985
f 3234//5986 3221//5986 3225//5986
f 3234//5987 2228//5987 3230//5987
f 3234//5988 3230//5988 3221//5988
f 3234//5989 2229//5989 2228//5989
f 3234//5990 2230//5990 2229//5990
f 3234//5991 3225//5991 3229//5991
f 3235//5992 1227//5992 1231//5992
f 3235//5993 1231//5993 1235//5993
f 3235//5994 3231//5994 1227//5994
f 3236//5995 3232//5995 3223//5995
f 3236//5996 3223//5996 3227//5996
f 3237//5997 3233//5997 3224//5997
f 3237//5998 3224//5998 3228//5998
f 3237//5999 3228//5999 3232//5999
f 3238//6000 2231//6000 2230//6000
f 3238//6001 2232//6001 2231//6001
f 3238//6002 2230//6002 3234//6002
f 3238//6003 3229//6003 3233//6003
f 3238//6004 3234//6004 3229//6004
f 3239//6005 1264//6005 3003//6005
f 3239//6006 1235//6006 1260//6006
f 3239//6007 1260//6007 1264//6007
f 3239//6008 3235//6008 1235//6008
f 3240//6009 3236//6009 3227//6009
f 3240//6010 3227//6010 3231//6010
f 3241//6011 3237//6011 3232//6011
f 3242//6012 3238//6012 3233//6012
f 3242//6013 2233//6013 2232//6013
f 3242//6014 2234//6014 2233//6014
f 3242//6015 2232//6015 3238//6015
f 3243//6016 3240//6016 3231//6016
f 3243//6017 3231//6017 3235//6017
f 3244//6018 3241//6018 3232//6018
f 3244//6019 3232//6019 3236//6019
f 3245//6020 2235//6020 2234//6020
f 3245//6021 2236//6021 2235//6021
f 3245//6022 3242//6022 3233//6022
f 3245//6023 2234//6023 3242//6023
f 3245//6024 3233//6024 3237//6024
f 3246//6025 3235//6025 3239//6025
f 3246//6026 3239//6026 3003//6026
f 3246//6027 3003//6027 3009//6027
f 3246//6028 3009//6028 3015//6028
f 3246//6029 3243//6029 3235//6029
f 3247//6030 3240//6030 3243//6030
f 3247//6031 3244//6031 3236//6031
f 3247//6032 3236//6032 3240//6032
f 3248//6033 3245//6033 3237//6033
f 3248//6034 2237//6034 2236//6034
f 3248//6035 2238//6035 2237//6035
f 3248//6036 3241//6036 3244//6036
f 3248//6037 2236//6037 3245//6037
f 3248//6038 3237//6038 3241//6038
f 3249//6039 3247//6039 3243//6039
f 3250//6040 3248//6040 3244//6040
f 3250//6041 2239//6041 2238//6041
f 3250//6042 2240//6042 2239//6042
f 3250//6043 2238//6043 3248//6043
f 3251//6044 3246//6044 3015//6044
f 3251//6045 3243//6045 3246//6045
f 3251//6046 3249//6046 3243//6046
f 3252//6047 3244//6047 3247//6047
f 3252//6048 3250//6048 3244//6048
f 3252//6049 2240//6049 3250//6049
f 3252//6050 2241//6050 2240//6050
f 3252//6051 2242//6051 2241//6051
f 3253//6052 3247//6052 3249//6052
f 3253//6053 3252//6053 3247//6053
f 3253//6054 3249//6054 3251//6054
f 3253//6055 2242//6055 3252//6055
f 3253//6056 2243//6056 2242//6056
f 3253//6057 2244//6057 2243//6057
f 3254//6058 3253//6058 3251//6058
f 3254//6059 3015//6059 3004//6059
f 3254//6060 2244//6060 3253//6060
f 3254//6061 2245//6061 2244//6061
f 3254//6062 2246//6062 2245//6062
f 3254//6063 3251//6063 3015//6063
f 3254//6064 3004//6064 2246//6064
f 3255//6065 1403//6065 1402//6065
f 2248//6066 2247//6066 3256//6066
f 3255//6067 1423//6067 1403//6067
f 2247//6068 2372//6068 3256//6068
f 3257//6069 1402//6069 1404//6069
f 3257//6070 1404//6070 1405//6070
f 3257//6071 3255//6071 1402//6071
f 3258//6072 1405//6072 1406//6072
f 3258//6073 1406//6073 1407//6073
f 3258//6074 3257//6074 1405//6074
f 3259//6075 1407//6075 1408//6075
f 3259//6076 1408//6076 1409//6076
f 3259//6077 3258//6077 1407//6077
f 3260//6078 3261//6078 3255//6078
f 3260//6079 3255//6079 3257//6079
f 3262//6080 1409//6080 1323//6080
f 3262//6081 1323//6081 1322//6081
f 3262//6082 3259//6082 1409//6082
f 3263//6083 3257//6083 3258//6083
f 3263//6084 3260//6084 3257//6084
f 3264//6085 1322//6085 1324//6085
f 3264//6086 1324//6086 1325//6086
f 3264//6087 3262//6087 1322//6087
f 3265//6088 3258//6088 3259//6088
f 3265//6089 3263//6089 3258//6089
f 3266//6090 3267//6090 3261//6090
f 3266//6091 3261//6091 3260//6091
f 3268//6092 1325//6092 1326//6092
f 3268//6093 1326//6093 1327//6093
f 3268//6094 3264//6094 1325//6094
f 3269//6095 3259//6095 3262//6095
f 3269//6096 3265//6096 3259//6096
f 3270//6097 3266//6097 3260//6097
f 3270//6098 3260//6098 3263//6098
f 3271//6099 1327//6099 1328//6099
f 3271//6100 1328//6100 1329//6100
f 3271//6101 3268//6101 1327//6101
f 3272//6102 3269//6102 3262//6102
f 3272//6103 3262//6103 3264//6103
f 3273//6104 3263//6104 3265//6104
f 3273//6105 3270//6105 3263//6105
f 3274//6106 3256//6106 3267//6106
f 3274//6107 2248//6107 3256//6107
f 3274//6108 2249//6108 2248//6108
f 3274//6109 2250//6109 2249//6109
f 3274//6110 3267//6110 3266//6110
f 3274//6111 3266//6111 3270//6111
f 3275//6112 1329//6112 1330//6112
f 3275//6113 1330//6113 1331//6113
f 3275//6114 3271//6114 1329//6114
f 3276//6115 3264//6115 3268//6115
f 3276//6116 3272//6116 3264//6116
f 3277//6117 3265//6117 3269//6117
f 3277//6118 3273//6118 3265//6118
f 3278//6119 3274//6119 3270//6119
f 3278//6120 2250//6120 3274//6120
f 3278//6121 2251//6121 2250//6121
f 3278//6122 2252//6122 2251//6122
f 3279//6123 1331//6123 1332//6123
f 3279//6124 1332//6124 1333//6124
f 3279//6125 3275//6125 1331//6125
f 3280//6126 3268//6126 3271//6126
f 3280//6127 3276//6127 3268//6127
f 3281//6128 3269//6128 3272//6128
f 3281//6129 3277//6129 3269//6129
f 3282//6130 2252//6130 3278//6130
f 3282//6131 3270//6131 3273//6131
f 3282//6132 3278//6132 3270//6132
f 3282//6133 2253//6133 2252//6133
f 3282//6134 2254//6134 2253//6134
f 3283//6135 1333//6135 1334//6135
f 3283//6136 1334//6136 1335//6136
f 3283//6137 3279//6137 1333//6137
f 3284//6138 3271//6138 3275//6138
f 3284//6139 3280//6139 3271//6139
f 3285//6140 3281//6140 3272//6140
f 3285//6141 3272//6141 3276//6141
f 3286//6142 3273//6142 3277//6142
f 3286//6143 2254//6143 3282//6143
f 3286//6144 2255//6144 2254//6144
f 3286//6145 2256//6145 2255//6145
f 3286//6146 3282//6146 3273//6146
f 3287//6147 1335//6147 1336//6147
f 3287//6148 1336//6148 1337//6148
f 3287//6149 3283//6149 1335//6149
f 3288//6150 3284//6150 3275//6150
f 3288//6151 3275//6151 3279//6151
f 3289//6152 3285//6152 3276//6152
f 3289//6153 3276//6153 3280//6153
f 3290//6154 2256//6154 3286//6154
f 3290//6155 3286//6155 3277//6155
f 3290//6156 2257//6156 2256//6156
f 3290//6157 2258//6157 2257//6157
f 3290//6158 3277//6158 3281//6158
f 3291//6159 3287//6159 1337//6159
f 3291//6160 1337//6160 1338//6160
f 3291//6161 1338//6161 1339//6161
f 3292//6162 3288//6162 3279//6162
f 3292//6163 3279//6163 3283//6163
f 3293//6164 3289//6164 3280//6164
f 3293//6165 3280//6165 3284//6165
f 3294//6166 3290//6166 3281//6166
f 3294//6167 2258//6167 3290//6167
f 3294//6168 2259//6168 2258//6168
f 3294//6169 2260//6169 2259//6169
f 3294//6170 3285//6170 3289//6170
f 3294//6171 3281//6171 3285//6171
f 3295//6172 1339//6172 1340//6172
f 3295//6173 1340//6173 1341//6173
f 3295//6174 3291//6174 1339//6174
f 3296//6175 3292//6175 3283//6175
f 3296//6176 3283//6176 3287//6176
f 3297//6177 3284//6177 3288//6177
f 3297//6178 3293//6178 3284//6178
f 3298//6179 2261//6179 2260//6179
f 3298//6180 2262//6180 2261//6180
f 3298//6181 2260//6181 3294//6181
f 3298//6182 3294//6182 3289//6182
f 3299//6183 1341//6183 1342//6183
f 3299//6184 1342//6184 1854//6184
f 3299//6185 3295//6185 1341//6185
f 3300//6186 3287//6186 3291//6186
f 3300//6187 3296//6187 3287//6187
f 3301//6188 3297//6188 3288//6188
f 3301//6189 3288//6189 3292//6189
f 3302//6190 3298//6190 3289//6190
f 3302//6191 2263//6191 2262//6191
f 3302//6192 2264//6192 2263//6192
f 3302//6193 3289//6193 3293//6193
f 3302//6194 2262//6194 3298//6194
f 3303//6195 1854//6195 1853//6195
f 3303//6196 1853//6196 1852//6196
f 3303//6197 3299//6197 1854//6197
f 3304//6198 3300//6198 3291//6198
f 3304//6199 3291//6199 3295//6199
f 3305//6200 3301//6200 3292//6200
f 3305//6201 3296//6201 3300//6201
f 3305//6202 3292//6202 3296//6202
f 3306//6203 2265//6203 2264//6203
f 3306//6204 3302//6204 3293//6204
f 3306//6205 2266//6205 2265//6205
f 3306//6206 3293//6206 3297//6206
f 3306//6207 2264//6207 3302//6207
f 3307//6208 1852//6208 1839//6208
f 3307//6209 1839//6209 1840//6209
f 3307//6210 3303//6210 1852//6210
f 3308//6211 3295//6211 3299//6211
f 3308//6212 3304//6212 3295//6212
f 3309//6213 3305//6213 3300//6213
f 3310//6214 3301//6214 3305//6214
f 3310//6215 3297//6215 3301//6215
f 3310//6216 2266//6216 3306//6216
f 3310//6217 3306//6217 3297//6217
f 3310//6218 2267//6218 2266//6218
f 3310//6219 2268//6219 2267//6219
f 3311//6220 3307//6220 1840//6220
f 3311//6221 1840//6221 1841//6221
f 3311//6222 1841//6222 1842//6222
f 3312//6223 3299//6223 3303//6223
f 3312//6224 3308//6224 3299//6224
f 3313//6225 3300//6225 3304//6225
f 3313//6226 3309//6226 3300//6226
f 3314//6227 2268//6227 3310//6227
f 3314//6228 2269//6228 2268//6228
f 3314//6229 2270//6229 2269//6229
f 3314//6230 3310//6230 3305//6230
f 3315//6231 3311//6231 1842//6231
f 3315//6232 1842//6232 1843//6232
f 3315//6233 1843//6233 1844//6233
f 3316//6234 3312//6234 3303//6234
f 3316//6235 3303//6235 3307//6235
f 3317//6236 3308//6236 3312//6236
f 3317//6237 3304//6237 3308//6237
f 3317//6238 3313//6238 3304//6238
f 3318//6239 2271//6239 2270//6239
f 3318//6240 2272//6240 2271//6240
f 3318//6241 2270//6241 3314//6241
f 3318//6242 3314//6242 3305//6242
f 3318//6243 3309//6243 3313//6243
f 3318//6244 3305//6244 3309//6244
f 3319//6245 1844//6245 1845//6245
f 3319//6246 1845//6246 1846//6246
f 3319//6247 3315//6247 1844//6247
f 3320//6248 3316//6248 3307//6248
f 3320//6249 3307//6249 3311//6249
f 3321//6250 3317//6250 3312//6250
f 3322//6251 3318//6251 3313//6251
f 3322//6252 2272//6252 3318//6252
f 3322//6253 2273//6253 2272//6253
f 3322//6254 2274//6254 2273//6254
f 3323//6255 3319//6255 1846//6255
f 3323//6256 1846//6256 1847//6256
f 3323//6257 1847//6257 1848//6257
f 3324//6258 3320//6258 3311//6258
f 3324//6259 3311//6259 3315//6259
f 3325//6260 3312//6260 3316//6260
f 3325//6261 3321//6261 3312//6261
f 3325//6262 3316//6262 3320//6262
f 3326//6263 3313//6263 3317//6263
f 3326//6264 2275//6264 2274//6264
f 3326//6265 2276//6265 2275//6265
f 3326//6266 2274//6266 3322//6266
f 3326//6267 3322//6267 3313//6267
f 3327//6268 1848//6268 1849//6268
f 3327//6269 1849//6269 1850//6269
f 3327//6270 3323//6270 1848//6270
f 3328//6271 3315//6271 3319//6271
f 3328//6272 3319//6272 3323//6272
f 3328//6273 3324//6273 3315//6273
f 3329//6274 3325//6274 3320//6274
f 3330//6275 2277//6275 2276//6275
f 3330//6276 2278//6276 2277//6276
f 3330//6277 3326//6277 3317//6277
f 3330//6278 3317//6278 3321//6278
f 3330//6279 2276//6279 3326//6279
f 3331//6280 3327//6280 1850//6280
f 3331//6281 1850//6281 1851//6281
f 3331//6282 1851//6282 1320//6282
f 3332//6283 3328//6283 3323//6283
f 3333//6284 3329//6284 3320//6284
f 3333//6285 3320//6285 3324//6285
f 3334//6286 3321//6286 3325//6286
f 3334//6287 3325//6287 3329//6287
f 3334//6288 3330//6288 3321//6288
f 3334//6289 2278//6289 3330//6289
f 3334//6290 2279//6290 2278//6290
f 3334//6291 2280//6291 2279//6291
f 3335//6292 1320//6292 1319//6292
f 3335//6293 1319//6293 1317//6293
f 3335//6294 3331//6294 1320//6294
f 3336//6295 3323//6295 3327//6295
f 3336//6296 3332//6296 3323//6296
f 3336//6297 3327//6297 3331//6297
f 3337//6298 3333//6298 3324//6298
f 3337//6299 3324//6299 3328//6299
f 3337//6300 3328//6300 3332//6300
f 3338//6301 2280//6301 3334//6301
f 3338//6302 2281//6302 2280//6302
f 3338//6303 2282//6303 2281//6303
f 3338//6304 3334//6304 3329//6304
f 3339//6305 3335//6305 1317//6305
f 3339//6306 1317//6306 1315//6306
f 3339//6307 1315//6307 1313//6307
f 3340//6308 3336//6308 3331//6308
f 3341//6309 3332//6309 3336//6309
f 3341//6310 3337//6310 3332//6310
f 3342//6311 2282//6311 3338//6311
f 3342//6312 3338//6312 3329//6312
f 3342//6313 3329//6313 3333//6313
f 3342//6314 2283//6314 2282//6314
f 3342//6315 2284//6315 2283//6315
f 3343//6316 1313//6316 1300//6316
f 3343//6317 1300//6317 1298//6317
f 3343//6318 3339//6318 1313//6318
f 3344//6319 3340//6319 3331//6319
f 3344//6320 3331//6320 3335//6320
f 3345//6321 3341//6321 3336//6321
f 3346//6322 3337//6322 3341//6322
f 3346//6323 3342//6323 3333//6323
f 3346//6324 2284//6324 3342//6324
f 3346//6325 2285//6325 2284//6325
f 3346//6326 2286//6326 2285//6326
f 3346//6327 3333//6327 3337//6327
f 3347//6328 3343//6328 1298//6328
f 3347//6329 1298//6329 1296//6329
f 3347//6330 1296//6330 1294//6330
f 3348//6331 3344//6331 3335//6331
f 3348//6332 3335//6332 3339//6332
f 3349//6333 3336//6333 3340//6333
f 3349//6334 3345//6334 3336//6334
f 3350//6335 2287//6335 2286//6335
f 3350//6336 2288//6336 2287//6336
f 3350//6337 3346//6337 3341//6337
f 3350//6338 2286//6338 3346//6338
f 3351//6339 3347//6339 1294//6339
f 3351//6340 1294//6340 1292//6340
f 3351//6341 1292//6341 1290//6341
f 3352//6342 3339//6342 3343//6342
f 3352//6343 3348//6343 3339//6343
f 3353//6344 3340//6344 3344//6344
f 3353//6345 3349//6345 3340//6345
f 3354//6346 3350//6346 3341//6346
f 3354//6347 3341//6347 3345//6347
f 3354//6348 2288//6348 3350//6348
f 3354//6349 3345//6349 3349//6349
f 3354//6350 2289//6350 2288//6350
f 3354//6351 2290//6351 2289//6351
f 3355//6352 1290//6352 1288//6352
f 3355//6353 1288//6353 1286//6353
f 3355//6354 3351//6354 1290//6354
f 3356//6355 3343//6355 3347//6355
f 3356//6356 3352//6356 3343//6356
f 3356//6357 3347//6357 3351//6357
f 3357//6358 3344//6358 3348//6358
f 3357//6359 3353//6359 3344//6359
f 3358//6360 2290//6360 3354//6360
f 3358//6361 3354//6361 3349//6361
f 3358//6362 2291//6362 2290//6362
f 3358//6363 2292//6363 2291//6363
f 3359//6364 3355//6364 1286//6364
f 3359//6365 1286//6365 1283//6365
f 3359//6366 1283//6366 1280//6366
f 3360//6367 3351//6367 3355//6367
f 3360//6368 3356//6368 3351//6368
f 3361//6369 3357//6369 3348//6369
f 3361//6370 3348//6370 3352//6370
f 3362//6371 3358//6371 3349//6371
f 3362//6372 2292//6372 3358//6372
f 3362//6373 3349//6373 3353//6373
f 3362//6374 2293//6374 2292//6374
f 3362//6375 2294//6375 2293//6375
f 3363//6376 1280//6376 1277//6376
f 3363//6377 1277//6377 1274//6377
f 3363//6378 3359//6378 1280//6378
f 3364//6379 3355//6379 3359//6379
f 3364//6380 3360//6380 3355//6380
f 3365//6381 3356//6381 3360//6381
f 3365//6382 3361//6382 3352//6382
f 3365//6383 3352//6383 3356//6383
f 3366//6384 2294//6384 3362//6384
f 3366//6385 2295//6385 2294//6385
f 3366//6386 3353//6386 3357//6386
f 3366//6387 2296//6387 2295//6387
f 3366//6388 3362//6388 3353//6388
f 3367//6389 3363//6389 1274//6389
f 3367//6390 1274//6390 1271//6390
f 3367//6391 1271//6391 1267//6391
f 3368//6392 3364//6392 3359//6392
f 3369//6393 3365//6393 3360//6393
f 3370//6394 2296//6394 3366//6394
f 3370//6395 3366//6395 3357//6395
f 3370//6396 3361//6396 3365//6396
f 3370//6397 3357//6397 3361//6397
f 3370//6398 2297//6398 2296//6398
f 3370//6399 2298//6399 2297//6399
f 3371//6400 3367//6400 1267//6400
f 3371//6401 1267//6401 1263//6401
f 3371//6402 1263//6402 1259//6402
f 3372//6403 3359//6403 3363//6403
f 3372//6404 3368//6404 3359//6404
f 3373//6405 3360//6405 3364//6405
f 3373//6406 3369//6406 3360//6406
f 3373//6407 3364//6407 3368//6407
f 3374//6408 3370//6408 3365//6408
f 3374//6409 2298//6409 3370//6409
f 3374//6410 3365//6410 3369//6410
f 3374//6411 2299//6411 2298//6411
f 3374//6412 2300//6412 2299//6412
f 3375//6413 3371//6413 1259//6413
f 3375//6414 1259//6414 1234//6414
f 3375//6415 1234//6415 1230//6415
f 3376//6416 3363//6416 3367//6416
f 3376//6417 3372//6417 3363//6417
f 3377//6418 3373//6418 3368//6418
f 3378//6419 3374//6419 3369//6419
f 3378//6420 2300//6420 3374//6420
f 3378//6421 2301//6421 2300//6421
f 3378//6422 2302//6422 2301//6422
f 3379//6423 1230//6423 1226//6423
f 3379//6424 1226//6424 1222//6424
f 3379//6425 3375//6425 1230//6425
f 3380//6426 3367//6426 3371//6426
f 3380//6427 3376//6427 3367//6427
f 3381//6428 3377//6428 3368//6428
f 3381//6429 3368//6429 3372//6429
f 3382//6430 3369//6430 3373//6430
f 3382//6431 3378//6431 3369//6431
f 3382//6432 3373//6432 3377//6432
f 3382//6433 2302//6433 3378//6433
f 3382//6434 2303//6434 2302//6434
f 3382//6435 2304//6435 2303//6435
f 3383//6436 3379//6436 1222//6436
f 3383//6437 1222//6437 1219//6437
f 3383//6438 1219//6438 1216//6438
f 3384//6439 3371//6439 3375//6439
f 3384//6440 3380//6440 3371//6440
f 3385//6441 3372//6441 3376//6441
f 3385//6442 3381//6442 3372//6442
f 3386//6443 3382//6443 3377//6443
f 3386//6444 2304//6444 3382//6444
f 3386//6445 2305//6445 2304//6445
f 3386//6446 2306//6446 2305//6446
f 3387//6447 1216//6447 1214//6447
f 3387//6448 1214//6448 1210//6448
f 3387//6449 3383//6449 1216//6449
f 3388//6450 3375//6450 3379//6450
f 3388//6451 3384//6451 3375//6451
f 3389//6452 3376//6452 3380//6452
f 3389//6453 3385//6453 3376//6453
f 3390//6454 3377//6454 3381//6454
f 3390//6455 3386//6455 3377//6455
f 3390//6456 2306//6456 3386//6456
f 3390//6457 2307//6457 2306//6457
f 3390//6458 2308//6458 2307//6458
f 3391//6459 1210//6459 1208//6459
f 3391//6460 1208//6460 1203//6460
f 3391//6461 3387//6461 1210//6461
f 3392//6462 3379//6462 3383//6462
f 3392//6463 3388//6463 3379//6463
f 3393//6464 3384//6464 3388//6464
f 3393//6465 3380//6465 3384//6465
f 3393//6466 3389//6466 3380//6466
f 3394//6467 2308//6467 3390//6467
f 3394//6468 3381//6468 3385//6468
f 3394//6469 3390//6469 3381//6469
f 3394//6470 2309//6470 2308//6470
f 3394//6471 2310//6471 2309//6471
f 3395//6472 3391//6472 1203//6472
f 3395//6473 1203//6473 1199//6473
f 3395//6474 1199//6474 1196//6474
f 3396//6475 3392//6475 3383//6475
f 3396//6476 3383//6476 3387//6476
f 3397//6477 3393//6477 3388//6477
f 3397//6478 3388//6478 3392//6478
f 3398//6479 3385//6479 3389//6479
f 3398//6480 3394//6480 3385//6480
f 3398//6481 2310//6481 3394//6481
f 3398//6482 2311//6482 2310//6482
f 3398//6483 2312//6483 2311//6483
f 3399//6484 3395//6484 1196//6484
f 3399//6485 1196//6485 1192//6485
f 3399//6486 1192//6486 1189//6486
f 3400//6487 3396//6487 3387//6487
f 3400//6488 3387//6488 3391//6488
f 3401//6489 3392//6489 3396//6489
f 3401//6490 3397//6490 3392//6490
f 3402//6491 2313//6491 2312//6491
f 3402//6492 2314//6492 2313//6492
f 3402//6493 2312//6493 3398//6493
f 3402//6494 3398//6494 3389//6494
f 3402//6495 3389//6495 3393//6495
f 3403//6496 1189//6496 1193//6496
f 3403//6497 1193//6497 1198//6497
f 3403//6498 3399//6498 1189//6498
f 3404//6499 3400//6499 3391//6499
f 3404//6500 3391//6500 3395//6500
f 3405//6501 3401//6501 3396//6501
f 3406//6502 2315//6502 2314//6502
f 3406//6503 2316//6503 2315//6503
f 3406//6504 3393//6504 3397//6504
f 3406//6505 3402//6505 3393//6505
f 3406//6506 2314//6506 3402//6506
f 3407//6507 1198//6507 1201//6507
f 3407//6508 1201//6508 1206//6508
f 3407//6509 3403//6509 1198//6509
f 3408//6510 3404//6510 3395//6510
f 3408//6511 3395//6511 3399//6511
f 3409//6512 3396//6512 3400//6512
f 3409//6513 3400//6513 3404//6513
f 3409//6514 3405//6514 3396//6514
f 3410//6515 2316//6515 3406//6515
f 3410//6516 2317//6516 2316//6516
f 3410//6517 2318//6517 2317//6517
f 3410//6518 3397//6518 3401//6518
f 3410//6519 3406//6519 3397//6519
f 3411//6520 3407//6520 1206//6520
f 3411//6521 1206//6521 1209//6521
f 3411//6522 1209//6522 1213//6522
f 3412//6523 3399//6523 3403//6523
f 3412//6524 3408//6524 3399//6524
f 3413//6525 3409//6525 3404//6525
f 3414//6526 2319//6526 2318//6526
f 3414//6527 2320//6527 2319//6527
f 3414//6528 2318//6528 3410//6528
f 3414//6529 3401//6529 3405//6529
f 3414//6530 3410//6530 3401//6530
f 3415//6531 3411//6531 1213//6531
f 3415//6532 1213//6532 1215//6532
f 3415//6533 1215//6533 1218//6533
f 3416//6534 3403//6534 3407//6534
f 3416//6535 3412//6535 3403//6535
f 3416//6536 3407//6536 3411//6536
f 3417//6537 3404//6537 3408//6537
f 3417//6538 3408//6538 3412//6538
f 3417//6539 3413//6539 3404//6539
f 3418//6540 2321//6540 2320//6540
f 3418//6541 2322//6541 2321//6541
f 3418//6542 2320//6542 3414//6542
f 3418//6543 3405//6543 3409//6543
f 3418//6544 3414//6544 3405//6544
f 3419//6545 3415//6545 1218//6545
f 3419//6546 1218//6546 1221//6546
f 3419//6547 1221//6547 1224//6547
f 3420//6548 3416//6548 3411//6548
f 3421//6549 3412//6549 3416//6549
f 3421//6550 3417//6550 3412//6550
f 3422//6551 2323//6551 2322//6551
f 3422//6552 2324//6552 2323//6552
f 3422//6553 3409//6553 3413//6553
f 3422//6554 2322//6554 3418//6554
f 3422//6555 3418//6555 3409//6555
f 3423//6556 3419//6556 1224//6556
f 3423//6557 1224//6557 1228//6557
f 3423//6558 1228//6558 1232//6558
f 3424//6559 3411//6559 3415//6559
f 3424//6560 3415//6560 3419//6560
f 3424//6561 3420//6561 3411//6561
f 3425//6562 3421//6562 3416//6562
f 3426//6563 2325//6563 2324//6563
f 3426//6564 2326//6564 2325//6564
f 3426//6565 2324//6565 3422//6565
f 3426//6566 3422//6566 3413//6566
f 3426//6567 3413//6567 3417//6567
f 3427//6568 3423//6568 1232//6568
f 3427//6569 1232//6569 1236//6569
f 3427//6570 1236//6570 1261//6570
f 3428//6571 3424//6571 3419//6571
f 3429//6572 3425//6572 3416//6572
f 3429//6573 3416//6573 3420//6573
f 3430//6574 3421//6574 3425//6574
f 3430//6575 2327//6575 2326//6575
f 3430//6576 3426//6576 3417//6576
f 3430//6577 2328//6577 2327//6577
f 3430//6578 2326//6578 3426//6578
f 3430//6579 3417//6579 3421//6579
f 3431//6580 3427//6580 1261//6580
f 3431//6581 1261//6581 1265//6581
f 3431//6582 1265//6582 1269//6582
f 3432//6583 3428//6583 3419//6583
f 3432//6584 3419//6584 3423//6584
f 3433//6585 3424//6585 3428//6585
f 3433//6586 3429//6586 3420//6586
f 3433//6587 3420//6587 3424//6587
f 3434//6588 3430//6588 3425//6588
f 3434//6589 2329//6589 2328//6589
f 3434//6590 2330//6590 2329//6590
f 3434//6591 2328//6591 3430//6591
f 3435//6592 1269//6592 1272//6592
f 3435//6593 1272//6593 1275//6593
f 3435//6594 3431//6594 1269//6594
f 3436//6595 3432//6595 3423//6595
f 3436//6596 3423//6596 3427//6596
f 3437//6597 3433//6597 3428//6597
f 3437//6598 3428//6598 3432//6598
f 3438//6599 2330//6599 3434//6599
f 3438//6600 2331//6600 2330//6600
f 3438//6601 2332//6601 2331//6601
f 3438//6602 3425//6602 3429//6602
f 3438//6603 3434//6603 3425//6603
f 3439//6604 1275//6604 1278//6604
f 3439//6605 1278//6605 1281//6605
f 3439//6606 3435//6606 1275//6606
f 3440//6607 3436//6607 3427//6607
f 3440//6608 3427//6608 3431//6608
f 3441//6609 3437//6609 3432//6609
f 3442//6610 3429//6610 3433//6610
f 3442//6611 2333//6611 2332//6611
f 3442//6612 2334//6612 2333//6612
f 3442//6613 3438//6613 3429//6613
f 3442//6614 2332//6614 3438//6614
f 3443//6615 1281//6615 1284//6615
f 3443//6616 1284//6616 1287//6616
f 3443//6617 3439//6617 1281//6617
f 3444//6618 3440//6618 3431//6618
f 3444//6619 3431//6619 3435//6619
f 3445//6620 3441//6620 3432//6620
f 3445//6621 3432//6621 3436//6621
f 3446//6622 3433//6622 3437//6622
f 3446//6623 2335//6623 2334//6623
f 3446//6624 2334//6624 3442//6624
f 3446//6625 2336//6625 2335//6625
f 3446//6626 3442//6626 3433//6626
f 3447//6627 1287//6627 1289//6627
f 3447//6628 1289//6628 1291//6628
f 3447//6629 3443//6629 1287//6629
f 3448//6630 3435//6630 3439//6630
f 3448//6631 3444//6631 3435//6631
f 3449//6632 3436//6632 3440//6632
f 3449//6633 3445//6633 3436//6633
f 3450//6634 3437//6634 3441//6634
f 3450//6635 2337//6635 2336//6635
f 3450//6636 2338//6636 2337//6636
f 3450//6637 2336//6637 3446//6637
f 3450//6638 3446//6638 3437//6638
f 3451//6639 1291//6639 1293//6639
f 3451//6640 1293//6640 1295//6640
f 3451//6641 3447//6641 1291//6641
f 3452//6642 3439//6642 3443//6642
f 3452//6643 3448//6643 3439//6643
f 3453//6644 3444//6644 3448//6644
f 3453//6645 3449//6645 3440//6645
f 3453//6646 3440//6646 3444//6646
f 3454//6647 2339//6647 2338//6647
f 3454//6648 2340//6648 2339//6648
f 3454//6649 2338//6649 3450//6649
f 3454//6650 3441//6650 3445//6650
f 3454//6651 3450//6651 3441//6651
f 3455//6652 1295//6652 1297//6652
f 3455//6653 1297//6653 1299//6653
f 3455//6654 3451//6654 1295//6654
f 3456//6655 3443//6655 3447//6655
f 3456//6656 3452//6656 3443//6656
f 3457//6657 3448//6657 3452//6657
f 3457//6658 3453//6658 3448//6658
f 3458//6659 2340//6659 3454//6659
f 3458//6660 2341//6660 2340//6660
f 3458//6661 2342//6661 2341//6661
f 3458//6662 3445//6662 3449//6662
f 3458//6663 3454//6663 3445//6663
f 3459//6664 1299//6664 1312//6664
f 3459//6665 1312//6665 1314//6665
f 3459//6666 3455//6666 1299//6666
f 3460//6667 3451//6667 3455//6667
f 3460//6668 3456//6668 3447//6668
f 3460//6669 3447//6669 3451//6669
f 3461//6670 3457//6670 3452//6670
f 3462//6671 3453//6671 3457//6671
f 3462//6672 3458//6672 3449//6672
f 3462//6673 2343//6673 2342//6673
f 3462//6674 2344//6674 2343//6674
f 3462//6675 2342//6675 3458//6675
f 3462//6676 3449//6676 3453//6676
f 3463//6677 3459//6677 1314//6677
f 3463//6678 1314//6678 1316//6678
f 3463//6679 1316//6679 1318//6679
f 3464//6680 3460//6680 3455//6680
f 3465//6681 3452//6681 3456//6681
f 3465//6682 3461//6682 3452//6682
f 3465//6683 3456//6683 3460//6683
f 3466//6684 2344//6684 3462//6684
f 3466//6685 2345//6685 2344//6685
f 3466//6686 2346//6686 2345//6686
f 3466//6687 3457//6687 3461//6687
f 3466//6688 3462//6688 3457//6688
f 3467//6689 1318//6689 1410//6689
f 3467//6690 1410//6690 1411//6690
f 3467//6691 3463//6691 1318//6691
f 3468//6692 3464//6692 3455//6692
f 3468//6693 3455//6693 3459//6693
f 3469//6694 3465//6694 3460//6694
f 3470//6695 3466//6695 3461//6695
f 3470//6696 2346//6696 3466//6696
f 3470//6697 2347//6697 2346//6697
f 3470//6698 2348//6698 2347//6698
f 3471//6699 1411//6699 1412//6699
f 3471//6700 1412//6700 1413//6700
f 3471//6701 3467//6701 1411//6701
f 3472//6702 3459//6702 3463//6702
f 3472//6703 3468//6703 3459//6703
f 3473//6704 3460//6704 3464//6704
f 3473//6705 3469//6705 3460//6705
f 3474//6706 3461//6706 3465//6706
f 3474//6707 3465//6707 3469//6707
f 3474//6708 3470//6708 3461//6708
f 3474//6709 2349//6709 2348//6709
f 3474//6710 2350//6710 2349//6710
f 3474//6711 2348//6711 3470//6711
f 3475//6712 1413//6712 1414//6712
f 3475//6713 1414//6713 1415//6713
f 3475//6714 3471//6714 1413//6714
f 3476//6715 3463//6715 3467//6715
f 3476//6716 3472//6716 3463//6716
f 3477//6717 3464//6717 3468//6717
f 3477//6718 3473//6718 3464//6718
f 3478//6719 2350//6719 3474//6719
f 3478//6720 2351//6720 2350//6720
f 3478//6721 2352//6721 2351//6721
f 3478//6722 3469//6722 3473//6722
f 3478//6723 3474//6723 3469//6723
f 3479//6724 3475//6724 1415//6724
f 3479//6725 1415//6725 1416//6725
f 3479//6726 1416//6726 1417//6726
f 3480//6727 3467//6727 3471//6727
f 3480//6728 3471//6728 3475//6728
f 3480//6729 3476//6729 3467//6729
f 3481//6730 3468//6730 3472//6730
f 3481//6731 3477//6731 3468//6731
f 3482//6732 2353//6732 2352//6732
f 3482//6733 2354//6733 2353//6733
f 3482//6734 3478//6734 3473//6734
f 3482//6735 2352//6735 3478//6735
f 3483//6736 3479//6736 1417//6736
f 3483//6737 1417//6737 1418//6737
f 3483//6738 1418//6738 1419//6738
f 3484//6739 3480//6739 3475//6739
f 3485//6740 3472//6740 3476//6740
f 3485//6741 3481//6741 3472//6741
f 3486//6742 3473//6742 3477//6742
f 3486//6743 2354//6743 3482//6743
f 3486//6744 2355//6744 2354//6744
f 3486//6745 2356//6745 2355//6745
f 3486//6746 3482//6746 3473//6746
f 3487//6747 1419//6747 1420//6747
f 3487//6748 1420//6748 1421//6748
f 3487//6749 3483//6749 1419//6749
f 3488//6750 3475//6750 3479//6750
f 3488//6751 3484//6751 3475//6751
f 3489//6752 3485//6752 3476//6752
f 3489//6753 3476//6753 3480//6753
f 3490//6754 2357//6754 2356//6754
f 3490//6755 2358//6755 2357//6755
f 3490//6756 3477//6756 3481//6756
f 3490//6757 2356//6757 3486//6757
f 3490//6758 3486//6758 3477//6758
f 3491//6759 1423//6759 3255//6759
f 3491//6760 1421//6760 1422//6760
f 3491//6761 1422//6761 1423//6761
f 3491//6762 3487//6762 1421//6762
f 3492//6763 3479//6763 3483//6763
f 3492//6764 3488//6764 3479//6764
f 3493//6765 3480//6765 3484//6765
f 3493//6766 3489//6766 3480//6766
f 3494//6767 2359//6767 2358//6767
f 3494//6768 2360//6768 2359//6768
f 3494//6769 3490//6769 3481//6769
f 3494//6770 3481//6770 3485//6770
f 3494//6771 2358//6771 3490//6771
f 3495//6772 3487//6772 3491//6772
f 3495//6773 3492//6773 3483//6773
f 3495//6774 3483//6774 3487//6774
f 3496//6775 3493//6775 3484//6775
f 3496//6776 3484//6776 3488//6776
f 3497//6777 3489//6777 3493//6777
f 3497//6778 3494//6778 3485//6778
f 3497//6779 2361//6779 2360//6779
f 3497//6780 2362//6780 2361//6780
f 3497//6781 2360//6781 3494//6781
f 3497//6782 3485//6782 3489//6782
f 3498//6783 3255//6783 3261//6783
f 3498//6784 3491//6784 3255//6784
f 3498//6785 3495//6785 3491//6785
f 3499//6786 3496//6786 3488//6786
f 3499//6787 3488//6787 3492//6787
f 3500//6788 3497//6788 3493//6788
f 3500//6789 2362//6789 3497//6789
f 3500//6790 2363//6790 2362//6790
f 3500//6791 2364//6791 2363//6791
f 3500//6792 3493//6792 3496//6792
f 3501//6793 3495//6793 3498//6793
f 3501//6794 3499//6794 3492//6794
f 3501//6795 3492//6795 3495//6795
f 3502//6796 3500//6796 3496//6796
f 3502//6797 2364//6797 3500//6797
f 3502//6798 2365//6798 2364//6798
f 3502//6799 2366//6799 2365//6799
f 3503//6800 3498//6800 3261//6800
f 3503//6801 3261//6801 3267//6801
f 3503//6802 3501//6802 3498//6802
f 3504//6803 3502//6803 3496//6803
f 3504//6804 2366//6804 3502//6804
f 3504//6805 3496//6805 3499//6805
f 3504//6806 2367//6806 2366//6806
f 3504//6807 2368//6807 2367//6807
f 3505//6808 3499//6808 3501//6808
f 3505//6809 3504//6809 3499//6809
f 3505//6810 2368//6810 3504//6810
f 3505//6811 2369//6811 2368//6811
f 3505//6812 2370//6812 2369//6812
f 3506//6813 3267//6813 3256//6813
f 3506//6814 3503//6814 3267//6814
f 3506//6815 3501//6815 3503//6815
f 3506//6816 3505//6816 3501//6816
f 3506//6817 2370//6817 3505//6817
f 3506//6818 2371//6818 2370//6818
f 3506//6819 2372//6819 2371//6819
f 3506//6820 3256//6820 2372//6820
f 3507//6821 1735//6821 1736//6821
f 2374//6822 2373//6822 3508//6822
f 3507//6823 1733//6823 1735//6823
f 2373//6824 2498//6824 3508//6824
f 3509//6825 1736//6825 1744//6825
f 3509//6826 1744//6826 1739//6826
f 3509//6827 3507//6827 1736//6827
f 3510//6828 1739//6828 1738//6828
f 3510//6829 1738//6829 1740//6829
f 3510//6830 3509//6830 1739//6830
f 3511//6831 1740//6831 1741//6831
f 3511//6832 1741//6832 1742//6832
f 3511//6833 3510//6833 1740//6833
f 3512//6834 3513//6834 3507//6834
f 3512//6835 3507//6835 3509//6835
f 3514//6836 1742//6836 1743//6836
f 3514//6837 1743//6837 1746//6837
f 3514//6838 3511//6838 1742//6838
f 3515//6839 3509//6839 3510//6839
f 3515//6840 3512//6840 3509//6840
f 3516//6841 1746//6841 1747//6841
f 3516//6842 1747//6842 1748//6842
f 3516//6843 3514//6843 1746//6843
f 3517//6844 3510//6844 3511//6844
f 3517//6845 3515//6845 3510//6845
f 3518//6846 3519//6846 3513//6846
f 3518//6847 3513//6847 3512//6847
f 3520//6848 1748//6848 1749//6848
f 3520//6849 1749//6849 1750//6849
f 3520//6850 3516//6850 1748//6850
f 3521//6851 3511//6851 3514//6851
f 3521//6852 3517//6852 3511//6852
f 3522//6853 3518//6853 3512//6853
f 3522//6854 3512//6854 3515//6854
f 3523//6855 1750//6855 1751//6855
f 3523//6856 1751//6856 1752//6856
f 3523//6857 3520//6857 1750//6857
f 3524//6858 3521//6858 3514//6858
f 3524//6859 3514//6859 3516//6859
f 3525//6860 3515//6860 3517//6860
f 3525//6861 3522//6861 3515//6861
f 3526//6862 3508//6862 3519//6862
f 3526//6863 2374//6863 3508//6863
f 3526//6864 2375//6864 2374//6864
f 3526//6865 2376//6865 2375//6865
f 3526//6866 3519//6866 3518//6866
f 3526//6867 3518//6867 3522//6867
f 3527//6868 1752//6868 1753//6868
f 3527//6869 1753//6869 1755//6869
f 3527//6870 3523//6870 1752//6870
f 3528//6871 3516//6871 3520//6871
f 3528//6872 3524//6872 3516//6872
f 3529//6873 3517//6873 3521//6873
f 3529//6874 3525//6874 3517//6874
f 3530//6875 2377//6875 2376//6875
f 3530//6876 2378//6876 2377//6876
f 3530//6877 3526//6877 3522//6877
f 3530//6878 2376//6878 3526//6878
f 3531//6879 1755//6879 1756//6879
f 3531//6880 1756//6880 1757//6880
f 3531//6881 3527//6881 1755//6881
f 3532//6882 3520//6882 3523//6882
f 3532//6883 3528//6883 3520//6883
f 3533//6884 3529//6884 3521//6884
f 3533//6885 3521//6885 3524//6885
f 3534//6886 3530//6886 3522//6886
f 3534//6887 2378//6887 3530//6887
f 3534//6888 2379//6888 2378//6888
f 3534//6889 2380//6889 2379//6889
f 3534//6890 3522//6890 3525//6890
f 3534//6891 3525//6891 3529//6891
f 3535//6892 1757//6892 1758//6892
f 3535//6893 1758//6893 1759//6893
f 3535//6894 3531//6894 1757//6894
f 3536//6895 3532//6895 3523//6895
f 3536//6896 3523//6896 3527//6896
f 3537//6897 3524//6897 3528//6897
f 3537//6898 3533//6898 3524//6898
f 3538//6899 2381//6899 2380//6899
f 3538//6900 2382//6900 2381//6900
f 3538//6901 3534//6901 3529//6901
f 3538//6902 2380//6902 3534//6902
f 3539//6903 1759//6903 1760//6903
f 3539//6904 1760//6904 1761//6904
f 3539//6905 3535//6905 1759//6905
f 3540//6906 3536//6906 3527//6906
f 3540//6907 3527//6907 3531//6907
f 3541//6908 3537//6908 3528//6908
f 3541//6909 3528//6909 3532//6909
f 3542//6910 2382//6910 3538//6910
f 3542//6911 2383//6911 2382//6911
f 3542//6912 2384//6912 2383//6912
f 3542//6913 3529//6913 3533//6913
f 3542//6914 3538//6914 3529//6914
f 3543//6915 1761//6915 1762//6915
f 3543//6916 1762//6916 1763//6916
f 3543//6917 3539//6917 1761//6917
f 3544//6918 3540//6918 3531//6918
f 3544//6919 3531//6919 3535//6919
f 3545//6920 3532//6920 3536//6920
f 3545//6921 3541//6921 3532//6921
f 3546//6922 3533//6922 3537//6922
f 3546//6923 3542//6923 3533//6923
f 3546//6924 2385//6924 2384//6924
f 3546//6925 2386//6925 2385//6925
f 3546//6926 2384//6926 3542//6926
f 3547//6927 3543//6927 1763//6927
f 3547//6928 1763//6928 1764//6928
f 3547//6929 1764//6929 1765//6929
f 3548//6930 3544//6930 3535//6930
f 3548//6931 3535//6931 3539//6931
f 3549//6932 3536//6932 3540//6932
f 3549//6933 3545//6933 3536//6933
f 3550//6934 2387//6934 2386//6934
f 3550//6935 2388//6935 2387//6935
f 3550//6936 3541//6936 3545//6936
f 3550//6937 3546//6937 3537//6937
f 3550//6938 2386//6938 3546//6938
f 3550//6939 3537//6939 3541//6939
f 3551//6940 1765//6940 1766//6940
f 3551//6941 1766//6941 1767//6941
f 3551//6942 3547//6942 1765//6942
f 3552//6943 3548//6943 3539//6943
f 3552//6944 3539//6944 3543//6944
f 3553//6945 3540//6945 3544//6945
f 3553//6946 3549//6946 3540//6946
f 3553//6947 3544//6947 3548//6947
f 3554//6948 2388//6948 3550//6948
f 3554//6949 3550//6949 3545//6949
f 3554//6950 2389//6950 2388//6950
f 3554//6951 2390//6951 2389//6951
f 3555//6952 1767//6952 1768//6952
f 3555//6953 1768//6953 1769//6953
f 3555//6954 3551//6954 1767//6954
f 3556//6955 3552//6955 3543//6955
f 3556//6956 3547//6956 3551//6956
f 3556//6957 3543//6957 3547//6957
f 3557//6958 3548//6958 3552//6958
f 3557//6959 3553//6959 3548//6959
f 3558//6960 2390//6960 3554//6960
f 3558//6961 2391//6961 2390//6961
f 3558//6962 2392//6962 2391//6962
f 3558//6963 3545//6963 3549//6963
f 3558//6964 3554//6964 3545//6964
f 3559//6965 1769//6965 1734//6965
f 3559//6966 1734//6966 1732//6966
f 3559//6967 3555//6967 1769//6967
f 3560//6968 3556//6968 3551//6968
f 3561//6969 3557//6969 3552//6969
f 3562//6970 3558//6970 3549//6970
f 3562//6971 2392//6971 3558//6971
f 3562//6972 2393//6972 2392//6972
f 3562//6973 2394//6973 2393//6973
f 3562//6974 3549//6974 3553//6974
f 3563//6975 3559//6975 1732//6975
f 3563//6976 1732//6976 1730//6976
f 3563//6977 1730//6977 1728//6977
f 3564//6978 3551//6978 3555//6978
f 3564//6979 3555//6979 3559//6979
f 3564//6980 3560//6980 3551//6980
f 3565//6981 3552//6981 3556//6981
f 3565//6982 3561//6982 3552//6982
f 3566//6983 3553//6983 3557//6983
f 3566//6984 3562//6984 3553//6984
f 3566//6985 2395//6985 2394//6985
f 3566//6986 2396//6986 2395//6986
f 3566//6987 2394//6987 3562//6987
f 3567//6988 1728//6988 1712//6988
f 3567//6989 1712//6989 1711//6989
f 3567//6990 3563//6990 1728//6990
f 3568//6991 3564//6991 3559//6991
f 3569//6992 3565//6992 3556//6992
f 3569//6993 3556//6993 3560//6993
f 3570//6994 2396//6994 3566//6994
f 3570//6995 3566//6995 3557//6995
f 3570//6996 2397//6996 2396//6996
f 3570//6997 2398//6997 2397//6997
f 3570//6998 3557//6998 3561//6998
f 3571//6999 1711//6999 1710//6999
f 3571//7000 1710//7000 1709//7000
f 3571//7001 3567//7001 1711//7001
f 3572//7002 3563//7002 3567//7002
f 3572//7003 3568//7003 3559//7003
f 3572//7004 3559//7004 3563//7004
f 3573//7005 3560//7005 3564//7005
f 3573//7006 3564//7006 3568//7006
f 3573//7007 3569//7007 3560//7007
f 3574//7008 2398//7008 3570//7008
f 3574//7009 2399//7009 2398//7009
f 3574//7010 2400//7010 2399//7010
f 3574//7011 3565//7011 3569//7011
f 3574//7012 3561//7012 3565//7012
f 3574//7013 3570//7013 3561//7013
f 3575//7014 3571//7014 1709//7014
f 3575//7015 1709//7015 1708//7015
f 3575//7016 1708//7016 1707//7016
f 3576//7017 3572//7017 3567//7017
f 3576//7018 3567//7018 3571//7018
f 3577//7019 3573//7019 3568//7019
f 3578//7020 2400//7020 3574//7020
f 3578//7021 2401//7021 2400//7021
f 3578//7022 2402//7022 2401//7022
f 3578//7023 3574//7023 3569//7023
f 3579//7024 3575//7024 1707//7024
f 3579//7025 1707//7025 1706//7025
f 3579//7026 1706//7026 1704//7026
f 3580//7027 3576//7027 3571//7027
f 3580//7028 3571//7028 3575//7028
f 3581//7029 3577//7029 3568//7029
f 3581//7030 3568//7030 3572//7030
f 3582//7031 3578//7031 3569//7031
f 3582//7032 3569//7032 3573//7032
f 3582//7033 2403//7033 2402//7033
f 3582//7034 2404//7034 2403//7034
f 3582//7035 3573//7035 3577//7035
f 3582//7036 2402//7036 3578//7036
f 3583//7037 1704//7037 1703//7037
f 3583//7038 1703//7038 1702//7038
f 3583//7039 3579//7039 1704//7039
f 3584//7040 3580//7040 3575//7040
f 3585//7041 3581//7041 3572//7041
f 3585//7042 3572//7042 3576//7042
f 3586//7043 2404//7043 3582//7043
f 3586//7044 2405//7044 2404//7044
f 3586//7045 2406//7045 2405//7045
f 3586//7046 3582//7046 3577//7046
f 3587//7047 3583//7047 1702//7047
f 3587//7048 1702//7048 1700//7048
f 3587//7049 1700//7049 1697//7049
f 3588//7050 3584//7050 3575//7050
f 3588//7051 3575//7051 3579//7051
f 3588//7052 3579//7052 3583//7052
f 3589//7053 3576//7053 3580//7053
f 3589//7054 3585//7054 3576//7054
f 3590//7055 3586//7055 3577//7055
f 3590//7056 2407//7056 2406//7056
f 3590//7057 2408//7057 2407//7057
f 3590//7058 2406//7058 3586//7058
f 3590//7059 3581//7059 3585//7059
f 3590//7060 3577//7060 3581//7060
f 3591//7061 3587//7061 1697//7061
f 3591//7062 1697//7062 1694//7062
f 3591//7063 1694//7063 1690//7063
f 3592//7064 3588//7064 3583//7064
f 3593//7065 3580//7065 3584//7065
f 3593//7066 3589//7066 3580//7066
f 3594//7067 2408//7067 3590//7067
f 3594//7068 2409//7068 2408//7068
f 3594//7069 2410//7069 2409//7069
f 3594//7070 3590//7070 3585//7070
f 3595//7071 1690//7071 1686//7071
f 3595//7072 1686//7072 1681//7072
f 3595//7073 3591//7073 1690//7073
f 3596//7074 3583//7074 3587//7074
f 3596//7075 3592//7075 3583//7075
f 3597//7076 3593//7076 3584//7076
f 3597//7077 3584//7077 3588//7077
f 3598//7078 3589//7078 3593//7078
f 3598//7079 3594//7079 3585//7079
f 3598//7080 2410//7080 3594//7080
f 3598//7081 3585//7081 3589//7081
f 3598//7082 2411//7082 2410//7082
f 3598//7083 2412//7083 2411//7083
f 3599//7084 1681//7084 1675//7084
f 3599//7085 1675//7085 1670//7085
f 3599//7086 3595//7086 1681//7086
f 3600//7087 3587//7087 3591//7087
f 3600//7088 3596//7088 3587//7088
f 3601//7089 3588//7089 3592//7089
f 3601//7090 3597//7090 3588//7090
f 3602//7091 2412//7091 3598//7091
f 3602//7092 3598//7092 3593//7092
f 3602//7093 2413//7093 2412//7093
f 3602//7094 2414//7094 2413//7094
f 3603//7095 1670//7095 1664//7095
f 3603//7096 1664//7096 1658//7096
f 3603//7097 3599//7097 1670//7097
f 3604//7098 3600//7098 3591//7098
f 3604//7099 3591//7099 3595//7099
f 3605//7100 3601//7100 3592//7100
f 3605//7101 3592//7101 3596//7101
f 3606//7102 3597//7102 3601//7102
f 3606//7103 3602//7103 3593//7103
f 3606//7104 3593//7104 3597//7104
f 3606//7105 2415//7105 2414//7105
f 3606//7106 2416//7106 2415//7106
f 3606//7107 2414//7107 3602//7107
f 3607//7108 3603//7108 1658//7108
f 3607//7109 1658//7109 1655//7109
f 3607//7110 1655//7110 1653//7110
f 3608//7111 3595//7111 3599//7111
f 3608//7112 3599//7112 3603//7112
f 3608//7113 3604//7113 3595//7113
f 3609//7114 3596//7114 3600//7114
f 3609//7115 3605//7115 3596//7115
f 3610//7116 3606//7116 3601//7116
f 3610//7117 3601//7117 3605//7117
f 3610//7118 2417//7118 2416//7118
f 3610//7119 2418//7119 2417//7119
f 3610//7120 2416//7120 3606//7120
f 3611//7121 3607//7121 1653//7121
f 3611//7122 1653//7122 1629//7122
f 3611//7123 1629//7123 1628//7123
f 3612//7124 3608//7124 3603//7124
f 3613//7125 3600//7125 3604//7125
f 3613//7126 3609//7126 3600//7126
f 3613//7127 3604//7127 3608//7127
f 3614//7128 3610//7128 3605//7128
f 3614//7129 2418//7129 3610//7129
f 3614//7130 2419//7130 2418//7130
f 3614//7131 2420//7131 2419//7131
f 3615//7132 1628//7132 1630//7132
f 3615//7133 1630//7133 1631//7133
f 3615//7134 3611//7134 1628//7134
f 3616//7135 3612//7135 3603//7135
f 3616//7136 3603//7136 3607//7136
f 3617//7137 3613//7137 3608//7137
f 3618//7138 2420//7138 3614//7138
f 3618//7139 3614//7139 3605//7139
f 3618//7140 2421//7140 2420//7140
f 3618//7141 2422//7141 2421//7141
f 3618//7142 3605//7142 3609//7142
f 3619//7143 3615//7143 1631//7143
f 3619//7144 1631//7144 1868//7144
f 3619//7145 1868//7145 1855//7145
f 3620//7146 3607//7146 3611//7146
f 3620//7147 3616//7147 3607//7147
f 3621//7148 3608//7148 3612//7148
f 3621//7149 3617//7149 3608//7149
f 3622//7150 3609//7150 3613//7150
f 3622//7151 3618//7151 3609//7151
f 3622//7152 2422//7152 3618//7152
f 3622//7153 2423//7153 2422//7153
f 3622//7154 2424//7154 2423//7154
f 3623//7155 3619//7155 1855//7155
f 3623//7156 1855//7156 1856//7156
f 3623//7157 1856//7157 1857//7157
f 3624//7158 3611//7158 3615//7158
f 3624//7159 3620//7159 3611//7159
f 3625//7160 3612//7160 3616//7160
f 3625//7161 3621//7161 3612//7161
f 3626//7162 3617//7162 3621//7162
f 3626//7163 3622//7163 3613//7163
f 3626//7164 3613//7164 3617//7164
f 3626//7165 2424//7165 3622//7165
f 3626//7166 2425//7166 2424//7166
f 3626//7167 2426//7167 2425//7167
f 3627//7168 3623//7168 1857//7168
f 3627//7169 1857//7169 1858//7169
f 3627//7170 1858//7170 1859//7170
f 3628//7171 3615//7171 3619//7171
f 3628//7172 3624//7172 3615//7172
f 3628//7173 3619//7173 3623//7173
f 3629//7174 3620//7174 3624//7174
f 3629//7175 3625//7175 3616//7175
f 3629//7176 3616//7176 3620//7176
f 3630//7177 3626//7177 3621//7177
f 3630//7178 2426//7178 3626//7178
f 3630//7179 2427//7179 2426//7179
f 3630//7180 2428//7180 2427//7180
f 3631//7181 1859//7181 1860//7181
f 3631//7182 1860//7182 1861//7182
f 3631//7183 3627//7183 1859//7183
f 3632//7184 3628//7184 3623//7184
f 3632//7185 3623//7185 3627//7185
f 3633//7186 3629//7186 3624//7186
f 3634//7187 3621//7187 3625//7187
f 3634//7188 3630//7188 3621//7188
f 3634//7189 2428//7189 3630//7189
f 3634//7190 2429//7190 2428//7190
f 3634//7191 2430//7191 2429//7191
f 3635//7192 3631//7192 1861//7192
f 3635//7193 1861//7193 1862//7193
f 3635//7194 1862//7194 1863//7194
f 3636//7195 3632//7195 3627//7195
f 3637//7196 3624//7196 3628//7196
f 3637//7197 3633//7197 3624//7197
f 3638//7198 3625//7198 3629//7198
f 3638//7199 3634//7199 3625//7199
f 3638//7200 2430//7200 3634//7200
f 3638//7201 2431//7201 2430//7201
f 3638//7202 2432//7202 2431//7202
f 3639//7203 3635//7203 1863//7203
f 3639//7204 1863//7204 1864//7204
f 3639//7205 1864//7205 1865//7205
f 3640//7206 3627//7206 3631//7206
f 3640//7207 3636//7207 3627//7207
f 3641//7208 3628//7208 3632//7208
f 3641//7209 3637//7209 3628//7209
f 3641//7210 3632//7210 3636//7210
f 3642//7211 3629//7211 3633//7211
f 3642//7212 3633//7212 3637//7212
f 3642//7213 3638//7213 3629//7213
f 3642//7214 2432//7214 3638//7214
f 3642//7215 2433//7215 2432//7215
f 3642//7216 2434//7216 2433//7216
f 3643//7217 1865//7217 1866//7217
f 3643//7218 1866//7218 1867//7218
f 3643//7219 3639//7219 1865//7219
f 3644//7220 3640//7220 3631//7220
f 3644//7221 3631//7221 3635//7221
f 3645//7222 3636//7222 3640//7222
f 3645//7223 3641//7223 3636//7223
f 3646//7224 2434//7224 3642//7224
f 3646//7225 3642//7225 3637//7225
f 3646//7226 2435//7226 2434//7226
f 3646//7227 2436//7227 2435//7227
f 3647//7228 3643//7228 1867//7228
f 3647//7229 1867//7229 1604//7229
f 3647//7230 1604//7230 1602//7230
f 3648//7231 3635//7231 3639//7231
f 3648//7232 3644//7232 3635//7232
f 3649//7233 3640//7233 3644//7233
f 3649//7234 3645//7234 3640//7234
f 3650//7235 3637//7235 3641//7235
f 3650//7236 3646//7236 3637//7236
f 3650//7237 2436//7237 3646//7237
f 3650//7238 2437//7238 2436//7238
f 3650//7239 2438//7239 2437//7239
f 3651//7240 3647//7240 1602//7240
f 3651//7241 1602//7241 1598//7241
f 3651//7242 1598//7242 1600//7242
f 3652//7243 3648//7243 3639//7243
f 3652//7244 3639//7244 3643//7244
f 3653//7245 3649//7245 3644//7245
f 3654//7246 2439//7246 2438//7246
f 3654//7247 2440//7247 2439//7247
f 3654//7248 3650//7248 3641//7248
f 3654//7249 3641//7249 3645//7249
f 3654//7250 2438//7250 3650//7250
f 3655//7251 3651//7251 1600//7251
f 3655//7252 1600//7252 1601//7252
f 3655//7253 1601//7253 1603//7253
f 3656//7254 3643//7254 3647//7254
f 3656//7255 3652//7255 3643//7255
f 3657//7256 3644//7256 3648//7256
f 3657//7257 3653//7257 3644//7257
f 3658//7258 2441//7258 2440//7258
f 3658//7259 2442//7259 2441//7259
f 3658//7260 2440//7260 3654//7260
f 3658//7261 3654//7261 3645//7261
f 3658//7262 3645//7262 3649//7262
f 3659//7263 3655//7263 1603//7263
f 3659//7264 1603//7264 1605//7264
f 3659//7265 1605//7265 1606//7265
f 3660//7266 3647//7266 3651//7266
f 3660//7267 3656//7267 3647//7267
f 3661//7268 3652//7268 3656//7268
f 3661//7269 3657//7269 3648//7269
f 3661//7270 3648//7270 3652//7270
f 3662//7271 2443//7271 2442//7271
f 3662//7272 2444//7272 2443//7272
f 3662//7273 3649//7273 3653//7273
f 3662//7274 2442//7274 3658//7274
f 3662//7275 3658//7275 3649//7275
f 3663//7276 3659//7276 1606//7276
f 3663//7277 1606//7277 1607//7277
f 3663//7278 1607//7278 1608//7278
f 3664//7279 3660//7279 3651//7279
f 3664//7280 3651//7280 3655//7280
f 3665//7281 3661//7281 3656//7281
f 3666//7282 2445//7282 2444//7282
f 3666//7283 2446//7283 2445//7283
f 3666//7284 2444//7284 3662//7284
f 3666//7285 3662//7285 3653//7285
f 3666//7286 3653//7286 3657//7286
f 3667//7287 3663//7287 1608//7287
f 3667//7288 1608//7288 1609//7288
f 3667//7289 1609//7289 1610//7289
f 3668//7290 3664//7290 3655//7290
f 3668//7291 3655//7291 3659//7291
f 3669//7292 3660//7292 3664//7292
f 3669//7293 3656//7293 3660//7293
f 3669//7294 3665//7294 3656//7294
f 3670//7295 2447//7295 2446//7295
f 3670//7296 2448//7296 2447//7296
f 3670//7297 2446//7297 3666//7297
f 3670//7298 3657//7298 3661//7298
f 3670//7299 3666//7299 3657//7299
f 3671//7300 3667//7300 1610//7300
f 3671//7301 1610//7301 1611//7301
f 3671//7302 1611//7302 1612//7302
f 3672//7303 3659//7303 3663//7303
f 3672//7304 3668//7304 3659//7304
f 3673//7305 3669//7305 3664//7305
f 3673//7306 3664//7306 3668//7306
f 3674//7307 2449//7307 2448//7307
f 3674//7308 2450//7308 2449//7308
f 3674//7309 2448//7309 3670//7309
f 3674//7310 3661//7310 3665//7310
f 3674//7311 3670//7311 3661//7311
f 3675//7312 3671//7312 1612//7312
f 3675//7313 1612//7313 1613//7313
f 3675//7314 1613//7314 1614//7314
f 3676//7315 3663//7315 3667//7315
f 3676//7316 3672//7316 3663//7316
f 3677//7317 3673//7317 3668//7317
f 3678//7318 3674//7318 3665//7318
f 3678//7319 2451//7319 2450//7319
f 3678//7320 2452//7320 2451//7320
f 3678//7321 2450//7321 3674//7321
f 3678//7322 3665//7322 3669//7322
f 3679//7323 3675//7323 1614//7323
f 3679//7324 1614//7324 1615//7324
f 3679//7325 1615//7325 1616//7325
f 3680//7326 3676//7326 3667//7326
f 3680//7327 3667//7327 3671//7327
f 3681//7328 3677//7328 3668//7328
f 3681//7329 3672//7329 3676//7329
f 3681//7330 3668//7330 3672//7330
f 3682//7331 2453//7331 2452//7331
f 3682//7332 3678//7332 3669//7332
f 3682//7333 2454//7333 2453//7333
f 3682//7334 2452//7334 3678//7334
f 3682//7335 3669//7335 3673//7335
f 3683//7336 3679//7336 1616//7336
f 3683//7337 1616//7337 1617//7337
f 3683//7338 1617//7338 1618//7338
f 3684//7339 3680//7339 3671//7339
f 3684//7340 3671//7340 3675//7340
f 3685//7341 3681//7341 3676//7341
f 3686//7342 3682//7342 3673//7342
f 3686//7343 3673//7343 3677//7343
f 3686//7344 2455//7344 2454//7344
f 3686//7345 2456//7345 2455//7345
f 3686//7346 2454//7346 3682//7346
f 3687//7347 1618//7347 1619//7347
f 3687//7348 1619//7348 1622//7348
f 3687//7349 3683//7349 1618//7349
f 3688//7350 3684//7350 3675//7350
f 3688//7351 3675//7351 3679//7351
f 3689//7352 3676//7352 3680//7352
f 3689//7353 3685//7353 3676//7353
f 3689//7354 3680//7354 3684//7354
f 3690//7355 2456//7355 3686//7355
f 3690//7356 2457//7356 2456//7356
f 3690//7357 2458//7357 2457//7357
f 3690//7358 3686//7358 3677//7358
f 3690//7359 3677//7359 3681//7359
f 3690//7360 3681//7360 3685//7360
f 3691//7361 1622//7361 1624//7361
f 3691//7362 1624//7362 1625//7362
f 3691//7363 3687//7363 1622//7363
f 3692//7364 3688//7364 3679//7364
f 3692//7365 3683//7365 3687//7365
f 3692//7366 3679//7366 3683//7366
f 3693//7367 3684//7367 3688//7367
f 3693//7368 3689//7368 3684//7368
f 3694//7369 2459//7369 2458//7369
f 3694//7370 2460//7370 2459//7370
f 3694//7371 2458//7371 3690//7371
f 3694//7372 3690//7372 3685//7372
f 3695//7373 1625//7373 1626//7373
f 3695//7374 1626//7374 1654//7374
f 3695//7375 3691//7375 1625//7375
f 3696//7376 3692//7376 3687//7376
f 3697//7377 3693//7377 3688//7377
f 3698//7378 3685//7378 3689//7378
f 3698//7379 2461//7379 2460//7379
f 3698//7380 2462//7380 2461//7380
f 3698//7381 2460//7381 3694//7381
f 3698//7382 3694//7382 3685//7382
f 3699//7383 1654//7383 1657//7383
f 3699//7384 1657//7384 1663//7384
f 3699//7385 3695//7385 1654//7385
f 3700//7386 3687//7386 3691//7386
f 3700//7387 3696//7387 3687//7387
f 3701//7388 3688//7388 3692//7388
f 3701//7389 3697//7389 3688//7389
f 3702//7390 2462//7390 3698//7390
f 3702//7391 2463//7391 2462//7391
f 3702//7392 2464//7392 2463//7392
f 3702//7393 3689//7393 3693//7393
f 3702//7394 3698//7394 3689//7394
f 3703//7395 3699//7395 1663//7395
f 3703//7396 1663//7396 1669//7396
f 3703//7397 1669//7397 1674//7397
f 3704//7398 3691//7398 3695//7398
f 3704//7399 3700//7399 3691//7399
f 3705//7400 3701//7400 3692//7400
f 3705//7401 3692//7401 3696//7401
f 3705//7402 3696//7402 3700//7402
f 3706//7403 2464//7403 3702//7403
f 3706//7404 3693//7404 3697//7404
f 3706//7405 2465//7405 2464//7405
f 3706//7406 2466//7406 2465//7406
f 3706//7407 3702//7407 3693//7407
f 3707//7408 1674//7408 1680//7408
f 3707//7409 1680//7409 1685//7409
f 3707//7410 3703//7410 1674//7410
f 3708//7411 3704//7411 3695//7411
f 3708//7412 3695//7412 3699//7412
f 3709//7413 3705//7413 3700//7413
f 3710//7414 2466//7414 3706//7414
f 3710//7415 2467//7415 2466//7415
f 3710//7416 2468//7416 2467//7416
f 3710//7417 3697//7417 3701//7417
f 3710//7418 3706//7418 3697//7418
f 3710//7419 3701//7419 3705//7419
f 3711//7420 1685//7420 1689//7420
f 3711//7421 1689//7421 1715//7421
f 3711//7422 3707//7422 1685//7422
f 3712//7423 3699//7423 3703//7423
f 3712//7424 3708//7424 3699//7424
f 3713//7425 3700//7425 3704//7425
f 3713//7426 3709//7426 3700//7426
f 3713//7427 3704//7427 3708//7427
f 3714//7428 2469//7428 2468//7428
f 3714//7429 2470//7429 2469//7429
f 3714//7430 2468//7430 3710//7430
f 3714//7431 3710//7431 3705//7431
f 3715//7432 1715//7432 1714//7432
f 3715//7433 1714//7433 1716//7433
f 3715//7434 3711//7434 1715//7434
f 3716//7435 3712//7435 3703//7435
f 3716//7436 3703//7436 3707//7436
f 3717//7437 3708//7437 3712//7437
f 3717//7438 3713//7438 3708//7438
f 3718//7439 3705//7439 3709//7439
f 3718//7440 2471//7440 2470//7440
f 3718//7441 2470//7441 3714//7441
f 3718//7442 2472//7442 2471//7442
f 3718//7443 3714//7443 3705//7443
f 3719//7444 3715//7444 1716//7444
f 3719//7445 1716//7445 1717//7445
f 3719//7446 1717//7446 1718//7446
f 3720//7447 3716//7447 3707//7447
f 3720//7448 3707//7448 3711//7448
f 3721//7449 3717//7449 3712//7449
f 3722//7450 3713//7450 3717//7450
f 3722//7451 2472//7451 3718//7451
f 3722//7452 2473//7452 2472//7452
f 3722//7453 2474//7453 2473//7453
f 3722//7454 3709//7454 3713//7454
f 3722//7455 3718//7455 3709//7455
f 3723//7456 1718//7456 1719//7456
f 3723//7457 1719//7457 1720//7457
f 3723//7458 3719//7458 1718//7458
f 3724//7459 3711//7459 3715//7459
f 3724//7460 3720//7460 3711//7460
f 3725//7461 3712//7461 3716//7461
f 3725//7462 3721//7462 3712//7462
f 3726//7463 2474//7463 3722//7463
f 3726//7464 3717//7464 3721//7464
f 3726//7465 3722//7465 3717//7465
f 3726//7466 2475//7466 2474//7466
f 3726//7467 2476//7467 2475//7467
f 3727//7468 1720//7468 1721//7468
f 3727//7469 1721//7469 1722//7469
f 3727//7470 3723//7470 1720//7470
f 3728//7471 3724//7471 3715//7471
f 3728//7472 3715//7472 3719//7472
f 3729//7473 3716//7473 3720//7473
f 3729//7474 3725//7474 3716//7474
f 3730//7475 2477//7475 2476//7475
f 3730//7476 2478//7476 2477//7476
f 3730//7477 3726//7477 3721//7477
f 3730//7478 2476//7478 3726//7478
f 3731//7479 1722//7479 1723//7479
f 3731//7480 1723//7480 1724//7480
f 3731//7481 3727//7481 1722//7481
f 3732//7482 3728//7482 3719//7482
f 3732//7483 3719//7483 3723//7483
f 3733//7484 3720//7484 3724//7484
f 3733//7485 3729//7485 3720//7485
f 3734//7486 2478//7486 3730//7486
f 3734//7487 3721//7487 3725//7487
f 3734//7488 2479//7488 2478//7488
f 3734//7489 2480//7489 2479//7489
f 3734//7490 3730//7490 3721//7490
f 3735//7491 1724//7491 1725//7491
f 3735//7492 1725//7492 1726//7492
f 3735//7493 3731//7493 1724//7493
f 3736//7494 3723//7494 3727//7494
f 3736//7495 3732//7495 3723//7495
f 3737//7496 3724//7496 3728//7496
f 3737//7497 3728//7497 3732//7497
f 3737//7498 3733//7498 3724//7498
f 3738//7499 2481//7499 2480//7499
f 3738//7500 2482//7500 2481//7500
f 3738//7501 3725//7501 3729//7501
f 3738//7502 2480//7502 3734//7502
f 3738//7503 3734//7503 3725//7503
f 3738//7504 3729//7504 3733//7504
f 3739//7505 1726//7505 1727//7505
f 3739//7506 1727//7506 1729//7506
f 3739//7507 3735//7507 1726//7507
f 3740//7508 3727//7508 3731//7508
f 3740//7509 3736//7509 3727//7509
f 3741//7510 3737//7510 3732//7510
f 3742//7511 2483//7511 2482//7511
f 3742//7512 2484//7512 2483//7512
f 3742//7513 3733//7513 3737//7513
f 3742//7514 2482//7514 3738//7514
f 3742//7515 3738//7515 3733//7515
f 3743//7516 1729//7516 1731//7516
f 3743//7517 1731//7517 1733//7517
f 3743//7518 1733//7518 3507//7518
f 3743//7519 3739//7519 1729//7519
f 3744//7520 3740//7520 3731//7520
f 3744//7521 3731//7521 3735//7521
f 3745//7522 3741//7522 3732//7522
f 3745//7523 3736//7523 3740//7523
f 3745//7524 3732//7524 3736//7524
f 3746//7525 2485//7525 2484//7525
f 3746//7526 2486//7526 2485//7526
f 3746//7527 2484//7527 3742//7527
f 3746//7528 3742//7528 3737//7528
f 3747//7529 3744//7529 3735//7529
f 3747//7530 3735//7530 3739//7530
f 3748//7531 3745//7531 3740//7531
f 3749//7532 3737//7532 3741//7532
f 3749//7533 3746//7533 3737//7533
f 3749//7534 2487//7534 2486//7534
f 3749//7535 2488//7535 2487//7535
f 3749//7536 2486//7536 3746//7536
f 3750//7537 3743//7537 3507//7537
f 3750//7538 3739//7538 3743//7538
f 3750//7539 3747//7539 3739//7539
f 3750//7540 3507//7540 3513//7540
f 3750//7541 3513//7541 3519//7541
f 3751//7542 3748//7542 3740//7542
f 3751//7543 3740//7543 3744//7543
f 3751//7544 3744//7544 3747//7544
f 3752//7545 3741//7545 3745//7545
f 3752//7546 3749//7546 3741//7546
f 3752//7547 3745//7547 3748//7547
f 3752//7548 2489//7548 2488//7548
f 3752//7549 2490//7549 2489//7549
f 3752//7550 2488//7550 3749//7550
f 3753//7551 3751//7551 3747//7551
f 3754//7552 3752//7552 3748//7552
f 3754//7553 2490//7553 3752//7553
f 3754//7554 2491//7554 2490//7554
f 3754//7555 2492//7555 2491//7555
f 3755//7556 3747//7556 3750//7556
f 3755//7557 3750//7557 3519//7557
f 3755//7558 3753//7558 3747//7558
f 3756//7559 3748//7559 3751//7559
f 3756//7560 2492//7560 3754//7560
f 3756//7561 2493//7561 2492//7561
f 3756//7562 2494//7562 2493//7562
f 3756//7563 3751//7563 3753//7563
f 3756//7564 3754//7564 3748//7564
f 3757//7565 3756//7565 3753//7565
f 3757//7566 2494//7566 3756//7566
f 3757//7567 2495//7567 2494//7567
f 3757//7568 2496//7568 2495//7568
f 3758//7569 3519//7569 3508//7569
f 3758//7570 3755//7570 3519//7570
f 3758//7571 3753//7571 3755//7571
f 3758//7572 3757//7572 3753//7572
f 3758//7573 2496//7573 3757//7573
f 3758//7574 2497//7574 2496//7574
f 3758//7575 2498//7575 2497//7575
f 3758//7576 3508//7576 2498//7576
