# Object Export From Tinkercad Server 2015

mtllib obj.mtl

o obj_0
v 21.402 		-14.192 		2.998
v 21.141 		-14.085 		2.998
v 21.219 		-14.3 		2.998
v 21.241 		-13.865 		2.998
v 21.086 		-13.863 		2.998
v 21.083 		-13.863 		2.998
v 21.08 		-13.864 		2.998
v 21.077 		-13.866 		2.998
v 21.204 		-13.859 		2.998
v 21.155 		-13.859 		2.998
v 21.091 		-13.862 		2.998
v 21.088 		-13.862 		2.998
v 21.064 		-13.87 		2.998
v 21.069 		-13.868 		2.998
v 21.347 		-14.036 		2.998
v 21.308 		-13.93 		2.998
v 21.29 		-13.898 		2.998
v 21.268 		-13.877 		2.998
v 21.326 		-13.976 		2.998
v 22.301 		-13.905 		2.998
v 22.278 		-13.95 		2.998
v 22.219 		-14.119 		2.998
v 22.394 		-13.857 		2.998
v 22.359 		-13.862 		2.998
v 22.328 		-13.877 		2.998
v 21.016 		-12.086 		2.998
v 21.016 		-11.39 		2.998
v 19.288 		-8.089 		2.998
v 18.541 		-8.089 		2.998
v 17.923 		-8.088 		2.998
v 22.4 		-18.5 		4
v 22.4 		-18.5 		0
v 22.4 		-22.5 		0
v 22.4 		-22.5 		4
v 22.507 		-13.863 		4
v 22.507 		-13.863 		2.998
v 22.43 		-13.858 		2.998
v 22.43 		-13.858 		4
v 22.468 		-13.861 		2.998
v 22.468 		-13.861 		4
v 22.466 		-14.078 		4
v 22.466 		-14.078 		2.998
v 23.46 		-15.63 		4
v 23.46 		-15.63 		2.998
v 23.378 		-15.616 		2.998
v 23.378 		-15.616 		4
v 23.298 		-15.593 		4
v 23.298 		-15.593 		2.998
v 23.223 		-15.562 		2.998
v 23.223 		-15.562 		4
v 23.151 		-15.522 		2.998
v 23.151 		-15.522 		4
v 23.464 		-15.412 		4
v 23.464 		-15.412 		2.998
v 23.355 		-15.38 		4
v 23.355 		-15.38 		2.998
v 23.545 		-15.637 		2.998
v 23.545 		-15.637 		4
v 23.083 		-15.472 		4
v 23.083 		-15.472 		2.998
v 23.02 		-15.412 		2.998
v 23.02 		-15.412 		4
v 22.835 		-15.117 		2.998
v 22.882 		-15.22 		2.998
v 22.802 		-15.01 		2.998
v 22.782 		-14.899 		2.998
v 22.943 		-15.319 		2.998
v 23.028 		-14.899 		2.998
v 23.049 		-15.008 		2.998
v 23.082 		-15.108 		2.998
v 23.188 		-15.271 		2.998
v 23.128 		-15.196 		2.998
v 23.264 		-15.333 		2.998
v 22.776 		-14.668 		2.998
v 23.018 		-14.591 		2.998
v 22.826 		-14.368 		2.998
v 22.789 		-14.549 		2.998
v 22.798 		-14.488 		2.998
v 22.811 		-14.427 		2.998
v 23.031 		-14.518 		2.998
v 23.047 		-14.447 		2.998
v 23.067 		-14.378 		2.998
v 23.018 		-14.78 		2.998
v 22.774 		-14.785 		2.998
v 22.835 		-15.117 		4
v 22.882 		-15.22 		4
v 22.802 		-15.01 		4
v 22.782 		-14.899 		4
v 22.943 		-15.319 		4
v 23.028 		-14.899 		4
v 23.049 		-15.008 		4
v 23.082 		-15.108 		4
v 23.128 		-15.196 		4
v 23.188 		-15.271 		4
v 23.264 		-15.333 		4
v 22.776 		-14.668 		4
v 23.018 		-14.591 		4
v 22.826 		-14.368 		4
v 22.789 		-14.549 		4
v 22.798 		-14.488 		4
v 22.811 		-14.427 		4
v 23.047 		-14.447 		4
v 23.031 		-14.518 		4
v 23.067 		-14.378 		4
v 23.018 		-14.78 		4
v 22.774 		-14.785 		4
v 24.134 		-15.441 		4
v 24.134 		-15.441 		2.998
v 24.042 		-15.508 		2.998
v 24.042 		-15.508 		4
v 23.944 		-15.561 		2.998
v 23.944 		-15.561 		4
v 23.841 		-15.601 		2.998
v 23.841 		-15.601 		4
v 23.736 		-15.626 		2.998
v 23.736 		-15.626 		4
v 23.632 		-15.637 		2.998
v 23.632 		-15.637 		4
v 24.214 		-15.362 		2.998
v 24.214 		-15.362 		4
v 23.834 		-15.384 		4
v 23.834 		-15.384 		2.998
v 23.747 		-15.412 		4
v 23.747 		-15.412 		2.998
v 23.656 		-15.426 		4
v 23.656 		-15.426 		2.998
v 23.561 		-15.425 		2.998
v 23.561 		-15.425 		4
v 23.917 		-15.338 		2.998
v 23.995 		-15.275 		2.998
v 24.068 		-15.192 		2.998
v 24.282 		-15.27 		2.998
v 24.184 		-15.108 		2.998
v 24.159 		-15.098 		2.998
v 24.135 		-15.088 		2.998
v 24.258 		-15.137 		2.998
v 24.308 		-15.157 		2.998
v 24.333 		-15.166 		2.998
v 24.37 		-14.623 		2.998
v 24.375 		-14.674 		2.998
v 24.381 		-14.726 		2.998
v 24.388 		-14.78 		2.998
v 24.124 		-14.476 		2.998
v 24.127 		-14.495 		2.998
v 24.13 		-14.513 		2.998
v 24.142 		-14.591 		2.998
v 24.095 		-14.372 		2.998
v 24.133 		-14.532 		2.998
v 24.135 		-14.551 		2.998
v 24.138 		-14.571 		2.998
v 24.12 		-14.458 		2.998
v 24.116 		-14.441 		2.998
v 24.358 		-14.525 		2.998
v 24.364 		-14.573 		2.998
v 24.329 		-14.386 		2.998
v 24.341 		-14.431 		2.998
v 24.35 		-14.478 		2.998
v 23.917 		-15.338 		4
v 23.995 		-15.275 		4
v 24.068 		-15.192 		4
v 24.282 		-15.27 		4
v 24.159 		-15.098 		4
v 24.184 		-15.108 		4
v 24.135 		-15.088 		4
v 24.258 		-15.137 		4
v 24.308 		-15.157 		4
v 24.333 		-15.166 		4
v 24.37 		-14.623 		4
v 24.375 		-14.674 		4
v 24.381 		-14.726 		4
v 24.388 		-14.78 		4
v 24.127 		-14.495 		4
v 24.124 		-14.476 		4
v 24.13 		-14.513 		4
v 24.095 		-14.372 		4
v 24.142 		-14.591 		4
v 24.133 		-14.532 		4
v 24.135 		-14.551 		4
v 24.138 		-14.571 		4
v 24.12 		-14.458 		4
v 24.116 		-14.441 		4
v 24.358 		-14.525 		4
v 24.364 		-14.573 		4
v 24.329 		-14.386 		4
v 24.341 		-14.431 		4
v 24.35 		-14.478 		4
v 22.545 		-13.858 		2.998
v 23.019 		-14.055 		2.998
v 22.994 		-14.079 		2.998
v 22.844 		-14.311 		2.998
v 22.971 		-14.102 		2.998
v 22.93 		-14.15 		2.998
v 22.896 		-14.201 		2.998
v 22.868 		-14.255 		2.998
v 23.221 		-14.142 		2.998
v 23.169 		-14.193 		2.998
v 23.126 		-14.25 		2.998
v 23.093 		-14.312 		2.998
v 23.286 		-14.098 		2.998
v 23.348 		-14.069 		2.998
v 23.532 		-14.019 		2.998
v 23.471 		-14.03 		2.998
v 23.409 		-14.047 		2.998
v 23.376 		-13.842 		2.998
v 19.499 		-14.778 		2.998
v 23.278 		-13.875 		2.998
v 23.181 		-13.919 		2.998
v 23.153 		-13.943 		2.998
v 23.126 		-13.966 		2.998
v 23.071 		-14.011 		2.998
v 23.098 		-13.988 		2.998
v 23.473 		-13.821 		2.998
v 20.358 		-15.343 		4
v 20.454 		-15.279 		4
v 20.407 		-15.314 		4
v 19.496 		-14.922 		4
v 19.526 		-15.056 		4
v 19.584 		-15.175 		4
v 19.667 		-15.276 		4
v 19.773 		-15.354 		4
v 19.535 		-14.344 		4
v 19.515 		-14.403 		4
v 19.501 		-14.465 		4
v 19.491 		-14.53 		4
v 19.487 		-14.597 		4
v 19.499 		-14.778 		4
v 6.843 		-11.28 		2.998
v 19.324 		-14.271 		2.998
v 19.324 		-14.271 		4
v 9.355 		-9.883 		4
v 19.396 		-14.149 		4
v 19.396 		-14.149 		2.998
v 20.597 		-14.597 		4
v 20.586 		-14.517 		4
v 20.571 		-14.439 		4
v 20.553 		-14.365 		4
v 19.758 		-14.094 		2.998
v 19.635 		-14.188 		2.998
v 19.684 		-14.145 		2.998
v 20.782 		-14.358 		4
v 19.594 		-14.236 		2.998
v 20.812 		-14.479 		4
v 20.818 		-14.519 		4
v 9.373 		-9.901 		4
v 20.822 		-14.559 		4
v 9.39 		-9.92 		4
v 20.825 		-14.6 		4
v 20.828 		-14.642 		4
v 20.831 		-14.686 		4
v 9.426 		-9.958 		4
v 20.804 		-14.441 		4
v 9.429 		-9.965 		4
v 20.838 		-14.778 		4
v 9.285 		-9.815 		4
v 20.834 		-14.731 		4
v 21.458 		-14.348 		4
v 9.32 		-9.848 		4
v 21.296 		-14.514 		4
v 9.303 		-9.831 		4
v 8.197 		-9.201 		4
v 8.197 		-9.201 		2.998
v 8.267 		-8.902 		2.998
v 8.267 		-8.902 		4
v 8.393 		-9.016 		2.998
v 8.393 		-9.016 		4
v 8.521 		-9.13 		4
v 8.521 		-9.13 		2.998
v 11.545 		-9.722 		2.998
v 11.545 		-9.722 		4
v 12.995 		-15.499 		4
v 12.995 		-15.499 		2.998
v 13.177 		-15.591 		4
v 13.177 		-15.591 		2.998
v 13.206 		-15.374 		4
v 13.206 		-15.374 		2.998
v 12.837 		-15.358 		2.998
v 22.545 		-13.858 		4
v 23.019 		-14.055 		4
v 22.994 		-14.079 		4
v 22.844 		-14.311 		4
v 22.971 		-14.102 		4
v 22.93 		-14.15 		4
v 22.896 		-14.201 		4
v 22.868 		-14.255 		4
v 23.221 		-14.142 		4
v 23.169 		-14.193 		4
v 23.126 		-14.25 		4
v 23.286 		-14.098 		4
v 23.093 		-14.312 		4
v 23.348 		-14.069 		4
v 23.532 		-14.019 		4
v 23.471 		-14.03 		4
v 23.409 		-14.047 		4
v 23.278 		-13.875 		4
v 23.181 		-13.919 		4
v 23.153 		-13.943 		4
v 23.126 		-13.966 		4
v 23.071 		-14.011 		4
v 23.098 		-13.988 		4
v 23.376 		-13.842 		4
v 23.473 		-13.821 		4
v 23.957 		-13.891 		2.998
v 23.861 		-13.854 		2.998
v 24.003 		-14.191 		2.998
v 24.039 		-14.246 		2.998
v 23.764 		-13.828 		2.998
v 23.959 		-14.141 		2.998
v 23.907 		-14.099 		2.998
v 23.715 		-14.023 		2.998
v 23.654 		-14.016 		2.998
v 23.593 		-14.014 		2.998
v 23.777 		-14.038 		2.998
v 23.847 		-14.064 		2.998
v 24.031 		-13.931 		2.998
v 24.07 		-14.307 		2.998
v 24.095 		-13.979 		2.998
v 24.151 		-14.034 		2.998
v 24.199 		-14.095 		2.998
v 24.241 		-14.162 		2.998
v 24.275 		-14.234 		2.998
v 24.305 		-14.309 		2.998
v 23.57 		-13.811 		2.998
v 23.667 		-13.814 		2.998
v 24.003 		-14.191 		4
v 24.039 		-14.246 		4
v 23.959 		-14.141 		4
v 23.907 		-14.099 		4
v 23.764 		-13.828 		4
v 23.957 		-13.891 		4
v 23.861 		-13.854 		4
v 23.715 		-14.023 		4
v 23.654 		-14.016 		4
v 23.593 		-14.014 		4
v 23.777 		-14.038 		4
v 23.847 		-14.064 		4
v 24.031 		-13.931 		4
v 24.07 		-14.307 		4
v 24.095 		-13.979 		4
v 24.151 		-14.034 		4
v 24.199 		-14.095 		4
v 24.241 		-14.162 		4
v 24.275 		-14.234 		4
v 24.305 		-14.309 		4
v 23.57 		-13.811 		4
v 23.667 		-13.814 		4
v 22.608 		-12.08 		2.998
v 22.608 		-12.08 		4
v 23.338 		-11.39 		2.998
v 23.338 		-11.39 		4
v 23.338 		-8.089 		4
v 23.338 		-8.089 		2.998
v 22.608 		-8.089 		4
v 22.608 		-8.089 		2.998
v 25.068 		-13.24 		4
v 25.068 		-13.24 		2.998
v 25.068 		-15.586 		2.998
v 25.068 		-15.586 		4
v 24.858 		-15.586 		2.998
v 24.858 		-15.586 		4
v 24.858 		-13.24 		4
v 24.858 		-13.24 		2.998
v 25.062 		-11.39 		2.998
v 25.062 		-11.39 		4
v 25.062 		-12.08 		4
v 25.062 		-12.08 		2.998
v 26.284 		-12.004 		4
v 26.284 		-12.004 		2.998
v 26.144 		-11.92 		2.998
v 26.144 		-11.92 		4
v 26.02 		-11.828 		2.998
v 26.02 		-11.828 		4
v 25.91 		-11.727 		2.998
v 25.91 		-11.727 		4
v 25.812 		-11.619 		2.998
v 25.812 		-11.619 		4
v 25.728 		-11.502 		2.998
v 25.728 		-11.502 		4
v 25.656 		-11.376 		2.998
v 25.656 		-11.376 		4
v 26.428 		-12.071 		4
v 26.428 		-12.071 		2.998
v 26.498 		-11.271 		2.998
v 26.498 		-11.271 		4
v 26.577 		-11.346 		2.998
v 26.577 		-11.346 		4
v 26.574 		-12.123 		4
v 26.574 		-12.123 		2.998
v 25.599 		-11.243 		2.998
v 25.599 		-11.243 		4
v 25.555 		-11.101 		2.998
v 25.555 		-11.101 		4
v 25.524 		-10.95 		2.998
v 25.524 		-10.95 		4
v 25.505 		-10.8 		2.998
v 25.505 		-10.8 		4
v 25.496 		-10.65 		2.998
v 25.496 		-10.65 		4
v 25.497 		-10.502 		2.998
v 25.497 		-10.502 		4
v 25.51 		-10.356 		2.998
v 25.51 		-10.356 		4
v 26.309 		-10.797 		2.998
v 26.309 		-10.797 		4
v 26.379 		-11.088 		4
v 26.379 		-11.088 		2.998
v 26.431 		-11.183 		2.998
v 26.431 		-11.183 		4
v 26.317 		-10.891 		2.998
v 26.317 		-10.891 		4
v 26.34 		-10.989 		2.998
v 26.34 		-10.989 		4
v 26.321 		-10.246 		4
v 26.321 		-10.246 		2.998
v 27.519 		-12.103 		2.998
v 27.345 		-12.147 		2.998
v 27.188 		-12.171 		2.998
v 27.031 		-12.181 		2.998
v 26.877 		-12.177 		2.998
v 26.724 		-12.157 		2.998
v 27.453 		-11.333 		2.998
v 27.352 		-11.396 		2.998
v 26.77 		-11.447 		2.998
v 26.667 		-11.406 		2.998
v 26.887 		-11.47 		2.998
v 27.127 		-11.468 		2.998
v 27.008 		-11.477 		2.998
v 27.243 		-11.441 		2.998
v 27.519 		-12.103 		4
v 27.345 		-12.147 		4
v 27.188 		-12.171 		4
v 27.031 		-12.181 		4
v 26.877 		-12.177 		4
v 26.724 		-12.157 		4
v 27.453 		-11.333 		4
v 27.352 		-11.396 		4
v 26.77 		-11.447 		4
v 26.667 		-11.406 		4
v 26.887 		-11.47 		4
v 27.127 		-11.468 		4
v 27.008 		-11.477 		4
v 27.243 		-11.441 		4
v 28.092 		-11.757 		4
v 28.092 		-11.757 		2.998
v 27.968 		-11.869 		2.998
v 27.968 		-11.869 		4
v 27.831 		-11.964 		2.998
v 27.831 		-11.964 		4
v 27.682 		-12.042 		2.998
v 27.682 		-12.042 		4
v 28.203 		-11.627 		4
v 28.203 		-11.627 		2.998
v 28.299 		-11.48 		4
v 28.299 		-11.48 		2.998
v 28.213 		-11.27 		2.998
v 28.213 		-11.27 		4
v 28.187 		-11.264 		4
v 28.187 		-11.264 		2.998
v 28.262 		-11.283 		2.998
v 28.262 		-11.283 		4
v 28.238 		-11.276 		4
v 28.238 		-11.276 		2.998
v 28.286 		-11.289 		2.998
v 28.286 		-11.289 		4
v 28.334 		-11.302 		2.998
v 28.334 		-11.302 		4
v 28.358 		-11.308 		2.998
v 28.358 		-11.308 		4
v 28.382 		-11.315 		4
v 28.382 		-11.315 		2.998
v 27.543 		-11.251 		2.998
v 27.543 		-11.251 		4
v 27.624 		-11.142 		2.998
v 27.624 		-11.142 		4
v 27.618 		-11.149 		4
v 27.618 		-11.149 		2.998
v 27.631 		-11.135 		4
v 27.631 		-11.135 		2.998
v 26.979 		-10.245 		2.998
v 26.979 		-10.245 		4
v 27.143 		-10.243 		2.998
v 27.143 		-10.243 		4
v 27.308 		-10.241 		2.998
v 27.308 		-10.241 		4
v 26.814 		-10.245 		4
v 26.814 		-10.245 		2.998
v 26.65 		-10.246 		4
v 26.65 		-10.246 		2.998
v 27.651 		-11.123 		2.998
v 27.682 		-11.115 		2.998
v 27.672 		-11.116 		2.998
v 27.662 		-11.119 		2.998
v 28.123 		-11.245 		2.998
v 27.751 		-11.133 		2.998
v 27.69 		-11.116 		2.998
v 28.06 		-11.226 		2.998
v 27.813 		-11.151 		2.998
v 27.874 		-11.169 		2.998
v 28.405 		-10.77 		2.998
v 28.402 		-10.797 		2.998
v 28.396 		-10.325 		2.998
v 28.403 		-10.397 		2.998
v 28.421 		-10.631 		2.998
v 28.421 		-10.652 		2.998
v 28.416 		-10.696 		2.998
v 28.408 		-10.744 		2.998
v 28.389 		-10.254 		2.998
v 28.419 		-10.674 		2.998
v 28.414 		-10.54 		2.998
v 28.42 		-10.611 		2.998
v 27.651 		-11.123 		4
v 27.682 		-11.115 		4
v 27.672 		-11.116 		4
v 27.662 		-11.119 		4
v 28.123 		-11.245 		4
v 27.751 		-11.133 		4
v 27.69 		-11.116 		4
v 28.06 		-11.226 		4
v 27.813 		-11.151 		4
v 27.874 		-11.169 		4
v 28.405 		-10.77 		4
v 28.402 		-10.797 		4
v 28.396 		-10.325 		4
v 28.403 		-10.397 		4
v 28.421 		-10.631 		4
v 28.421 		-10.652 		4
v 28.416 		-10.696 		4
v 28.408 		-10.744 		4
v 28.389 		-10.254 		4
v 28.419 		-10.674 		4
v 28.414 		-10.54 		4
v 28.42 		-10.611 		4
v 25.534 		-10.211 		2.998
v 25.534 		-10.211 		4
v 25.572 		-10.068 		2.998
v 25.572 		-10.068 		4
v 25.623 		-9.927 		2.998
v 25.777 		-9.639 		2.998
v 25.688 		-9.788 		2.998
v 25.877 		-9.505 		2.998
v 25.988 		-9.386 		2.998
v 26.111 		-9.283 		2.998
v 26.565 		-9.784 		2.998
v 26.512 		-9.825 		2.998
v 26.466 		-9.873 		2.998
v 26.428 		-9.925 		2.998
v 26.395 		-9.982 		2.998
v 26.369 		-10.043 		2.998
v 26.348 		-10.108 		2.998
v 26.332 		-10.175 		2.998
v 25.623 		-9.927 		4
v 25.688 		-9.788 		4
v 26.565 		-9.784 		4
v 26.512 		-9.825 		4
v 26.466 		-9.873 		4
v 26.428 		-9.925 		4
v 26.395 		-9.982 		4
v 26.369 		-10.043 		4
v 26.348 		-10.108 		4
v 26.332 		-10.175 		4
v 25.777 		-9.639 		4
v 25.877 		-9.505 		4
v 47.267 		-12.253 		4
v 47.263 		-12.287 		4
v 25.988 		-9.386 		4
v 26.111 		-9.283 		4
v 47.108 		-12.058 		4
v 47.127 		-12.05 		4
v 26.246 		-9.196 		2.998
v 26.246 		-9.196 		4
v 26.392 		-9.126 		2.998
v 47.145 		-12.042 		4
v 26.392 		-9.126 		4
v 26.551 		-9.072 		2.998
v 26.551 		-9.072 		4
v 47.164 		-12.034 		4
v 27.483 		-9.81 		2.998
v 27.539 		-9.88 		2.998
v 27.416 		-9.752 		2.998
v 47.27 		-12.218 		4
v 27.474 		-10.238 		2.998
v 47.271 		-12.182 		4
v 27.641 		-10.235 		2.998
v 27.636 		-10.137 		2.998
v 47.268 		-12.069 		4
v 27.617 		-10.045 		2.998
v 47.269 		-12.108 		4
v 27.584 		-9.958 		2.998
v 47.27 		-12.146 		4
v 26.644 		-9.735 		2.998
v 47.183 		-12.025 		4
v 47.266 		-11.986 		4
v 27.163 		-9.654 		2.998
v 27.255 		-9.674 		2.998
v 47.244 		-11.997 		4
v 27.073 		-9.643 		2.998
v 47.223 		-12.007 		4
v 26.983 		-9.642 		2.998
v 26.895 		-9.651 		2.998
v 26.809 		-9.669 		2.998
v 47.267 		-12.028 		4
v 27.34 		-9.706 		2.998
v 48.002 		-11.998 		4
v -60 		3.7 		0
v -60 		3.7 		4
v -60 		18.5 		4
v -60 		18.5 		0
v -60 		-18.5 		0
v -60 		-18.5 		4
v -60 		-3.7 		4
v -60 		-3.7 		0
v 36.8 		-22.5 		0
v 36.8 		-22.5 		4
v 7.2 		-22.5 		0
v 7.2 		-22.5 		4
v 47.116 		-11.343 		4
v -22.4 		-22.5 		0
v -22.4 		-22.5 		4
v -7.2 		-22.5 		4
v -7.2 		-22.5 		0
v 47.178 		-11.272 		4
v -36.8 		-22.5 		4
v -36.8 		-22.5 		0
v 36.8 		22.5 		0
v 36.8 		18.5 		0
v 56.2 		-11.1 		0
v 56.2 		-3.7 		0
v 60 		-3.7 		0
v 60 		-18.5 		0
v 48.002 		-11.602 		4
v 51.8 		-11.1 		0
v 36.8 		-18.5 		0
v 51.8 		3.7 		0
v 51.8 		11.1 		0
v 56.2 		11.1 		0
v 48.003 		-11.206 		4
v 48.003 		-11.206 		2.998
v 51.8 		18.5 		0
v 60 		3.7 		0
v 47.311 		-10.256 		2.998
v 47.311 		-10.256 		4
v 56.2 		18.5 		0
v 60 		18.5 		0
v 47.328 		-10.367 		4
v 47.328 		-10.367 		2.998
v 22.4 		18.5 		0
v 22.4 		22.5 		0
v 47.346 		-10.583 		2.998
v 7.2 		18.5 		0
v 47.346 		-10.583 		4
v 47.345 		-10.689 		4
v 47.345 		-10.689 		2.998
v 7.2 		22.5 		0
v 47.34 		-10.475 		2.998
v 47.34 		-10.475 		4
v 5.584 		8.691 		0
v 5.406 		9.103 		0
v 47.229 		-11.193 		2.998
v 47.229 		-11.193 		4
v 5.195 		9.499 		0
v 47.267 		-11.105 		2.998
v 4.87 		10.001 		0
v 47.267 		-11.105 		4
v 4.497 		10.469 		0
v 47.337 		-10.794 		4
v 47.337 		-10.794 		2.998
v 47.298 		-11.002 		2.998
v 47.298 		-11.002 		4
v 4.08 		10.897 		0
v 47.321 		-10.898 		2.998
v 47.321 		-10.898 		4
v 3.622 		11.281 		0
v 48.003 		-10.809 		2.998
v 48.003 		-10.809 		4
v 3.128 		11.618 		0
v 45.344 		-9.725 		2.998
v 45.344 		-9.725 		4
v 45.27 		-9.882 		4
v 45.27 		-9.882 		2.998
v 2.602 		11.904 		0
v 45.173 		-10.203 		2.998
v 45.173 		-10.203 		4
v 2.051 		12.136 		0
v 1.48 		12.313 		0
v 45.213 		-10.041 		2.998
v 45.213 		-10.041 		4
v 0.894 		12.431 		0
v 0.448 		12.483 		0
v 45.425 		-9.588 		2.998
v 45.425 		-9.588 		4
v 45.517 		-9.465 		2.998
v 45.517 		-9.465 		4
v 45.62 		-9.356 		2.998
v 45.62 		-9.356 		4
v 45.734 		-9.261 		2.998
v 45.734 		-9.261 		4
v 5.638 		4.448 		0
v 46.067 		-10.006 		4
v 46.067 		-10.006 		2.998
v 5.774 		4.875 		0
v 46.014 		-10.117 		2.998
v 46.014 		-10.117 		4
v 45.979 		-10.217 		2.998
v 45.979 		-10.217 		4
v 5.881 		5.311 		0
v 5.933 		5.606 		0
v 5.97 		5.903 		0
v 47.086 		-9.806 		2.998
v 47.086 		-9.806 		4
v 6 		6.5 		0
v 46.647 		-9.671 		4
v 5.981 		6.948 		0
v 46.647 		-9.671 		2.998
v 46.518 		-9.683 		2.998
v 46.518 		-9.683 		4
v 5.933 		7.394 		0
v 46.402 		-9.714 		2.998
v 46.402 		-9.714 		4
v 12.673 		-14.992 		2.998
v 46.299 		-9.762 		2.998
v 46.299 		-9.762 		4
v 12.699 		-15.087 		2.998
v 47.002 		-9.746 		2.998
v 47.002 		-9.746 		4
v 12.655 		-14.896 		2.998
v 46.903 		-9.703 		2.998
v 46.903 		-9.703 		4
v 12.735 		-15.179 		2.998
v 46.79 		-9.678 		2.998
v 46.79 		-9.678 		4
v 12.911 		-14.962 		2.998
v 12.938 		-15.054 		2.998
v 46.21 		-9.828 		2.998
v 46.21 		-9.828 		4
v 46.132 		-9.91 		2.998
v 46.132 		-9.91 		4
v 12.976 		-15.141 		2.998
v 45.859 		-9.182 		2.998
v 45.859 		-9.182 		4
v 12.897 		-14.869 		2.998
v 45.994 		-9.117 		2.998
v 13.08 		-15.288 		2.998
v 45.994 		-9.117 		4
v 13.024 		-15.22 		2.998
v 46.141 		-9.067 		2.998
v 46.141 		-9.067 		4
v 13.141 		-15.34 		2.998
v 46.3 		-9.034 		2.998
v 46.3 		-9.034 		4
v 46.779 		-9.022 		2.998
v 46.779 		-9.022 		4
v 46.684 		-9.012 		4
v 46.684 		-9.012 		2.998
v 46.873 		-9.039 		2.998
v 46.873 		-9.039 		4
v 47.095 		-9.118 		2.998
v 47.095 		-9.118 		4
v 47.058 		-9.101 		4
v 47.058 		-9.101 		2.998
v 12.781 		-15.27 		2.998
v 46.397 		-9.021 		2.998
v 46.397 		-9.021 		4
v 12.673 		-14.458 		2.998
v 12.651 		-14.599 		2.998
v 46.493 		-9.012 		2.998
v 46.493 		-9.012 		4
v 46.589 		-9.009 		2.998
v 46.589 		-9.009 		4
v 12.646 		-14.799 		2.998
v 12.645 		-14.7 		2.998
v 46.966 		-9.065 		2.998
v 46.966 		-9.065 		4
v 12.951 		-14.339 		2.998
v 47.132 		-9.137 		2.998
v 47.132 		-9.137 		4
v 12.915 		-14.457 		2.998
v 47.157 		-9.879 		4
v 47.157 		-9.879 		2.998
v 12.893 		-14.597 		2.998
v 47.291 		-10.155 		2.998
v 47.291 		-10.155 		4
v 12.899 		-14.779 		2.998
v 47.259 		-10.057 		2.998
v 47.259 		-10.057 		4
v 47.214 		-9.964 		2.998
v 47.214 		-9.964 		4
v 47.315 		-9.241 		2.998
v 47.315 		-9.241 		4
v 47.278 		-9.219 		4
v 47.278 		-9.219 		2.998
v 47.353 		-9.262 		4
v 47.353 		-9.262 		2.998
v 47.241 		-9.198 		4
v 47.241 		-9.198 		2.998
v 47.205 		-9.177 		2.998
v 47.205 		-9.177 		4
v 47.168 		-9.156 		4
v 47.168 		-9.156 		2.998
v 48.002 		-9.104 		2.998
v 48.002 		-9.104 		4
v 47.353 		-9.104 		4
v 47.353 		-9.104 		2.998
v 48.002 		-9.621 		2.998
v 48.002 		-9.621 		4
v 33.485 		-12.08 		2.998
v 33.484 		-11.888 		2.998
v 34.783 		-12.102 		2.998
v 33.503 		-10.315 		2.998
v 33.511 		-10.267 		2.998
v 33.497 		-10.364 		2.998
v 33.493 		-10.412 		2.998
v 33.49 		-10.461 		2.998
v 33.486 		-10.559 		2.998
v 33.488 		-10.511 		2.998
v 33.484 		-10.938 		2.998
v 6.905 		-8.477 		2.998
v 6.87 		-8.508 		2.998
v 33.485 		-10.748 		2.998
v 34.774 		-10.518 		2.998
v 34.778 		-10.676 		2.998
v 7.103 		-8.675 		2.998
v 5.881 		7.689 		0
v 5.774 		8.125 		0
v 34.77 		-10.44 		2.998
v 34.765 		-10.362 		2.998
v 34.758 		-10.285 		2.998
v 34.78 		-10.836 		2.998
v 4.189 		2.205 		0
v 34.783 		-10.918 		2.998
v 4.398 		2.419 		0
v 4.783 		2.877 		0
v 5.039 		3.246 		0
v 5.269 		3.63 		0
v 36.32 		-11.374 		2.998
v 5.467 		4.033 		0
v 36.378 		-11.484 		2.998
v 36.446 		-11.589 		2.998
v 36.523 		-11.689 		2.998
v 36.608 		-11.785 		2.998
v 36.703 		-11.876 		2.998
v 36.841 		-11.979 		2.998
v 35.54 		-12.102 		2.998
v 36.183 		-10.26 		2.998
v 36.163 		-10.444 		2.998
v 12.837 		-15.358 		4
v 36.161 		-10.631 		2.998
v 36.176 		-10.82 		2.998
v 36.205 		-11.012 		2.998
v 36.234 		-11.138 		2.998
v 36.272 		-11.259 		2.998
v 12.673 		-14.992 		4
v 12.699 		-15.087 		4
v 12.655 		-14.896 		4
v 35.54 		-10.462 		2.998
v 35.537 		-10.364 		2.998
v 35.532 		-10.265 		2.998
v 12.735 		-15.179 		4
v 33.785 		-9.799 		2.998
v 12.911 		-14.962 		4
v 12.938 		-15.054 		4
v 33.676 		-9.891 		2.998
v 33.59 		-10.015 		2.998
v 12.976 		-15.141 		4
v 33.531 		-10.171 		2.998
v 12.897 		-14.869 		4
v 33.52 		-10.219 		2.998
v 13.024 		-15.22 		4
v 13.08 		-15.288 		4
v 33.396 		-9.397 		2.998
v 13.141 		-15.34 		4
v 33.591 		-9.243 		2.998
v 33.568 		-9.259 		2.998
v 33.475 		-9.333 		2.998
v 33.45 		-9.353 		2.998
v 33.424 		-9.375 		2.998
v 12.781 		-15.27 		4
v 33.545 		-9.276 		2.998
v 33.522 		-9.294 		2.998
v 33.499 		-9.313 		2.998
v 12.673 		-14.458 		4
v 12.651 		-14.599 		4
v 34.183 		-9.7 		2.998
v 34.319 		-9.723 		2.998
v 12.646 		-14.799 		4
v 12.645 		-14.7 		4
v 34.044 		-9.705 		2.998
v 33.91 		-9.737 		2.998
v 12.951 		-14.339 		4
v 34.746 		-10.206 		2.998
v 12.915 		-14.457 		4
v 34.728 		-10.13 		2.998
v 12.893 		-14.597 		4
v 34.703 		-10.056 		2.998
v 12.899 		-14.779 		4
v 34.671 		-9.987 		2.998
v 34.63 		-9.923 		2.998
v 34.579 		-9.865 		2.998
v 34.519 		-9.814 		2.998
v 13.946 		-15.487 		4
v 13.946 		-15.487 		2.998
v 34.448 		-9.772 		2.998
v 13.769 		-15.582 		2.998
v 13.769 		-15.582 		4
v 13.374 		-15.635 		4
v 13.374 		-15.635 		2.998
v 13.637 		-15.4 		4
v 13.637 		-15.4 		2.998
v 34.75 		-9.063 		2.998
v 34.579 		-9.021 		2.998
v 34.41 		-9 		2.998
v 13.531 		-15.42 		4
v 34.242 		-9.002 		2.998
v 13.531 		-15.42 		2.998
v 34.076 		-9.026 		2.998
v 33.912 		-9.073 		2.998
v 33.75 		-9.145 		2.998
v 13.315 		-15.405 		2.998
v 13.315 		-15.405 		4
v 33.396 		-9.106 		2.998
v 13.423 		-15.421 		2.998
v 13.423 		-15.421 		4
v 13.575 		-15.631 		2.998
v 13.575 		-15.631 		4
v 35.524 		-10.168 		2.998
v 35.513 		-10.071 		2.998
v 35.497 		-9.974 		2.998
v 35.477 		-9.878 		2.998
v 35.452 		-9.783 		2.998
v 35.416 		-9.676 		2.998
v 35.373 		-9.574 		2.998
v 35.321 		-9.478 		2.998
v 35.261 		-9.389 		2.998
v 35.191 		-9.308 		2.998
v 35.112 		-9.236 		2.998
v 14.095 		-15.348 		2.998
v 13.93 		-15.205 		2.998
v 13.838 		-15.294 		2.998
v 36.718 		-9.283 		2.998
v 36.623 		-9.366 		2.998
v 36.536 		-9.46 		2.998
v 36.457 		-9.565 		2.998
v 36.356 		-9.732 		2.998
v 36.278 		-9.904 		2.998
v 36.22 		-10.08 		2.998
v 13.74 		-15.359 		2.998
v 36.82 		-9.211 		2.998
v 35.022 		-9.175 		2.998
v 34.921 		-9.124 		2.998
v 14.134 		-15.137 		2.998
v 14.086 		-15.117 		2.998
v 14.206 		-15.166 		2.998
v 14.158 		-15.146 		2.998
v 37.277 		-12.158 		2.998
v 37.43 		-12.177 		2.998
v 37.586 		-12.178 		2.998
v 37.745 		-12.161 		2.998
v 36.982 		-12.06 		2.998
v 37.127 		-12.119 		2.998
v 14.063 		-15.108 		2.998
v 37.603 		-11.495 		2.998
v 37.557 		-11.491 		2.998
v 37.742 		-11.5 		2.998
v 37.696 		-11.499 		2.998
v 14.039 		-15.098 		2.998
v 37.51 		-11.486 		2.998
v 14.016 		-15.088 		2.998
v 37.65 		-11.497 		2.998
v 37.848 		-11.495 		2.998
v 13.98 		-14.432 		2.998
v 14.012 		-14.597 		2.998
v 37.226 		-11.366 		2.998
v 37.167 		-11.308 		2.998
v 37.296 		-11.415 		2.998
v 37.378 		-11.454 		2.998
v 14.206 		-14.414 		2.998
v 14.215 		-14.456 		2.998
v 37.421 		-11.468 		2.998
v 37.465 		-11.478 		2.998
v 14.223 		-14.499 		2.998
v 14.229 		-14.543 		2.998
v 14.236 		-14.587 		2.998
v 14.241 		-14.633 		2.998
v 38.076 		-12.073 		2.998
v 38.132 		-12.05 		2.998
v 38.187 		-12.025 		2.998
v 38.031 		-11.432 		2.998
v 37.944 		-11.472 		2.998
v 38.107 		-11.378 		2.998
v 38.173 		-11.312 		2.998
v 14.247 		-14.68 		2.998
v 14.253 		-14.728 		2.998
v 14.26 		-14.779 		2.998
v 38.299 		-11.976 		2.998
v 38.355 		-11.953 		2.998
v 38.243 		-12.001 		2.998
v 38.355 		-12.081 		2.998
v 37.907 		-12.129 		2.998
v 37.964 		-12.113 		2.998
v 38.02 		-12.094 		2.998
v 37.117 		-11.242 		2.998
v 37.076 		-11.169 		2.998
v 37.042 		-11.091 		2.998
v 36.992 		-10.926 		2.998
v 36.97 		-10.826 		2.998
v 37.015 		-11.01 		2.998
v 36.956 		-10.725 		2.998
v 36.975 		-10.326 		2.998
v 36.958 		-10.425 		2.998
v 36.95 		-10.525 		2.998
v 36.949 		-10.625 		2.998
v 38.31 		-11.054 		2.998
v 38.275 		-11.148 		2.998
v 38.229 		-11.235 		2.998
v 38.333 		-10.961 		2.998
v 38.348 		-10.869 		2.998
v 38.357 		-10.775 		2.998
v 38.36 		-10.682 		2.998
v 38.359 		-10.588 		2.998
v 38.356 		-10.495 		2.998
v 38.347 		-10.309 		2.998
v 38.351 		-10.402 		2.998
v 38.342 		-10.247 		2.998
v 40.704 		-12.08 		2.998
v 39.975 		-12.08 		2.998
v 39.019 		-12.081 		2.998
v 37.301 		-9.775 		2.998
v 37.344 		-9.75 		2.998
v 37.261 		-9.804 		2.998
v 14.095 		-15.348 		4
v 37.105 		-9.999 		2.998
v 37.121 		-9.974 		2.998
v 37.136 		-9.948 		2.998
v 13.93 		-15.205 		4
v 37.152 		-9.922 		2.998
v 13.838 		-15.294 		4
v 13.74 		-15.359 		4
v 37.089 		-10.025 		2.998
v 37.074 		-10.05 		2.998
v 37.059 		-10.076 		2.998
v 14.086 		-15.117 		4
v 37.046 		-10.103 		2.998
v 14.134 		-15.137 		4
v 14.206 		-15.166 		4
v 37.034 		-10.13 		2.998
v 14.158 		-15.146 		4
v 37.222 		-9.838 		2.998
v 37.185 		-9.877 		2.998
v 14.063 		-15.108 		4
v 14.039 		-15.098 		4
v 37 		-10.228 		2.998
v 14.016 		-15.088 		4
v 37.389 		-9.729 		2.998
v 14.012 		-14.597 		4
v 13.98 		-14.432 		4
v 37.67 		-9.665 		2.998
v 37.759 		-9.664 		2.998
v 37.578 		-9.677 		2.998
v 37.484 		-9.698 		2.998
v 37.435 		-9.712 		2.998
v 14.206 		-14.414 		4
v 37.846 		-9.674 		2.998
v 14.215 		-14.456 		4
v 14.223 		-14.499 		4
v 37.931 		-9.697 		2.998
v 38.012 		-9.734 		2.998
v 14.229 		-14.543 		4
v 14.236 		-14.587 		4
v 38.333 		-10.186 		2.998
v 14.241 		-14.633 		4
v 38.273 		-10.009 		2.998
v 38.298 		-10.066 		2.998
v 38.242 		-9.954 		2.998
v 38.089 		-9.785 		2.998
v 38.163 		-9.852 		2.998
v 14.247 		-14.68 		4
v 14.253 		-14.728 		4
v 38.318 		-10.125 		2.998
v 14.26 		-14.779 		4
v 38.206 		-9.902 		2.998
v 13.151 		-13.864 		2.998
v 13.151 		-13.864 		4
v 13.025 		-13.922 		4
v 13.025 		-13.922 		2.998
v 12.832 		-14.095 		2.998
v 12.832 		-14.095 		4
v 12.919 		-14 		2.998
v 12.919 		-14 		4
v 37.81 		-9.027 		2.998
v 37.71 		-9.015 		2.998
v 37.61 		-9.01 		2.998
v 37.509 		-9.012 		2.998
v 37.407 		-9.019 		2.998
v 37.304 		-9.033 		2.998
v 37.173 		-9.06 		2.998
v 37.048 		-9.099 		2.998
v 36.931 		-9.149 		2.998
v 13.297 		-13.826 		4
v 13.297 		-13.826 		2.998
v 38.199 		-9.155 		2.998
v 13.224 		-14.058 		2.998
v 38.18 		-9.143 		2.998
v 13.224 		-14.058 		4
v 38.161 		-9.133 		2.998
v 38.105 		-9.105 		2.998
v 38.007 		-9.072 		2.998
v 37.909 		-9.046 		2.998
v 12.71 		-14.326 		2.998
v 12.71 		-14.326 		4
v 38.142 		-9.122 		2.998
v 38.124 		-9.113 		2.998
v 13.138 		-14.102 		4
v 13.138 		-14.102 		2.998
v 13.063 		-14.162 		2.998
v 13.063 		-14.162 		4
v 38.24 		-9.18 		2.998
v 38.219 		-9.167 		2.998
v 13.001 		-14.241 		2.998
v 13.001 		-14.241 		4
v 38.262 		-9.193 		2.998
v 12.762 		-14.204 		2.998
v 12.762 		-14.204 		4
v 39.975 		-8.661 		2.998
v 40.705 		-8.661 		2.998
v 14.15 		-14.244 		2.998
v 40.704 		-9.106 		2.998
v 39.975 		-9.106 		2.998
v 13.867 		-13.908 		2.998
v 13.741 		-13.851 		2.998
v 39.975 		-8.002 		2.998
v 40.705 		-8.002 		2.998
v 38.262 		-8.087 		2.998
v 13.809 		-14.119 		2.998
v 39.019 		-8.087 		2.998
v 13.877 		-14.195 		2.998
v 13.729 		-14.065 		2.998
v 45.866 		-13.324 		2.998
v 46.005 		-13.395 		2.998
v 46.153 		-13.451 		2.998
v 46.311 		-13.49 		2.998
v 46.477 		-13.513 		2.998
v 46.577 		-13.519 		2.998
v 46.676 		-13.519 		2.998
v 46.775 		-13.513 		2.998
v 46.873 		-13.502 		2.998
v 46.97 		-13.485 		2.998
v 13.639 		-14.033 		2.998
v 47.067 		-13.464 		2.998
v 13.426 		-14.018 		2.998
v 13.538 		-14.018 		2.998
v 13.32 		-14.031 		2.998
v 45.504 		-13.01 		2.998
v 45.615 		-13.131 		2.998
v 45.736 		-13.235 		2.998
v 45.982 		-12.599 		2.998
v 45.816 		-12.677 		2.998
v 45.734 		-12.716 		2.998
v 45.401 		-12.873 		2.998
v 45.485 		-12.834 		2.998
v 13.935 		-14.299 		2.998
v 45.568 		-12.794 		2.998
v 46.066 		-12.559 		2.998
v 46.581 		-12.807 		2.998
v 13.979 		-13.992 		2.998
v 46.72 		-12.8 		2.998
v 14.073 		-14.104 		2.998
v 46.986 		-12.726 		2.998
v 46.858 		-12.774 		2.998
v 47.094 		-12.659 		2.998
v 13.454 		-13.811 		2.998
v 13.603 		-13.819 		2.998
v 46.224 		-12.682 		2.998
v 46.203 		-12.663 		2.998
v 46.181 		-12.645 		2.998
v 46.159 		-12.628 		2.998
v 46.09 		-12.576 		2.998
v 46.136 		-12.61 		2.998
v 46.245 		-12.7 		2.998
v 46.45 		-12.792 		2.998
v 46.335 		-12.757 		2.998
v 47.163 		-13.438 		2.998
v 47.259 		-13.407 		2.998
v 47.427 		-13.338 		2.998
v 47.808 		-13.034 		2.998
v 47.891 		-12.9 		2.998
v 47.575 		-13.253 		2.998
v 47.702 		-13.152 		2.998
v 48.001 		-12.395 		2.998
v 47.242 		-12.399 		2.998
v 47.233 		-12.436 		2.998
v 47.951 		-12.749 		2.998
v 47.988 		-12.581 		2.998
v 47.25 		-12.362 		2.998
v 0.15 		0.502 		0
v 47.222 		-12.472 		2.998
v 0.597 		0.532 		0
v 47.257 		-12.324 		2.998
v 1.042 		0.591 		0
v 47.209 		-12.507 		2.998
v 1.48 		0.687 		0
v 47.193 		-12.54 		2.998
v 47.175 		-12.571 		2.998
v 1.911 		0.812 		0
v 2.33 		0.973 		0
v 41.669 		-12.086 		2.998
v 2.737 		1.161 		0
v 42.419 		-11.559 		2.998
v 3.128 		1.382 		0
v 6.99 		-11.416 		2.998
v 19.561 		-14.288 		2.998
v 6.917 		-11.348 		2.998
v 21.923 		-15.59 		4
v 21.682 		-15.59 		4
v 7.064 		-11.484 		2.998
v 3.502 		1.628 		0
v 21.605 		-15.375 		4
v 3.856 		1.905 		0
v 22 		-15.376 		4
v 19.487 		-14.031 		2.998
v 19.664 		-13.908 		2.998
v 21.527 		-15.159 		4
v 19.557 		-13.975 		2.998
v 7.2 		-18.5 		0
v 19.547 		-13.983 		2.998
v 6.809 		-11.614 		2.998
v 21.683 		-14.981 		4
v 6.76 		-11.571 		2.998
v 21.741 		-15.143 		4
v 19.494 		-14.024 		2.998
v 21.86 		-15.134 		4
v 21.921 		-14.963 		4
v 6.956 		-11.745 		2.998
v 21.799 		-15.306 		4
v 6.907 		-11.701 		2.998
v 22.155 		-14.946 		4
v 19.537 		-13.99 		2.998
v 6.858 		-11.658 		2.998
v 19.519 		-14.004 		2.998
v 22.077 		-15.161 		4
v 21.981 		-14.793 		4
v 19.51 		-14.01 		2.998
v 22.31 		-14.514 		4
v 22.232 		-14.73 		4
v -7.2 		18.5 		0
v -7.2 		22.5 		0
v 22.1 		-14.456 		4
v -0.15 		12.498 		0
v 21.626 		-14.821 		4
v -0.746 		12.453 		0
v -1.335 		12.35 		0
v 22.041 		-14.625 		4
v 19.912 		-14.028 		2.998
v 19.834 		-14.055 		2.998
v -1.911 		12.188 		0
v 21.513 		-14.505 		4
v 21.569 		-14.662 		4
v -2.468 		11.969 		0
v -3 		11.696 		0
v 20.755 		-14.278 		4
v -3.502 		11.372 		0
v -3.856 		11.095 		0
v 20.528 		-14.295 		4
v 20.494 		-14.23 		4
v -4.294 		10.688 		0
v 20.513 		-13.95 		4
v 19.772 		-13.859 		2.998
v 20.579 		-14.003 		4
v -4.596 		10.357 		0
v 20.635 		-14.063 		4
v 19.881 		-13.827 		2.998
v -4.87 		10.001 		0
v 20.682 		-14.129 		4
v -5.12 		9.629 		0
v 20.722 		-14.201 		4
v -5.338 		9.236 		0
v 20.436 		-13.906 		2.998
v -5.529 		8.831 		0
v 20.324 		-13.859 		2.998
v -5.638 		8.552 		0
v 21.141 		-14.085 		4
v 21.402 		-14.192 		4
v -6 		6.5 		0
v -5.993 		6.201 		0
v 20.212 		-13.828 		2.998
v 21.219 		-14.3 		4
v -5.97 		5.903 		0
v -5.907 		5.458 		0
v -5.814 		5.019 		0
v 20.45 		-14.172 		2.998
v 21.241 		-13.865 		4
v -5.686 		4.59 		0
v 21.08 		-13.864 		4
v 21.083 		-13.863 		4
v -5.529 		4.169 		0
v 21.086 		-13.863 		4
v 20.393 		-14.121 		2.998
v 21.088 		-13.862 		4
v 20.155 		-14.019 		2.998
v -5.814 		7.981 		0
v 20.073 		-14.009 		2.998
v 21.091 		-13.862 		4
v -5.933 		7.394 		0
v 21.155 		-13.859 		4
v 19.991 		-14.012 		2.998
v 21.204 		-13.859 		4
v -5.981 		6.948 		0
v 20.323 		-14.077 		2.998
v 20.238 		-14.042 		2.998
v 21.064 		-13.87 		4
v -5.406 		3.897 		0
v 21.069 		-13.868 		4
v 21.077 		-13.866 		4
v -5.195 		3.501 		0
v 20.101 		-13.812 		2.998
v 21.29 		-13.898 		4
v 19.991 		-13.811 		2.998
v 21.308 		-13.93 		4
v -4.87 		2.999 		0
v 21.326 		-13.976 		4
v 21.347 		-14.036 		4
v -4.497 		2.531 		0
v 21.268 		-13.877 		4
v -3.97 		2.001 		0
v 21.504 		-13.9819 		4
v -3.622 		1.719 		0
v -3.128 		1.382 		0
v -2.602 		1.096 		0
v -2.051 		0.864 		0
v -1.48 		0.687 		0
v -0.894 		0.569 		0
v 22.219 		-14.119 		4
v 22.278 		-13.95 		4
v -0.15 		0.502 		0
v 22.301 		-13.905 		4
v 22.328 		-13.877 		4
v 22.359 		-13.862 		4
v 22.394 		-13.857 		4
v -22.4 		18.5 		0
v -22.4 		22.5 		0
v -22.4 		-18.5 		0
v -7.2 		-18.5 		0
v 7.151 		-12.266 		4
v -56.2 		11.1 		0
v -51.8 		11.1 		0
v -51.8 		3.7 		0
v -56.2 		18.5 		0
v -51.8 		18.5 		0
v -36.8 		18.5 		0
v 6.794 		-12.254 		4
v -51.8 		-11.1 		0
v -56.2 		-11.1 		0
v -36.8 		-18.5 		0
v -56.2 		-3.7 		0
v 6.855 		-12.2 		4
v 21.016 		-12.086 		4
v -36.8 		22.5 		0
v 60 		-3.7 		4
v 21.016 		-11.39 		4
v 7.038 		-12.037 		4
v 6.916 		-12.145 		4
v 60 		-18.5 		4
v 60 		18.5 		4
v 60 		3.7 		4
v 7.099 		-11.982 		4
v 36.8 		22.5 		4
v 22.4 		22.5 		4
v 18.541 		-8.089 		4
v 7.2 		22.5 		4
v -7.2 		22.5 		4
v 19.288 		-8.089 		4
v -22.4 		22.5 		4
v -36.8 		22.5 		4
v 17.923 		-8.088 		4
v 36.8 		18.5 		4
v 56.2 		-3.7 		4
v 56.2 		-11.1 		4
v 51.8 		-11.1 		4
v 36.8 		-18.5 		4
v 4.86 		0 		4
v 4.974 		-5.998 		4
v 4.994 		-5.998 		4
v 7.161 		-11.928 		4
v 33.485 		-12.08 		4
v 33.484 		-11.888 		4
v 34.783 		-12.102 		4
v 33.486 		-10.559 		4
v 33.488 		-10.511 		4
v 7.106 		-11.877 		4
v 7.156 		-11.922 		4
v 33.511 		-10.267 		4
v 33.503 		-10.315 		4
v 33.497 		-10.364 		4
v 33.493 		-10.412 		4
v 33.49 		-10.461 		4
v 33.485 		-10.748 		4
v 33.484 		-10.938 		4
v 6.449 		-11.285 		4
v 34.783 		-10.918 		4
v 34.78 		-10.836 		4
v 6.526 		-11.357 		4
v 34.778 		-10.676 		4
v 6.604 		-11.429 		4
v 34.774 		-10.518 		4
v 34.77 		-10.44 		4
v 34.765 		-10.362 		4
v 34.758 		-10.285 		4
v 36.841 		-11.979 		4
v 36.703 		-11.876 		4
v 6.843 		-11.28 		4
v 36.608 		-11.785 		4
v 6.917 		-11.348 		4
v 36.523 		-11.689 		4
v 6.99 		-11.416 		4
v 36.446 		-11.589 		4
v 20.024 		-15.64 		4
v 7.064 		-11.484 		4
v 36.378 		-11.484 		4
v 36.32 		-11.374 		4
v 14.848 		-15.64 		4
v 14.336 		-15.64 		4
v 35.54 		-12.102 		4
v 7.2 		-18.5 		4
v 36.161 		-10.631 		4
v 36.163 		-10.444 		4
v 6.809 		-11.614 		4
v 36.183 		-10.26 		4
v 6.76 		-11.571 		4
v 4.86 		-11.833 		4
v 36.176 		-10.82 		4
v 36.234 		-11.138 		4
v 36.205 		-11.012 		4
v 6.956 		-11.745 		4
v 6.907 		-11.701 		4
v 36.272 		-11.259 		4
v 35.532 		-10.265 		4
v 6.858 		-11.658 		4
v 35.537 		-10.364 		4
v 35.54 		-10.462 		4
v 7.385 		-12.045 		2.998
v 7.307 		-12.119 		2.998
v 7.23 		-12.192 		2.998
v 33.785 		-9.799 		4
v 33.676 		-9.891 		4
v 33.59 		-10.015 		4
v 33.531 		-10.171 		4
v 33.52 		-10.219 		4
v 33.568 		-9.259 		4
v 33.591 		-9.243 		4
v 7.392 		-12.044 		2.998
v 33.545 		-9.276 		4
v 33.499 		-9.313 		4
v 33.522 		-9.294 		4
v 7.242 		-11.971 		2.998
v 7.215 		-11.957 		2.998
v 33.45 		-9.353 		4
v 33.475 		-9.333 		4
v 33.396 		-9.397 		4
v 33.424 		-9.375 		4
v 7.298 		-12.001 		2.998
v 7.185 		-11.938 		2.998
v 34.746 		-10.206 		4
v 34.728 		-10.13 		4
v 34.703 		-10.056 		4
v 34.671 		-9.987 		4
v 34.63 		-9.923 		4
v 34.579 		-9.865 		4
v 7.241 		-11.97 		2.998
v 7.36 		-12.029 		2.998
v 7.329 		-12.015 		2.998
v 7.299 		-12 		2.998
v 7.355 		-12.03 		2.998
v 7.326 		-12.015 		2.998
v 13.741 		-13.851 		4
v 7.652 		-11.838 		2.998
v 7.602 		-11.879 		2.998
v 13.809 		-14.119 		4
v 7.551 		-11.92 		2.998
v 13.729 		-14.065 		4
v 7.446 		-12.002 		2.998
v 13.639 		-14.033 		4
v 7.499 		-11.961 		2.998
v 13.538 		-14.018 		4
v 13.426 		-14.018 		4
v 13.32 		-14.031 		4
v 7.701 		-11.797 		2.998
v 14.15 		-14.244 		4
v 34.519 		-9.814 		4
v 34.448 		-9.772 		4
v 34.319 		-9.723 		4
v 7.314 		-11.696 		2.998
v 34.183 		-9.7 		4
v 34.044 		-9.705 		4
v 33.91 		-9.737 		4
v 7.299 		-11.691 		2.998
v 7.4 		-11.691 		2.998
v 7.385 		-11.696 		2.998
v 33.75 		-9.145 		4
v 7.212 		-11.618 		2.998
v 34.076 		-9.026 		4
v 34.242 		-9.002 		4
v 34.41 		-9 		4
v 7.288 		-11.684 		2.998
v 34.579 		-9.021 		4
v 7.638 		-11.483 		2.998
v 34.75 		-9.063 		4
v 7.412 		-11.683 		2.998
v 33.912 		-9.073 		4
v 33.396 		-9.106 		4
v 7.368 		-11.699 		2.998
v 7.349 		-11.7 		2.998
v 7.331 		-11.699 		2.998
v 35.112 		-9.236 		4
v 35.191 		-9.308 		4
v 35.497 		-9.974 		4
v 35.513 		-10.071 		4
v 35.416 		-9.676 		4
v 35.452 		-9.783 		4
v 35.524 		-10.168 		4
v 7.863 		-11.281 		2.998
v 7.751 		-11.382 		2.998
v 35.477 		-9.878 		4
v 35.261 		-9.389 		4
v 8.161 		-11.376 		2.998
v 35.321 		-9.478 		4
v 7.797 		-11.713 		2.998
v 35.373 		-9.574 		4
v 8.089 		-11.444 		2.998
v 7.87 		-11.646 		2.998
v 7.944 		-11.579 		2.998
v 36.356 		-9.732 		4
v 36.457 		-9.565 		4
v 8.016 		-11.512 		2.998
v 13.867 		-13.908 		4
v 13.877 		-14.195 		4
v 13.935 		-14.299 		4
v 13.979 		-13.992 		4
v 36.22 		-10.08 		4
v 19.758 		-14.094 		4
v 36.278 		-9.904 		4
v 19.684 		-14.145 		4
v 19.635 		-14.188 		4
v 19.594 		-14.236 		4
v 36.536 		-9.46 		4
v 19.561 		-14.288 		4
v 36.623 		-9.366 		4
v 36.718 		-9.283 		4
v 36.82 		-9.211 		4
v 14.073 		-14.104 		4
v 19.487 		-14.031 		4
v 13.603 		-13.819 		4
v 13.454 		-13.811 		4
v 19.664 		-13.908 		4
v 19.557 		-13.975 		4
v 19.547 		-13.983 		4
v 19.494 		-14.024 		4
v 14.56 		-15.441 		2.998
v 14.471 		-15.593 		2.998
v 14.444 		-15.593 		2.998
v 14.521 		-15.591 		2.998
v 19.537 		-13.99 		4
v 19.519 		-14.004 		4
v 14.589 		-15.591 		2.998
v 19.51 		-14.01 		4
v 14.734 		-15.559 		2.998
v 14.706 		-15.581 		2.998
v 14.69 		-15.588 		2.998
v 19.772 		-13.859 		4
v 14.673 		-15.593 		2.998
v 19.881 		-13.827 		4
v 14.654 		-15.595 		2.998
v 14.632 		-15.594 		2.998
v 14.611 		-15.592 		2.998
v 19.834 		-14.055 		4
v 19.912 		-14.028 		4
v 14.816 		-15.449 		2.998
v 14.759 		-15.528 		2.998
v 14.747 		-15.544 		2.998
v 20.436 		-13.906 		4
v 20.324 		-13.859 		4
v 20.212 		-13.828 		4
v 14.617 		-15.367 		2.998
v 20.45 		-14.172 		4
v 14.721 		-15.571 		2.998
v 20.393 		-14.121 		4
v 20.155 		-14.019 		4
v 20.073 		-14.009 		4
v 19.991 		-14.012 		4
v 20.323 		-14.077 		4
v 20.238 		-14.042 		4
v 20.101 		-13.812 		4
v 19.991 		-13.811 		4
v 18.746 		-13.238 		4
v 18.746 		-13.238 		2.998
v 18.519 		-13.238 		2.998
v 18.519 		-13.238 		4
v 16.652 		-12.081 		4
v 16.652 		-12.081 		2.998
v 34.921 		-9.124 		4
v 35.022 		-9.175 		4
v 18.541 		-12.086 		4
v 18.541 		-12.086 		2.998
v 19.288 		-11.39 		4
v 19.288 		-11.39 		2.998
v 17.923 		-8.773 		4
v 17.923 		-8.773 		2.998
v 16.652 		-8.773 		2.998
v 16.652 		-8.773 		4
v 20.628 		-15.422 		2.998
v 20.628 		-15.422 		4
v 20.556 		-15.486 		2.998
v 20.556 		-15.486 		4
v 7.012 		-8.382 		2.998
v 6.976 		-8.414 		2.998
v 6.941 		-8.445 		2.998
v 20.496 		-15.24 		2.998
v 26.725 		-9.697 		2.998
v 7.047 		-8.351 		2.998
v 20.691 		-15.347 		2.998
v 7.119 		-8.289 		2.998
v 7.148 		-8.254 		2.998
v 20.726 		-15.133 		2.998
v 20.709 		-15.126 		2.998
v 20.597 		-15.122 		2.998
v 7.154 		-8.257 		2.998
v 20.586 		-15.128 		2.998
v 20.634 		-15.111 		2.998
v 20.621 		-15.113 		2.998
v 20.658 		-15.111 		2.998
v 20.647 		-15.11 		2.998
v 20.675 		-15.115 		2.998
v 20.57 		-15.142 		2.998
v 20.535 		-15.194 		2.998
v 20.609 		-15.117 		2.998
v 20.692 		-15.12 		2.998
v 20.577 		-15.135 		2.998
v 20.746 		-15.261 		2.998
v 20.743 		-15.141 		2.998
v 20.759 		-15.149 		2.998
v 20.793 		-15.163 		2.998
v 20.818 		-14.519 		2.998
v 20.822 		-14.559 		2.998
v 20.571 		-14.439 		2.998
v 20.586 		-14.517 		2.998
v 20.553 		-14.365 		2.998
v 20.597 		-14.597 		2.998
v 36.982 		-12.06 		4
v 20.812 		-14.479 		2.998
v 37.127 		-12.119 		4
v 20.825 		-14.6 		2.998
v 37.745 		-12.161 		4
v 20.828 		-14.642 		2.998
v 20.831 		-14.686 		2.998
v 20.782 		-14.358 		2.998
v 20.804 		-14.441 		2.998
v 20.834 		-14.731 		2.998
v 20.838 		-14.778 		2.998
v 37.586 		-12.178 		4
v 37.43 		-12.177 		4
v 37.277 		-12.158 		4
v 21.458 		-14.348 		2.998
v 37.65 		-11.497 		4
v 37.696 		-11.499 		4
v 21.296 		-14.514 		2.998
v 37.167 		-11.308 		4
v 37.226 		-11.366 		4
v 37.296 		-11.415 		4
v 37.378 		-11.454 		4
v 37.421 		-11.468 		4
v 37.465 		-11.478 		4
v 37.51 		-11.486 		4
v 37.557 		-11.491 		4
v 37.603 		-11.495 		4
v 37.742 		-11.5 		4
v 37.848 		-11.495 		4
v 38.243 		-12.001 		4
v 38.187 		-12.025 		4
v 38.132 		-12.05 		4
v 38.355 		-11.953 		4
v 38.299 		-11.976 		4
v 38.076 		-12.073 		4
v 38.355 		-12.081 		4
v 37.964 		-12.113 		4
v 37.907 		-12.129 		4
v 6.22 		-9.107 		4
v 38.02 		-12.094 		4
v 6.593 		-8.762 		4
v 6.314 		-9.019 		4
v 6.5 		-8.847 		4
v 37.944 		-11.472 		4
v 38.031 		-11.432 		4
v 38.107 		-11.378 		4
v 6.977 		-8.789 		4
v 6.851 		-8.902 		4
v 38.173 		-11.312 		4
v 6.597 		-9.13 		4
v 36.975 		-10.326 		4
v 36.958 		-10.425 		4
v 36.95 		-10.525 		4
v 36.949 		-10.625 		4
v 36.956 		-10.725 		4
v 36.97 		-10.826 		4
v 36.992 		-10.926 		4
v 37.015 		-11.01 		4
v 37.042 		-11.091 		4
v 37.076 		-11.169 		4
v 37.117 		-11.242 		4
v 38.356 		-10.495 		4
v 38.351 		-10.402 		4
v 38.359 		-10.588 		4
v 38.229 		-11.235 		4
v 38.275 		-11.148 		4
v 38.31 		-11.054 		4
v 38.333 		-10.961 		4
v 38.348 		-10.869 		4
v 38.357 		-10.775 		4
v 38.36 		-10.682 		4
v 38.347 		-10.309 		4
v 38.342 		-10.247 		4
v 39.975 		-12.08 		4
v 40.704 		-12.08 		4
v 39.019 		-12.081 		4
v 37.105 		-9.999 		4
v 37.089 		-10.025 		4
v 37.074 		-10.05 		4
v 37.059 		-10.076 		4
v 37.046 		-10.103 		4
v 37.034 		-10.13 		4
v 37 		-10.228 		4
v 27.474 		-10.238 		4
v 37.152 		-9.922 		4
v 37.136 		-9.948 		4
v 37.121 		-9.974 		4
v 37.344 		-9.75 		4
v 37.301 		-9.775 		4
v 37.261 		-9.804 		4
v 37.222 		-9.838 		4
v 37.185 		-9.877 		4
v 27.641 		-10.235 		4
v 27.636 		-10.137 		4
v 27.617 		-10.045 		4
v 27.584 		-9.958 		4
v 27.539 		-9.88 		4
v 27.483 		-9.81 		4
v 27.416 		-9.752 		4
v 26.644 		-9.735 		4
v 37.389 		-9.729 		4
v 26.809 		-9.669 		4
v 26.725 		-9.697 		4
v 27.34 		-9.706 		4
v 27.255 		-9.674 		4
v 27.163 		-9.654 		4
v 27.073 		-9.643 		4
v 37.67 		-9.665 		4
v 26.983 		-9.642 		4
v 37.578 		-9.677 		4
v 26.895 		-9.651 		4
v 37.484 		-9.698 		4
v 37.435 		-9.712 		4
v 37.846 		-9.674 		4
v 37.759 		-9.664 		4
v 27.831 		-9.25 		4
v 27.932 		-9.326 		4
v 28.022 		-9.41 		4
v 38.333 		-10.186 		4
v 38.318 		-10.125 		4
v 38.298 		-10.066 		4
v 38.273 		-10.009 		4
v 38.242 		-9.954 		4
v 38.206 		-9.902 		4
v 38.163 		-9.852 		4
v 38.089 		-9.785 		4
v 28.101 		-9.501 		4
v 38.012 		-9.734 		4
v 37.931 		-9.697 		4
v 28.17 		-9.598 		4
v 36.931 		-9.149 		4
v 28.279 		-9.811 		4
v 28.32 		-9.925 		4
v 37.048 		-9.099 		4
v 28.353 		-10.045 		4
v 28.368 		-10.114 		4
v 37.407 		-9.019 		4
v 28.379 		-10.184 		4
v 37.509 		-9.012 		4
v 37.71 		-9.015 		4
v 28.229 		-9.702 		4
v 37.81 		-9.027 		4
v 37.173 		-9.06 		4
v 37.304 		-9.033 		4
v 37.61 		-9.01 		4
v 26.722 		-9.035 		4
v 26.869 		-9.016 		4
v 27.014 		-9.009 		4
v 27.157 		-9.014 		4
v 38.007 		-9.072 		4
v 38.105 		-9.105 		4
v 27.297 		-9.032 		4
v 27.435 		-9.064 		4
v 37.909 		-9.046 		4
v 27.57 		-9.11 		4
v 27.702 		-9.172 		4
v 38.124 		-9.113 		4
v 38.142 		-9.122 		4
v 38.161 		-9.133 		4
v 38.18 		-9.143 		4
v 29.585 		-11.898 		4
v 29.474 		-11.809 		4
v 38.24 		-9.18 		4
v 38.262 		-9.193 		4
v 38.219 		-9.167 		4
v 29.374 		-11.712 		4
v 38.199 		-9.155 		4
v 29.286 		-11.608 		4
v 29.209 		-11.497 		4
v 39.975 		-8.661 		4
v 29.142 		-11.379 		4
v 40.705 		-8.661 		4
v 39.975 		-9.106 		4
v 40.704 		-9.106 		4
v 29.86 		-12.058 		4
v 29.72 		-11.987 		4
v 30.003 		-12.11 		4
v 38.262 		-8.087 		4
v 39.019 		-8.087 		4
v 30.609 		-12.17 		4
v 7.385 		-12.045 		4
v 7.307 		-12.119 		4
v 30.453 		-12.175 		4
v 30.3 		-12.168 		4
v 7.23 		-12.192 		4
v 39.975 		-8.002 		4
v 30.15 		-12.147 		4
v 40.705 		-8.002 		4
v 30.027 		-11.318 		4
v 7.392 		-12.044 		4
v 30.119 		-11.377 		4
v 30.231 		-11.426 		4
v 30.365 		-11.465 		4
v 30.454 		-11.48 		4
v 30.549 		-11.482 		4
v 30.646 		-11.472 		4
v 28.985 		-10.854 		4
v 28.972 		-10.722 		4
v 46.005 		-13.395 		4
v 45.866 		-13.324 		4
v 29.086 		-11.255 		4
v 29.042 		-11.124 		4
v 29.008 		-10.987 		4
v 47.067 		-13.464 		4
v 28.968 		-10.59 		4
v 28.973 		-10.459 		4
v 28.988 		-10.328 		4
v 29.799 		-10.289 		4
v 29.784 		-10.37 		4
v 29.774 		-10.451 		4
v 29.768 		-10.532 		4
v 29.768 		-10.614 		4
v 29.773 		-10.696 		4
v 29.783 		-10.78 		4
v 29.81 		-10.927 		4
v 29.846 		-11.052 		4
v 29.893 		-11.158 		4
v 29.952 		-11.246 		4
v 31.688 		-11.603 		4
v 31.586 		-11.726 		4
v 31.474 		-11.836 		4
v 31.353 		-11.93 		4
v 31.223 		-12.009 		4
v 31.081 		-12.072 		4
v 30.93 		-12.12 		4
v 30.767 		-12.152 		4
v 30.742 		-11.447 		4
v 30.834 		-11.409 		4
v 30.92 		-11.354 		4
v 30.998 		-11.284 		4
v 7.215 		-11.957 		4
v 7.242 		-11.971 		4
v 32.734 		-12.08 		4
v 31.782 		-11.464 		4
v 31.836 		-11.365 		4
v 7.185 		-11.938 		4
v 31.882 		-11.264 		4
v 7.241 		-11.97 		4
v 14.56 		-15.441 		4
v 14.471 		-15.593 		4
v 14.444 		-15.593 		4
v 14.521 		-15.591 		4
v 31.063 		-11.198 		4
v 31.125 		-11.083 		4
v 31.17 		-10.967 		4
v 31.2 		-10.849 		4
v 31.216 		-10.729 		4
v 31.22 		-10.609 		4
v 31.214 		-10.487 		4
v 31.198 		-10.364 		4
v 14.589 		-15.591 		4
v 31.175 		-10.241 		4
v 7.299 		-12 		4
v 31.99 		-10.843 		4
v 7.36 		-12.029 		4
v 31.973 		-10.95 		4
v 7.329 		-12.015 		4
v 31.95 		-11.056 		4
v 31.92 		-11.16 		4
v 14.617 		-15.367 		4
v 32.002 		-10.735 		4
v 31.973 		-10.249 		4
v 7.355 		-12.03 		4
v 14.759 		-15.528 		4
v 14.747 		-15.544 		4
v 31.985 		-10.311 		4
v 7.298 		-12.001 		4
v 31.994 		-10.374 		4
v 14.734 		-15.559 		4
v 32.002 		-10.438 		4
v 7.326 		-12.015 		4
v 32.007 		-10.501 		4
v 14.706 		-15.581 		4
v 14.69 		-15.588 		4
v 32.009 		-10.564 		4
v 32.008 		-10.626 		4
v 7.652 		-11.838 		4
v 14.673 		-15.593 		4
v 7.602 		-11.879 		4
v 7.551 		-11.92 		4
v 14.654 		-15.595 		4
v 29.047 		-10.07 		4
v 29.092 		-9.941 		4
v 14.632 		-15.594 		4
v 29.154 		-9.801 		4
v 14.611 		-15.592 		4
v 7.446 		-12.002 		4
v 29.013 		-10.199 		4
v 14.816 		-15.449 		4
v 29.228 		-9.671 		4
v 29.313 		-9.552 		4
v 29.408 		-9.444 		4
v 29.515 		-9.348 		4
v 29.633 		-9.262 		4
v 14.721 		-15.571 		4
v 14.731 		-15.218 		2.998
v 30.709 		-9.729 		4
v 14.674 		-15.292 		2.998
v 30.187 		-9.757 		4
v 30.1 		-9.801 		4
v 30.019 		-9.86 		4
v 29.947 		-9.934 		4
v 29.888 		-10.023 		4
v 29.843 		-10.128 		4
v 29.819 		-10.209 		4
v 14.787 		-15.145 		2.998
v 30.461 		-9.705 		4
v 30.477 		-9.706 		4
v 14.932 		-15.29 		2.998
v 15.048 		-15.132 		2.998
v 14.9 		-14.998 		2.998
v 14.985 		-14.891 		2.998
v 14.964 		-14.917 		2.998
v 14.942 		-14.944 		2.998
v 6.778 		-8.593 		4
v 6.685 		-8.677 		4
v 15.007 		-14.864 		2.998
v 6.905 		-8.477 		4
v 6.87 		-8.508 		4
v 15.106 		-15.052 		2.998
v 7.103 		-8.675 		4
v 15.249 		-14.914 		2.998
v 15.264 		-14.929 		2.998
v 15.237 		-14.904 		2.998
v 7.012 		-8.382 		4
v 6.976 		-8.414 		4
v 6.941 		-8.445 		4
v 15.223 		-14.892 		2.998
v 15.268 		-14.934 		2.998
v 7.047 		-8.351 		4
v 15.165 		-14.972 		2.998
v 7.119 		-8.289 		4
v 7.148 		-8.254 		4
v 14.846 		-14.379 		2.998
v 7.154 		-8.257 		4
v 15.356 		-14.722 		2.998
v 7.777 		-8.824 		2.998
v 15.08 		-14.725 		2.998
v 7.986 		-9.013 		2.998
v 15.076 		-14.755 		2.998
v 15.067 		-14.671 		2.998
v 15.073 		-14.682 		2.998
v 8.116 		-8.764 		2.998
v 8.191 		-8.833 		2.998
v 15.066 		-14.78 		2.998
v 15.047 		-14.809 		2.998
v 7.566 		-8.636 		2.998
v 15.072 		-14.769 		2.998
v 7.356 		-8.448 		2.998
v 15.077 		-14.695 		2.998
v 15.079 		-14.709 		2.998
v 15.027 		-14.837 		2.998
v 7.182 		-8.242 		2.998
v 7.237 		-8.21 		2.998
v 7.209 		-8.226 		2.998
v 7.265 		-8.195 		2.998
v 7.207 		-8.225 		2.998
v 7.177 		-8.24 		2.998
v 7.236 		-8.209 		2.998
v 15.333 		-14.433 		2.998
v 15.285 		-14.496 		2.998
v 15.236 		-14.561 		2.998
v 7.264 		-8.193 		2.998
v 14.92 		-14.476 		2.998
v 14.994 		-14.574 		2.998
v 7.668 		-8.349 		2.998
v 15.14 		-14.433 		2.998
v 7.493 		-8.209 		2.998
v 15.093 		-14.369 		2.998
v 7.6 		-8.291 		2.998
v 7.565 		-8.264 		2.998
v 7.529 		-8.236 		2.998
v 7.893 		-8.556 		2.998
v 8.042 		-8.695 		2.998
v 7.967 		-8.625 		2.998
v 27.831 		-9.25 		2.998
v 27.932 		-9.326 		2.998
v 28.022 		-9.41 		2.998
v 28.101 		-9.501 		2.998
v 28.17 		-9.598 		2.998
v 28.279 		-9.811 		2.998
v 28.32 		-9.925 		2.998
v 28.353 		-10.045 		2.998
v 28.368 		-10.114 		2.998
v 28.379 		-10.184 		2.998
v 28.229 		-9.702 		2.998
v 26.722 		-9.035 		2.998
v 26.869 		-9.016 		2.998
v 7.777 		-8.824 		4
v 27.014 		-9.009 		2.998
v 7.986 		-9.013 		4
v 27.157 		-9.014 		2.998
v 27.297 		-9.032 		2.998
v 27.435 		-9.064 		2.998
v 8.116 		-8.764 		4
v 27.57 		-9.11 		2.998
v 8.191 		-8.833 		4
v 27.702 		-9.172 		2.998
v 29.585 		-11.898 		2.998
v 29.474 		-11.809 		2.998
v 29.374 		-11.712 		2.998
v 29.286 		-11.608 		2.998
v 29.209 		-11.497 		2.998
v 29.142 		-11.379 		2.998
v 29.86 		-12.058 		2.998
v 29.72 		-11.987 		2.998
v 30.609 		-12.17 		2.998
v 30.003 		-12.11 		2.998
v 30.453 		-12.175 		2.998
v 30.3 		-12.168 		2.998
v 30.15 		-12.147 		2.998
v 30.027 		-11.318 		2.998
v 30.119 		-11.377 		2.998
v 30.231 		-11.426 		2.998
v 30.365 		-11.465 		2.998
v 30.549 		-11.482 		2.998
v 30.454 		-11.48 		2.998
v 30.646 		-11.472 		2.998
v 7.566 		-8.636 		4
v 7.356 		-8.448 		4
v 7.182 		-8.242 		4
v 7.237 		-8.21 		4
v 7.209 		-8.226 		4
v 7.265 		-8.195 		4
v 7.207 		-8.225 		4
v 7.177 		-8.24 		4
v 7.236 		-8.209 		4
v 7.264 		-8.193 		4
v 7.668 		-8.349 		4
v 7.493 		-8.209 		4
v 7.6 		-8.291 		4
v 7.565 		-8.264 		4
v 7.529 		-8.236 		4
v 7.893 		-8.556 		4
v 8.042 		-8.695 		4
v 7.967 		-8.625 		4
v 7.499 		-11.961 		4
v 7.701 		-11.797 		4
v 7.314 		-11.696 		4
v 7.299 		-11.691 		4
v 7.4 		-11.691 		4
v 7.385 		-11.696 		4
v 7.212 		-11.618 		4
v 7.288 		-11.684 		4
v 7.638 		-11.483 		4
v 7.412 		-11.683 		4
v 7.368 		-11.699 		4
v 7.349 		-11.7 		4
v 7.331 		-11.699 		4
v 7.863 		-11.281 		4
v 7.751 		-11.382 		4
v 8.161 		-11.376 		4
v 7.797 		-11.713 		4
v 8.089 		-11.444 		4
v 7.87 		-11.646 		4
v 7.944 		-11.579 		4
v 8.016 		-11.512 		4
v 6.215 		-11.067 		2.998
v 6.293 		-11.141 		2.998
v 6.55 		-11.009 		2.998
v 6.476 		-10.943 		2.998
v 6.404 		-10.875 		2.998
v 6.396 		-10.868 		2.998
v 6.345 		-10.811 		2.998
v 6.373 		-10.844 		2.998
v 6.381 		-10.852 		2.998
v 6.388 		-10.86 		2.998
v 6.696 		-11.143 		2.998
v 6.77 		-11.211 		2.998
v 6.506 		-10.671 		2.998
v 6.426 		-10.741 		2.998
v 6.585 		-10.602 		2.998
v 6.555 		-10.258 		2.998
v 6.369 		-10.42 		2.998
v 6.742 		-10.466 		2.998
v 6.898 		-10.332 		2.998
v 6.664 		-10.534 		2.998
v 7.012 		-10.243 		2.998
v 6.999 		-10.25 		2.998
v 6.987 		-10.257 		2.998
v 6.977 		-10.265 		2.998
v 6.215 		-11.067 		4
v 6.293 		-11.141 		4
v 6.55 		-11.009 		4
v 6.476 		-10.943 		4
v 6.404 		-10.875 		4
v 6.396 		-10.868 		4
v 6.345 		-10.811 		4
v 6.373 		-10.844 		4
v 6.381 		-10.852 		4
v 6.388 		-10.86 		4
v 6.77 		-11.211 		4
v 6.696 		-11.143 		4
v 6.506 		-10.671 		4
v 6.426 		-10.741 		4
v 6.585 		-10.602 		4
v 6.555 		-10.258 		4
v 6.369 		-10.42 		4
v 6.898 		-10.332 		4
v 6.742 		-10.466 		4
v 6.664 		-10.534 		4
v 7.012 		-10.243 		4
v 6.999 		-10.25 		4
v 6.987 		-10.257 		4
v 6.977 		-10.265 		4
v 7.976 		-11.179 		2.998
v 7.976 		-11.179 		4
v 8.088 		-11.078 		2.998
v 8.088 		-11.078 		4
v 6.077 		-9.492 		2.998
v 6.111 		-9.522 		2.998
v 5.833 		-9.287 		2.998
v 5.799 		-9.259 		2.998
v 5.766 		-9.231 		2.998
v 5.868 		-9.315 		2.998
v 5.936 		-9.37 		2.998
v 6.007 		-9.357 		2.998
v 6.002 		-9.389 		2.998
v 6.008 		-9.36 		2.998
v 6.004 		-9.394 		2.998
v 6.008 		-9.432 		2.998
v 6.005 		-9.425 		2.998
v 6.043 		-9.463 		2.998
v 6.018 		-9.328 		2.998
v 6.034 		-9.301 		2.998
v 6.053 		-9.275 		2.998
v 6.019 		-9.329 		2.998
v 6.035 		-9.301 		2.998
v 6.055 		-9.274 		2.998
v 6.077 		-9.248 		2.998
v 6.101 		-9.222 		2.998
v 6.098 		-9.225 		2.998
v 6.075 		-9.25 		2.998
v 5.902 		-9.342 		2.998
v 6.077 		-9.492 		4
v 6.111 		-9.522 		4
v 5.833 		-9.287 		4
v 5.799 		-9.259 		4
v 5.766 		-9.231 		4
v 5.868 		-9.315 		4
v 5.936 		-9.37 		4
v 6.007 		-9.357 		4
v 6.002 		-9.389 		4
v 6.008 		-9.36 		4
v 6.004 		-9.394 		4
v 6.008 		-9.432 		4
v 6.005 		-9.425 		4
v 6.043 		-9.463 		4
v 6.018 		-9.328 		4
v 6.034 		-9.301 		4
v 6.053 		-9.275 		4
v 6.019 		-9.329 		4
v 6.035 		-9.301 		4
v 6.055 		-9.274 		4
v 6.077 		-9.248 		4
v 6.101 		-9.222 		4
v 6.098 		-9.225 		4
v 6.075 		-9.25 		4
v 5.902 		-9.342 		4
v 5.02 		-8.579 		2.998
v 5.02 		-8.579 		4
v 4.919 		-8.488 		2.998
v 4.919 		-8.488 		4
v 4.907 		-8.476 		2.998
v 4.907 		-8.476 		4
v 4.897 		-8.462 		2.998
v 4.897 		-8.462 		4
v 4.887 		-8.446 		2.998
v 4.887 		-8.446 		4
v 4.879 		-8.429 		2.998
v 4.879 		-8.429 		4
v 4.873 		-8.411 		2.998
v 4.873 		-8.411 		4
v 4.868 		-8.393 		2.998
v 4.868 		-8.393 		4
v 4.864 		-8.375 		2.998
v 4.864 		-8.375 		4
v 4.863 		-8.358 		2.998
v 4.863 		-8.358 		4
v 5.222 		-8.758 		2.998
v 5.616 		-8.731 		2.998
v 5.528 		-9.025 		2.998
v 20.496 		-15.24 		4
v 20.691 		-15.347 		4
v 20.597 		-15.122 		4
v 20.586 		-15.128 		4
v 20.57 		-15.142 		4
v 20.535 		-15.194 		4
v 20.577 		-15.135 		4
v 20.726 		-15.133 		4
v 20.709 		-15.126 		4
v 20.634 		-15.111 		4
v 20.621 		-15.113 		4
v 20.658 		-15.111 		4
v 20.647 		-15.11 		4
v 20.675 		-15.115 		4
v 20.609 		-15.117 		4
v 20.692 		-15.12 		4
v 20.746 		-15.261 		4
v 20.743 		-15.141 		4
v 20.759 		-15.149 		4
v 20.793 		-15.163 		4
v 21.923 		-15.59 		2.998
v 21.682 		-15.59 		2.998
v 21.605 		-15.375 		2.998
v 22 		-15.376 		2.998
v 21.527 		-15.159 		2.998
v 21.683 		-14.981 		2.998
v 21.741 		-15.143 		2.998
v 21.799 		-15.306 		2.998
v 21.921 		-14.963 		2.998
v 21.86 		-15.134 		2.998
v 22.155 		-14.946 		2.998
v 22.077 		-15.161 		2.998
v 21.981 		-14.793 		2.998
v 22.232 		-14.73 		2.998
v 22.31 		-14.514 		2.998
v 22.041 		-14.625 		2.998
v 22.1 		-14.456 		2.998
v 21.626 		-14.821 		2.998
v 21.569 		-14.662 		2.998
v 21.513 		-14.505 		2.998
v 20.755 		-14.278 		2.998
v 20.494 		-14.23 		2.998
v 20.528 		-14.295 		2.998
v 20.513 		-13.95 		2.998
v 20.579 		-14.003 		2.998
v 20.635 		-14.063 		2.998
v 20.682 		-14.129 		2.998
v 20.722 		-14.201 		2.998
v 30.37 		-9.709 		4
v 30.278 		-9.726 		4
v 30.59 		-9.706 		4
v 29.762 		-9.186 		4
v 29.901 		-9.122 		4
v 29.986 		-9.09 		4
v 30.605 		-9.015 		4
v 30.072 		-9.063 		4
v 30.159 		-9.042 		4
v 30.247 		-9.026 		4
v 30.336 		-9.016 		4
v 30.425 		-9.01 		4
v 30.515 		-9.01 		4
v 31.453 		-9.337 		4
v 31.617 		-9.492 		4
v 31.144 		-10.134 		4
v 31.102 		-10.037 		4
v 31.049 		-9.951 		4
v 30.983 		-9.877 		4
v 30.905 		-9.815 		4
v 30.814 		-9.766 		4
v 31.755 		-9.675 		4
v 31.866 		-9.886 		4
v 31.945 		-10.125 		4
v 31.96 		-10.186 		4
v 31.062 		-9.115 		4
v 31.268 		-9.211 		4
v 32.734 		-9.106 		4
v 30.84 		-9.049 		4
v -7.2 		18.5 		4
v -0.15 		12.498 		4
v -0.746 		12.453 		4
v -1.335 		12.35 		4
v -1.911 		12.188 		4
v -2.468 		11.969 		4
v -3 		11.696 		4
v -3.502 		11.372 		4
v -3.97 		10.999 		4
v -4.398 		10.581 		4
v -4.783 		10.123 		4
v -5.12 		9.629 		4
v -5.269 		9.37 		4
v -5.467 		8.967 		4
v -5.638 		8.552 		4
v -5.733 		8.269 		4
v 46.153 		-13.451 		4
v 42.42 		-12.086 		2.998
v 42.42 		-11.734 		2.998
v -5.993 		6.201 		4
v -5.996 		6.65 		4
v 42.43 		-10.438 		2.998
v 42.438 		-10.336 		2.998
v -5.933 		5.606 		4
v -5.848 		5.165 		4
v -5.733 		4.731 		4
v -5.529 		4.169 		4
v -5.814 		7.981 		4
v -5.933 		7.394 		4
v -5.97 		7.097 		4
v -5.269 		3.63 		4
v -4.957 		3.12 		4
v -4.596 		2.643 		4
v -4.08 		2.103 		4
v -3.741 		1.809 		4
v -3.255 		1.46 		4
v -2.737 		1.161 		4
v -2.192 		0.915 		4
v -1.625 		0.724 		4
v -1.042 		0.591 		4
v -0.448 		0.517 		4
v -22.4 		18.5 		4
v -22.4 		-18.5 		4
v -7.2 		-18.5 		4
v -51.8 		11.1 		4
v -56.2 		11.1 		4
v -51.8 		3.7 		4
v -56.2 		18.5 		4
v -36.8 		18.5 		4
v -51.8 		18.5 		4
v -51.8 		-11.1 		4
v -56.2 		-11.1 		4
v -36.8 		-18.5 		4
v -56.2 		-3.7 		4
v 51.8 		18.5 		4
v 56.2 		18.5 		4
v 51.8 		3.7 		4
v 14.731 		-15.218 		4
v 14.674 		-15.292 		4
v 14.787 		-15.145 		4
v 14.932 		-15.29 		4
v 15.048 		-15.132 		4
v 14.9 		-14.998 		4
v 14.985 		-14.891 		4
v 14.964 		-14.917 		4
v 14.942 		-14.944 		4
v 15.007 		-14.864 		4
v 15.249 		-14.914 		4
v 15.264 		-14.929 		4
v 15.237 		-14.904 		4
v 15.223 		-14.892 		4
v 15.268 		-14.934 		4
v 15.165 		-14.972 		4
v 15.106 		-15.052 		4
v 14.846 		-14.379 		4
v 42.443 		-10.286 		2.998
v 42.427 		-10.488 		2.998
v 42.424 		-10.539 		2.998
v 42.421 		-10.641 		2.998
v 42.423 		-10.59 		2.998
v 42.421 		-10.691 		2.998
v 42.42 		-10.864 		2.998
v 42.419 		-11.21 		2.998
v 42.42 		-11.037 		2.998
v 43.72 		-11.445 		2.998
v 43.718 		-12.1 		2.998
v 44.475 		-11.725 		2.998
v 44.476 		-11.539 		2.998
v 43.718 		-11.595 		2.998
v 44.475 		-12.1 		2.998
v 43.709 		-10.478 		2.998
v 43.713 		-10.545 		2.998
v 43.702 		-10.411 		2.998
v 43.679 		-10.276 		2.998
v 43.718 		-10.695 		2.998
v 43.692 		-10.343 		2.998
v 43.721 		-10.845 		2.998
v 43.722 		-10.995 		2.998
v 43.722 		-11.145 		2.998
v 44.476 		-10.981 		2.998
v 44.475 		-10.796 		2.998
v 44.471 		-10.409 		2.998
v 44.466 		-10.308 		2.998
v 44.475 		-10.611 		2.998
v 44.474 		-10.51 		2.998
v 42.46 		-10.181 		2.998
v 42.489 		-10.082 		2.998
v 42.842 		-9.738 		2.998
v 42.742 		-9.781 		2.998
v 42.657 		-9.839 		2.998
v 42.587 		-9.909 		2.998
v 42.531 		-9.991 		2.998
v 42.495 		-9.258 		2.998
v 42.464 		-9.281 		2.998
v 42.434 		-9.305 		2.998
v 42.958 		-9.712 		2.998
v 42.305 		-9.404 		2.998
v 42.339 		-9.378 		2.998
v 42.371 		-9.353 		2.998
v 42.403 		-9.329 		2.998
v 42.946 		-9.043 		2.998
v 42.864 		-9.064 		2.998
v 42.783 		-9.091 		2.998
v 42.705 		-9.125 		2.998
v 42.629 		-9.166 		2.998
v 42.555 		-9.214 		2.998
v 41.669 		-9.106 		2.998
v 42.305 		-9.106 		2.998
v 43.48 		-9.834 		2.998
v 43.543 		-9.914 		2.998
v 43.409 		-9.774 		2.998
v 43.059 		-9.701 		2.998
v 43.664 		-10.209 		2.998
v 43.645 		-10.144 		2.998
v 43.623 		-10.08 		2.998
v 43.598 		-10.018 		2.998
v 43.331 		-9.734 		2.998
v 43.246 		-9.709 		2.998
v 43.156 		-9.699 		2.998
v 44.458 		-10.208 		2.998
v 44.447 		-10.108 		2.998
v 44.432 		-10.009 		2.998
v 44.412 		-9.91 		2.998
v 44.388 		-9.812 		2.998
v 44.353 		-9.701 		2.998
v 44.31 		-9.597 		2.998
v 44.258 		-9.499 		2.998
v 44.197 		-9.408 		2.998
v 44.127 		-9.324 		2.998
v 44.046 		-9.248 		2.998
v 43.955 		-9.18 		2.998
v 43.853 		-9.121 		2.998
v 43.775 		-9.086 		2.998
v 43.696 		-9.059 		2.998
v 43.616 		-9.039 		2.998
v 43.535 		-9.025 		2.998
v 43.453 		-9.016 		2.998
v 43.371 		-9.012 		2.998
v 43.288 		-9.011 		2.998
v 43.204 		-9.013 		2.998
v 43.116 		-9.017 		2.998
v 43.03 		-9.027 		2.998
v 45.279 		-11.32 		2.998
v 45.339 		-11.45 		2.998
v 45.41 		-11.572 		2.998
v 45.494 		-11.687 		2.998
v 45.59 		-11.793 		2.998
v 45.699 		-11.889 		2.998
v 45.821 		-11.976 		2.998
v 45.975 		-12.062 		2.998
v 46.133 		-12.125 		2.998
v 46.292 		-12.165 		2.998
v 46.452 		-12.183 		2.998
v 46.615 		-12.181 		2.998
v 46.778 		-12.158 		2.998
v 46.943 		-12.117 		2.998
v 46.575 		-11.492 		2.998
v 46.438 		-11.476 		2.998
v 46.394 		-11.466 		2.998
v 46.529 		-11.489 		2.998
v 46.146 		-11.308 		2.998
v 46.204 		-11.365 		2.998
v 46.273 		-11.413 		2.998
v 46.352 		-11.452 		2.998
v 46.483 		-11.484 		2.998
v 46.715 		-11.501 		2.998
v 46.669 		-11.498 		2.998
v 46.8 		-11.5 		2.998
v 46.885 		-11.483 		2.998
v 46.967 		-11.449 		2.998
v 47.045 		-11.402 		2.998
v 45.16 		-10.87 		2.998
v 45.192 		-11.039 		2.998
v 45.23 		-11.183 		2.998
v 45.946 		-10.83 		2.998
v 45.969 		-10.934 		2.998
v 45.993 		-11.017 		2.998
v 46.021 		-11.097 		2.998
v 46.056 		-11.173 		2.998
v 45.148 		-10.367 		2.998
v 45.138 		-10.533 		2.998
v 45.142 		-10.701 		2.998
v 45.953 		-10.317 		2.998
v 45.935 		-10.418 		2.998
v 45.925 		-10.52 		2.998
v 45.924 		-10.623 		2.998
v 45.931 		-10.727 		2.998
v 46.097 		-11.244 		2.998
v 47.267 		-12.253 		2.998
v 47.263 		-12.287 		2.998
v 47.108 		-12.058 		2.998
v 47.127 		-12.05 		2.998
v 47.145 		-12.042 		2.998
v 47.164 		-12.034 		2.998
v 47.27 		-12.218 		2.998
v 47.271 		-12.182 		2.998
v 47.268 		-12.069 		2.998
v 47.269 		-12.108 		2.998
v 47.27 		-12.146 		2.998
v 47.266 		-11.986 		2.998
v 47.183 		-12.025 		2.998
v 47.223 		-12.007 		2.998
v 47.244 		-11.997 		2.998
v 47.267 		-12.028 		2.998
v 48.002 		-11.998 		2.998
v 48.002 		-11.602 		2.998
v 47.116 		-11.343 		2.998
v 47.178 		-11.272 		2.998
v 46.97 		-13.485 		4
v 46.873 		-13.502 		4
v 46.775 		-13.513 		4
v 46.676 		-13.519 		4
v 46.577 		-13.519 		4
v 46.477 		-13.513 		4
v 46.311 		-13.49 		4
v 45.736 		-13.235 		4
v 45.615 		-13.131 		4
v 45.504 		-13.01 		4
v 51.8 		11.1 		4
v 56.2 		11.1 		4
v 45.401 		-12.873 		4
v 22.4 		18.5 		4
v 45.485 		-12.834 		4
v 45.568 		-12.794 		4
v 7.2 		18.5 		4
v 45.734 		-12.716 		4
v 45.816 		-12.677 		4
v 46.066 		-12.559 		4
v 5.638 		8.552 		4
v 45.982 		-12.599 		4
v 5.467 		8.967 		4
v 46.581 		-12.807 		4
v 46.72 		-12.8 		4
v 46.136 		-12.61 		4
v 46.159 		-12.628 		4
v 46.181 		-12.645 		4
v 5.269 		9.37 		4
v 46.203 		-12.663 		4
v 46.245 		-12.7 		4
v 46.224 		-12.682 		4
v 46.09 		-12.576 		4
v 4.957 		9.88 		4
v 46.335 		-12.757 		4
v 46.45 		-12.792 		4
v 4.596 		10.357 		4
v 46.858 		-12.774 		4
v 46.986 		-12.726 		4
v 47.094 		-12.659 		4
v 4.189 		10.795 		4
v 47.163 		-13.438 		4
v 3.741 		11.191 		4
v 47.259 		-13.407 		4
v 47.427 		-13.338 		4
v 47.575 		-13.253 		4
v 47.891 		-12.9 		4
v 3.255 		11.54 		4
v 47.808 		-13.034 		4
v 47.702 		-13.152 		4
v 2.737 		11.839 		4
v 47.175 		-12.571 		4
v 47.193 		-12.54 		4
v 47.209 		-12.507 		4
v 47.222 		-12.472 		4
v 47.233 		-12.436 		4
v 47.242 		-12.399 		4
v 47.25 		-12.362 		4
v 47.257 		-12.324 		4
v 2.192 		12.085 		4
v 48.001 		-12.395 		4
v 47.988 		-12.581 		4
v 47.951 		-12.749 		4
v 1.625 		12.276 		4
v 41.669 		-12.086 		4
v 1.042 		12.409 		4
v 42.42 		-12.086 		4
v 0.448 		12.483 		4
v 42.419 		-11.559 		4
v 42.42 		-11.734 		4
v 0.15 		12.498 		4
v 42.421 		-10.691 		4
v 42.421 		-10.641 		4
v 42.423 		-10.59 		4
v 42.42 		-11.037 		4
v 42.419 		-11.21 		4
v 5.638 		4.448 		4
v 5.733 		4.731 		4
v 42.443 		-10.286 		4
v 42.438 		-10.336 		4
v 42.43 		-10.438 		4
v 42.427 		-10.488 		4
v 42.424 		-10.539 		4
v 42.42 		-10.864 		4
v 5.848 		5.165 		4
v 43.718 		-11.595 		4
v 43.72 		-11.445 		4
v 5.933 		5.606 		4
v 43.718 		-12.1 		4
v 44.476 		-11.539 		4
v 5.97 		5.903 		4
v 44.475 		-12.1 		4
v 5.996 		6.35 		4
v 44.475 		-11.725 		4
v 5.993 		6.799 		4
v 5.933 		7.394 		4
v 43.722 		-11.145 		4
v 43.722 		-10.995 		4
v 43.721 		-10.845 		4
v 43.718 		-10.695 		4
v 43.713 		-10.545 		4
v 43.709 		-10.478 		4
v 43.702 		-10.411 		4
v 43.692 		-10.343 		4
v 43.679 		-10.276 		4
v 44.475 		-10.611 		4
v 44.475 		-10.796 		4
v 44.476 		-10.981 		4
v 5.814 		7.981 		4
v 44.474 		-10.51 		4
v 44.471 		-10.409 		4
v 44.466 		-10.308 		4
v 4.398 		2.419 		4
v 42.842 		-9.738 		4
v 42.742 		-9.781 		4
v 42.657 		-9.839 		4
v 42.587 		-9.909 		4
v 42.531 		-9.991 		4
v 42.489 		-10.082 		4
v 4.783 		2.877 		4
v 42.46 		-10.181 		4
v 4.957 		3.12 		4
v 42.464 		-9.281 		4
v 42.495 		-9.258 		4
v 42.958 		-9.712 		4
v 5.269 		3.63 		4
v 42.305 		-9.404 		4
v 42.339 		-9.378 		4
v 42.371 		-9.353 		4
v 5.406 		3.897 		4
v 42.403 		-9.329 		4
v 42.434 		-9.305 		4
v 42.705 		-9.125 		4
v 42.783 		-9.091 		4
v 42.555 		-9.214 		4
v 42.629 		-9.166 		4
v 0.15 		0.502 		4
v 42.864 		-9.064 		4
v 42.946 		-9.043 		4
v 0.448 		0.517 		4
v 41.669 		-9.106 		4
v 42.305 		-9.106 		4
v 1.042 		0.591 		4
v 1.335 		0.65 		4
v 43.664 		-10.209 		4
v 43.645 		-10.144 		4
v 43.623 		-10.08 		4
v 43.598 		-10.018 		4
v 43.543 		-9.914 		4
v 43.48 		-9.834 		4
v 43.409 		-9.774 		4
v 43.331 		-9.734 		4
v 43.246 		-9.709 		4
v 43.156 		-9.699 		4
v 43.059 		-9.701 		4
v 1.911 		0.812 		4
v 44.046 		-9.248 		4
v 2.192 		0.915 		4
v 44.127 		-9.324 		4
v 44.458 		-10.208 		4
v 44.353 		-9.701 		4
v 44.388 		-9.812 		4
v 2.737 		1.161 		4
v 44.412 		-9.91 		4
v 44.432 		-10.009 		4
v 44.447 		-10.108 		4
v 3 		1.304 		4
v 44.197 		-9.408 		4
v 3.502 		1.628 		4
v 44.258 		-9.499 		4
v 44.31 		-9.597 		4
v 3.741 		1.809 		4
v 43.204 		-9.013 		4
v 43.288 		-9.011 		4
v 4.08 		2.103 		4
v 43.371 		-9.012 		4
v 43.453 		-9.016 		4
v 43.535 		-9.025 		4
v 43.03 		-9.027 		4
v 43.116 		-9.017 		4
v 43.616 		-9.039 		4
v 4.905 		-14.139 		2.998
v 43.696 		-9.059 		4
v 4.919 		-14.155 		2.998
v 43.775 		-9.086 		4
v 4.892 		-14.122 		2.998
v 43.853 		-9.121 		4
v 43.955 		-9.18 		4
v 4.881 		-14.104 		2.998
v 4.872 		-14.085 		2.998
v 45.59 		-11.793 		4
v 45.494 		-11.687 		4
v 45.41 		-11.572 		4
v 4.979 		-14.185 		2.998
v 45.339 		-11.45 		4
v 45.279 		-11.32 		4
v 4.963 		-14.183 		2.998
v 4.949 		-14.178 		2.998
v 45.821 		-11.976 		4
v 45.699 		-11.889 		4
v 4.934 		-14.168 		2.998
v 45.975 		-12.062 		4
v 46.133 		-12.125 		4
v 46.943 		-12.117 		4
v 5.084 		-14.148 		2.998
v 46.615 		-12.181 		4
v 46.452 		-12.183 		4
v 46.292 		-12.165 		4
v 4.997 		-14.184 		2.998
v 5.016 		-14.18 		2.998
v 46.778 		-12.158 		4
v 5.054 		-14.167 		2.998
v 5.036 		-14.175 		2.998
v 5.071 		-14.158 		2.998
v 46.146 		-11.308 		4
v 46.204 		-11.365 		4
v 46.273 		-11.413 		4
v 46.352 		-11.452 		4
v 46.394 		-11.466 		4
v 46.438 		-11.476 		4
v 46.483 		-11.484 		4
v 46.529 		-11.489 		4
v 46.575 		-11.492 		4
v 46.715 		-11.501 		4
v 46.669 		-11.498 		4
v 4.867 		-14.066 		2.998
v 4.865 		-14.048 		2.998
v 46.8 		-11.5 		4
v 46.885 		-11.483 		4
v 46.967 		-11.449 		4
v 47.045 		-11.402 		4
v 45.23 		-11.183 		4
v 45.192 		-11.039 		4
v 45.16 		-10.87 		4
v 45.946 		-10.83 		4
v 45.969 		-10.934 		4
v 45.993 		-11.017 		4
v 46.021 		-11.097 		4
v 46.056 		-11.173 		4
v 45.142 		-10.701 		4
v 45.138 		-10.533 		4
v 45.148 		-10.367 		4
v 15.356 		-14.722 		4
v 45.953 		-10.317 		4
v 45.935 		-10.418 		4
v 45.925 		-10.52 		4
v 45.924 		-10.623 		4
v 45.931 		-10.727 		4
v 15.08 		-14.725 		4
v 15.076 		-14.755 		4
v 46.097 		-11.244 		4
v 15.067 		-14.671 		4
v 15.073 		-14.682 		4
v 15.066 		-14.78 		4
v 15.047 		-14.809 		4
v 15.072 		-14.769 		4
v 15.077 		-14.695 		4
v 15.079 		-14.709 		4
v 15.027 		-14.837 		4
v 15.333 		-14.433 		4
v 15.285 		-14.496 		4
v 15.236 		-14.561 		4
v 14.994 		-14.574 		4
v 14.92 		-14.476 		4
v 15.14 		-14.433 		4
v 15.093 		-14.369 		4
v 15.845 		-15.595 		2.998
v 15.817 		-15.593 		2.998
v 15.789 		-15.589 		2.998
v 15.775 		-15.584 		2.998
v 15.857 		-15.377 		2.998
v 15.76 		-15.577 		2.998
v 15.747 		-15.567 		2.998
v 15.708 		-15.528 		2.998
v 15.733 		-15.555 		2.998
v 15.633 		-15.429 		2.998
v 15.686 		-15.499 		2.998
v 15.696 		-15.513 		2.998
v 15.72 		-15.541 		2.998
v 15.874 		-15.596 		2.998
v 15.98 		-15.538 		2.998
v 15.939 		-15.483 		2.998
v 15.932 		-15.595 		2.998
v 4.863 		-13.772 		2.998
v 4.919 		-14.155 		4
v 4.905 		-14.139 		4
v 4.892 		-14.122 		4
v 4.881 		-14.104 		4
v 4.872 		-14.085 		4
v 4.979 		-14.185 		4
v 4.963 		-14.183 		4
v 4.949 		-14.178 		4
v 4.934 		-14.168 		4
v 4.997 		-14.184 		4
v 5.016 		-14.18 		4
v 5.084 		-14.148 		4
v 5.054 		-14.167 		4
v 5.036 		-14.175 		4
v 4.974 		-5.998 		2.998
v 4.994 		-5.998 		2.998
v 5.154 		-14.089 		2.998
v 5.223 		-14.03 		2.998
v 5.291 		-13.97 		2.998
v 5.18 		-13.722 		2.998
v 5.156 		-13.744 		2.998
v 5.127 		-13.769 		2.998
v 5.125 		-13.727 		2.998
v 5.124 		-13.709 		2.998
v 5.142 		-13.756 		2.998
v 5.121 		-13.661 		2.998
v 5.219 		-13.687 		2.998
v 5.21 		-13.695 		2.998
v 5.265 		-13.643 		2.998
v 5.123 		-13.692 		2.998
v 5.122 		-13.676 		2.998
v 5.495 		-13.787 		2.998
v 5.562 		-13.726 		2.998
v 5.63 		-13.665 		2.998
v 5.588 		-13.341 		2.998
v 5.542 		-13.383 		2.998
v 5.403 		-13.513 		2.998
v 5.495 		-13.426 		2.998
v 5.121 		-13.442 		2.998
v 5.737 		-13.567 		2.998
v 5.843 		-13.469 		2.998
v 5.95 		-13.37 		2.998
v 4.861 		-13.218 		2.998
v 5.122 		-13.252 		2.998
v 5.124 		-13.061 		2.998
v 5.124 		-12.68 		2.998
v 5.123 		-12.489 		2.998
v 5.12 		-12.299 		2.998
v 5.994 		-12.974 		2.998
v 5.723 		-13.218 		2.998
v 6.516 		-12.847 		2.998
v 6.376 		-12.976 		2.998
v 6.483 		-12.878 		2.998
v 6.733 		-12.309 		2.998
v 6.672 		-12.363 		2.998
v 6.536 		-12.486 		2.998
v 6.584 		-12.786 		2.998
v 6.685 		-12.694 		2.998
v 6.753 		-12.632 		2.998
v 6.993 		-12.413 		2.998
v 7.072 		-12.339 		2.998
v 6.401 		-12.607 		2.998
v 6.265 		-12.729 		2.998
v 4.861 		-12.11 		2.998
v 5.115 		-12.043 		2.998
v 5.031 		-11.585 		2.998
v 4.973 		-11.635 		2.998
v 4.944 		-11.661 		2.998
v 4.918 		-11.688 		2.998
v 4.895 		-11.718 		2.998
v 4.877 		-11.752 		2.998
v 4.865 		-11.79 		2.998
v 4.86 		-11.833 		2.998
v 5.08 		-11.54 		2.998
v 5.114 		-12.109 		2.998
v 5.225 		-11.795 		2.998
v 5.191 		-11.836 		2.998
v 5.162 		-11.881 		2.998
v 5.14 		-11.93 		2.998
v 5.124 		-11.984 		2.998
v 5.284 		-11.368 		2.998
v 5.232 		-11.41 		2.998
v 5.13 		-11.496 		2.998
v 5.307 		-11.716 		2.998
v 5.36 		-11.672 		2.998
v 5.386 		-11.282 		2.998
v 5.264 		-11.755 		2.998
v 5.774 		-11.319 		2.998
v 5.825 		-11.275 		2.998
v 5.724 		-11.363 		2.998
v 5.672 		-11.408 		2.998
v 5.577 		-11.117 		2.998
v 5.437 		-11.238 		2.998
v 5.925 		-11.185 		2.998
v 5.976 		-11.139 		2.998
v 6.078 		-11.045 		2.998
v 5.646 		-11.056 		2.998
v 5.786 		-10.933 		2.998
v 5.716 		-10.994 		2.998
v 5.857 		-10.871 		2.998
v 6.056 		-10.914 		2.998
v 6.033 		-10.886 		2.998
v 6.13 		-10.997 		2.998
v 6.106 		-10.968 		2.998
v 6.034 		-10.885 		2.998
v 6.058 		-10.913 		2.998
v 6.083 		-10.939 		2.998
v 6.11 		-10.966 		2.998
v 6.137 		-10.994 		2.998
v 6.001 		-10.824 		2.998
v 5.995 		-10.788 		2.998
v 5.927 		-10.809 		2.998
v 6 		-10.785 		2.998
v 6.004 		-10.822 		2.998
v 6.016 		-10.855 		2.998
v 6.014 		-10.856 		2.998
v 6.096 		-10.663 		2.998
v 5.999 		-10.747 		2.998
v 6.005 		-10.743 		2.998
v 7.151 		-12.266 		2.998
v 6.855 		-12.2 		2.998
v 6.794 		-12.254 		2.998
v 7.038 		-12.037 		2.998
v 6.916 		-12.145 		2.998
v 7.099 		-11.982 		2.998
v 7.161 		-11.928 		2.998
v 7.106 		-11.877 		2.998
v 7.156 		-11.922 		2.998
v 6.449 		-11.285 		2.998
v 6.526 		-11.357 		2.998
v 6.604 		-11.429 		2.998
v 15.992 		-15.593 		2.998
v 16.023 		-15.593 		2.998
v 15.903 		-15.596 		2.998
v 28.972 		-10.722 		2.998
v 28.985 		-10.854 		2.998
v 29.086 		-11.255 		2.998
v 29.042 		-11.124 		2.998
v 29.008 		-10.987 		2.998
v 28.968 		-10.59 		2.998
v 28.973 		-10.459 		2.998
v 28.988 		-10.328 		2.998
v 29.799 		-10.289 		2.998
v 29.784 		-10.37 		2.998
v 29.774 		-10.451 		2.998
v 29.768 		-10.532 		2.998
v 29.768 		-10.614 		2.998
v 29.773 		-10.696 		2.998
v 29.783 		-10.78 		2.998
v 29.952 		-11.246 		2.998
v 29.893 		-11.158 		2.998
v 29.81 		-10.927 		2.998
v 29.846 		-11.052 		2.998
v 31.688 		-11.603 		2.998
v 31.586 		-11.726 		2.998
v 31.474 		-11.836 		2.998
v 31.353 		-11.93 		2.998
v 31.223 		-12.009 		2.998
v 31.081 		-12.072 		2.998
v 30.93 		-12.12 		2.998
v 30.767 		-12.152 		2.998
v 30.92 		-11.354 		2.998
v 30.834 		-11.409 		2.998
v 30.998 		-11.284 		2.998
v 30.742 		-11.447 		2.998
v 32.734 		-12.08 		2.998
v 31.782 		-11.464 		2.998
v 31.836 		-11.365 		2.998
v 31.882 		-11.264 		2.998
v 31.214 		-10.487 		2.998
v 31.22 		-10.609 		2.998
v 31.198 		-10.364 		2.998
v 31.175 		-10.241 		2.998
v 31.216 		-10.729 		2.998
v 31.2 		-10.849 		2.998
v 31.125 		-11.083 		2.998
v 31.063 		-11.198 		2.998
v 31.17 		-10.967 		2.998
v 31.99 		-10.843 		2.998
v 31.973 		-10.95 		2.998
v 31.95 		-11.056 		2.998
v 31.92 		-11.16 		2.998
v 32.002 		-10.735 		2.998
v 31.973 		-10.249 		2.998
v 31.985 		-10.311 		2.998
v 31.994 		-10.374 		2.998
v 32.002 		-10.438 		2.998
v 32.007 		-10.501 		2.998
v 32.009 		-10.564 		2.998
v 32.008 		-10.626 		2.998
v 29.092 		-9.941 		2.998
v 29.047 		-10.07 		2.998
v 29.154 		-9.801 		2.998
v 29.013 		-10.199 		2.998
v 15.845 		-15.595 		4
v 5.63 		-9.113 		2.998
v 15.817 		-15.593 		4
v 15.789 		-15.589 		4
v 15.775 		-15.584 		4
v 6.12 		-9.199 		2.998
v 15.857 		-15.377 		4
v 5.732 		-9.202 		2.998
v 5.742 		-8.846 		2.998
v 15.76 		-15.577 		4
v 5.679 		-8.789 		2.998
v 15.747 		-15.567 		4
v 29.228 		-9.671 		2.998
v 15.708 		-15.528 		4
v 29.313 		-9.552 		2.998
v 29.408 		-9.444 		2.998
v 15.733 		-15.555 		4
v 29.515 		-9.348 		2.998
v 15.633 		-15.429 		4
v 15.686 		-15.499 		4
v 29.633 		-9.262 		2.998
v 15.696 		-15.513 		4
v 30.709 		-9.729 		2.998
v 30.019 		-9.86 		2.998
v 30.1 		-9.801 		2.998
v 15.72 		-15.541 		4
v 30.187 		-9.757 		2.998
v 15.874 		-15.596 		4
v 29.947 		-9.934 		2.998
v 29.888 		-10.023 		2.998
v 15.98 		-15.538 		4
v 29.843 		-10.128 		2.998
v 15.939 		-15.483 		4
v 29.819 		-10.209 		2.998
v 15.992 		-15.593 		4
v 15.932 		-15.595 		4
v 16.023 		-15.593 		4
v 30.461 		-9.705 		2.998
v 30.477 		-9.706 		2.998
v 15.903 		-15.596 		4
v 30.59 		-9.706 		2.998
v 30.37 		-9.709 		2.998
v 30.278 		-9.726 		2.998
v 15.58 		-15.358 		2.998
v 15.528 		-15.288 		2.998
v 15.372 		-15.075 		2.998
v 15.565 		-14.996 		2.998
v 15.523 		-14.94 		2.998
v 15.736 		-15.219 		2.998
v 29.762 		-9.186 		2.998
v 29.901 		-9.122 		2.998
v 29.986 		-9.09 		2.998
v 30.605 		-9.015 		2.998
v 5.071 		-14.158 		4
v 30.072 		-9.063 		2.998
v 30.159 		-9.042 		2.998
v 30.247 		-9.026 		2.998
v 30.336 		-9.016 		2.998
v 4.867 		-14.066 		4
v 30.425 		-9.01 		2.998
v 30.515 		-9.01 		2.998
v 4.865 		-14.048 		4
v 31.453 		-9.337 		2.998
v 4.863 		-13.772 		4
v 31.617 		-9.492 		2.998
v 31.102 		-10.037 		2.998
v 31.144 		-10.134 		2.998
v 30.983 		-9.877 		2.998
v 30.905 		-9.815 		2.998
v 30.814 		-9.766 		2.998
v 31.049 		-9.951 		2.998
v 31.755 		-9.675 		2.998
v 31.866 		-9.886 		2.998
v 31.945 		-10.125 		2.998
v 31.96 		-10.186 		2.998
v 32.734 		-9.106 		2.998
v 31.062 		-9.115 		2.998
v 31.268 		-9.211 		2.998
v 30.84 		-9.049 		2.998
v 5.121 		-8.009 		2.998
v 5.121 		-8.009 		4
v 4.861 		-7.804 		2.998
v 4.861 		-7.804 		4
v 4.861 		-6.972 		2.998
v 4.861 		-6.972 		4
v 5.881 		-7.1 		2.998
v 5.553 		-6.8 		2.998
v 5.612 		-6.854 		2.998
v 5.493 		-6.746 		2.998
v 5.434 		-6.692 		2.998
v 5.746 		-6.977 		2.998
v 5.913 		-6.771 		2.998
v 5.837 		-6.701 		2.998
v 6.12 		-6.958 		2.998
v 5.99 		-6.841 		2.998
v 5.121 		-6.455 		2.998
v 5.125 		-6.439 		2.998
v 5.122 		-6.452 		2.998
v 5.124 		-6.444 		2.998
v 5.127 		-6.434 		2.998
v 5.128 		-6.428 		2.998
v 5.373 		-6.639 		2.998
v 5.253 		-6.531 		2.998
v 5.191 		-6.477 		2.998
v 5.13 		-6.422 		2.998
v 5.534 		-6.418 		2.998
v 5.459 		-6.348 		2.998
v 5.383 		-6.278 		2.998
v 5.347 		-6.245 		2.998
v 5.311 		-6.213 		2.998
v 5.24 		-6.148 		2.998
v 5.276 		-6.18 		2.998
v 5.686 		-6.56 		2.998
v 5.761 		-6.63 		2.998
v 5.154 		-14.089 		4
v 5.291 		-13.97 		4
v 5.223 		-14.03 		4
v 15.651 		-15.108 		2.998
v 15.695 		-15.165 		2.998
v 15.776 		-15.271 		2.998
v 15.817 		-15.324 		2.998
v 15.382 		-14.369 		2.998
v 15.597 		-14.408 		2.998
v 15.517 		-14.512 		2.998
v 15.439 		-14.83 		2.998
v 15.437 		-14.617 		2.998
v 15.398 		-14.776 		2.998
v 5.881 		-7.1 		4
v 5.612 		-6.854 		4
v 5.553 		-6.8 		4
v 5.493 		-6.746 		4
v 5.434 		-6.692 		4
v 5.746 		-6.977 		4
v 5.837 		-6.701 		4
v 5.913 		-6.771 		4
v 6.12 		-6.958 		4
v 5.99 		-6.841 		4
v 5.121 		-6.455 		4
v 5.125 		-6.439 		4
v 5.122 		-6.452 		4
v 5.124 		-6.444 		4
v 5.128 		-6.428 		4
v 5.127 		-6.434 		4
v 5.13 		-6.422 		4
v 5.373 		-6.639 		4
v 5.253 		-6.531 		4
v 5.191 		-6.477 		4
v 5.534 		-6.418 		4
v 5.459 		-6.348 		4
v 5.383 		-6.278 		4
v 15.651 		-15.108 		4
v 15.695 		-15.165 		4
v 5.347 		-6.245 		4
v 5.311 		-6.213 		4
v 5.24 		-6.148 		4
v 15.736 		-15.219 		4
v 5.276 		-6.18 		4
v 5.686 		-6.56 		4
v 15.776 		-15.271 		4
v 5.761 		-6.63 		4
v 15.817 		-15.324 		4
v 4.864 		-6.141 		2.998
v 15.58 		-15.358 		4
v 4.866 		-6.123 		2.998
v 15.528 		-15.288 		4
v 4.871 		-6.103 		2.998
v 15.372 		-15.075 		4
v 15.523 		-14.94 		4
v 15.565 		-14.996 		4
v 15.382 		-14.369 		4
v 15.597 		-14.408 		4
v 15.517 		-14.512 		4
v 15.439 		-14.83 		4
v 15.437 		-14.617 		4
v 15.398 		-14.776 		4
v 14.771 		-14.281 		2.998
v 14.619 		-14.084 		2.998
v 14.695 		-14.183 		2.998
v 14.542 		-13.984 		2.998
v 14.493 		-13.882 		2.998
v 14.522 		-13.88 		2.998
v 14.551 		-13.877 		2.998
v 14.578 		-13.875 		2.998
v 14.464 		-13.883 		2.998
v 14.794 		-13.986 		2.998
v 14.699 		-13.904 		2.998
v 14.673 		-13.888 		2.998
v 14.771 		-13.963 		2.998
v 14.748 		-13.942 		2.998
v 14.604 		-13.875 		2.998
v 14.629 		-13.876 		2.998
v 14.835 		-14.035 		2.998
v 14.815 		-14.01 		2.998
v 14.652 		-13.88 		2.998
v 14.724 		-13.921 		2.998
v 14.855 		-14.059 		2.998
v 14.903 		-14.12 		2.998
v 14.951 		-14.182 		2.998
v 15.045 		-14.306 		2.998
v 14.771 		-14.281 		4
v 14.619 		-14.084 		4
v 14.695 		-14.183 		4
v 14.493 		-13.882 		4
v 14.522 		-13.88 		4
v 14.551 		-13.877 		4
v 14.578 		-13.875 		4
v 14.542 		-13.984 		4
v 14.464 		-13.883 		4
v 14.794 		-13.986 		4
v 14.699 		-13.904 		4
v 14.673 		-13.888 		4
v 14.771 		-13.963 		4
v 14.748 		-13.942 		4
v 14.604 		-13.875 		4
v 14.629 		-13.876 		4
v 14.835 		-14.035 		4
v 14.815 		-14.01 		4
v 14.652 		-13.88 		4
v 14.724 		-13.921 		4
v 14.855 		-14.059 		4
v 14.903 		-14.12 		4
v 14.951 		-14.182 		4
v 15.045 		-14.306 		4
v 15.757 		-14.201 		2.998
v 15.824 		-13.883 		2.998
v 15.776 		-13.898 		2.998
v 15.677 		-14.305 		2.998
v 15.688 		-13.955 		2.998
v 15.648 		-13.998 		2.998
v 15.612 		-14.049 		2.998
v 15.73 		-13.922 		2.998
v 15.568 		-14.114 		2.998
v 15.523 		-14.179 		2.998
v 15.477 		-14.242 		2.998
v 15.43 		-14.306 		2.998
v 15.994 		-13.892 		2.998
v 15.933 		-13.88 		2.998
v 16.224 		-14.056 		2.998
v 15.877 		-13.877 		2.998
v 16.224 		-13.862 		2.998
v 15.757 		-14.201 		4
v 15.824 		-13.883 		4
v 15.776 		-13.898 		4
v 15.677 		-14.305 		4
v 15.688 		-13.955 		4
v 15.648 		-13.998 		4
v 15.612 		-14.049 		4
v 15.73 		-13.922 		4
v 15.568 		-14.114 		4
v 15.523 		-14.179 		4
v 15.477 		-14.242 		4
v 15.43 		-14.306 		4
v 16.224 		-14.056 		4
v 15.994 		-13.892 		4
v 15.933 		-13.88 		4
v 15.877 		-13.877 		4
v 16.224 		-13.862 		4
v 14.667 		-8.799 		4
v 14.667 		-8.799 		2.998
v 15.919 		-8.799 		4
v 15.919 		-8.799 		2.998
v 13.344 		-10.447 		2.998
v 13.344 		-10.447 		4
v 13.344 		-12.081 		4
v 13.344 		-12.081 		2.998
v 13.341 		-9.722 		4
v 13.341 		-9.722 		2.998
v 14.099 		-12.081 		2.998
v 14.099 		-12.081 		4
v 15.919 		-12.081 		4
v 15.919 		-12.081 		2.998
v 10.794 		-8.087 		2.998
v 10.794 		-8.087 		4
v 11.545 		-8.087 		2.998
v 11.545 		-8.087 		4
v 13.341 		-8.082 		2.998
v 13.786 		-8.082 		2.998
v 13.874 		-8.083 		2.998
v 13.961 		-8.084 		2.998
v 14.049 		-8.085 		2.998
v 4.912 		-6.03 		2.998
v 5.806 		-8.904 		2.998
v 6.057 		-9.139 		2.998
v 5.994 		-9.08 		2.998
v 5.932 		-9.021 		2.998
v 5.869 		-8.962 		2.998
v 6.125 		-9.195 		2.998
v 5.33 		-8.478 		2.998
v 5.559 		-8.68 		2.998
v 5.444 		-8.579 		2.998
v 5.387 		-8.528 		2.998
v 5.121 		-8.668 		2.998
v 5.125 		-8.256 		2.998
v 5.123 		-8.243 		2.998
v 5.128 		-8.269 		2.998
v 5.138 		-8.294 		2.998
v 5.145 		-8.305 		2.998
v 5.152 		-8.315 		2.998
v 5.122 		-8.231 		2.998
v 5.133 		-8.282 		2.998
v 5.16 		-8.324 		2.998
v 5.216 		-8.376 		2.998
v 6.453 		-9.825 		2.998
v 6.649 		-10.176 		2.998
v 6.862 		-10.005 		2.998
v 6.689 		-10.037 		2.998
v 6.842 		-10.02 		2.998
v 6.883 		-9.993 		2.998
v 6.8747 		-9.9977 		2.998
v 6.862 		-10.006 		2.998
v 6.749 		-10.09 		2.998
v 6.882 		-9.993 		2.998
v 6.746 		-10.093 		2.998
v 6.745 		-10.093 		2.998
v 6.744 		-10.094 		2.998
v 6.748 		-10.091 		2.998
v 6.749 		-10.091 		2.998
v 7.066 		-10.227 		2.998
v 7.08 		-10.227 		2.998
v 7.039 		-10.233 		2.998
v 7.053 		-10.23 		2.998
v 7.025 		-10.238 		2.998
v 6.925 		-9.972 		2.998
v 6.947 		-9.965 		2.998
v 6.879 		-9.833 		2.998
v 6.806 		-9.768 		2.998
v 6.997 		-9.959 		2.998
v 6.972 		-9.961 		2.998
v 7.005 		-9.961 		2.998
v 6.978 		-9.961 		2.998
v 6.952 		-9.965 		2.998
v 6.928 		-9.972 		2.998
v 6.905 		-9.981 		2.998
v 6.903 		-9.981 		2.998
v 7.024 		-9.962 		2.998
v 6.952 		-9.897 		2.998
v 7.035 		-9.963 		2.998
v 6.246 		-9.637 		2.998
v 6.588 		-9.575 		2.998
v 6.515 		-9.511 		2.998
v 6.212 		-9.608 		2.998
v 6.179 		-9.58 		2.998
v 6.278 		-9.666 		2.998
v 6.337 		-9.719 		2.998
v 6.394 		-9.405 		2.998
v 6.382 		-9.394 		2.998
v 6.356 		-9.372 		2.998
v 6.43 		-9.436 		2.998
v 6.407 		-9.415 		2.998
v 6.342 		-9.36 		2.998
v 6.442 		-9.446 		2.998
v 6.47 		-9.245 		2.998
v 6.661 		-9.64 		2.998
v 6.733 		-9.704 		2.998
v 7.545 		-10.225 		2.998
v 7.312 		-10.226 		2.998
v 6.851 		-8.902 		2.998
v 6.977 		-8.789 		2.998
v 6.593 		-8.762 		2.998
v 6.22 		-9.107 		2.998
v 6.314 		-9.019 		2.998
v 6.5 		-8.847 		2.998
v 6.597 		-9.13 		2.998
v 6.778 		-8.593 		2.998
v 6.685 		-8.677 		2.998
v 4.956 		-6.001 		2.998
v 4.94 		-6.007 		2.998
v 4.926 		-6.017 		2.998
v 4.899 		-6.046 		2.998
v 4.888 		-6.064 		2.998
v 4.878 		-6.083 		2.998
v 5.09 		-6.027 		2.998
v 5.074 		-6.018 		2.998
v 5.056 		-6.01 		2.998
v 5.036 		-6.004 		2.998
v 5.015 		-5.999 		2.998
v 5.166 		-6.086 		2.998
v 5.129 		-6.056 		2.998
v 7.168 		-7.904 		2.998
v 7.124 		-7.862 		2.998
v 7.08 		-7.821 		2.998
v 7.035 		-7.78 		2.998
v 6.553 		-7.718 		2.998
v 6.687 		-7.842 		2.998
v 6.743 		-7.893 		2.998
v 6.8 		-7.944 		2.998
v 6.914 		-8.047 		2.998
v 6.972 		-8.099 		2.998
v 7.03 		-8.15 		2.998
v 6.857 		-7.996 		2.998
v 6.284 		-7.471 		2.998
v 6.512 		-7.311 		2.998
v 6.381 		-7.193 		2.998
v 6.418 		-7.595 		2.998
v 6.905 		-7.663 		2.998
v 6.774 		-7.545 		2.998
v 7.42 		-8.156 		2.998
v 7.323 		-8.163 		2.998
v 7.382 		-8.13 		2.998
v 7.352 		-8.146 		2.998
v 7.293 		-8.177 		2.998
v 7.322 		-8.16 		2.998
v 7.351 		-8.142 		2.998
v 7.381 		-8.123 		2.998
v 7.339 		-8.077 		2.998
v 7.297 		-8.033 		2.998
v 7.457 		-8.183 		2.998
v 6.251 		-7.076 		2.998
v 10.773 		-15.587 		2.998
v 10.984 		-15.587 		2.998
v 10.984 		-15.508 		2.998
v 10.983 		-15.47 		2.998
v 10.984 		-15.28 		2.998
v 10.986 		-15.179 		2.998
v 10.992 		-14.877 		2.998
v 10.994 		-14.777 		2.998
v 10.988 		-15.079 		2.998
v 11.008 		-14.475 		2.998
v 11.017 		-14.404 		2.998
v 11.002 		-14.575 		2.998
v 10.997 		-14.676 		2.998
v 10.983 		-15.355 		2.998
v 10.984 		-15.318 		2.998
v 11.035 		-14.337 		2.998
v 12.001 		-15.587 		2.998
v 12.239 		-15.453 		2.998
v 12 		-15.473 		2.998
v 12.239 		-15.587 		2.998
v 12 		-14.901 		2.998
v 12 		-15.358 		2.998
v 12.24 		-15.319 		2.998
v 12.241 		-15.186 		2.998
v 11.999 		-15.129 		2.998
v 11.999 		-15.015 		2.998
v 12.002 		-14.672 		2.998
v 12 		-14.786 		2.998
v 12.241 		-14.788 		2.998
v 12.239 		-14.656 		2.998
v 12.235 		-14.523 		2.998
v 12.231 		-14.456 		2.998
v 12.221 		-14.39 		2.998
v 12.001 		-14.606 		2.998
v 11.971 		-14.416 		2.998
v 11.985 		-14.478 		2.998
v 11.95 		-14.356 		2.998
v 11.996 		-14.541 		2.998
v 11.233 		-13.9 		2.998
v 11.186 		-13.926 		2.998
v 11.14 		-13.955 		2.998
v 11.095 		-13.985 		2.998
v 11.137 		-14.17 		2.998
v 11.188 		-14.127 		2.998
v 11.049 		-14.015 		2.998
v 11.004 		-14.045 		2.998
v 11.094 		-14.22 		2.998
v 11.247 		-14.092 		2.998
v 11.061 		-14.276 		2.998
v 10.773 		-13.867 		2.998
v 10.958 		-14.074 		2.998
v 10.958 		-13.867 		2.998
v 11.731 		-14.083 		2.998
v 11.717 		-13.827 		2.998
v 11.429 		-13.829 		2.998
v 11.329 		-13.857 		2.998
v 11.28 		-13.877 		2.998
v 11.666 		-14.054 		2.998
v 11.458 		-14.034 		2.998
v 11.529 		-14.03 		2.998
v 11.387 		-14.045 		2.998
v 11.598 		-14.037 		2.998
v 11.314 		-14.065 		2.998
v 12.206 		-14.326 		2.998
v 12.186 		-14.262 		2.998
v 12.16 		-14.201 		2.998
v 12.129 		-14.142 		2.998
v 12.092 		-14.086 		2.998
v 12.05 		-14.034 		2.998
v 11.974 		-13.958 		2.998
v 11.893 		-13.899 		2.998
v 11.807 		-13.856 		2.998
v 11.795 		-14.126 		2.998
v 11.856 		-14.182 		2.998
v 11.893 		-14.238 		2.998
v 11.925 		-14.297 		2.998
v 11.624 		-13.813 		2.998
v 11.528 		-13.814 		2.998
v 8.512 		-11.056 		2.998
v 8.645 		-10.937 		2.998
v 8.311 		-10.874 		2.998
v 8.199 		-10.976 		2.998
v 8.38 		-11.175 		2.998
v 8.993 		-10.244 		2.998
v 8.981 		-10.266 		2.998
v 8.909 		-10.699 		2.998
v 9.042 		-10.581 		2.998
v 8.895 		-10.343 		2.998
v 8.725 		-10.496 		2.998
v 8.641 		-10.572 		2.998
v 8.558 		-10.648 		2.998
v 8.809 		-10.419 		2.998
v 8.476 		-10.723 		2.998
v 9.306 		-10.343 		2.998
v 11.548 		-10.447 		2.998
v 11.548 		-12.081 		2.998
v 10.794 		-12.081 		2.998
v 8.242 		-10.225 		2.998
v 8.475 		-10.226 		2.998
v 8.707 		-10.226 		2.998
v 8.971 		-10.22 		2.998
v 8.982 		-10.219 		2.998
v 8.995 		-10.23 		2.998
v 8.94 		-10.227 		2.998
v 8.947 		-10.225 		2.998
v 8.958 		-10.223 		2.998
v 8.991 		-10.222 		2.998
v 9.096 		-9.964 		2.998
v 8.831 		-9.767 		2.998
v 9.044 		-9.956 		2.998
v 9.095 		-9.959 		2.998
v 9.144 		-9.961 		2.998
v 9.193 		-9.962 		2.998
v 9.047 		-9.963 		2.998
v 8.407 		-9.389 		2.998
v 8.648 		-9.245 		2.998
v 9.158 		-9.701 		2.998
v 9.03 		-9.587 		2.998
v 8.775 		-9.359 		2.998
v 8.903 		-9.472 		2.998
v 9.437 		-10.223 		2.998
v 9.475 		-10.186 		2.998
v 9.502 		-10.153 		2.998
v 9.517 		-10.122 		2.998
v 9.521 		-10.093 		2.998
v 9.514 		-10.064 		2.998
v 9.497 		-10.034 		2.998
v 9.468 		-10.001 		2.998
v 9.241 		-9.963 		2.998
v 9.288 		-9.963 		2.998
v 9.334 		-9.962 		2.998
v 9.426 		-9.958 		2.998
v 9.39 		-9.92 		2.998
v 9.241 		-9.964 		2.998
v 9.338 		-9.865 		2.998
v 9.355 		-9.883 		2.998
v 9.373 		-9.901 		2.998
v 9.289 		-9.965 		2.998
v 9.429 		-9.965 		2.998
v 9.32 		-9.848 		2.998
v 9.285 		-9.815 		2.998
v 9.303 		-9.831 		2.998
v 5.18 		-13.722 		4
v 5.124 		-13.709 		4
v 5.125 		-13.727 		4
v 5.127 		-13.769 		4
v 5.142 		-13.756 		4
v 5.156 		-13.744 		4
v 5.21 		-13.695 		4
v 5.219 		-13.687 		4
v 5.265 		-13.643 		4
v 5.123 		-13.692 		4
v 5.122 		-13.676 		4
v 5.121 		-13.661 		4
v 5.63 		-13.665 		4
v 5.562 		-13.726 		4
v 5.495 		-13.787 		4
v 5.403 		-13.513 		4
v 5.495 		-13.426 		4
v 5.542 		-13.383 		4
v 5.588 		-13.341 		4
v 5.121 		-13.442 		4
v 5.843 		-13.469 		4
v 5.737 		-13.567 		4
v 5.95 		-13.37 		4
v 4.861 		-13.218 		4
v 5.12 		-12.299 		4
v 5.123 		-12.489 		4
v 5.124 		-12.68 		4
v 5.124 		-13.061 		4
v 5.122 		-13.252 		4
v 5.723 		-13.218 		4
v 5.994 		-12.974 		4
v 6.483 		-12.878 		4
v 6.376 		-12.976 		4
v 6.516 		-12.847 		4
v 7.072 		-12.339 		4
v 6.993 		-12.413 		4
v 6.584 		-12.786 		4
v 6.685 		-12.694 		4
v 6.753 		-12.632 		4
v 6.265 		-12.729 		4
v 6.401 		-12.607 		4
v 6.536 		-12.486 		4
v 6.672 		-12.363 		4
v 6.733 		-12.309 		4
v 4.861 		-12.11 		4
v 4.865 		-11.79 		4
v 4.877 		-11.752 		4
v 4.895 		-11.718 		4
v 4.918 		-11.688 		4
v 4.944 		-11.661 		4
v 4.973 		-11.635 		4
v 5.031 		-11.585 		4
v 5.08 		-11.54 		4
v 5.115 		-12.043 		4
v 5.114 		-12.109 		4
v 5.225 		-11.795 		4
v 5.191 		-11.836 		4
v 5.162 		-11.881 		4
v 5.14 		-11.93 		4
v 5.124 		-11.984 		4
v 5.13 		-11.496 		4
v 5.232 		-11.41 		4
v 5.284 		-11.368 		4
v 5.386 		-11.282 		4
v 5.36 		-11.672 		4
v 5.307 		-11.716 		4
v 5.264 		-11.755 		4
v 5.825 		-11.275 		4
v 5.774 		-11.319 		4
v 5.724 		-11.363 		4
v 5.672 		-11.408 		4
v 5.437 		-11.238 		4
v 5.577 		-11.117 		4
v 6.078 		-11.045 		4
v 5.976 		-11.139 		4
v 5.925 		-11.185 		4
v 5.646 		-11.056 		4
v 5.716 		-10.994 		4
v 5.786 		-10.933 		4
v 5.857 		-10.871 		4
v 6.13 		-10.997 		4
v 6.058 		-10.913 		4
v 6.106 		-10.968 		4
v 6.034 		-10.885 		4
v 6.056 		-10.914 		4
v 6.033 		-10.886 		4
v 6.083 		-10.939 		4
v 6.137 		-10.994 		4
v 6.11 		-10.966 		4
v 5.927 		-10.809 		4
v 6.016 		-10.855 		4
v 6.004 		-10.822 		4
v 6 		-10.785 		4
v 6.001 		-10.824 		4
v 5.995 		-10.788 		4
v 6.014 		-10.856 		4
v 5.999 		-10.747 		4
v 6.005 		-10.743 		4
v 6.096 		-10.663 		4
v 5.222 		-8.758 		4
v 5.616 		-8.731 		4
v 5.528 		-9.025 		4
v 5.63 		-9.113 		4
v 6.12 		-9.199 		4
v 5.732 		-9.202 		4
v 5.679 		-8.789 		4
v 5.806 		-8.904 		4
v 5.742 		-8.846 		4
v 6.057 		-9.139 		4
v 5.994 		-9.08 		4
v 5.932 		-9.021 		4
v 5.869 		-8.962 		4
v 6.125 		-9.195 		4
v 5.33 		-8.478 		4
v 5.559 		-8.68 		4
v 5.444 		-8.579 		4
v 5.387 		-8.528 		4
v 5.121 		-8.668 		4
v 5.123 		-8.243 		4
v 5.125 		-8.256 		4
v 5.128 		-8.269 		4
v 5.138 		-8.294 		4
v 5.145 		-8.305 		4
v 5.152 		-8.315 		4
v 5.122 		-8.231 		4
v 5.133 		-8.282 		4
v 5.16 		-8.324 		4
v 5.216 		-8.376 		4
v 6.8747 		-9.9977 		3.072
v 6.8747 		-9.9977 		3.2
v 14.099 		-8.151 		2.998
v 14.093 		-8.139 		2.998
v 14.087 		-8.128 		2.998
v 14.08 		-8.117 		2.998
v 14.061 		-8.091 		2.998
v 14.055 		-8.086 		2.998
v 14.074 		-8.107 		2.998
v 14.068 		-8.098 		2.998
v 14.667 		-8.088 		2.998
v 16.751 		-15.525 		2.998
v 16.832 		-15.571 		2.998
v 16.896 		-15.364 		2.998
v 16.624 		-15.367 		2.998
v 16.633 		-15.387 		2.998
v 16.683 		-15.464 		2.998
v 16.923 		-15.601 		2.998
v 17.021 		-15.617 		2.998
v 17.122 		-15.618 		2.998
v 6.453 		-9.825 		4
v 16.931 		-15.385 		2.998
v 6.649 		-10.176 		4
v 16.967 		-15.4 		2.998
v 17.003 		-15.41 		2.998
v 17.079 		-15.42 		2.998
v 17.041 		-15.417 		2.998
v 17.117 		-15.421 		2.998
v 17.222 		-15.604 		2.998
v 17.319 		-15.577 		2.998
v 17.319 		-15.42 		2.998
v 17.298 		-15.42 		2.998
v 17.156 		-15.42 		2.998
v 17.277 		-15.419 		2.998
v 17.176 		-15.419 		2.998
v 16.589 		-15.219 		2.998
v 16.59 		-15.24 		2.998
v 16.593 		-15.262 		2.998
v 16.597 		-15.283 		2.998
v 16.602 		-15.305 		2.998
v 16.616 		-15.347 		2.998
v 16.812 		-15.238 		2.998
v 16.808 		-15.222 		2.998
v 16.843 		-15.303 		2.998
v 16.834 		-15.286 		2.998
v 16.825 		-15.27 		2.998
v 16.806 		-15.207 		2.998
v 16.862 		-15.337 		2.998
v 16.818 		-15.254 		2.998
v 16.853 		-15.32 		2.998
v 16.587 		-14.957 		2.998
v 16.804 		-14.921 		2.998
v 16.803 		-14.634 		2.998
v 16.803 		-14.346 		2.998
v 16.804 		-14.778 		2.998
v 16.587 		-13.862 		2.998
v 16.804 		-14.055 		2.998
v 17.318 		-14.055 		2.998
v 17.318 		-13.861 		2.998
v 16.803 		-13.861 		2.998
v 16.587 		-14.056 		2.998
v 16.587 		-13.39 		2.998
v 16.803 		-13.39 		2.998
v 16.804 		-14.201 		2.998
v 19.273 		-14.397 		2.998
v 19.241 		-14.527 		2.998
v 19.227 		-14.66 		2.998
v 19.23 		-14.796 		2.998
v 19.25 		-14.933 		2.998
v 19.285 		-15.072 		2.998
v 19.344 		-15.22 		2.998
v 19.419 		-15.346 		2.998
v 18.519 		-15.593 		2.998
v 18.746 		-15.593 		2.998
v 19.511 		-15.45 		2.998
v 19.619 		-15.531 		2.998
v 19.74 		-15.59 		2.998
v 19.876 		-15.626 		2.998
v 19.897 		-15.404 		2.998
v 20.024 		-15.64 		2.998
v 20.183 		-15.631 		2.998
v 20.289 		-15.612 		2.998
v 20.387 		-15.581 		2.998
v 20.476 		-15.539 		2.998
v 20.304 		-15.368 		2.998
v 20.247 		-15.389 		2.998
v 20.187 		-15.405 		2.998
v 20.036 		-15.423 		2.998
v 20.454 		-15.279 		2.998
v 20.358 		-15.343 		2.998
v 20.407 		-15.314 		2.998
v 19.526 		-15.056 		2.998
v 19.496 		-14.922 		2.998
v 19.584 		-15.175 		2.998
v 19.773 		-15.354 		2.998
v 19.667 		-15.276 		2.998
v 6.749 		-10.09 		4
v 6.689 		-10.037 		4
v 6.746 		-10.093 		4
v 6.748 		-10.091 		4
v 6.745 		-10.093 		4
v 6.749 		-10.091 		4
v 6.744 		-10.094 		4
v 6.862 		-10.005 		4
v 6.842 		-10.02 		4
v 6.862 		-10.006 		4
v 6.8747 		-9.9977 		4
v 6.883 		-9.993 		4
v 6.882 		-9.993 		4
v 7.066 		-10.227 		4
v 7.08 		-10.227 		4
v 7.053 		-10.23 		4
v 7.039 		-10.233 		4
v 7.025 		-10.238 		4
v 6.905 		-9.981 		4
v 6.903 		-9.981 		4
v 6.806 		-9.768 		4
v 6.879 		-9.833 		4
v 6.952 		-9.897 		4
v 7.024 		-9.962 		4
v 6.952 		-9.965 		4
v 6.978 		-9.961 		4
v 6.972 		-9.961 		4
v 7.005 		-9.961 		4
v 6.997 		-9.959 		4
v 6.928 		-9.972 		4
v 6.947 		-9.965 		4
v 6.925 		-9.972 		4
v 7.035 		-9.963 		4
v 6.515 		-9.511 		4
v 6.588 		-9.575 		4
v 6.212 		-9.608 		4
v 6.179 		-9.58 		4
v 6.246 		-9.637 		4
v 6.278 		-9.666 		4
v 6.337 		-9.719 		4
v 6.382 		-9.394 		4
v 6.394 		-9.405 		4
v 6.342 		-9.36 		4
v 6.356 		-9.372 		4
v 6.407 		-9.415 		4
v 6.442 		-9.446 		4
v 6.47 		-9.245 		4
v 6.43 		-9.436 		4
v 6.661 		-9.64 		4
v 6.733 		-9.704 		4
v 7.545 		-10.225 		4
v 7.312 		-10.226 		4
v 6.8747 		-9.9977 		3.328
v 13.341 		-8.082 		4
v 13.786 		-8.082 		4
v 13.874 		-8.083 		4
v 13.961 		-8.084 		4
v 14.049 		-8.085 		4
v 14.099 		-8.151 		4
v 14.08 		-8.117 		4
v 14.087 		-8.128 		4
v 14.068 		-8.098 		4
v 14.074 		-8.107 		4
v 14.093 		-8.139 		4
v 14.055 		-8.086 		4
v 4.864 		-6.141 		4
v 4.866 		-6.123 		4
v 4.871 		-6.103 		4
v 4.899 		-6.046 		4
v 4.912 		-6.03 		4
v 4.926 		-6.017 		4
v 4.94 		-6.007 		4
v 4.956 		-6.001 		4
v 4.878 		-6.083 		4
v 4.888 		-6.064 		4
v 5.015 		-5.999 		4
v 5.09 		-6.027 		4
v 5.036 		-6.004 		4
v 5.074 		-6.018 		4
v 5.056 		-6.01 		4
v 5.129 		-6.056 		4
v 5.166 		-6.086 		4
v 6.8 		-7.944 		4
v 6.743 		-7.893 		4
v 6.687 		-7.842 		4
v 6.553 		-7.718 		4
v 7.03 		-8.15 		4
v 6.972 		-8.099 		4
v 7.035 		-7.78 		4
v 7.08 		-7.821 		4
v 7.124 		-7.862 		4
v 7.168 		-7.904 		4
v 6.857 		-7.996 		4
v 6.914 		-8.047 		4
v 6.381 		-7.193 		4
v 6.512 		-7.311 		4
v 6.418 		-7.595 		4
v 6.284 		-7.471 		4
v 6.774 		-7.545 		4
v 6.905 		-7.663 		4
v 7.352 		-8.146 		4
v 7.382 		-8.13 		4
v 7.351 		-8.142 		4
v 7.322 		-8.16 		4
v 7.293 		-8.177 		4
v 7.323 		-8.163 		4
v 7.381 		-8.123 		4
v 7.297 		-8.033 		4
v 7.339 		-8.077 		4
v 7.42 		-8.156 		4
v 7.457 		-8.183 		4
v 6.251 		-7.076 		4
v 10.984 		-15.587 		4
v 10.773 		-15.587 		4
v 10.983 		-15.47 		4
v 10.984 		-15.508 		4
v 10.994 		-14.777 		4
v 10.992 		-14.877 		4
v 10.988 		-15.079 		4
v 10.984 		-15.28 		4
v 10.984 		-15.318 		4
v 11.002 		-14.575 		4
v 10.997 		-14.676 		4
v 10.986 		-15.179 		4
v 11.035 		-14.337 		4
v 11.017 		-14.404 		4
v 11.008 		-14.475 		4
v 10.983 		-15.355 		4
v 12.239 		-15.453 		4
v 12.239 		-15.587 		4
v 12.001 		-15.587 		4
v 12 		-15.473 		4
v 12.241 		-15.186 		4
v 12.24 		-15.319 		4
v 12 		-15.358 		4
v 11.999 		-15.129 		4
v 11.999 		-15.015 		4
v 12 		-14.901 		4
v 12.241 		-14.788 		4
v 12.221 		-14.39 		4
v 12.231 		-14.456 		4
v 12.235 		-14.523 		4
v 12.239 		-14.656 		4
v 6.8747 		-9.9977 		3.456
v 12.002 		-14.672 		4
v 12.001 		-14.606 		4
v 12 		-14.786 		4
v 11.996 		-14.541 		4
v 11.985 		-14.478 		4
v 11.971 		-14.416 		4
v 11.95 		-14.356 		4
v 11.247 		-14.092 		4
v 11.188 		-14.127 		4
v 11.137 		-14.17 		4
v 11.094 		-14.22 		4
v 11.061 		-14.276 		4
v 11.186 		-13.926 		4
v 11.233 		-13.9 		4
v 11.14 		-13.955 		4
v 11.049 		-14.015 		4
v 11.095 		-13.985 		4
v 10.773 		-13.867 		4
v 10.958 		-13.867 		4
v 10.958 		-14.074 		4
v 11.004 		-14.045 		4
v 11.717 		-13.827 		4
v 11.28 		-13.877 		4
v 11.329 		-13.857 		4
v 11.731 		-14.083 		4
v 11.666 		-14.054 		4
v 11.598 		-14.037 		4
v 11.529 		-14.03 		4
v 11.458 		-14.034 		4
v 11.387 		-14.045 		4
v 11.314 		-14.065 		4
v 11.429 		-13.829 		4
v 12.206 		-14.326 		4
v 12.186 		-14.262 		4
v 11.807 		-13.856 		4
v 12.129 		-14.142 		4
v 12.16 		-14.201 		4
v 11.893 		-13.899 		4
v 11.974 		-13.958 		4
v 14.061 		-8.091 		4
v 12.092 		-14.086 		4
v 12.05 		-14.034 		4
v 14.667 		-8.088 		4
v 11.925 		-14.297 		4
v 11.893 		-14.238 		4
v 11.856 		-14.182 		4
v 11.795 		-14.126 		4
v 11.624 		-13.813 		4
v 11.528 		-13.814 		4
v 8.199 		-10.976 		4
v 8.645 		-10.937 		4
v 8.512 		-11.056 		4
v 8.38 		-11.175 		4
v 8.311 		-10.874 		4
v 9.042 		-10.581 		4
v 8.909 		-10.699 		4
v 8.641 		-10.572 		4
v 8.725 		-10.496 		4
v 8.809 		-10.419 		4
v 8.476 		-10.723 		4
v 8.558 		-10.648 		4
v 8.895 		-10.343 		4
v 8.981 		-10.266 		4
v 8.993 		-10.244 		4
v 9.306 		-10.343 		4
v 11.548 		-10.447 		4
v 11.548 		-12.081 		4
v 10.794 		-12.081 		4
v 8.475 		-10.226 		4
v 8.242 		-10.225 		4
v 8.707 		-10.226 		4
v 8.958 		-10.223 		4
v 8.947 		-10.225 		4
v 8.94 		-10.227 		4
v 8.995 		-10.23 		4
v 8.991 		-10.222 		4
v 8.982 		-10.219 		4
v 8.971 		-10.22 		4
v 8.831 		-9.767 		4
v 9.095 		-9.959 		4
v 9.044 		-9.956 		4
v 9.193 		-9.962 		4
v 9.144 		-9.961 		4
v 9.096 		-9.964 		4
v 9.047 		-9.963 		4
v 9.158 		-9.701 		4
v 8.648 		-9.245 		4
v 8.775 		-9.359 		4
v 8.903 		-9.472 		4
v 9.03 		-9.587 		4
v 8.407 		-9.389 		4
v 9.437 		-10.223 		4
v 9.517 		-10.122 		4
v 9.502 		-10.153 		4
v 9.475 		-10.186 		4
v 9.521 		-10.093 		4
v 9.468 		-10.001 		4
v 9.497 		-10.034 		4
v 9.514 		-10.064 		4
v 9.241 		-9.964 		4
v 9.289 		-9.965 		4
v 9.334 		-9.962 		4
v 9.288 		-9.963 		4
v 9.241 		-9.963 		4
v 9.338 		-9.865 		4
v 16.832 		-15.571 		4
v 16.751 		-15.525 		4
v 16.896 		-15.364 		4
v 16.624 		-15.367 		4
v 16.633 		-15.387 		4
v 16.683 		-15.464 		4
v 16.923 		-15.601 		4
v 17.021 		-15.617 		4
v 17.117 		-15.421 		4
v 16.931 		-15.385 		4
v 16.967 		-15.4 		4
v 17.003 		-15.41 		4
v 17.079 		-15.42 		4
v 17.041 		-15.417 		4
v 17.122 		-15.618 		4
v 17.319 		-15.577 		4
v 17.222 		-15.604 		4
v 17.319 		-15.42 		4
v 17.298 		-15.42 		4
v 17.277 		-15.419 		4
v 17.176 		-15.419 		4
v 17.156 		-15.42 		4
v 6.8747 		-9.9977 		3.584
v 6.8747 		-9.9977 		3.712
v 16.616 		-15.347 		4
v 16.602 		-15.305 		4
v 16.597 		-15.283 		4
v 16.589 		-15.219 		4
v 16.59 		-15.24 		4
v 16.593 		-15.262 		4
v 19.535 		-14.344 		2.998
v 16.808 		-15.222 		4
v 19.515 		-14.403 		2.998
v 16.812 		-15.238 		4
v 19.501 		-14.465 		2.998
v 16.825 		-15.27 		4
v 16.834 		-15.286 		4
v 19.487 		-14.597 		2.998
v 19.491 		-14.53 		2.998
v 16.843 		-15.303 		4
v 16.806 		-15.207 		4
v 16.862 		-15.337 		4
v 16.818 		-15.254 		4
v 16.853 		-15.32 		4
v 16.804 		-14.921 		4
v 16.587 		-14.957 		4
v 16.803 		-14.346 		4
v 16.803 		-14.634 		4
v 16.804 		-14.778 		4
v 16.587 		-13.862 		4
v 17.318 		-14.055 		4
v 16.804 		-14.055 		4
v 17.318 		-13.861 		4
v 16.803 		-13.861 		4
v 16.587 		-13.39 		4
v 16.803 		-13.39 		4
v 16.587 		-14.056 		4
v 16.804 		-14.201 		4
v 6.8747 		-9.9977 		3.84
v 19.285 		-15.072 		4
v 19.344 		-15.22 		4
v 19.25 		-14.933 		4
v 19.241 		-14.527 		4
v 19.227 		-14.66 		4
v 19.23 		-14.796 		4
v 19.273 		-14.397 		4
v 19.419 		-15.346 		4
v 18.746 		-15.593 		4
v 18.519 		-15.593 		4
v 19.619 		-15.531 		4
v 19.511 		-15.45 		4
v 19.897 		-15.404 		4
v 19.876 		-15.626 		4
v 19.74 		-15.59 		4
v 20.289 		-15.612 		4
v 20.183 		-15.631 		4
v 20.476 		-15.539 		4
v 20.387 		-15.581 		4
v 20.247 		-15.389 		4
v 20.304 		-15.368 		4
v 20.187 		-15.405 		4
v 20.036 		-15.423 		4
v 6.8747 		-9.9977 		3.968
# 4114 vertices

g group_0_16345508

usemtl color_16345508
s 0

f 1 	15 	2
f 2 	3 	1
f 9 	2 	4
f 9 	10 	2
f 7 	2 	6
f 5 	6 	2
f 2 	7 	8
f 5 	2 	12
f 11 	2 	10
f 12 	2 	11
f 8 	14 	2
f 13 	2 	14
f 19 	16 	2
f 18 	2 	17
f 15 	19 	2
f 4 	2 	18
f 16 	17 	2
f 22 	42 	21
f 20 	21 	42
f 20 	42 	25
f 24 	25 	42
f 31 	32 	33
f 31 	33 	34
f 37 	38 	23
f 39 	40 	38
f 39 	38 	37
f 36 	35 	40
f 36 	40 	39
f 41 	187 	42
f 43 	44 	45
f 43 	45 	46
f 47 	48 	49
f 47 	49 	50
f 50 	49 	51
f 50 	51 	52
f 54 	53 	55
f 54 	55 	56
f 55 	73 	56
f 58 	57 	44
f 58 	44 	43
f 46 	45 	48
f 46 	48 	47
f 59 	60 	61
f 59 	61 	62
f 52 	51 	60
f 52 	60 	59
f 102 	104 	81
f 63 	85 	86
f 63 	86 	64
f 85 	63 	87
f 65 	87 	63
f 66 	88 	87
f 66 	87 	65
f 106 	88 	66
f 89 	62 	67
f 89 	67 	86
f 64 	86 	67
f 83 	68 	90
f 69 	91 	90
f 69 	90 	68
f 91 	69 	92
f 70 	92 	69
f 93 	72 	94
f 71 	94 	72
f 94 	71 	73
f 92 	70 	72
f 92 	72 	93
f 77 	99 	74
f 190 	98 	76
f 77 	78 	99
f 100 	99 	78
f 79 	101 	78
f 76 	98 	79
f 102 	81 	80
f 80 	75 	97
f 82 	81 	104
f 74 	96 	84
f 84 	106 	66
f 61 	67 	62
f 94 	73 	95
f 95 	73 	55
f 96 	74 	99
f 100 	78 	101
f 101 	79 	98
f 102 	80 	103
f 103 	80 	97
f 106 	84 	96
f 105 	83 	90
f 107 	108 	109
f 107 	109 	110
f 110 	109 	111
f 110 	111 	112
f 112 	111 	113
f 112 	113 	114
f 114 	113 	115
f 114 	115 	116
f 116 	115 	117
f 116 	117 	118
f 57 	58 	117
f 118 	117 	58
f 120 	119 	108
f 120 	108 	107
f 122 	121 	123
f 122 	123 	124
f 124 	123 	125
f 124 	125 	126
f 53 	54 	128
f 127 	128 	54
f 126 	125 	128
f 126 	128 	127
f 120 	161 	119
f 165 	163 	136
f 158 	121 	129
f 129 	121 	122
f 158 	129 	159
f 130 	159 	129
f 159 	130 	160
f 131 	160 	130
f 135 	160 	131
f 132 	119 	161
f 162 	134 	163
f 133 	163 	134
f 164 	135 	162
f 134 	162 	135
f 133 	136 	163
f 161 	167 	132
f 165 	136 	137
f 138 	132 	167
f 138 	167 	137
f 139 	168 	154
f 105 	171 	83
f 140 	168 	139
f 185 	156 	186
f 142 	171 	141
f 83 	171 	142
f 174 	145 	144
f 148 	178 	149
f 145 	174 	148
f 146 	150 	176
f 149 	178 	150
f 146 	176 	75
f 152 	181 	151
f 147 	181 	152
f 185 	155 	156
f 157 	186 	156
f 186 	157 	153
f 160 	135 	164
f 165 	137 	166
f 166 	137 	167
f 140 	169 	168
f 140 	141 	169
f 143 	173 	172
f 143 	172 	144
f 151 	180 	143
f 144 	172 	174
f 148 	177 	178
f 148 	174 	177
f 151 	181 	180
f 147 	175 	181
f 183 	182 	154
f 153 	154 	182
f 183 	154 	168
f 153 	182 	186
f 169 	141 	170
f 170 	141 	171
f 150 	179 	176
f 178 	179 	150
f 97 	75 	176
f 173 	143 	180
f 343 	155 	184
f 184 	155 	185
f 281 	282 	191
f 213 	3776 	215
f 188 	278 	189
f 280 	98 	190
f 281 	191 	189
f 283 	193 	282
f 192 	282 	193
f 192 	191 	282
f 193 	283 	194
f 280 	190 	194
f 196 	286 	195
f 286 	196 	197
f 104 	198 	82
f 290 	200 	199
f 290 	293 	200
f 206 	294 	207
f 297 	211 	209
f 4069 	225 	224
f 226 	205 	216
f 228 	229 	3751
f 232 	231 	229
f 232 	229 	228
f 3760 	1590 	1591
f 201 	291 	333
f 1593 	4100 	3759
f 1536 	1538 	235
f 236 	1587 	235
f 203 	293 	202
f 247 	258 	245
f 249 	255 	258
f 242 	1283 	251
f 243 	258 	242
f 245 	258 	243
f 248 	258 	247
f 240 	251 	1283
f 253 	258 	255
f 249 	258 	248
f 1283 	242 	258
f 261 	2034 	260
f 260 	3531 	261
f 262 	263 	1987
f 264 	265 	263
f 264 	263 	262
f 267 	266 	265
f 267 	265 	264
f 269 	3282 	268
f 271 	276 	270
f 272 	273 	271
f 272 	271 	270
f 272 	904 	273
f 208 	297 	209
f 210 	298 	188
f 206 	204 	294
f 322 	301 	212
f 36 	187 	35
f 277 	35 	187
f 277 	187 	41
f 278 	279 	189
f 189 	279 	281
f 283 	284 	194
f 194 	284 	280
f 286 	285 	195
f 197 	287 	286
f 197 	198 	287
f 289 	287 	198
f 198 	104 	289
f 195 	285 	199
f 288 	199 	285
f 288 	290 	199
f 202 	292 	201
f 291 	201 	292
f 292 	202 	293
f 203 	200 	293
f 294 	295 	207
f 296 	208 	295
f 207 	295 	208
f 208 	296 	297
f 278 	188 	298
f 297 	299 	211
f 210 	211 	298
f 299 	298 	211
f 204 	300 	294
f 300 	204 	301
f 204 	212 	301
f 302 	329 	303
f 304 	325 	305
f 326 	304 	307
f 326 	307 	327
f 308 	327 	307
f 333 	310 	311
f 309 	331 	312
f 315 	305 	337
f 311 	201 	333
f 329 	302 	314
f 337 	175 	315
f 325 	337 	305
f 317 	339 	316
f 340 	339 	318
f 317 	318 	339
f 319 	341 	318
f 340 	318 	341
f 341 	319 	320
f 323 	345 	322
f 313 	327 	308
f 328 	323 	306
f 329 	330 	303
f 306 	303 	330
f 331 	309 	310
f 312 	331 	334
f 334 	313 	312
f 304 	324 	325
f 326 	324 	304
f 330 	328 	306
f 331 	310 	332
f 332 	310 	333
f 327 	313 	335
f 335 	313 	334
f 314 	336 	329
f 316 	336 	314
f 147 	315 	175
f 336 	316 	338
f 339 	338 	316
f 320 	342 	341
f 342 	320 	321
f 342 	321 	343
f 321 	155 	343
f 322 	344 	301
f 345 	344 	322
f 345 	323 	328
f 349 	351 	348
f 362 	349 	348
f 365 	346 	347
f 353 	347 	346
f 350 	351 	349
f 351 	350 	352
f 351 	352 	353
f 347 	353 	352
f 354 	355 	356
f 354 	356 	357
f 357 	356 	358
f 357 	358 	359
f 355 	354 	360
f 355 	360 	361
f 361 	360 	359
f 361 	359 	358
f 349 	362 	363
f 364 	365 	347
f 363 	362 	365
f 363 	365 	364
f 366 	367 	368
f 366 	368 	369
f 369 	368 	370
f 369 	370 	371
f 371 	370 	372
f 371 	372 	373
f 374 	375 	373
f 374 	373 	372
f 376 	377 	375
f 376 	375 	374
f 378 	379 	377
f 378 	377 	376
f 380 	381 	367
f 380 	367 	366
f 384 	385 	383
f 384 	383 	382
f 386 	387 	381
f 386 	381 	380
f 433 	419 	386
f 390 	391 	389
f 390 	389 	388
f 392 	393 	391
f 392 	391 	390
f 394 	395 	393
f 394 	393 	392
f 396 	397 	395
f 396 	395 	394
f 398 	399 	397
f 398 	397 	396
f 400 	401 	399
f 400 	399 	398
f 379 	378 	389
f 388 	389 	378
f 404 	405 	406
f 404 	406 	407
f 382 	383 	406
f 407 	406 	383
f 403 	402 	408
f 403 	408 	409
f 409 	408 	410
f 409 	410 	411
f 411 	410 	405
f 411 	405 	404
f 431 	416 	417
f 431 	417 	418
f 415 	429 	414
f 428 	414 	429
f 429 	415 	416
f 431 	418 	432
f 419 	433 	418
f 432 	418 	433
f 387 	386 	419
f 470 	434 	420
f 420 	434 	435
f 420 	435 	421
f 422 	436 	437
f 422 	437 	423
f 422 	424 	436
f 438 	436 	424
f 425 	439 	440
f 425 	440 	426
f 425 	427 	439
f 441 	439 	427
f 441 	427 	435
f 421 	435 	427
f 423 	437 	384
f 438 	424 	440
f 426 	440 	424
f 429 	416 	430
f 430 	416 	431
f 385 	384 	437
f 442 	443 	444
f 442 	444 	445
f 445 	444 	446
f 445 	446 	447
f 447 	446 	448
f 447 	448 	449
f 414 	428 	448
f 449 	448 	428
f 450 	451 	443
f 450 	443 	442
f 452 	453 	451
f 452 	451 	450
f 454 	455 	456
f 454 	456 	457
f 458 	459 	460
f 458 	460 	461
f 462 	463 	459
f 462 	459 	458
f 464 	465 	463
f 464 	463 	462
f 466 	467 	465
f 466 	465 	464
f 453 	452 	469
f 468 	469 	452
f 461 	460 	455
f 461 	455 	454
f 469 	468 	467
f 469 	467 	466
f 434 	470 	471
f 472 	473 	474
f 472 	474 	475
f 475 	474 	471
f 475 	471 	470
f 477 	476 	473
f 477 	473 	472
f 478 	479 	485
f 480 	481 	479
f 480 	479 	478
f 481 	480 	483
f 482 	483 	480
f 485 	479 	484
f 485 	484 	486
f 485 	486 	487
f 412 	413 	486
f 487 	486 	413
f 403 	521 	402
f 495 	517 	497
f 519 	496 	497
f 488 	510 	477
f 512 	490 	511
f 489 	511 	490
f 510 	488 	513
f 491 	513 	488
f 490 	512 	513
f 490 	513 	491
f 492 	457 	514
f 511 	489 	516
f 494 	516 	489
f 494 	493 	516
f 515 	516 	493
f 492 	514 	517
f 492 	517 	495
f 493 	496 	515
f 519 	497 	517
f 498 	520 	505
f 402 	521 	499
f 499 	521 	498
f 520 	498 	521
f 501 	523 	500
f 522 	500 	523
f 503 	525 	502
f 524 	502 	525
f 526 	504 	505
f 506 	500 	522
f 507 	529 	503
f 525 	503 	529
f 529 	507 	504
f 529 	504 	526
f 523 	501 	508
f 523 	508 	530
f 531 	509 	502
f 531 	502 	524
f 509 	531 	508
f 530 	508 	531
f 510 	476 	477
f 514 	457 	456
f 496 	518 	515
f 519 	518 	496
f 526 	505 	527
f 527 	505 	520
f 528 	506 	522
f 401 	400 	533
f 532 	533 	400
f 534 	535 	533
f 534 	533 	532
f 565 	564 	541
f 550 	535 	536
f 536 	535 	534
f 550 	536 	551
f 538 	551 	536
f 542 	543 	552
f 553 	552 	543
f 553 	543 	554
f 544 	554 	543
f 554 	544 	545
f 546 	556 	545
f 546 	547 	556
f 557 	556 	547
f 557 	547 	558
f 548 	558 	547
f 558 	548 	549
f 551 	538 	537
f 539 	561 	537
f 561 	539 	564
f 540 	564 	539
f 540 	541 	564
f 554 	545 	555
f 555 	545 	556
f 413 	412 	549
f 559 	549 	412
f 558 	549 	559
f 537 	560 	551
f 561 	560 	537
f 541 	568 	565
f 569 	565 	568
f 570 	572 	569
f 570 	569 	568
f 573 	574 	572
f 573 	572 	570
f 1737 	1736 	583
f 1750 	1749 	595
f 603 	604 	605
f 603 	605 	606
f 607 	608 	609
f 607 	609 	610
f 34 	33 	612
f 611 	612 	33
f 616 	617 	621
f 618 	619 	614
f 613 	614 	619
f 616 	621 	622
f 627 	625 	626
f 628 	630 	625
f 628 	625 	627
f 611 	33 	631
f 632 	630 	631
f 628 	631 	630
f 633 	634 	632
f 2528 	635 	636
f 637 	633 	624
f 638 	632 	634
f 641 	642 	634
f 638 	634 	642
f 639 	640 	643
f 639 	643 	644
f 624 	704 	645
f 633 	632 	624
f 646 	623 	645
f 623 	624 	645
f 631 	624 	632
f 647 	649 	650
f 647 	650 	651
f 653 	654 	649
f 653 	649 	647
f 644 	643 	654
f 644 	654 	653
f 656 	645 	655
f 659 	645 	656
f 661 	645 	659
f 660 	662 	658
f 660 	658 	657
f 663 	645 	661
f 651 	650 	664
f 651 	664 	665
f 666 	667 	662
f 666 	662 	660
f 668 	645 	663
f 669 	670 	667
f 669 	667 	666
f 671 	648 	668
f 665 	664 	670
f 665 	670 	669
f 674 	648 	671
f 675 	676 	677
f 675 	677 	678
f 679 	648 	674
f 682 	648 	679
f 681 	2502 	680
f 683 	648 	682
f 684 	685 	681
f 684 	681 	680
f 686 	687 	648
f 678 	677 	685
f 678 	685 	684
f 652 	648 	687
f 645 	668 	648
f 688 	689 	676
f 688 	676 	675
f 690 	691 	689
f 690 	689 	688
f 683 	686 	648
f 1258 	1242 	1256
f 692 	693 	691
f 692 	691 	690
f 631 	32 	624
f 694 	695 	693
f 694 	693 	692
f 697 	698 	700
f 697 	700 	701
f 701 	700 	702
f 701 	702 	703
f 704 	624 	699
f 705 	645 	704
f 702 	2505 	703
f 710 	712 	713
f 710 	713 	714
f 715 	645 	711
f 714 	713 	716
f 714 	716 	717
f 717 	716 	719
f 717 	719 	720
f 708 	707 	722
f 708 	722 	723
f 723 	722 	725
f 723 	725 	726
f 726 	725 	728
f 726 	728 	729
f 729 	728 	712
f 729 	712 	710
f 720 	719 	732
f 720 	732 	733
f 733 	732 	734
f 733 	734 	735
f 698 	697 	734
f 735 	734 	697
f 695 	694 	738
f 737 	738 	694
f 740 	742 	738
f 740 	738 	737
f 744 	745 	742
f 744 	742 	740
f 747 	748 	745
f 747 	745 	744
f 274 	869 	275
f 749 	750 	751
f 749 	751 	752
f 753 	754 	750
f 753 	750 	749
f 755 	756 	757
f 755 	757 	758
f 760 	761 	748
f 760 	748 	747
f 764 	765 	761
f 764 	761 	760
f 766 	767 	765
f 766 	765 	764
f 752 	751 	767
f 752 	767 	766
f 770 	771 	754
f 770 	754 	753
f 758 	757 	771
f 758 	771 	770
f 756 	755 	774
f 773 	774 	755
f 776 	777 	708
f 707 	708 	777
f 640 	639 	780
f 779 	780 	639
f 782 	783 	780
f 782 	780 	779
f 784 	785 	783
f 784 	783 	782
f 777 	776 	785
f 777 	785 	784
f 786 	787 	788
f 786 	788 	789
f 844 	270 	276
f 791 	790 	787
f 791 	787 	786
f 718 	850 	851
f 718 	851 	721
f 789 	788 	792
f 789 	792 	793
f 768 	883 	724
f 801 	800 	790
f 801 	790 	791
f 856 	727 	851
f 721 	851 	727
f 794 	795 	796
f 794 	796 	797
f 793 	792 	795
f 793 	795 	794
f 850 	718 	852
f 724 	852 	718
f 731 	859 	730
f 858 	730 	859
f 797 	796 	774
f 797 	774 	773
f 859 	731 	736
f 859 	736 	862
f 798 	799 	800
f 798 	800 	801
f 864 	739 	730
f 864 	730 	858
f 741 	867 	866
f 741 	866 	743
f 802 	803 	798
f 799 	798 	803
f 867 	741 	869
f 746 	869 	741
f 803 	802 	672
f 803 	672 	673
f 746 	275 	869
f 673 	672 	636
f 673 	636 	635
f 893 	781 	864
f 743 	866 	736
f 862 	736 	866
f 804 	805 	2980
f 844 	276 	875
f 759 	875 	276
f 2980 	805 	814
f 727 	856 	875
f 727 	875 	759
f 762 	879 	880
f 762 	880 	763
f 865 	863 	3084
f 852 	724 	883
f 807 	3084 	809
f 769 	884 	883
f 769 	883 	768
f 809 	3084 	810
f 884 	769 	880
f 763 	880 	769
f 810 	3084 	811
f 762 	1106 	879
f 811 	3084 	813
f 813 	3084 	812
f 775 	889 	772
f 887 	772 	889
f 814 	817 	2980
f 889 	775 	778
f 889 	778 	891
f 812 	2980 	817
f 781 	739 	864
f 819 	853 	818
f 819 	826 	853
f 821 	645 	715
f 822 	645 	821
f 711 	645 	709
f 818 	853 	823
f 823 	854 	824
f 854 	855 	824
f 655 	645 	822
f 828 	853 	826
f 830 	32 	829
f 806 	841 	828
f 831 	32 	830
f 832 	834 	32
f 829 	32 	827
f 834 	696 	32
f 999 	1000 	836
f 837 	999 	836
f 838 	971 	837
f 839 	971 	838
f 840 	970 	839
f 853 	828 	841
f 846 	847 	1003
f 1002 	1003 	847
f 847 	848 	1002
f 1004 	1002 	848
f 849 	1004 	848
f 1009 	1008 	845
f 854 	823 	853
f 871 	876 	886
f 876 	877 	886
f 857 	886 	878
f 878 	872 	857
f 861 	860 	868
f 874 	868 	857
f 873 	874 	857
f 808 	865 	3084
f 863 	861 	3084
f 807 	808 	3084
f 872 	873 	857
f 860 	857 	868
f 868 	3084 	861
f 947 	907 	900
f 900 	897 	947
f 894 	892 	928
f 907 	908 	900
f 909 	911 	882
f 885 	915 	886
f 877 	878 	886
f 870 	871 	886
f 890 	888 	925
f 824 	855 	825
f 888 	825 	923
f 923 	924 	888
f 924 	925 	888
f 925 	926 	890
f 927 	928 	892
f 892 	890 	926
f 926 	927 	892
f 898 	899 	901
f 898 	901 	902
f 903 	904 	272
f 905 	906 	944
f 906 	905 	910
f 906 	910 	912
f 885 	881 	913
f 913 	914 	885
f 881 	882 	911
f 915 	885 	914
f 870 	886 	915
f 911 	913 	881
f 274 	275 	917
f 916 	917 	275
f 919 	920 	917
f 919 	917 	916
f 912 	910 	920
f 912 	920 	919
f 902 	901 	921
f 902 	921 	922
f 922 	921 	904
f 922 	904 	903
f 899 	898 	934
f 928 	929 	894
f 929 	930 	894
f 895 	894 	930
f 930 	931 	895
f 931 	932 	895
f 896 	895 	932
f 932 	933 	896
f 933 	946 	896
f 897 	896 	946
f 946 	947 	897
f 923 	825 	855
f 939 	1046 	938
f 940 	1033 	939
f 842 	1006 	943
f 941 	1037 	940
f 1045 	1027 	937
f 937 	938 	1045
f 882 	900 	908
f 908 	909 	882
f 1044 	1041 	951
f 950 	1042 	951
f 966 	959 	954
f 955 	962 	954
f 953 	954 	960
f 959 	960 	954
f 960 	964 	953
f 966 	954 	962
f 952 	953 	977
f 977 	976 	952
f 962 	955 	961
f 958 	1048 	963
f 957 	952 	976
f 976 	973 	957
f 973 	972 	956
f 1048 	965 	963
f 964 	977 	953
f 955 	996 	961
f 971 	839 	970
f 956 	972 	840
f 970 	840 	972
f 956 	957 	973
f 999 	837 	971
f 994 	992 	985
f 992 	993 	985
f 987 	985 	993
f 988 	987 	993
f 986 	967 	982
f 1012 	988 	1024
f 996 	997 	967
f 967 	961 	996
f 997 	998 	967
f 985 	986 	994
f 998 	982 	967
f 1074 	1068 	989
f 1074 	989 	990
f 1024 	988 	993
f 1034 	936 	935
f 993 	995 	1024
f 944 	1035 	905
f 982 	983 	986
f 983 	984 	986
f 984 	994 	986
f 936 	1034 	1035
f 936 	1035 	944
f 835 	836 	1000
f 1000 	1001 	835
f 833 	835 	1001
f 833 	1001 	849
f 1003 	1005 	846
f 1039 	949 	1041
f 948 	1041 	949
f 934 	1042 	950
f 845 	846 	1009
f 948 	951 	1041
f 1005 	1009 	846
f 1004 	849 	1001
f 1044 	951 	1042
f 949 	1039 	1047
f 949 	1047 	958
f 1008 	1007 	843
f 842 	843 	1007
f 965 	1050 	935
f 958 	1047 	1048
f 943 	1049 	942
f 1036 	940 	1037
f 1006 	842 	1007
f 843 	845 	1008
f 1052 	969 	1053
f 968 	1053 	969
f 1012 	1024 	1011
f 1010 	1011 	1024
f 778 	969 	891
f 1052 	891 	969
f 1010 	1024 	1013
f 1013 	1024 	1014
f 975 	1061 	974
f 1059 	974 	1061
f 1014 	1024 	1015
f 1015 	1024 	1016
f 1016 	1024 	1017
f 1061 	975 	978
f 1061 	978 	1062
f 1017 	1024 	1018
f 1062 	978 	979
f 1018 	1024 	1020
f 1024 	1132 	1020
f 981 	989 	1068
f 990 	1075 	1074
f 1057 	1056 	1091
f 1092 	1093 	1058
f 1058 	1057 	1092
f 1091 	1092 	1057
f 1028 	934 	898
f 1031 	940 	1030
f 1030 	940 	1029
f 942 	1043 	941
f 1046 	939 	1033
f 1045 	938 	1046
f 935 	1032 	1034
f 1033 	940 	1031
f 1029 	940 	1036
f 1037 	941 	1038
f 1042 	934 	1028
f 1038 	941 	1040
f 1040 	941 	1043
f 1043 	942 	1049
f 1049 	943 	1006
f 1032 	935 	1050
f 1048 	1050 	965
f 1090 	1091 	1056
f 1087 	1088 	1055
f 1054 	1055 	1088
f 1088 	1089 	1054
f 1056 	1054 	1089
f 1089 	1090 	1056
f 1118 	1114 	1063
f 1062 	979 	1065
f 1114 	1115 	1063
f 1063 	1064 	1118
f 1064 	1072 	1118
f 1071 	1069 	1132
f 1065 	979 	980
f 1065 	980 	1066
f 1070 	1076 	1132
f 1019 	1020 	1132
f 1021 	1019 	1132
f 980 	981 	1068
f 1066 	980 	1068
f 1069 	1070 	1132
f 781 	893 	991
f 1077 	991 	893
f 1073 	1118 	1072
f 1067 	1021 	1132
f 1076 	1067 	1132
f 1075 	990 	991
f 1075 	991 	1077
f 1132 	1118 	1071
f 1079 	1080 	1081
f 1079 	1081 	1082
f 1078 	1118 	1073
f 1083 	1084 	1119
f 1085 	1086 	1084
f 1085 	1084 	1083
f 1082 	1081 	1086
f 1082 	1086 	1085
f 1093 	1094 	1051
f 1051 	1058 	1093
f 1026 	1051 	1094
f 1094 	1095 	1026
f 1025 	1026 	1095
f 1095 	945 	1025
f 1027 	1025 	945
f 945 	937 	1027
f 1102 	1108 	1060
f 1060 	1063 	1102
f 1108 	1109 	1060
f 1104 	1105 	1060
f 1055 	1060 	1105
f 1087 	1055 	1105
f 1107 	879 	1106
f 1103 	1104 	1060
f 1109 	1103 	1060
f 1110 	1111 	1112
f 1110 	1112 	1113
f 1100 	1102 	1063
f 1098 	1100 	1063
f 1115 	1098 	1063
f 1113 	1112 	1116
f 1113 	1116 	1117
f 1101 	1099 	1111
f 1101 	1111 	1110
f 1116 	772 	887
f 1117 	1116 	887
f 1119 	1120 	1107
f 1119 	1107 	1106
f 1119 	1084 	1120
f 1097 	1096 	1080
f 1097 	1080 	1079
f 1078 	1071 	1118
f 1125 	1023 	1124
f 1022 	1124 	1023
f 1121 	1122 	1128
f 1128 	1122 	1129
f 1130 	1118 	1132
f 1138 	1177 	1137
f 1136 	1137 	1178
f 1139 	1177 	1138
f 1140 	1161 	1139
f 1141 	1161 	1140
f 1142 	1163 	1141
f 1143 	1163 	1142
f 1144 	1166 	1143
f 1146 	1166 	1144
f 1178 	1176 	1135
f 1135 	1136 	1178
f 1154 	1155 	1152
f 1155 	1159 	1151
f 1151 	1152 	1155
f 1150 	1151 	1159
f 1101 	1149 	1099
f 1159 	1157 	1150
f 1156 	1150 	1157
f 1133 	1532 	1158
f 1177 	1139 	1161
f 1152 	1135 	1176
f 1534 	1531 	1162
f 1161 	1141 	1163
f 1146 	1179 	1166
f 1163 	1143 	1166
f 1534 	1162 	1164
f 1165 	1166 	1179
f 1126 	1531 	1127
f 1173 	1175 	1152
f 1172 	1173 	1152
f 1175 	1174 	1152
f 1153 	1154 	1152
f 1160 	1153 	1174
f 1153 	1152 	1174
f 1171 	1172 	1152
f 1176 	1170 	1152
f 1532 	1133 	1474
f 1170 	1171 	1152
f 1134 	1476 	1131
f 1474 	1131 	1476
f 1178 	1137 	1177
f 1476 	1134 	1145
f 1476 	1145 	1478
f 1147 	1481 	1480
f 1147 	1480 	1148
f 1167 	1165 	1181
f 1185 	1167 	1184
f 1181 	1184 	1167
f 1481 	1147 	1482
f 1149 	1482 	1147
f 1189 	1197 	1183
f 1182 	1200 	1185
f 1179 	1180 	1165
f 696 	699 	32
f 624 	32 	699
f 706 	645 	705
f 709 	645 	706
f 832 	32 	831
f 1187 	1190 	1191
f 1189 	1190 	1188
f 1193 	1189 	1188
f 1186 	1191 	1190
f 1187 	1188 	1190
f 1193 	1197 	1189
f 1191 	1186 	1195
f 1199 	1183 	1197
f 1199 	1200 	1183
f 1198 	1221 	1196
f 1201 	1221 	1198
f 1167 	1185 	1200
f 1183 	1200 	1182
f 1180 	1181 	1165
f 1202 	1221 	1201
f 1149 	1101 	1482
f 1213 	32 	1206
f 1215 	32 	1213
f 1204 	1221 	1202
f 31 	62 	1210
f 827 	32 	1215
f 1226 	1228 	1224
f 1148 	1480 	1145
f 1478 	1145 	1480
f 1228 	1229 	1224
f 1231 	1228 	1226
f 974 	1059 	1123
f 613 	1339 	1221
f 1339 	1192 	1221
f 1206 	32 	1204
f 1221 	1204 	32
f 33 	32 	631
f 1233 	88 	1241
f 1241 	96 	1240
f 1262 	1242 	1259
f 1243 	652 	1242
f 1245 	1247 	652
f 1242 	652 	1247
f 1248 	1242 	1247
f 1245 	652 	687
f 1244 	1253 	1249
f 1253 	1254 	1249
f 1238 	1249 	1254
f 1254 	1246 	1238
f 1229 	1238 	1246
f 1246 	1224 	1229
f 1255 	1242 	1252
f 1256 	1242 	1255
f 1259 	1242 	1258
f 1252 	1242 	1248
f 1261 	1582 	1260
f 1307 	1353 	1265
f 1267 	1270 	1307
f 1269 	1336 	1266
f 1266 	1336 	1262
f 1271 	1336 	1269
f 1278 	1307 	1272
f 1270 	1272 	1307
f 1265 	1267 	1307
f 1278 	1272 	1257
f 1283 	1278 	240
f 1257 	240 	1278
f 1273 	1336 	1271
f 1277 	1297 	1336
f 1277 	1336 	1275
f 1275 	1336 	1273
f 256 	1244 	1279
f 1289 	1338 	1286
f 1292 	1338 	1289
f 1301 	1353 	1299
f 1295 	1353 	1293
f 1304 	1336 	1300
f 1297 	1300 	1336
f 1288 	1320 	1353
f 1281 	1336 	1280
f 1285 	1336 	1284
f 1281 	1284 	1336
f 1286 	1338 	1285
f 1304 	1280 	1336
f 1309 	1353 	1307
f 1311 	1338 	1308
f 1290 	1353 	1310
f 1309 	1310 	1353
f 1353 	1290 	1291
f 1291 	1293 	1353
f 1295 	1299 	1353
f 1303 	1353 	1301
f 1409 	1209 	1411
f 1207 	1411 	1209
f 1316 	1338 	1311
f 1308 	1338 	1292
f 1212 	1414 	1411
f 1212 	1411 	1207
f 1319 	1338 	1316
f 1315 	1322 	1313
f 1321 	1338 	1319
f 1209 	1409 	227
f 1322 	1315 	1317
f 1318 	1322 	1317
f 1318 	1279 	1322
f 1496 	1414 	1212
f 1333 	1353 	1320
f 1333 	1320 	1313
f 1322 	1333 	1313
f 1423 	1223 	1225
f 1303 	1288 	1353
f 1325 	1339 	1324
f 1540 	241 	1208
f 1327 	1339 	1326
f 1330 	1322 	1329
f 1331 	1339 	1328
f 1332 	1322 	1330
f 1329 	1322 	1244
f 1232 	1431 	1230
f 1430 	1230 	1431
f 1322 	1279 	1244
f 1253 	1244 	256
f 1434 	1431 	1235
f 1232 	1235 	1431
f 1208 	4062 	221
f 1327 	1328 	1339
f 1192 	1339 	1331
f 1194 	1221 	1192
f 1196 	1221 	1194
f 1223 	1423 	1235
f 1434 	1235 	1423
f 1323 	1338 	1321
f 1323 	1324 	1338
f 1326 	1339 	1325
f 1336 	1285 	1338
f 1242 	1262 	1336
f 1334 	1353 	1333
f 1332 	1333 	1322
f 616 	622 	1338
f 1338 	1324 	1339
f 1335 	347 	1334
f 38 	347 	1335
f 619 	1339 	613
f 1343 	1341 	1342
f 606 	1344 	1341
f 1343 	603 	1341
f 606 	1341 	603
f 100 	101 	1240
f 1342 	1346 	1343
f 1345 	1346 	1342
f 1346 	1350 	1343
f 1350 	607 	1348
f 610 	1351 	1349
f 1349 	1348 	607
f 610 	1349 	607
f 2935 	1352 	1347
f 1348 	1343 	1350
f 1337 	1336 	1346
f 1354 	1337 	1346
f 1350 	1346 	1336
f 1336 	1338 	1350
f 622 	1350 	1338
f 1357 	1358 	2938
f 1359 	628 	1355
f 627 	1355 	628
f 642 	1360 	1361
f 642 	1361 	638
f 2939 	1362 	1357
f 1561 	1239 	1236
f 646 	1364 	623
f 1363 	623 	1364
f 1366 	652 	1367
f 2935 	2938 	1352
f 1358 	1352 	2938
f 1367 	652 	1243
f 1561 	1227 	1239
f 352 	1368 	1356
f 1354 	1370 	1337
f 1369 	1337 	1370
f 1363 	1364 	1372
f 1355 	1373 	1374
f 1375 	1359 	1374
f 1355 	1374 	1359
f 1264 	1565 	1218
f 1377 	1378 	1379
f 1377 	1379 	3858
f 1377 	3858 	3860
f 3860 	3862 	1377
f 1571 	1250 	1251
f 1381 	1876 	1376
f 1381 	1383 	1382
f 1383 	1396 	1382
f 2939 	1380 	1362
f 1383 	1381 	1376
f 1396 	1397 	1394
f 1386 	2941 	1430
f 1385 	1384 	1401
f 1399 	1401 	1384
f 1384 	1393 	1399
f 1397 	1399 	1393
f 1393 	1394 	1397
f 1394 	1382 	1396
f 1392 	1385 	1401
f 1401 	1402 	1392
f 1398 	2944 	1395
f 241 	1540 	238
f 1425 	2945 	1400
f 1391 	1392 	1402
f 1442 	1443 	1460
f 1441 	1442 	1460
f 1459 	1460 	1443
f 1491 	1440 	1460
f 1440 	1441 	1460
f 2944 	1398 	2945
f 1400 	2945 	1398
f 1419 	1376 	1406
f 2135 	2112 	1407
f 1408 	1419 	1406
f 1410 	1419 	1408
f 1412 	1419 	1410
f 1415 	1419 	1412
f 231 	232 	1547
f 1217 	1547 	232
f 1416 	1419 	1415
f 1419 	1383 	1376
f 1407 	227 	1409
f 31 	1210 	1211
f 1211 	1607 	31
f 4046 	4039 	31
f 1418 	922 	1420
f 922 	903 	1420
f 3913 	3895 	1420
f 4039 	4038 	31
f 1405 	1406 	1376
f 1227 	1547 	1217
f 1423 	1225 	1425
f 2941 	1230 	1430
f 1234 	1558 	1236
f 1421 	1422 	1436
f 1435 	1436 	1422
f 2346 	1426 	3604
f 3605 	3606 	2346
f 3604 	3605 	2346
f 3851 	3852 	2673
f 2697 	1377 	2699
f 3850 	3856 	2667
f 101 	98 	1240
f 85 	1237 	86
f 1428 	1429 	1419
f 1432 	1428 	1419
f 1222 	1558 	1234
f 1225 	2945 	1425
f 277 	278 	347
f 277 	347 	35
f 40 	347 	38
f 1416 	1432 	1419
f 1436 	1419 	1429
f 1429 	1427 	1436
f 1427 	1421 	1436
f 1422 	1424 	1435
f 1388 	1389 	1403
f 1389 	1390 	1403
f 1402 	1403 	1390
f 1390 	1391 	1402
f 1403 	1404 	1388
f 237 	1536 	1251
f 58 	43 	31
f 1450 	1448 	1506
f 1445 	1446 	1506
f 1506 	1446 	1495
f 31 	43 	46
f 47 	31 	46
f 50 	31 	47
f 1506 	1449 	1450
f 1565 	1264 	1268
f 1506 	1455 	1456
f 1506 	1456 	1453
f 1453 	1454 	1506
f 1454 	1449 	1506
f 52 	59 	31
f 62 	31 	59
f 50 	52 	31
f 1274 	1576 	1276
f 89 	86 	1216
f 1471 	1127 	1531
f 1578 	1282 	1276
f 89 	1210 	62
f 1131 	1474 	1133
f 1237 	1216 	86
f 87 	1237 	85
f 1216 	1210 	89
f 88 	1233 	87
f 1532 	1533 	1158
f 1158 	1533 	968
f 1126 	1162 	1531
f 94 	95 	93
f 95 	55 	93
f 92 	93 	55
f 55 	53 	92
f 91 	92 	53
f 53 	128 	91
f 1123 	1484 	1164
f 1546 	1164 	1484
f 1287 	1294 	1582
f 1164 	1546 	1534
f 96 	1241 	106
f 1237 	87 	1233
f 1298 	1584 	1296
f 1583 	1296 	1584
f 1584 	1298 	1302
f 99 	1240 	96
f 1305 	1586 	1294
f 1582 	1294 	1586
f 1096 	1097 	1549
f 1168 	1549 	1097
f 41 	1240 	98
f 1586 	1305 	1306
f 100 	1240 	99
f 98 	280 	41
f 1548 	1127 	1471
f 1306 	1296 	1583
f 177 	174 	103
f 97 	178 	103
f 174 	172 	103
f 104 	102 	172
f 106 	1241 	88
f 1312 	1588 	1314
f 1268 	1314 	1589
f 1282 	1578 	1312
f 116 	31 	114
f 118 	31 	116
f 58 	31 	118
f 1538 	239 	1539
f 238 	1540 	1539
f 359 	120 	107
f 359 	107 	110
f 359 	110 	31
f 114 	31 	112
f 112 	31 	110
f 1463 	1464 	1462
f 1464 	1485 	1462
f 1485 	1486 	1462
f 1486 	1487 	1462
f 1461 	1462 	1487
f 1487 	1489 	1461
f 1460 	1461 	1489
f 1489 	1490 	1460
f 1490 	1491 	1460
f 1443 	1444 	1404
f 1444 	1388 	1404
f 1404 	1459 	1443
f 1208 	1542 	1540
f 123 	90 	125
f 121 	90 	123
f 128 	125 	90
f 1448 	1445 	1506
f 239 	1538 	237
f 158 	159 	90
f 90 	91 	128
f 2087 	1496 	1500
f 1542 	1208 	221
f 1503 	2544 	1501
f 1499 	1501 	2544
f 120 	359 	161
f 167 	161 	359
f 1498 	2544 	1497
f 1499 	2544 	1498
f 1506 	1495 	2544
f 159 	160 	90
f 1551 	1220 	1550
f 1218 	1550 	1220
f 163 	171 	162
f 165 	171 	163
f 165 	166 	171
f 1220 	1551 	1552
f 1220 	1552 	1222
f 1505 	2544 	1495
f 1497 	2544 	1505
f 1227 	1553 	1547
f 1492 	2087 	1500
f 167 	171 	166
f 105 	90 	164
f 160 	164 	90
f 179 	178 	97
f 1516 	1433 	1424
f 1558 	1559 	1236
f 121 	158 	90
f 1433 	1435 	1424
f 1236 	1559 	1561
f 1512 	1513 	1535
f 1553 	1227 	1561
f 1513 	1516 	1535
f 1424 	1535 	1516
f 164 	171 	105
f 1222 	1552 	1558
f 167 	359 	171
f 1524 	1529 	1522
f 1522 	1541 	1520
f 1550 	1218 	1565
f 169 	170 	360
f 170 	171 	360
f 359 	360 	171
f 1515 	1519 	1537
f 1519 	1512 	1537
f 1535 	1537 	1512
f 164 	162 	171
f 1268 	1567 	1565
f 1484 	1123 	1059
f 334 	331 	325
f 1825 	1438 	1439
f 175 	337 	332
f 331 	332 	337
f 337 	325 	331
f 1053 	968 	1533
f 176 	179 	97
f 177 	103 	178
f 291 	292 	175
f 333 	291 	175
f 325 	324 	334
f 335 	334 	324
f 183 	168 	360
f 1537 	1528 	1515
f 168 	169 	360
f 238 	1539 	239
f 1524 	1514 	1528
f 186 	182 	360
f 1541 	1522 	1529
f 1514 	1515 	1528
f 1543 	1520 	1541
f 1528 	1529 	1524
f 182 	183 	360
f 185 	186 	360
f 2544 	1597 	1544
f 1536 	237 	1538
f 1545 	2544 	1544
f 280 	284 	41
f 1549 	1168 	1548
f 1169 	1548 	1168
f 1169 	1127 	1548
f 281 	279 	277
f 279 	278 	277
f 282 	281 	277
f 284 	283 	41
f 283 	282 	277
f 277 	41 	283
f 1906 	1470 	1469
f 288 	285 	172
f 287 	289 	172
f 289 	104 	172
f 102 	103 	172
f 1875 	1452 	1451
f 285 	286 	172
f 286 	287 	172
f 294 	300 	347
f 295 	347 	296
f 294 	347 	295
f 1571 	1251 	1536
f 299 	347 	298
f 296 	347 	297
f 298 	347 	278
f 1572 	1250 	1571
f 1585 	1250 	1572
f 297 	347 	299
f 1576 	1577 	1276
f 300 	301 	347
f 301 	344 	347
f 35 	347 	40
f 1576 	1274 	1263
f 1578 	1276 	1577
f 326 	327 	324
f 290 	288 	172
f 332 	333 	175
f 1261 	1287 	1580
f 1588 	1312 	1578
f 1580 	1287 	1582
f 292 	293 	181
f 293 	290 	181
f 180 	181 	290
f 173 	180 	290
f 181 	175 	292
f 172 	173 	290
f 1584 	1302 	1585
f 327 	335 	324
f 1586 	1306 	1587
f 1587 	1306 	1583
f 1825 	1824 	1438
f 1437 	1438 	1824
f 339 	360 	338
f 338 	360 	336
f 340 	360 	339
f 1302 	1250 	1585
f 341 	360 	340
f 1588 	1589 	1314
f 342 	360 	341
f 343 	184 	360
f 1469 	1437 	1906
f 1567 	1268 	1589
f 184 	185 	360
f 343 	360 	342
f 344 	345 	347
f 1564 	1566 	1921
f 364 	347 	345
f 1592 	1593 	3759
f 1566 	1568 	1921
f 1591 	1590 	1593
f 1591 	1593 	1592
f 364 	345 	328
f 364 	328 	330
f 329 	360 	330
f 336 	360 	329
f 1594 	1595 	3278
f 1353 	1334 	347
f 1597 	2544 	1596
f 1598 	26 	1599
f 1879 	1881 	1458
f 347 	1356 	1353
f 347 	352 	1356
f 27 	1600 	1601
f 1602 	1603 	1604
f 1602 	1604 	1605
f 350 	2544 	352
f 1595 	1594 	1604
f 1605 	1604 	1594
f 1600 	1356 	1368
f 1371 	30 	1603
f 1371 	1603 	1602
f 359 	31 	357
f 1598 	1599 	1365
f 29 	1365 	1599
f 1898 	1466 	1900
f 1467 	1900 	1466
f 1600 	28 	1601
f 386 	380 	354
f 366 	369 	354
f 1898 	1447 	1466
f 1932 	1573 	1574
f 364 	330 	360
f 1607 	1606 	1608
f 1607 	1608 	1609
f 1608 	3770 	1609
f 350 	349 	363
f 1900 	1467 	1468
f 1824 	1906 	1437
f 377 	379 	364
f 364 	379 	363
f 393 	395 	363
f 576 	1741 	1740
f 576 	1740 	577
f 578 	1742 	576
f 1741 	576 	1742
f 1380 	2940 	1452
f 377 	364 	375
f 1736 	580 	582
f 389 	363 	379
f 582 	583 	1736
f 371 	373 	354
f 360 	354 	364
f 364 	354 	373
f 373 	375 	364
f 369 	371 	354
f 1737 	583 	585
f 437 	436 	385
f 385 	438 	383
f 1739 	1738 	587
f 1465 	1458 	1881
f 1739 	587 	1740
f 577 	1740 	587
f 380 	366 	354
f 578 	601 	1742
f 391 	363 	389
f 393 	363 	391
f 1903 	1554 	1579
f 397 	363 	395
f 401 	350 	399
f 399 	350 	397
f 363 	397 	350
f 411 	474 	409
f 404 	474 	411
f 1885 	1557 	1555
f 1560 	1557 	1885
f 431 	357 	430
f 433 	357 	432
f 428 	429 	357
f 430 	357 	429
f 1472 	1473 	1922
f 431 	432 	357
f 354 	357 	386
f 433 	386 	357
f 1922 	1473 	1475
f 1958 	816 	1962
f 2244 	2243 	1636
f 438 	385 	436
f 440 	404 	438
f 439 	404 	440
f 441 	404 	439
f 435 	404 	441
f 434 	404 	435
f 383 	438 	407
f 2080 	1475 	1479
f 428 	357 	449
f 2080 	1479 	1477
f 1610 	1968 	1611
f 357 	1805 	447
f 449 	357 	447
f 1929 	1927 	1570
f 2081 	1483 	1472
f 463 	521 	459
f 1488 	2082 	2083
f 1488 	2083 	1492
f 467 	521 	465
f 463 	465 	521
f 1493 	2084 	2085
f 1493 	2085 	1494
f 468 	1846 	521
f 1503 	1596 	2544
f 1510 	1544 	1597
f 1510 	1511 	1544
f 1543 	1544 	1511
f 1520 	1543 	1511
f 1786 	1787 	2544
f 1502 	2088 	2089
f 1502 	2089 	1504
f 474 	404 	471
f 471 	404 	434
f 1656 	1657 	1376
f 2094 	2088 	1518
f 409 	474 	403
f 473 	403 	474
f 476 	403 	473
f 1405 	1376 	1644
f 2084 	1493 	2089
f 1504 	2089 	1493
f 481 	1749 	479
f 1507 	2090 	2091
f 1507 	2091 	1508
f 484 	553 	486
f 483 	1742 	481
f 1508 	2091 	2092
f 1508 	2092 	1509
f 1581 	1938 	1562
f 816 	815 	1962
f 1961 	1962 	815
f 1938 	1581 	1563
f 2090 	1507 	2085
f 1494 	2085 	1507
f 512 	403 	513
f 521 	403 	511
f 513 	403 	510
f 510 	403 	476
f 1492 	2083 	2087
f 2082 	1488 	2092
f 1509 	2092 	1488
f 1655 	1376 	1648
f 516 	521 	511
f 1656 	1376 	1655
f 1657 	1646 	1376
f 512 	511 	403
f 515 	521 	516
f 515 	518 	521
f 1646 	1644 	1376
f 1502 	1518 	2088
f 514 	521 	517
f 521 	514 	456
f 1517 	2093 	2094
f 1517 	2094 	1518
f 1610 	1615 	1968
f 519 	521 	518
f 519 	517 	521
f 407 	438 	404
f 1617 	1975 	1615
f 455 	521 	456
f 460 	521 	455
f 1523 	1483 	2081
f 460 	459 	521
f 2097 	2095 	1525
f 1521 	1525 	2095
f 1664 	1665 	1663
f 1662 	1663 	1665
f 1666 	1703 	1665
f 1667 	1703 	1666
f 1668 	1703 	1667
f 1669 	1702 	1668
f 1670 	1701 	1669
f 1659 	1701 	1670
f 1660 	1700 	1659
f 1671 	1699 	1660
f 1672 	1699 	1671
f 521 	1840 	520
f 526 	527 	1841
f 467 	468 	521
f 2098 	1526 	1523
f 2098 	1523 	2096
f 1675 	1376 	1674
f 1526 	2098 	1527
f 2099 	1527 	2098
f 1679 	1676 	1677
f 1679 	1677 	1673
f 1673 	1674 	1679
f 2097 	1525 	1530
f 520 	1840 	527
f 1678 	1376 	1675
f 1622 	1978 	1617
f 1530 	1527 	2099
f 526 	1841 	529
f 1439 	1828 	1825
f 1841 	1848 	525
f 525 	529 	1841
f 1680 	1681 	1376
f 1340 	1828 	1439
f 530 	531 	1848
f 531 	524 	1848
f 524 	525 	1848
f 1683 	1376 	1678
f 1679 	1674 	1376
f 1648 	1376 	1681
f 1683 	1680 	1376
f 530 	1849 	523
f 523 	1850 	522
f 1684 	1686 	3370
f 1710 	1711 	1699
f 1714 	1707 	1698
f 1697 	1698 	1707
f 535 	350 	533
f 3371 	1693 	1691
f 401 	533 	350
f 535 	550 	350
f 350 	550 	551
f 560 	350 	551
f 1689 	1692 	1699
f 1688 	1689 	1699
f 1687 	1688 	1699
f 1672 	1687 	1699
f 1700 	1660 	1699
f 1701 	1659 	1700
f 1702 	1669 	1701
f 1703 	1668 	1702
f 1704 	1665 	1703
f 1662 	1665 	1704
f 1692 	1708 	1699
f 1720 	1721 	1706
f 1708 	1709 	1699
f 1875 	1451 	1457
f 554 	486 	553
f 555 	486 	554
f 556 	486 	555
f 557 	486 	556
f 558 	486 	557
f 559 	486 	558
f 412 	486 	559
f 552 	553 	484
f 561 	350 	560
f 1709 	1710 	1699
f 1711 	1712 	1699
f 1712 	1713 	1699
f 1713 	1714 	1699
f 1698 	1699 	1714
f 1696 	1697 	1707
f 1707 	1705 	1696
f 1695 	1696 	1705
f 1694 	1695 	1705
f 1706 	1694 	1705
f 1763 	1764 	1753
f 1762 	1763 	1753
f 1717 	1816 	1719
f 565 	350 	564
f 564 	350 	561
f 569 	2544 	565
f 572 	2544 	569
f 1679 	1376 	1719
f 1717 	1719 	1376
f 574 	2544 	572
f 1789 	2544 	574
f 1725 	1706 	1724
f 1724 	1706 	1723
f 1722 	1723 	1706
f 1721 	1722 	1706
f 1726 	1706 	1725
f 1694 	1706 	1726
f 1730 	1706 	1729
f 1733 	1706 	1732
f 1734 	1706 	1733
f 1735 	1706 	1734
f 1728 	1706 	1735
f 1729 	1706 	1728
f 1720 	1706 	1730
f 1736 	1737 	1727
f 1737 	1738 	1727
f 1738 	1739 	1727
f 483 	1727 	1739
f 483 	1739 	1740
f 483 	1740 	1741
f 483 	1741 	1742
f 1747 	481 	1742
f 1743 	484 	1746
f 552 	484 	1743
f 479 	1745 	484
f 1753 	1755 	1716
f 1706 	1756 	1744
f 1731 	1732 	1706
f 1744 	1731 	1706
f 1746 	484 	1745
f 1748 	481 	1747
f 1749 	481 	1748
f 1750 	479 	1749
f 1752 	479 	1750
f 1754 	479 	1752
f 1745 	479 	1754
f 1706 	1715 	1755
f 1756 	1706 	1755
f 1715 	1716 	1755
f 1761 	1770 	1935
f 1933 	1934 	1773
f 1765 	1766 	1764
f 1766 	1767 	1764
f 1767 	1768 	1764
f 1768 	1769 	1764
f 1769 	1771 	1764
f 1771 	1772 	1764
f 1772 	1757 	1764
f 1758 	1751 	1764
f 1751 	1753 	1764
f 1757 	1758 	1764
f 1716 	1762 	1753
f 1928 	1933 	1784
f 1777 	2544 	1774
f 1545 	1774 	2544
f 1784 	1775 	1928
f 1785 	1821 	1783
f 1926 	1928 	1775
f 1776 	1926 	1775
f 1786 	2544 	1777
f 1778 	1926 	1776
f 1779 	1925 	1778
f 1781 	1931 	1779
f 522 	1850 	528
f 2544 	1760 	1935
f 1780 	1782 	2544
f 1782 	1788 	2544
f 1821 	2544 	1788
f 1787 	1780 	2544
f 1791 	2544 	1790
f 1783 	1821 	1788
f 1797 	1821 	1785
f 1795 	2544 	1792
f 350 	565 	2544
f 1796 	2544 	1795
f 1798 	2544 	1796
f 1790 	2544 	1789
f 1792 	2544 	1791
f 1759 	2544 	1799
f 1759 	1760 	2544
f 1798 	1799 	2544
f 2284 	2544 	2283
f 2285 	2544 	2284
f 1800 	1821 	1794
f 1801 	1821 	1800
f 1823 	1826 	1376
f 1804 	1805 	357
f 1811 	1812 	450
f 445 	447 	1805
f 1869 	1823 	1376
f 1867 	1868 	1376
f 1803 	1821 	1802
f 1801 	1802 	1821
f 1794 	1821 	1793
f 1805 	1809 	442
f 1807 	1821 	1806
f 450 	442 	1809
f 1920 	1472 	1922
f 1811 	450 	1809
f 1797 	1793 	1821
f 1821 	1803 	1810
f 1821 	1810 	1808
f 1808 	1806 	1821
f 1475 	1923 	1922
f 442 	445 	1805
f 452 	450 	1812
f 1475 	2080 	1923
f 2595 	2671 	1718
f 1840 	521 	1846
f 452 	1814 	468
f 1812 	1814 	452
f 1813 	1822 	1816
f 1719 	1816 	1822
f 1816 	1817 	1813
f 1815 	1813 	1817
f 357 	1819 	1804
f 1477 	1930 	2080
f 357 	1818 	1819
f 1883 	1555 	1556
f 1826 	1827 	1376
f 1813 	1829 	1822
f 1829 	1372 	1822
f 1637 	2245 	1636
f 357 	1376 	1827
f 1820 	1818 	357
f 1830 	1820 	357
f 1827 	1830 	357
f 1835 	1859 	1834
f 1836 	1858 	1835
f 1837 	1858 	1836
f 1838 	1858 	1837
f 1839 	1858 	1838
f 1607 	1616 	1606
f 1833 	1447 	1898
f 1452 	1874 	1380
f 1844 	468 	1814
f 1875 	1874 	1452
f 1846 	468 	1845
f 1845 	468 	1844
f 1841 	527 	1840
f 1555 	1883 	1885
f 1894 	1560 	1885
f 1849 	530 	1848
f 1850 	523 	1849
f 1560 	1894 	1570
f 1468 	1465 	1881
f 1912 	1908 	1562
f 1886 	1887 	1858
f 1873 	1886 	1858
f 1872 	1873 	1858
f 1871 	1872 	1858
f 1870 	1871 	1858
f 1839 	1870 	1858
f 1859 	1835 	1858
f 1860 	1834 	1859
f 1861 	1832 	1860
f 1834 	1860 	1832
f 1887 	1888 	1858
f 1857 	1858 	1888
f 1564 	1917 	1563
f 1916 	1563 	1917
f 1917 	1564 	1921
f 1568 	1924 	1921
f 1468 	1896 	1900
f 1569 	1570 	1927
f 1457 	1910 	1875
f 1889 	1890 	1857
f 1890 	1891 	1857
f 1888 	1889 	1857
f 1856 	1857 	1891
f 1470 	1914 	1457
f 1575 	1908 	1574
f 1907 	1574 	1908
f 1575 	1562 	1908
f 1376 	1876 	1865
f 1866 	1376 	1865
f 1867 	1376 	1866
f 1574 	1907 	1932
f 1864 	1865 	1876
f 1869 	1376 	1868
f 1927 	1924 	1569
f 1568 	1569 	1924
f 1938 	1912 	1562
f 1863 	1876 	1862
f 1863 	1864 	1876
f 1632 	2241 	1628
f 1563 	1916 	1938
f 2241 	1632 	1620
f 1878 	1876 	1880
f 1878 	1877 	1876
f 1877 	1862 	1876
f 1554 	1903 	1882
f 1883 	1556 	1884
f 1896 	1468 	1881
f 1854 	1855 	1891
f 1891 	1892 	1854
f 1853 	1854 	1892
f 1852 	1853 	1892
f 1892 	1893 	1852
f 1851 	1852 	1893
f 1895 	1948 	1893
f 1855 	1856 	1891
f 1556 	1554 	1884
f 1882 	1884 	1554
f 2227 	2242 	1616
f 1901 	1902 	1876
f 1876 	1902 	1880
f 1876 	1897 	1899
f 1899 	1901 	1876
f 3370 	1686 	1685
f 1910 	1457 	1914
f 1911 	2301 	1909
f 1906 	1914 	1470
f 1876 	2301 	1918
f 1915 	1918 	2301
f 1635 	2243 	1619
f 1919 	1876 	1918
f 1913 	1915 	2301
f 1876 	1919 	1904
f 1904 	1897 	1876
f 1931 	528 	1850
f 1570 	1894 	1929
f 815 	1612 	1961
f 1925 	1779 	1931
f 1773 	1784 	1933
f 1770 	1773 	1934
f 1934 	1935 	1770
f 1760 	1761 	1935
f 1926 	1778 	1925
f 528 	1931 	1781
f 1964 	820 	1690
f 1936 	2544 	1935
f 1635 	1636 	2243
f 1937 	2544 	1936
f 2244 	1636 	2245
f 1968 	1969 	1611
f 1970 	1961 	1612
f 2276 	1951 	2289
f 1895 	2289 	1951
f 1895 	2275 	1942
f 1895 	1942 	1943
f 1895 	1943 	1944
f 1895 	1944 	1945
f 1895 	1945 	1946
f 1895 	1946 	1947
f 1895 	1947 	1948
f 1851 	1893 	1948
f 1970 	1612 	1969
f 1611 	1969 	1612
f 1996 	1978 	1622
f 1617 	1978 	1975
f 1684 	3367 	1959
f 3373 	1958 	1959
f 1615 	1973 	1968
f 1973 	1615 	1975
f 2360 	1941 	1939
f 2360 	1939 	2362
f 1949 	2362 	1939
f 1954 	2365 	1949
f 1941 	1903 	1579
f 1952 	1573 	2363
f 1952 	2363 	1953
f 261 	1982 	2034
f 2034 	1982 	1980
f 2034 	1980 	2032
f 1987 	2040 	2038
f 1987 	2038 	1986
f 263 	2040 	1987
f 1990 	2062 	1980
f 1960 	2369 	1955
f 2063 	2062 	1992
f 1746 	1614 	1743
f 552 	1743 	542
f 589 	542 	1743
f 1999 	2067 	1997
f 1748 	593 	1749
f 592 	1749 	593
f 2001 	2069 	2000
f 592 	595 	1749
f 2068 	2070 	2000
f 597 	598 	1754
f 2069 	2001 	1618
f 599 	1745 	598
f 1754 	598 	1745
f 1747 	1742 	601
f 593 	1748 	601
f 1747 	601 	1748
f 1750 	595 	597
f 1746 	1745 	1614
f 599 	1614 	1745
f 589 	1743 	1614
f 482 	580 	483
f 1727 	483 	580
f 1727 	580 	1736
f 2076 	2011 	2015
f 2014 	2076 	2015
f 585 	1738 	1737
f 585 	587 	1738
f 1990 	1992 	2062
f 820 	1964 	1992
f 1752 	597 	1754
f 2000 	2069 	2068
f 2002 	2000 	2070
f 2069 	1618 	1976
f 2006 	2002 	2070
f 1750 	597 	1752
f 2067 	1999 	3406
f 2019 	1759 	2041
f 2020 	1760 	1759
f 2020 	1759 	2019
f 2021 	1761 	1760
f 2021 	1760 	2020
f 1761 	2021 	2022
f 1761 	2022 	1770
f 2074 	2013 	2009
f 1770 	2022 	2023
f 1770 	2023 	1773
f 1775 	2024 	2025
f 1775 	2025 	1776
f 2014 	2013 	2074
f 1776 	2025 	2026
f 1776 	2026 	1778
f 1779 	2027 	2028
f 1779 	2028 	1781
f 1773 	2023 	2029
f 1773 	2029 	1784
f 2014 	2075 	2076
f 1784 	2029 	2024
f 1784 	2024 	1775
f 2072 	2009 	2016
f 1778 	2026 	2027
f 1778 	2027 	1779
f 2079 	2018 	2078
f 2017 	2078 	2018
f 2028 	506 	528
f 1781 	2028 	528
f 2038 	2078 	1986
f 1986 	2078 	2017
f 574 	573 	1789
f 2030 	1789 	573
f 2018 	2079 	2016
f 2031 	1790 	1789
f 2031 	1789 	2030
f 2033 	1791 	1790
f 2033 	1790 	2031
f 2035 	1792 	1791
f 2035 	1791 	2033
f 2036 	1795 	1792
f 2036 	1792 	2035
f 2037 	1796 	1795
f 2037 	1795 	2036
f 2039 	1798 	1796
f 2039 	1796 	2037
f 2041 	1759 	1799
f 2041 	1799 	1798
f 2041 	1798 	2039
f 1980 	2062 	2032
f 1804 	2049 	2042
f 1804 	2042 	2043
f 1804 	2043 	1805
f 2063 	1992 	1964
f 1805 	2043 	2044
f 1805 	2044 	1809
f 2045 	1811 	1809
f 2045 	1809 	2044
f 2064 	1978 	1996
f 2046 	1812 	1811
f 2046 	1811 	2045
f 2066 	1998 	2065
f 1997 	2065 	1998
f 2047 	1814 	1812
f 2047 	1812 	2046
f 2951 	1814 	2047
f 2064 	1996 	2066
f 1998 	2066 	1996
f 1997 	2067 	2065
f 2071 	2006 	2070
f 2009 	2072 	2074
f 2073 	3893 	2011
f 2074 	2075 	2014
f 2011 	2076 	2073
f 1820 	2051 	2048
f 1827 	2052 	2053
f 2051 	1820 	2054
f 1830 	2054 	1820
f 1830 	1827 	2054
f 2053 	2054 	1827
f 2056 	1834 	1832
f 2056 	1832 	2055
f 1834 	2056 	2057
f 2058 	1836 	2057
f 1837 	2060 	1838
f 2059 	1838 	2060
f 1838 	2059 	2061
f 2058 	2060 	1836
f 1837 	1836 	2060
f 1818 	2048 	2049
f 1818 	2049 	1819
f 1819 	2049 	1804
f 1820 	2048 	1818
f 1869 	2050 	1823
f 1823 	2050 	2052
f 1823 	2052 	1826
f 1826 	2052 	1827
f 2077 	2072 	2016
f 1930 	1477 	1833
f 1447 	1833 	1477
f 2081 	1472 	1920
f 1496 	2086 	1414
f 2087 	2086 	1496
f 2096 	1523 	2081
f 2097 	1530 	2100
f 2100 	1530 	2099
f 2128 	2104 	2103
f 2104 	2128 	2105
f 2130 	2106 	2105
f 2130 	2110 	2106
f 2126 	2102 	2101
f 2129 	2130 	2105
f 2107 	2108 	2132
f 2132 	2108 	2109
f 2112 	2135 	2136
f 2112 	2136 	2111
f 227 	1407 	2112
f 2137 	2113 	2114
f 2115 	2139 	2120
f 2113 	2137 	2115
f 2139 	2115 	2137
f 2116 	2140 	2117
f 2118 	2143 	2119
f 2142 	2119 	2143
f 2143 	2118 	2120
f 2122 	2123 	2147
f 2148 	2147 	2124
f 2123 	2124 	2147
f 2119 	2142 	2124
f 2148 	2124 	2142
f 2103 	2111 	2136
f 2103 	2127 	2128
f 2129 	2105 	2128
f 2132 	2131 	2107
f 2133 	2109 	2110
f 2109 	2133 	2132
f 2101 	2125 	2126
f 2102 	2126 	1395
f 2133 	2110 	2134
f 2134 	2110 	2130
f 2138 	2107 	2131
f 2127 	2103 	2136
f 2114 	2138 	2137
f 2114 	2107 	2138
f 2140 	2141 	2117
f 2144 	2120 	2139
f 2143 	2120 	2144
f 2122 	2146 	2121
f 2145 	2121 	2146
f 2146 	2122 	2147
f 1517 	2149 	2093
f 2150 	2093 	2149
f 2151 	2152 	2150
f 2151 	2150 	2149
f 2179 	3819 	2154
f 2198 	2197 	2173
f 2155 	2156 	2181
f 2181 	2156 	2157
f 2193 	2168 	2167
f 2196 	2195 	2171
f 2172 	2197 	2171
f 2169 	2168 	2193
f 2198 	2173 	2174
f 2176 	2201 	2175
f 2179 	2154 	2153
f 2180 	2155 	2181
f 2183 	2158 	2180
f 2155 	2180 	2158
f 2157 	2182 	2181
f 2190 	2165 	2159
f 2161 	2186 	2160
f 2185 	2160 	2186
f 2163 	2162 	2188
f 2189 	2164 	2188
f 2190 	2186 	2165
f 2161 	2165 	2186
f 2191 	2178 	2166
f 2164 	2189 	2166
f 2196 	2171 	2197
f 2172 	2173 	2197
f 2191 	2166 	2189
f 2167 	2160 	2185
f 2198 	2174 	2199
f 2200 	2175 	2201
f 2201 	2176 	2169
f 2179 	2153 	2178
f 2163 	2188 	2164
f 2159 	2184 	2190
f 2153 	2166 	2178
f 2192 	2167 	2185
f 2169 	2193 	2194
f 2170 	2195 	2162
f 2170 	2171 	2195
f 2169 	2194 	2201
f 2184 	2159 	2202
f 2177 	2158 	2183
f 2177 	2202 	2159
f 2187 	2162 	2195
f 2162 	2187 	2188
f 2193 	2167 	2192
f 2174 	3295 	2199
f 2202 	2177 	2183
f 2204 	2203 	2205
f 2204 	2205 	2206
f 2207 	2208 	2206
f 2207 	2206 	2205
f 2209 	2210 	2208
f 2209 	2208 	2207
f 2211 	2212 	2210
f 2211 	2210 	2209
f 2213 	2214 	2212
f 2213 	2212 	2211
f 2215 	2216 	2214
f 2215 	2214 	2213
f 2217 	2218 	2216
f 2217 	2216 	2215
f 2219 	2220 	2218
f 2219 	2218 	2217
f 2221 	2222 	2220
f 2221 	2220 	2219
f 1638 	1639 	245
f 226 	253 	205
f 242 	1645 	1638
f 240 	1651 	1652
f 242 	1652 	1645
f 1613 	2226 	214
f 1616 	1607 	2227
f 2229 	1623 	2228
f 1621 	2228 	1623
f 1621 	1631 	2228
f 2229 	1633 	1623
f 1624 	2235 	1625
f 1626 	2238 	1627
f 1628 	2239 	1626
f 2240 	2228 	1631
f 1625 	2236 	1631
f 1624 	1627 	2235
f 2238 	2235 	1627
f 1628 	2241 	2239
f 2226 	1613 	2231
f 1630 	2231 	1613
f 1629 	2231 	1630
f 2232 	2230 	1633
f 2229 	2232 	1633
f 2234 	1620 	2233
f 1619 	2233 	1620
f 1619 	2243 	2233
f 2241 	1620 	2234
f 1634 	2245 	1637
f 1629 	2230 	2231
f 1629 	1633 	2230
f 2235 	2236 	1625
f 1626 	2237 	2238
f 2240 	1631 	2236
f 2239 	2237 	1626
f 1634 	1616 	2242
f 2245 	1634 	2242
f 225 	1643 	233
f 1654 	205 	253
f 1649 	248 	1647
f 247 	1647 	248
f 248 	1649 	1650
f 235 	1641 	1640
f 1642 	235 	1640
f 245 	1639 	1647
f 1257 	1651 	240
f 1638 	245 	243
f 234 	1641 	235
f 235 	1642 	236
f 1642 	1260 	236
f 233 	1643 	234
f 1641 	234 	1643
f 242 	1638 	243
f 245 	1647 	247
f 1650 	249 	248
f 240 	1652 	251
f 251 	1652 	242
f 1650 	1653 	249
f 249 	1653 	255
f 253 	255 	1654
f 1653 	1654 	255
f 2265 	1253 	256
f 1219 	1661 	258
f 1210 	2246 	2247
f 1210 	2247 	1211
f 2248 	1214 	1211
f 2248 	1211 	2247
f 1216 	2249 	2246
f 1216 	2246 	1210
f 1661 	1219 	2250
f 256 	1658 	2265
f 2250 	1219 	2248
f 1224 	1246 	2251
f 1226 	2251 	2252
f 1226 	2252 	2253
f 1226 	2253 	1231
f 1229 	2255 	2254
f 1231 	2253 	2255
f 1216 	2257 	2249
f 1241 	2259 	2256
f 1233 	1241 	2256
f 1238 	2254 	2258
f 2259 	1241 	2260
f 1240 	2260 	1241
f 2261 	1238 	2258
f 2262 	1244 	2261
f 1254 	2264 	2263
f 2265 	2264 	1254
f 2248 	1219 	1214
f 1224 	2251 	1226
f 1229 	1228 	2255
f 2255 	1228 	1231
f 1237 	2257 	1216
f 2257 	1237 	2256
f 1233 	2256 	1237
f 1238 	1229 	2254
f 1238 	2261 	1249
f 1244 	2262 	1329
f 1249 	2261 	1244
f 2263 	2251 	1246
f 1254 	2263 	1246
f 1253 	2265 	1254
f 256 	1 	1658
f 1651 	1257 	2266
f 2267 	1261 	1260
f 2267 	1260 	2268
f 2267 	1287 	1261
f 2268 	1260 	1642
f 1267 	2270 	2271
f 2272 	1270 	2271
f 1267 	2271 	1270
f 1270 	2272 	2273
f 1270 	2273 	1272
f 1272 	2273 	2266
f 9 	1303 	10
f 1317 	19 	15
f 5 	1293 	6
f 1293 	5 	12
f 8 	1310 	14
f 17 	1320 	18
f 1317 	1315 	19
f 1320 	4 	18
f 1274 	2269 	1263
f 2270 	1265 	1263
f 2270 	1263 	2269
f 1265 	2270 	1267
f 1272 	2266 	1257
f 1278 	2 	1307
f 6 	1291 	7
f 10 	1301 	11
f 2275 	1895 	2274
f 1950 	2274 	1895
f 1950 	1895 	1951
f 2278 	2544 	2277
f 2277 	2544 	1937
f 2279 	2544 	2278
f 2282 	2283 	2544
f 1971 	2373 	1967
f 2281 	2544 	2279
f 2375 	1974 	1963
f 2375 	2373 	1974
f 2286 	2280 	2544
f 2285 	2286 	2544
f 2374 	3175 	1972
f 2288 	2301 	2287
f 2291 	2292 	2290
f 2292 	2293 	2290
f 2293 	2294 	2290
f 2294 	1940 	2290
f 2289 	2290 	1940
f 1940 	2276 	2289
f 2362 	1949 	2365
f 2301 	2297 	2298
f 2301 	2298 	1905
f 1905 	1909 	2301
f 1911 	1913 	2301
f 1957 	2368 	1954
f 2288 	2295 	2301
f 2295 	2296 	2301
f 2296 	2297 	2301
f 2301 	2300 	2287
f 2280 	2302 	2544
f 2302 	2299 	2544
f 2281 	2282 	2544
f 2301 	2544 	2300
f 2299 	2300 	2544
f 2301 	1506 	2544
f 2370 	1966 	1965
f 31 	612 	357
f 34 	612 	31
f 1376 	357 	612
f 1967 	2372 	1965
f 2317 	2316 	2344
f 2316 	2315 	2344
f 1367 	2303 	2304
f 1971 	1974 	2373
f 2305 	2304 	2303
f 2306 	2305 	2303
f 2307 	2306 	2303
f 2308 	2307 	2303
f 2309 	2308 	2303
f 2311 	2310 	2303
f 2309 	2303 	2310
f 2312 	2311 	2303
f 1981 	2779 	1983
f 2303 	2344 	2312
f 2313 	2312 	2344
f 2782 	1985 	1984
f 2314 	2313 	2344
f 2315 	2314 	2344
f 2318 	2317 	2344
f 1203 	2320 	2321
f 1205 	1203 	2321
f 2323 	2344 	2322
f 2787 	2788 	1993
f 2344 	2345 	2326
f 2328 	2327 	2345
f 1994 	2788 	1981
f 2330 	2318 	2344
f 2331 	2330 	2344
f 2332 	2331 	2344
f 2332 	2344 	2323
f 2327 	2326 	2345
f 2322 	2344 	2326
f 2329 	2345 	2333
f 2333 	2345 	2334
f 2008 	2793 	1984
f 2334 	2345 	2335
f 2335 	2345 	2336
f 2336 	2345 	2337
f 2337 	2345 	2338
f 2338 	2345 	2339
f 2342 	2341 	2346
f 2342 	2346 	2343
f 2341 	2340 	2346
f 2340 	2339 	2346
f 2329 	2328 	2345
f 2351 	2345 	2344
f 1369 	1370 	2344
f 617 	2345 	621
f 2346 	2339 	2345
f 2351 	2355 	2345
f 614 	2346 	618
f 604 	2349 	2348
f 2347 	2348 	2349
f 2350 	605 	2348
f 605 	604 	2348
f 2351 	2352 	2347
f 2351 	2347 	2349
f 2353 	2355 	2349
f 2354 	608 	2353
f 608 	2355 	2353
f 2351 	2349 	2355
f 1994 	1993 	2788
f 2356 	609 	2354
f 609 	608 	2354
f 621 	2345 	2355
f 1370 	2351 	2344
f 624 	623 	1363
f 624 	1363 	1372
f 2357 	637 	624
f 2357 	624 	1372
f 642 	641 	2358
f 642 	2358 	1360
f 1373 	626 	625
f 1373 	625 	1374
f 2369 	1960 	1995
f 627 	626 	1373
f 627 	1373 	1355
f 630 	1375 	625
f 1374 	625 	1375
f 2779 	1981 	2788
f 630 	632 	1375
f 2359 	1375 	632
f 2787 	1993 	1985
f 612 	611 	631
f 612 	631 	1376
f 1359 	1376 	631
f 1359 	631 	628
f 1382 	805 	804
f 1382 	804 	1381
f 2003 	2791 	2004
f 1394 	814 	805
f 1394 	805 	1382
f 2791 	2792 	2004
f 806 	1383 	1419
f 2794 	2793 	2007
f 807 	1389 	1388
f 807 	1388 	808
f 1389 	807 	809
f 1389 	809 	1390
f 1390 	809 	810
f 1390 	810 	1391
f 1977 	2377 	2007
f 1391 	810 	811
f 1391 	811 	1392
f 2005 	2792 	2010
f 1385 	813 	812
f 1385 	812 	1384
f 1384 	812 	1393
f 2795 	2796 	2010
f 1392 	811 	813
f 1392 	813 	1385
f 2360 	2361 	1941
f 865 	808 	1388
f 1393 	812 	817
f 1393 	817 	814
f 1393 	814 	1394
f 2361 	1903 	1941
f 818 	1401 	1399
f 818 	1399 	819
f 2363 	1573 	1932
f 823 	1402 	1401
f 823 	1401 	818
f 824 	1403 	1402
f 824 	1402 	823
f 825 	1404 	1403
f 825 	1403 	824
f 1963 	1953 	2364
f 825 	1459 	1404
f 826 	1397 	1396
f 826 	1396 	828
f 2367 	1956 	2366
f 1955 	2366 	1956
f 828 	1396 	806
f 2368 	1957 	2367
f 1956 	2367 	1957
f 819 	1399 	1397
f 819 	1397 	826
f 2365 	1954 	2368
f 1396 	1383 	806
f 1405 	840 	839
f 1405 	839 	1406
f 1955 	2369 	2366
f 1405 	956 	840
f 838 	1408 	1406
f 838 	1406 	839
f 837 	1410 	1408
f 837 	1408 	838
f 836 	1412 	1410
f 836 	1410 	837
f 835 	1415 	1412
f 835 	1412 	836
f 833 	1416 	1415
f 833 	1415 	835
f 2370 	1965 	2372
f 806 	1419 	841
f 1967 	2373 	2372
f 1419 	853 	841
f 2374 	1972 	1966
f 843 	1422 	1421
f 843 	1421 	845
f 842 	1424 	1422
f 842 	1422 	843
f 842 	1535 	1424
f 845 	1421 	1427
f 845 	1427 	846
f 847 	1429 	1428
f 847 	1428 	848
f 846 	1427 	1429
f 846 	1429 	847
f 849 	1432 	1416
f 849 	1416 	833
f 1953 	2363 	2364
f 848 	1428 	1432
f 848 	1432 	849
f 855 	1433 	923
f 854 	1435 	1433
f 854 	1433 	855
f 853 	1436 	1435
f 853 	1435 	854
f 853 	1419 	1436
f 2371 	1966 	2370
f 1966 	2371 	2374
f 2375 	1963 	2376
f 2376 	1963 	2364
f 873 	1453 	874
f 1440 	857 	860
f 1979 	3135 	2773
f 863 	1443 	861
f 865 	1443 	863
f 2779 	2780 	1983
f 2782 	2783 	1985
f 2785 	1989 	2784
f 1988 	2784 	1989
f 1983 	2780 	1991
f 2786 	1991 	2780
f 1453 	873 	872
f 1448 	876 	871
f 877 	1450 	878
f 1989 	2785 	1995
f 1450 	877 	1448
f 876 	1448 	877
f 874 	1453 	1456
f 1455 	868 	1456
f 874 	1456 	868
f 1985 	2783 	2787
f 1440 	860 	1441
f 1988 	1991 	2784
f 2786 	2784 	1991
f 861 	1442 	860
f 1441 	860 	1442
f 1442 	861 	1443
f 2003 	2790 	2791
f 1443 	865 	1444
f 1444 	865 	1388
f 1448 	871 	1445
f 2324 	2429 	2379
f 2325 	2429 	2324
f 2378 	2429 	2325
f 1445 	871 	1446
f 870 	1446 	871
f 1446 	870 	1495
f 1453 	872 	1454
f 2379 	2429 	2380
f 1450 	1449 	878
f 2380 	2429 	2382
f 2382 	2429 	2381
f 2381 	1203 	2383
f 1449 	1454 	878
f 872 	878 	1454
f 2383 	1203 	2384
f 1205 	2385 	1203
f 2384 	1203 	2386
f 2385 	2386 	1203
f 881 	1489 	1487
f 881 	1487 	882
f 1489 	881 	885
f 1489 	885 	1490
f 2389 	2390 	2391
f 2387 	2391 	2390
f 2402 	2401 	2390
f 1490 	885 	886
f 1490 	886 	1491
f 2388 	2389 	2391
f 2388 	2392 	2389
f 857 	1440 	886
f 886 	1440 	1491
f 2397 	2399 	2403
f 2403 	2406 	2397
f 2394 	2397 	2406
f 888 	1459 	825
f 2406 	2407 	2394
f 890 	1460 	1459
f 890 	1459 	888
f 892 	1461 	1460
f 892 	1460 	890
f 894 	1462 	1461
f 894 	1461 	892
f 2393 	2394 	2407
f 2407 	2404 	2393
f 895 	1463 	1462
f 895 	1462 	894
f 2399 	2400 	2402
f 2402 	2403 	2399
f 896 	1464 	1463
f 896 	1463 	895
f 1464 	896 	897
f 1464 	897 	1485
f 2400 	2401 	2402
f 2387 	2390 	2401
f 1485 	897 	900
f 1485 	900 	1486
f 1486 	900 	882
f 1486 	882 	1487
f 915 	1495 	870
f 2443 	2444 	2435
f 2450 	2432 	2449
f 911 	1498 	1497
f 911 	1497 	913
f 2444 	2445 	2436
f 2436 	2435 	2444
f 909 	1499 	1498
f 909 	1498 	911
f 908 	1501 	1499
f 908 	1499 	909
f 907 	1503 	1501
f 907 	1501 	908
f 2409 	2429 	2408
f 1203 	2381 	2429
f 913 	1497 	1505
f 913 	1505 	914
f 2415 	2416 	2410
f 2422 	2421 	2411
f 914 	1505 	1495
f 914 	1495 	915
f 2408 	2429 	2378
f 918 	868 	1506
f 1455 	1506 	868
f 2414 	2419 	2409
f 933 	1510 	946
f 932 	1511 	1510
f 932 	1510 	933
f 1512 	925 	924
f 1512 	924 	1513
f 2417 	2411 	2416
f 2413 	2419 	2414
f 2411 	2410 	2416
f 2418 	2434 	2424
f 2441 	2440 	2462
f 1514 	928 	927
f 1514 	927 	1515
f 2429 	2409 	2419
f 1513 	924 	923
f 1513 	923 	1516
f 2413 	2412 	2419
f 2421 	2420 	2411
f 2417 	2422 	2411
f 1516 	923 	1433
f 2412 	2411 	2420
f 2420 	2419 	2412
f 1515 	927 	926
f 1515 	926 	1519
f 1519 	926 	925
f 1519 	925 	1512
f 1511 	932 	931
f 1511 	931 	1520
f 1520 	931 	930
f 1520 	930 	1522
f 1522 	930 	929
f 1522 	929 	1524
f 2426 	2427 	2418
f 2410 	2418 	2427
f 2428 	2410 	2427
f 2415 	2410 	2428
f 2425 	2426 	2418
f 1524 	929 	928
f 1524 	928 	1514
f 2419 	2430 	2429
f 940 	1529 	1528
f 940 	1528 	941
f 943 	1535 	842
f 2439 	2433 	2457
f 2456 	2457 	2433
f 2450 	2451 	2432
f 2442 	2443 	2396
f 2396 	2398 	2442
f 2398 	2395 	2405
f 942 	1537 	1535
f 942 	1535 	943
f 2431 	2453 	2433
f 941 	1528 	1537
f 941 	1537 	942
f 939 	1541 	1529
f 939 	1529 	940
f 2458 	2459 	2439
f 938 	1543 	1541
f 938 	1541 	939
f 2395 	2393 	2404
f 937 	1544 	1543
f 937 	1543 	938
f 2404 	2405 	2395
f 937 	1545 	1544
f 2405 	2442 	2398
f 945 	1545 	937
f 1095 	1545 	945
f 947 	1596 	1503
f 947 	1503 	907
f 2453 	2454 	2433
f 2454 	2455 	2433
f 946 	1597 	1596
f 946 	1596 	947
f 946 	1510 	1597
f 2455 	2456 	2433
f 1648 	996 	955
f 954 	1648 	955
f 2445 	2446 	2437
f 2437 	2436 	2445
f 2446 	2447 	2437
f 2438 	2437 	2447
f 2448 	2438 	2447
f 2449 	2432 	2448
f 2435 	2396 	2443
f 2431 	2432 	2451
f 2452 	2431 	2451
f 2453 	2431 	2452
f 2438 	2448 	2432
f 2457 	2458 	2439
f 2459 	2460 	2439
f 2440 	2439 	2460
f 2460 	2461 	2440
f 2461 	2462 	2440
f 2462 	2463 	2441
f 2463 	2464 	2441
f 2434 	2441 	2464
f 2464 	2423 	2434
f 2424 	2425 	2418
f 2423 	2424 	2434
f 960 	1668 	964
f 1659 	1670 	966
f 2470 	2483 	2469
f 2468 	2469 	2483
f 2483 	2510 	2468
f 2471 	2484 	2470
f 2472 	2485 	2471
f 2510 	2501 	2467
f 2467 	2468 	2510
f 1671 	961 	967
f 2475 	2487 	2474
f 2480 	2481 	2474
f 2476 	2479 	2475
f 2477 	2488 	2476
f 2478 	2490 	2477
f 2482 	2475 	2479
f 2473 	2474 	2481
f 2481 	2486 	2473
f 2472 	2473 	2486
f 2486 	2485 	2472
f 976 	1666 	973
f 2483 	2470 	2484
f 2466 	2467 	2501
f 1666 	976 	977
f 1668 	977 	964
f 2484 	2471 	2485
f 2480 	2474 	2487
f 2487 	2475 	2482
f 2479 	2476 	2489
f 2489 	2476 	2488
f 2513 	2491 	2478
f 2490 	2478 	2491
f 954 	953 	1656
f 2491 	2523 	2492
f 2492 	2522 	2493
f 952 	1657 	953
f 1656 	953 	1657
f 1657 	952 	957
f 1669 	960 	1670
f 959 	1670 	960
f 961 	1671 	962
f 2496 	2498 	2495
f 2498 	2497 	2495
f 2494 	2495 	2497
f 2498 	2496 	2499
f 960 	1669 	1668
f 2496 	2465 	2499
f 1659 	966 	962
f 2500 	2499 	2465
f 2465 	2466 	2500
f 959 	966 	1670
f 2504 	2508 	2503
f 2503 	2507 	2502
f 702 	684 	2505
f 2505 	680 	2506
f 2494 	2509 	2504
f 2506 	2502 	2507
f 970 	1663 	971
f 2507 	2503 	2508
f 2497 	2509 	2494
f 1663 	970 	1664
f 972 	1664 	970
f 2508 	2504 	2509
f 973 	1664 	972
f 2501 	2500 	2466
f 1186 	2517 	2511
f 1186 	2511 	2512
f 2514 	2491 	2513
f 2515 	2491 	2514
f 2523 	2491 	2516
f 1644 	956 	1405
f 2517 	1186 	2518
f 1644 	1646 	956
f 957 	956 	1646
f 2518 	2527 	2521
f 2521 	2527 	2520
f 954 	1655 	1648
f 1195 	1186 	2512
f 1655 	954 	1656
f 1657 	957 	1646
f 2516 	2491 	2515
f 2525 	2492 	2524
f 2522 	2492 	2525
f 2524 	2492 	2523
f 962 	1671 	1660
f 2520 	2527 	2519
f 2526 	2519 	2527
f 1186 	2527 	2518
f 2528 	2522 	2527
f 2522 	2526 	2527
f 962 	1660 	1659
f 2530 	2529 	2528
f 2493 	2522 	2529
f 2528 	2529 	2522
f 2488 	2477 	2490
f 1671 	967 	1672
f 1704 	971 	1662
f 1663 	1662 	971
f 672 	802 	644
f 644 	653 	672
f 653 	647 	672
f 672 	669 	636
f 973 	1665 	1664
f 647 	651 	672
f 651 	665 	672
f 666 	636 	669
f 666 	660 	636
f 1666 	1665 	973
f 977 	1667 	1666
f 2528 	636 	660
f 2528 	657 	2530
f 657 	2528 	660
f 1668 	1667 	977
f 669 	672 	665
f 1012 	1692 	988
f 734 	732 	692
f 692 	690 	734
f 690 	688 	734
f 698 	734 	688
f 688 	675 	698
f 700 	698 	675
f 675 	678 	700
f 702 	700 	678
f 702 	678 	684
f 680 	2505 	684
f 2502 	2506 	680
f 992 	1677 	993
f 1677 	992 	994
f 707 	791 	722
f 770 	753 	728
f 758 	770 	728
f 713 	747 	716
f 744 	716 	747
f 712 	766 	713
f 732 	719 	737
f 716 	744 	719
f 722 	793 	725
f 725 	755 	728
f 740 	737 	719
f 737 	694 	732
f 694 	692 	732
f 1673 	994 	984
f 994 	1673 	1677
f 740 	719 	744
f 712 	728 	749
f 753 	749 	728
f 752 	712 	749
f 766 	712 	752
f 764 	713 	766
f 760 	713 	764
f 747 	713 	760
f 786 	722 	791
f 789 	722 	786
f 793 	794 	725
f 794 	797 	725
f 758 	728 	755
f 793 	722 	789
f 777 	791 	707
f 784 	782 	802
f 784 	802 	777
f 782 	779 	802
f 1843 	1376 	1842
f 639 	644 	802
f 779 	639 	802
f 2533 	1359 	2532
f 2531 	1359 	1847
f 2534 	1359 	2533
f 2535 	1376 	2534
f 2536 	1376 	2535
f 791 	777 	802
f 802 	798 	791
f 2537 	1376 	2536
f 797 	773 	725
f 773 	755 	725
f 2319 	1376 	2537
f 2319 	1842 	1376
f 801 	791 	798
f 2539 	1376 	2538
f 632 	1361 	2359
f 2540 	2543 	1376
f 1843 	2538 	1376
f 1361 	632 	638
f 634 	633 	2541
f 634 	2541 	2542
f 2539 	2540 	1376
f 2543 	2622 	1376
f 2357 	2541 	633
f 2357 	633 	637
f 641 	634 	2542
f 641 	2542 	2358
f 646 	645 	2544
f 646 	2544 	1364
f 2730 	2721 	2546
f 2547 	2544 	648
f 645 	648 	2544
f 2547 	648 	652
f 2547 	652 	1366
f 2549 	2729 	2548
f 2548 	2730 	2546
f 2563 	2738 	2550
f 2639 	2551 	655
f 2733 	2732 	2550
f 2552 	2550 	2732
f 2552 	2732 	2549
f 2553 	655 	2551
f 656 	655 	2553
f 2558 	2737 	2557
f 2553 	659 	656
f 2553 	2559 	659
f 2562 	2737 	2560
f 2561 	2737 	2562
f 2559 	661 	659
f 2559 	2564 	661
f 2564 	663 	661
f 2564 	2567 	663
f 2556 	2738 	2563
f 2557 	2737 	2556
f 2560 	2737 	2558
f 2565 	2737 	2561
f 2566 	2737 	2565
f 2555 	2736 	2554
f 2554 	2736 	2566
f 2583 	2584 	2741
f 2582 	2583 	2741
f 2570 	2741 	2569
f 2569 	2741 	2568
f 2567 	668 	663
f 2572 	1847 	1359
f 2531 	2532 	1359
f 2567 	2571 	668
f 2574 	1359 	2575
f 2574 	2572 	1359
f 1375 	2592 	1359
f 674 	2573 	2578
f 671 	2571 	2573
f 2579 	1359 	2577
f 671 	668 	2571
f 2580 	1359 	2579
f 2573 	674 	671
f 2576 	1359 	2580
f 2575 	1359 	2576
f 2585 	2586 	2741
f 2584 	2585 	2741
f 2734 	2741 	2586
f 2587 	2734 	2586
f 2588 	2734 	2587
f 2589 	2734 	2588
f 682 	2581 	2590
f 679 	2578 	2581
f 679 	674 	2578
f 2592 	1375 	2591
f 2581 	682 	679
f 2593 	1359 	2592
f 683 	2590 	2594
f 2577 	1359 	2593
f 683 	682 	2590
f 683 	2594 	686
f 1718 	1717 	1376
f 2595 	1718 	1376
f 2594 	2596 	686
f 2597 	2595 	1376
f 686 	2596 	2598
f 2598 	2601 	687
f 2600 	2616 	2599
f 2597 	2619 	2600
f 1376 	2619 	2597
f 686 	2598 	687
f 1815 	1817 	2671
f 2628 	2629 	2614
f 2599 	2617 	2606
f 699 	2607 	2608
f 699 	696 	2607
f 2630 	2631 	2604
f 2604 	2603 	2630
f 2602 	2614 	2630
f 2603 	2602 	2630
f 2629 	2630 	2614
f 2614 	2605 	2628
f 2627 	2628 	2605
f 2606 	2627 	2605
f 2613 	2604 	2631
f 2612 	2613 	2631
f 699 	2608 	2615
f 705 	2615 	2618
f 2617 	2599 	2616
f 704 	699 	2615
f 705 	704 	2615
f 2616 	2600 	2619
f 705 	2618 	2621
f 2619 	1376 	2622
f 706 	705 	2621
f 2722 	2723 	2622
f 2543 	2545 	2622
f 711 	2623 	2625
f 709 	2621 	2623
f 709 	706 	2621
f 711 	709 	2623
f 2625 	715 	711
f 2625 	2626 	715
f 2627 	2606 	2617
f 2611 	2612 	2633
f 2632 	2633 	2612
f 2633 	2634 	2611
f 2631 	2632 	2612
f 2634 	2635 	2611
f 2610 	2611 	2635
f 2609 	2610 	2635
f 821 	715 	2626
f 2620 	2763 	2638
f 2626 	822 	821
f 2626 	2639 	822
f 2638 	2764 	2637
f 2636 	2637 	2770
f 2640 	2636 	2771
f 822 	2639 	655
f 2771 	2772 	2640
f 830 	829 	2643
f 830 	2643 	2650
f 2647 	2648 	2676
f 2648 	2649 	2676
f 2649 	2651 	2676
f 2651 	2609 	2676
f 2675 	2676 	2609
f 2635 	2675 	2609
f 2646 	2647 	2676
f 831 	2650 	2652
f 831 	830 	2650
f 2644 	2645 	2676
f 831 	2652 	2656
f 832 	831 	2656
f 2659 	2672 	2658
f 834 	2656 	2660
f 2657 	2658 	2672
f 2672 	2659 	2661
f 2672 	2661 	2662
f 2653 	2672 	2662
f 834 	832 	2656
f 2654 	2672 	2653
f 834 	2660 	2607
f 696 	834 	2607
f 2666 	2663 	2672
f 1331 	2343 	2667
f 2669 	2359 	2668
f 2667 	1192 	1331
f 2709 	2359 	2669
f 1194 	2667 	2670
f 1817 	1718 	2671
f 2672 	1831 	2671
f 1831 	1815 	2671
f 1194 	1192 	2667
f 1194 	2670 	2673
f 2654 	2665 	2672
f 2665 	2666 	2672
f 1831 	2672 	2663
f 1831 	2663 	2664
f 1831 	2664 	2668
f 2713 	2359 	2711
f 2715 	2359 	2713
f 1198 	2673 	2674
f 1196 	1194 	2673
f 1198 	1196 	2673
f 1198 	2674 	2686
f 2682 	2683 	2679
f 2679 	2680 	2682
f 2681 	2682 	2680
f 2683 	2684 	2679
f 2678 	2679 	2684
f 2684 	2685 	2678
f 2677 	2678 	2685
f 2685 	2655 	2677
f 2676 	2677 	2655
f 2655 	2644 	2676
f 2645 	2646 	2676
f 1202 	2686 	2688
f 1201 	1198 	2686
f 1202 	1201 	2686
f 1202 	2688 	2693
f 1204 	1202 	2693
f 2695 	685 	2694
f 2694 	677 	2692
f 2693 	1206 	1204
f 2693 	2697 	1206
f 2698 	2700 	691
f 689 	691 	2700
f 2699 	1206 	2697
f 2701 	689 	2700
f 1215 	2699 	2702
f 1213 	1206 	2699
f 2698 	693 	2689
f 2691 	676 	2701
f 2692 	676 	2691
f 2696 	685 	2695
f 685 	2696 	681
f 2690 	681 	2696
f 1215 	1213 	2699
f 1215 	2702 	2705
f 827 	1215 	2705
f 2708 	2359 	2707
f 829 	2705 	2643
f 2706 	2359 	2704
f 2704 	2359 	2703
f 827 	2705 	829
f 614 	613 	1221
f 614 	1221 	1420
f 2710 	2359 	2709
f 2703 	2359 	2710
f 31 	1420 	1221
f 31 	1221 	32
f 2707 	2359 	2706
f 2711 	2359 	2708
f 2718 	2359 	2717
f 2717 	2359 	2715
f 2687 	2359 	2718
f 2687 	2689 	2359
f 745 	748 	2359
f 2620 	2624 	2725
f 2726 	2620 	2725
f 2620 	2726 	2762
f 2730 	2548 	2729
f 2721 	2622 	2545
f 2722 	2622 	2721
f 2624 	2622 	2723
f 2723 	2725 	2624
f 2729 	2549 	2732
f 2545 	2546 	2721
f 2737 	2566 	2736
f 2738 	2556 	2737
f 2733 	2550 	2738
f 2570 	2582 	2741
f 2736 	2568 	2741
f 2555 	2568 	2736
f 2753 	2755 	2767
f 2766 	2767 	2755
f 2765 	2766 	2755
f 2755 	2754 	2765
f 2754 	2758 	2765
f 2758 	2759 	2765
f 2759 	2760 	2765
f 2760 	2761 	2765
f 2761 	615 	2765
f 615 	620 	2765
f 620 	658 	2765
f 658 	662 	2765
f 662 	667 	2765
f 2005 	2004 	2792
f 2008 	2007 	2793
f 2764 	2638 	2763
f 2782 	1984 	2793
f 2769 	2781 	2767
f 2768 	2769 	2767
f 2781 	2745 	2767
f 2794 	2007 	2377
f 2762 	2763 	2620
f 2770 	2771 	2636
f 2795 	2010 	2792
f 2642 	2641 	2772
f 2770 	2637 	2764
f 2012 	2010 	2796
f 2641 	2640 	2772
f 2772 	681 	2642
f 2690 	2642 	681
f 2747 	2748 	2767
f 2748 	2749 	2767
f 2746 	2747 	2767
f 2745 	2746 	2767
f 2749 	2750 	2767
f 2751 	2752 	2767
f 2750 	2751 	2767
f 2752 	2753 	2767
f 2589 	563 	2734
f 566 	2734 	581
f 584 	590 	586
f 2785 	2789 	1995
f 575 	571 	586
f 571 	567 	588
f 590 	575 	586
f 567 	566 	588
f 581 	588 	566
f 579 	581 	2734
f 562 	579 	2734
f 563 	562 	2734
f 591 	594 	600
f 1995 	2789 	2369
f 594 	596 	600
f 590 	584 	596
f 588 	586 	571
f 600 	596 	584
f 2591 	1375 	602
f 670 	664 	2765
f 667 	670 	2765
f 602 	1375 	629
f 2778 	2765 	650
f 650 	649 	2778
f 2777 	2778 	649
f 2776 	2777 	649
f 649 	654 	2776
f 2775 	2776 	654
f 776 	708 	785
f 654 	643 	2775
f 664 	650 	2765
f 677 	2694 	685
f 676 	2692 	677
f 689 	2701 	676
f 2359 	2689 	695
f 695 	2689 	693
f 643 	640 	703
f 703 	2774 	643
f 2774 	2775 	643
f 780 	783 	710
f 710 	714 	780
f 640 	780 	714
f 714 	717 	640
f 717 	720 	640
f 720 	733 	640
f 733 	735 	640
f 735 	697 	640
f 697 	701 	640
f 701 	703 	640
f 695 	738 	2359
f 742 	2359 	738
f 691 	693 	2698
f 757 	756 	2359
f 2359 	756 	774
f 761 	2359 	748
f 745 	2359 	742
f 765 	2359 	761
f 751 	2359 	767
f 750 	2359 	751
f 767 	2359 	765
f 754 	2359 	750
f 771 	2359 	754
f 757 	2359 	771
f 729 	710 	785
f 726 	729 	785
f 723 	726 	785
f 783 	785 	710
f 708 	723 	785
f 790 	800 	787
f 788 	800 	792
f 795 	792 	800
f 788 	787 	800
f 2359 	800 	799
f 795 	800 	796
f 800 	2359 	796
f 796 	2359 	774
f 673 	1375 	803
f 803 	1375 	799
f 1831 	2668 	2359
f 1822 	1372 	1821
f 2544 	1821 	1372
f 2359 	799 	1375
f 635 	1375 	673
f 635 	629 	1375
f 2359 	1372 	1831
f 1359 	2534 	1376
f 2541 	2359 	2542
f 1361 	2542 	2359
f 2357 	1372 	2541
f 1829 	1831 	1372
f 2541 	1372 	2359
f 1360 	2358 	2542
f 1360 	2542 	1361
f 1364 	2544 	1372
f 2547 	1366 	1367
f 2551 	2639 	2544
f 2553 	2551 	2544
f 2559 	2553 	2544
f 2567 	2564 	2544
f 2564 	2559 	2544
f 2547 	2571 	2544
f 2567 	2544 	2571
f 2573 	2571 	2547
f 2581 	2578 	2547
f 2578 	2573 	2547
f 2594 	2590 	2547
f 2590 	2581 	2547
f 2594 	2547 	2596
f 1367 	2598 	2547
f 2304 	2601 	1367
f 2601 	2598 	1367
f 2596 	2547 	2598
f 1368 	352 	2544
f 2607 	3969 	2608
f 2615 	1371 	2618
f 1368 	2544 	1365
f 2625 	2623 	2544
f 2626 	2625 	2544
f 2639 	2626 	2544
f 2650 	2643 	1377
f 2623 	2621 	2544
f 2621 	1365 	2544
f 2618 	1365 	2621
f 2660 	2656 	3836
f 2656 	2652 	3836
f 1377 	3836 	2650
f 2652 	2650 	3836
f 2343 	2346 	2667
f 3093 	3848 	2346
f 2667 	2346 	3848
f 3091 	3093 	2346
f 2673 	2670 	3851
f 3857 	3851 	2670
f 2697 	2693 	1377
f 2643 	2705 	1377
f 2705 	2702 	1377
f 2702 	2699 	1377
f 614 	1420 	2346
f 2822 	2727 	2728
f 2822 	2728 	2731
f 2822 	2731 	2823
f 2823 	2731 	2714
f 2821 	2822 	1420
f 2346 	1420 	2822
f 2823 	2346 	2822
f 2815 	2346 	2823
f 2817 	2346 	2816
f 2816 	2346 	2815
f 2817 	2818 	2346
f 2818 	2819 	2346
f 2827 	2744 	2742
f 995 	993 	1679
f 1024 	995 	1679
f 1680 	997 	996
f 998 	1683 	982
f 997 	1680 	998
f 988 	1692 	987
f 1708 	1692 	1012
f 1687 	1672 	986
f 983 	1675 	984
f 1674 	984 	1675
f 1676 	993 	1677
f 1673 	984 	1674
f 982 	1678 	983
f 1675 	983 	1678
f 993 	1676 	1679
f 1680 	996 	1681
f 1681 	996 	1648
f 1683 	998 	1680
f 3067 	2756 	2757
f 1678 	982 	1683
f 3072 	2757 	2814
f 1687 	986 	1688
f 985 	1688 	986
f 1688 	985 	1689
f 987 	1689 	985
f 1692 	1689 	987
f 967 	986 	1672
f 2817 	2816 	2716
f 999 	1704 	1703
f 999 	1703 	1000
f 2817 	2716 	2818
f 2719 	2818 	2716
f 1000 	1703 	1702
f 1000 	1702 	1001
f 2756 	3067 	2720
f 971 	1704 	999
f 1002 	1700 	1699
f 1002 	1699 	1003
f 1700 	1002 	1004
f 1700 	1004 	1701
f 1701 	1004 	1001
f 1701 	1001 	1702
f 1003 	1699 	1698
f 1003 	1698 	1005
f 1006 	1694 	1726
f 1694 	1006 	1007
f 1694 	1007 	1695
f 2719 	2720 	2818
f 1695 	1007 	1008
f 1695 	1008 	1696
f 1696 	1008 	1009
f 1696 	1009 	1697
f 1697 	1009 	1005
f 1697 	1005 	1698
f 1010 	1710 	1709
f 1010 	1709 	1011
f 2827 	2742 	2743
f 1011 	1709 	1708
f 1011 	1708 	1012
f 1013 	1711 	1710
f 1013 	1710 	1010
f 1014 	1712 	1711
f 1014 	1711 	1013
f 1015 	1713 	1712
f 1015 	1712 	1014
f 1016 	1714 	1713
f 1016 	1713 	1015
f 1017 	1707 	1714
f 1017 	1714 	1016
f 1018 	1705 	1707
f 1018 	1707 	1017
f 1020 	1706 	1705
f 1020 	1705 	1018
f 1019 	1715 	1706
f 1019 	1706 	1020
f 1021 	1716 	1715
f 1021 	1715 	1019
f 1021 	1762 	1716
f 2820 	2739 	2724
f 1023 	1816 	1717
f 2727 	2821 	2724
f 1718 	1022 	1023
f 1718 	1023 	1717
f 1132 	1024 	1719
f 1719 	1024 	1679
f 2712 	2816 	2714
f 1755 	1056 	1057
f 1757 	1060 	1055
f 1722 	1036 	1037
f 1723 	1722 	1038
f 1723 	1038 	1040
f 1049 	1726 	1043
f 1049 	1006 	1726
f 1728 	1033 	1031
f 1731 	1051 	1026
f 1037 	1038 	1722
f 1043 	1725 	1040
f 1726 	1725 	1043
f 1026 	1025 	1731
f 1729 	1031 	1730
f 1031 	1729 	1728
f 1029 	1730 	1030
f 1046 	1033 	1728
f 1758 	1055 	1054
f 1755 	1057 	1058
f 1757 	1055 	1758
f 1721 	1720 	1036
f 1722 	1721 	1036
f 1025 	1732 	1731
f 1733 	1732 	1027
f 1030 	1730 	1031
f 1045 	1734 	1027
f 1733 	1027 	1734
f 1735 	1734 	1046
f 1045 	1046 	1734
f 1046 	1728 	1735
f 1029 	1036 	1720
f 1723 	1040 	1724
f 1724 	1040 	1725
f 1025 	1027 	1732
f 1029 	1720 	1730
f 1744 	1756 	1051
f 1756 	1058 	1051
f 1744 	1051 	1731
f 1758 	1054 	1751
f 1056 	1753 	1054
f 1751 	1054 	1753
f 1753 	1056 	1755
f 1755 	1058 	1756
f 1063 	1772 	1771
f 1063 	1771 	1064
f 1067 	1762 	1021
f 1069 	1765 	1764
f 1069 	1764 	1070
f 1071 	1766 	1765
f 1071 	1765 	1069
f 1768 	1073 	1072
f 1768 	1072 	1769
f 1769 	1072 	1064
f 1769 	1064 	1771
f 1063 	1060 	1757
f 1772 	1063 	1757
f 1076 	1763 	1762
f 1076 	1762 	1067
f 1070 	1764 	1763
f 1070 	1763 	1076
f 1078 	1767 	1766
f 1078 	1766 	1071
f 1073 	1768 	1767
f 1073 	1767 	1078
f 1095 	1774 	1545
f 1094 	1777 	1774
f 1094 	1774 	1095
f 1090 	1782 	1780
f 1090 	1780 	1091
f 1087 	1785 	1783
f 1087 	1783 	1088
f 1093 	1786 	1777
f 1093 	1777 	1094
f 1091 	1780 	1787
f 1091 	1787 	1092
f 1089 	1788 	1782
f 1089 	1782 	1090
f 1088 	1783 	1788
f 1088 	1788 	1089
f 1092 	1787 	1786
f 1092 	1786 	1093
f 1087 	1797 	1785
f 1103 	1794 	1793
f 1103 	1793 	1104
f 1103 	1800 	1794
f 1104 	1793 	1797
f 1104 	1797 	1105
f 1100 	1803 	1802
f 1100 	1802 	1102
f 1109 	1800 	1103
f 1108 	1801 	1800
f 1108 	1800 	1109
f 1102 	1802 	1801
f 1102 	1801 	1108
f 1105 	1797 	1087
f 1098 	1810 	1803
f 1098 	1803 	1100
f 1114 	1806 	1808
f 1114 	1808 	1115
f 1118 	1807 	1806
f 1118 	1806 	1114
f 1115 	1808 	1810
f 1115 	1810 	1098
f 1118 	1130 	1807
f 1815 	1122 	1121
f 1815 	1121 	1813
f 1125 	1816 	1023
f 1022 	1718 	1124
f 1817 	1124 	1718
f 1124 	1817 	1816
f 1124 	1816 	1125
f 1822 	1132 	1719
f 1128 	1813 	1121
f 1128 	1829 	1813
f 1821 	1807 	1130
f 1132 	1822 	1821
f 1132 	1821 	1130
f 1129 	1831 	1829
f 1129 	1829 	1128
f 1831 	1129 	1815
f 1122 	1815 	1129
f 1842 	1136 	1135
f 1842 	1135 	1843
f 1146 	1847 	2572
f 2319 	1137 	1136
f 2319 	1136 	1842
f 1144 	2531 	1847
f 1144 	1847 	1146
f 1143 	2532 	2531
f 1143 	2531 	1144
f 1142 	2533 	2532
f 1142 	2532 	1143
f 1141 	2534 	2533
f 1141 	2533 	1142
f 1140 	2535 	2534
f 1140 	2534 	1141
f 1139 	2536 	2535
f 1139 	2535 	1140
f 1138 	2537 	2536
f 1138 	2536 	1139
f 1137 	2319 	2537
f 1137 	2537 	1138
f 1843 	1135 	1152
f 1843 	1152 	2538
f 2538 	1152 	1151
f 2538 	1151 	2539
f 1150 	2540 	2539
f 1150 	2539 	1151
f 1150 	2543 	2540
f 1154 	2549 	2548
f 1154 	2548 	1155
f 1156 	2543 	1150
f 1157 	2545 	2543
f 1157 	2543 	1156
f 1159 	2546 	2545
f 1159 	2545 	1157
f 1155 	2548 	2546
f 1155 	2546 	1159
f 1160 	2563 	2550
f 1153 	2552 	2549
f 1153 	2549 	1154
f 1160 	2550 	2552
f 1160 	2552 	1153
f 1167 	2570 	1165
f 1161 	2554 	1177
f 1163 	2555 	1161
f 2557 	1173 	1172
f 2556 	1175 	2557
f 1173 	2557 	1175
f 1170 	2562 	1171
f 2562 	1170 	1176
f 1174 	2563 	1160
f 1175 	2556 	1174
f 2566 	2565 	1177
f 1165 	2569 	1166
f 1165 	2570 	2569
f 1166 	2555 	1163
f 2566 	1177 	2554
f 2555 	2554 	1161
f 1172 	2558 	2557
f 2558 	1172 	2560
f 1171 	2560 	1172
f 2562 	2560 	1171
f 1176 	2561 	2562
f 1174 	2556 	2563
f 1178 	1177 	2565
f 1178 	2565 	1176
f 2561 	1176 	2565
f 2568 	1166 	2569
f 1166 	2568 	2555
f 1146 	2572 	1179
f 2574 	1180 	1179
f 2574 	1179 	2572
f 2575 	1181 	1180
f 2575 	1180 	2574
f 1183 	1182 	2579
f 1182 	1185 	2579
f 2580 	2579 	1185
f 1184 	2580 	1185
f 1191 	2588 	1187
f 2588 	1191 	1195
f 1200 	2582 	1167
f 2577 	1189 	1183
f 2577 	1183 	2579
f 1184 	2576 	2580
f 2585 	1193 	1188
f 1197 	1193 	2584
f 2585 	2584 	1193
f 2583 	1199 	2584
f 1197 	2584 	1199
f 2570 	1167 	2582
f 1200 	1199 	2582
f 2583 	2582 	1199
f 1181 	2575 	1184
f 2576 	1184 	2575
f 1187 	2587 	1188
f 2586 	1188 	2587
f 1187 	2588 	2587
f 1188 	2586 	2585
f 2588 	1195 	2589
f 563 	2589 	2512
f 1195 	2512 	2589
f 1190 	2592 	1186
f 2591 	1186 	2592
f 2592 	1190 	1189
f 2592 	1189 	2593
f 2593 	1189 	2577
f 2597 	1203 	2595
f 2606 	1205 	2599
f 1203 	2597 	2320
f 2599 	1205 	2321
f 2599 	2321 	2600
f 2600 	2321 	2320
f 2600 	2320 	2597
f 2324 	2611 	2610
f 2324 	2610 	2325
f 2325 	2610 	2609
f 2325 	2609 	2378
f 2611 	2324 	2379
f 2611 	2379 	2612
f 2612 	2379 	2380
f 2612 	2380 	2613
f 2604 	2382 	2381
f 2604 	2381 	2603
f 2603 	2381 	2383
f 2603 	2383 	2602
f 2613 	2380 	2382
f 2613 	2382 	2604
f 2378 	2609 	2651
f 2378 	2651 	2408
f 2602 	2383 	2384
f 2602 	2384 	2614
f 2605 	2386 	2385
f 2605 	2385 	2606
f 1205 	2606 	2385
f 2614 	2384 	2386
f 2614 	2386 	2605
f 2387 	2617 	2616
f 2387 	2616 	2391
f 2391 	2616 	2619
f 2391 	2619 	2388
f 2622 	2388 	2619
f 2620 	2402 	2390
f 2620 	2390 	2389
f 2620 	2389 	2624
f 2388 	2622 	2392
f 2624 	2389 	2392
f 2624 	2392 	2622
f 2393 	2632 	2631
f 2393 	2631 	2394
f 2395 	2633 	2632
f 2395 	2632 	2393
f 2396 	2675 	2635
f 2394 	2631 	2630
f 2394 	2630 	2397
f 2398 	2634 	2633
f 2398 	2633 	2395
f 2396 	2635 	2634
f 2396 	2634 	2398
f 2397 	2630 	2629
f 2397 	2629 	2399
f 2399 	2629 	2628
f 2399 	2628 	2400
f 2401 	2627 	2617
f 2401 	2617 	2387
f 2400 	2628 	2627
f 2400 	2627 	2401
f 2637 	2403 	2402
f 2637 	2402 	2638
f 2636 	2406 	2403
f 2636 	2403 	2637
f 2638 	2402 	2620
f 2640 	2407 	2406
f 2640 	2406 	2636
f 2641 	2404 	2407
f 2641 	2407 	2640
f 2405 	2642 	2442
f 2404 	2641 	2642
f 2404 	2642 	2405
f 2429 	2671 	2595
f 2429 	2595 	1203
f 2408 	2651 	2409
f 2646 	2645 	2412
f 11 	1299 	12
f 1303 	9 	4
f 7 	1310 	8
f 1307 	2 	13
f 13 	14 	1307
f 15 	1 	1318
f 15 	1318 	1317
f 1279 	1 	256
f 2 	1278 	3
f 1283 	3 	1278
f 1283 	258 	3
f 1661 	3 	258
f 1290 	7 	1291
f 6 	1293 	1291
f 1299 	11 	1301
f 1293 	12 	1295
f 1299 	1295 	12
f 10 	1303 	1301
f 1303 	4 	1288
f 1310 	7 	1290
f 14 	1309 	1307
f 1310 	1309 	14
f 16 	1315 	17
f 1313 	17 	1315
f 1318 	1 	1279
f 17 	1313 	1320
f 19 	1315 	16
f 1288 	4 	1320
f 21 	1330 	1329
f 21 	1329 	22
f 22 	1329 	2262
f 20 	1332 	1330
f 20 	1330 	21
f 24 	1334 	1333
f 24 	1333 	25
f 23 	1335 	1334
f 23 	1334 	24
f 25 	1333 	1332
f 25 	1332 	20
f 38 	1335 	23
f 42 	2260 	1240
f 41 	42 	1240
f 1353 	26 	1598
f 1356 	27 	26
f 1356 	26 	1353
f 27 	1356 	1600
f 1368 	28 	1600
f 28 	1368 	1365
f 28 	1365 	29
f 30 	1371 	3697
f 1378 	2829 	1379
f 2830 	1379 	2829
f 2716 	2712 	2836
f 2712 	2714 	2836
f 2714 	2731 	2836
f 2731 	2728 	2836
f 2727 	2836 	2728
f 2724 	2836 	2727
f 2739 	2836 	2724
f 2719 	2716 	2836
f 2742 	2836 	2743
f 2744 	2836 	2742
f 2740 	2743 	2836
f 2735 	2836 	2744
f 2831 	2836 	2735
f 2720 	2719 	2836
f 2756 	2720 	2836
f 2757 	2756 	2836
f 2814 	2757 	2836
f 2836 	2837 	2814
f 2833 	2836 	2832
f 2831 	2832 	2836
f 2739 	2740 	2836
f 2833 	2842 	2834
f 2833 	2834 	2835
f 2835 	2839 	2833
f 2838 	2814 	2837
f 2833 	2839 	2836
f 2844 	2814 	2838
f 2840 	2853 	2814
f 2842 	2833 	2841
f 2833 	2846 	2841
f 2840 	2814 	2845
f 2845 	2814 	2844
f 2843 	2841 	2846
f 2847 	2851 	2846
f 2852 	2851 	2848
f 2843 	2846 	2851
f 2850 	2852 	2854
f 2850 	2854 	2849
f 2847 	2848 	2851
f 2858 	2857 	2853
f 2854 	2852 	2848
f 2855 	2849 	2854
f 2856 	2864 	2855
f 2814 	2853 	2857
f 2857 	2858 	2859
f 2857 	2859 	2860
f 2861 	2878 	2860
f 2889 	2879 	2878
f 2861 	2862 	2878
f 2863 	2864 	2856
f 2856 	2866 	2863
f 2849 	2855 	2864
f 2877 	2863 	2866
f 2865 	2877 	2867
f 2866 	2867 	2877
f 2870 	2876 	2872
f 2872 	2873 	2870
f 2871 	2872 	2876
f 2873 	2874 	2868
f 2875 	2935 	2874
f 2869 	2870 	2873
f 2865 	2871 	2876
f 2865 	2876 	2877
f 2869 	2873 	2868
f 2857 	2860 	2878
f 2894 	2893 	2887
f 2886 	2887 	2892
f 2882 	2883 	2892
f 2883 	2884 	2892
f 2884 	2885 	2892
f 2886 	2892 	2885
f 2862 	2889 	2878
f 2879 	2894 	2887
f 2887 	2878 	2879
f 2901 	2880 	2890
f 2880 	2881 	2890
f 2890 	2881 	2891
f 2892 	2891 	2882
f 2881 	2882 	2891
f 2893 	2892 	2887
f 2880 	2901 	2888
f 2901 	2898 	2888
f 2897 	2888 	2898
f 2898 	2899 	2897
f 2895 	2896 	2899
f 2899 	2905 	2895
f 2895 	2905 	2900
f 2896 	2897 	2899
f 2903 	2911 	2902
f 2902 	2906 	2904
f 2904 	2906 	2905
f 2907 	2905 	2906
f 2900 	2905 	2907
f 2910 	2914 	2909
f 2909 	2912 	2908
f 2906 	2902 	2911
f 2908 	2913 	2903
f 2911 	2903 	2913
f 2913 	2908 	2912
f 2917 	2918 	2910
f 2916 	2914 	2915
f 2912 	2909 	2914
f 2915 	2910 	2918
f 2925 	2926 	2924
f 2910 	2915 	2914
f 2925 	2932 	2926
f 2919 	2107 	2929
f 2929 	2107 	2928
f 2920 	2107 	2919
f 2926 	2914 	2930
f 2930 	2914 	2916
f 2924 	2926 	2930
f 2927 	2107 	2933
f 2937 	2938 	2934
f 2934 	2938 	2875
f 2936 	2874 	2935
f 2868 	2874 	2936
f 2935 	2875 	2938
f 2940 	2939 	1452
f 2934 	1439 	2937
f 2944 	2945 	2112
f 2945 	1225 	227
f 1223 	1207 	1225
f 1209 	227 	1225
f 227 	2112 	2945
f 1212 	1207 	1235
f 1209 	1225 	1207
f 2103 	2104 	2102
f 2943 	2944 	2111
f 2112 	2111 	2944
f 1223 	1235 	1207
f 2941 	1496 	1230
f 1230 	1212 	1232
f 1235 	1232 	1212
f 1437 	1469 	1438
f 1469 	1470 	1438
f 1451 	1452 	1439
f 1452 	2939 	1439
f 2939 	2937 	1439
f 1477 	1479 	1494
f 1493 	1494 	1479
f 1504 	1493 	1475
f 1509 	1488 	1465
f 1475 	1473 	1504
f 1479 	1475 	1493
f 1477 	1494 	1447
f 1470 	1457 	1438
f 1439 	1438 	1451
f 1457 	1451 	1438
f 1466 	1447 	1494
f 1473 	1472 	1504
f 1467 	1466 	1494
f 1472 	1483 	1504
f 1502 	1504 	1483
f 1492 	1500 	2942
f 1507 	1508 	1468
f 1508 	1509 	1468
f 1212 	1230 	1496
f 1500 	1496 	2941
f 2941 	2942 	1500
f 1494 	1507 	1467
f 1468 	1467 	1507
f 1465 	1468 	1509
f 1458 	1465 	1492
f 1488 	1492 	1465
f 2942 	1458 	1492
f 1518 	1502 	1526
f 1523 	1526 	1502
f 1527 	1530 	1518
f 1517 	1518 	1530
f 1483 	1523 	1502
f 3043 	3045 	2946
f 2151 	2149 	1521
f 1530 	1525 	1517
f 1525 	1521 	2149
f 2149 	1517 	1525
f 2105 	2106 	2101
f 2106 	2110 	2101
f 2923 	2101 	2108
f 2102 	2943 	2103
f 2111 	2103 	2943
f 3009 	3036 	2797
f 3009 	2797 	2798
f 2110 	2109 	2101
f 2109 	2108 	2101
f 2928 	2107 	2927
f 2920 	2921 	2107
f 3013 	3012 	2800
f 2921 	2922 	2107
f 2922 	2923 	2107
f 2108 	2107 	2923
f 2104 	2105 	2102
f 2101 	2102 	2105
f 2931 	2933 	2107
f 2107 	2114 	2931
f 2117 	2931 	2114
f 2114 	2113 	2117
f 2113 	2115 	2117
f 2115 	2120 	2117
f 2116 	2117 	2120
f 1834 	2057 	1835
f 1835 	2057 	1836
f 3030 	3022 	2808
f 1838 	2061 	1839
f 3030 	2808 	2807
f 2949 	1841 	1840
f 2949 	1840 	2950
f 1814 	2951 	1844
f 2952 	1845 	1844
f 2952 	1844 	2951
f 2953 	1846 	1845
f 2953 	1845 	2952
f 2950 	1840 	1846
f 2950 	1846 	2953
f 2954 	1848 	1841
f 2954 	1841 	2949
f 2955 	1849 	1848
f 2955 	1848 	2954
f 2956 	1850 	1849
f 2956 	1849 	2955
f 2798 	2799 	3012
f 2799 	2800 	3012
f 1851 	2957 	2958
f 1851 	2958 	1852
f 1852 	2958 	2959
f 1852 	2959 	1853
f 1853 	2959 	2960
f 1853 	2960 	1854
f 1854 	2960 	2961
f 1854 	2961 	1855
f 2800 	2802 	3013
f 1855 	2961 	2962
f 1855 	2962 	1856
f 2803 	3020 	2802
f 1856 	2962 	2963
f 1856 	2963 	1857
f 2804 	2808 	3022
f 1832 	1861 	2055
f 2964 	2055 	1861
f 1860 	2965 	2964
f 1860 	2964 	1861
f 3025 	3020 	2805
f 1857 	2963 	2966
f 1857 	2966 	1858
f 1858 	2966 	2967
f 1858 	2967 	1859
f 1859 	2967 	2965
f 1859 	2965 	1860
f 1862 	2968 	2969
f 1862 	2969 	1863
f 1863 	2969 	2970
f 1863 	2970 	1864
f 1865 	2971 	2972
f 1865 	2972 	1866
f 1866 	2972 	2973
f 1866 	2973 	1867
f 1867 	2973 	2974
f 1867 	2974 	1868
f 2809 	3034 	2805
f 2050 	1869 	2975
f 2976 	1872 	1871
f 2976 	1871 	2977
f 3036 	2948 	2810
f 2978 	1873 	1872
f 2978 	1872 	2976
f 2978 	1886 	1873
f 2810 	2797 	3036
f 3039 	2811 	3045
f 1839 	2061 	1870
f 2979 	1870 	2061
f 2977 	1871 	1870
f 2977 	1870 	2979
f 2812 	2811 	3039
f 1862 	2981 	2968
f 3015 	2801 	2812
f 1864 	2970 	2971
f 1864 	2971 	1865
f 1868 	2974 	2975
f 1868 	2975 	1869
f 3043 	2946 	2813
f 2980 	1876 	1381
f 2980 	1381 	804
f 2811 	2947 	3045
f 2947 	2946 	3045
f 1877 	2981 	1862
f 3048 	2948 	3036
f 1878 	2982 	2981
f 1878 	2981 	1877
f 1880 	2983 	2982
f 1880 	2982 	1878
f 2813 	2948 	3048
f 2984 	1892 	1891
f 2984 	1891 	2985
f 2986 	1893 	1892
f 2986 	1892 	2984
f 2987 	1895 	1893
f 2987 	1893 	2986
f 3075 	1895 	2987
f 2798 	3011 	3009
f 2988 	1890 	1889
f 2988 	1889 	2989
f 2985 	1891 	1890
f 2985 	1890 	2988
f 3011 	2798 	3012
f 2990 	1887 	1886
f 2990 	1886 	2991
f 2992 	1888 	1887
f 2992 	1887 	2990
f 2991 	1886 	2978
f 2989 	1889 	1888
f 2989 	1888 	2992
f 1897 	2993 	2994
f 1897 	2994 	1899
f 1899 	2994 	2995
f 1899 	2995 	1901
f 1902 	2996 	2983
f 1902 	2983 	1880
f 1901 	2995 	2996
f 1901 	2996 	1902
f 1904 	2997 	2993
f 1904 	2993 	1897
f 2999 	1909 	1905
f 2999 	1905 	2998
f 2803 	2805 	3020
f 3000 	1911 	1909
f 3000 	1909 	2999
f 3001 	1913 	1911
f 3001 	1911 	3000
f 3002 	1915 	1913
f 3002 	1913 	3001
f 3028 	2807 	3027
f 2806 	3027 	2807
f 3003 	1918 	1915
f 3003 	1915 	3002
f 3004 	1919 	1918
f 3004 	1918 	3003
f 2997 	1904 	1919
f 2997 	1919 	3004
f 2807 	3028 	3030
f 2980 	2301 	1876
f 3025 	2805 	3034
f 3005 	1926 	1925
f 3005 	1925 	3006
f 3007 	1928 	1926
f 3007 	1926 	3005
f 2809 	2804 	3034
f 3022 	3034 	2804
f 1850 	2956 	1931
f 3008 	1931 	2956
f 3010 	3661 	3016
f 3013 	2802 	3018
f 3018 	2802 	3020
f 3006 	1925 	1931
f 3006 	1931 	3008
f 3021 	1933 	1928
f 3021 	1928 	3007
f 3023 	1934 	1933
f 3023 	1933 	3021
f 3024 	1935 	1934
f 3024 	1934 	3023
f 3026 	1936 	1935
f 3026 	1935 	3024
f 3029 	1937 	1936
f 3029 	1936 	3026
f 3041 	2812 	3039
f 3015 	2812 	3041
f 3043 	2813 	3044
f 3044 	2813 	3048
f 3035 	1942 	2275
f 1943 	3033 	1944
f 3032 	1944 	3033
f 1940 	3031 	3049
f 3033 	1943 	3035
f 1942 	3035 	1943
f 2820 	2724 	2821
f 3037 	1944 	3032
f 2821 	2727 	2822
f 3038 	1946 	3037
f 3040 	1946 	3038
f 2714 	2815 	2823
f 2957 	1851 	3042
f 1951 	3047 	3046
f 2276 	3049 	1951
f 3047 	1951 	3049
f 2825 	2740 	2739
f 3050 	3051 	2275
f 2275 	3051 	3035
f 2735 	2744 	2826
f 2825 	2828 	2740
f 2815 	2714 	2816
f 1940 	3049 	2276
f 2712 	2716 	2816
f 3037 	1945 	1944
f 1945 	3037 	1946
f 3040 	1947 	1946
f 1947 	3040 	3042
f 1947 	3042 	1948
f 1948 	3042 	1851
f 1951 	3046 	1950
f 2274 	3050 	2275
f 2818 	2720 	2819
f 2274 	1950 	3050
f 3046 	3050 	1950
f 2824 	2739 	2820
f 2825 	2739 	2824
f 1937 	3029 	2277
f 3058 	2277 	3029
f 3059 	2278 	2277
f 3059 	2277 	3058
f 3060 	2279 	2278
f 3060 	2278 	3059
f 2827 	2743 	2828
f 2826 	2744 	3062
f 3063 	2281 	2279
f 3063 	2279 	3060
f 3064 	2282 	2281
f 3064 	2281 	3063
f 3062 	2744 	2827
f 3065 	2283 	2282
f 3065 	2282 	3064
f 2743 	2740 	2828
f 3066 	2284 	2283
f 3066 	2283 	3065
f 3068 	2285 	2284
f 3068 	2284 	3066
f 2720 	3067 	2819
f 3069 	2286 	2285
f 3069 	2285 	3068
f 2757 	3070 	3067
f 3061 	2280 	2286
f 3061 	2286 	3069
f 3070 	2757 	3072
f 3073 	2288 	2287
f 3073 	2287 	3071
f 3074 	2290 	2289
f 3074 	2289 	3075
f 2292 	3076 	3077
f 2292 	3077 	2293
f 3031 	1940 	3078
f 1940 	2294 	3078
f 1895 	3075 	2289
f 3079 	2291 	2290
f 3079 	2290 	3074
f 3076 	2292 	2291
f 3076 	2291 	3079
f 2293 	3077 	3078
f 2293 	3078 	2294
f 2295 	3080 	3081
f 2295 	3081 	2296
f 2296 	3081 	3082
f 2296 	3082 	2297
f 2297 	3082 	3083
f 2297 	3083 	2298
f 2298 	3083 	2998
f 2298 	2998 	1905
f 2288 	3073 	3080
f 2288 	3080 	2295
f 3084 	2301 	2980
f 3085 	2299 	2302
f 3086 	2300 	2299
f 3086 	2299 	3085
f 3071 	2287 	2300
f 3071 	2300 	3086
f 2301 	3084 	1506
f 918 	1506 	3084
f 2280 	3061 	2302
f 3087 	2302 	3061
f 3085 	2302 	3087
f 42 	36 	39
f 39 	37 	42
f 37 	23 	42
f 23 	24 	42
f 45 	44 	54
f 54 	56 	45
f 49 	73 	51
f 48 	56 	49
f 45 	56 	48
f 64 	67 	72
f 64 	70 	63
f 65 	63 	69
f 61 	72 	67
f 69 	68 	65
f 66 	68 	83
f 66 	65 	68
f 61 	60 	71
f 51 	73 	60
f 69 	63 	70
f 72 	61 	71
f 70 	64 	72
f 71 	60 	73
f 73 	49 	56
f 84 	83 	74
f 83 	75 	74
f 77 	74 	75
f 79 	78 	80
f 77 	80 	78
f 80 	81 	79
f 76 	79 	81
f 81 	82 	76
f 82 	198 	194
f 75 	80 	77
f 2855 	3581 	2856
f 84 	66 	83
f 2735 	2826 	2831
f 111 	122 	113
f 122 	124 	113
f 109 	129 	111
f 115 	113 	124
f 108 	129 	109
f 119 	130 	108
f 124 	126 	115
f 117 	115 	126
f 126 	127 	117
f 57 	117 	127
f 44 	57 	127
f 44 	127 	54
f 130 	119 	131
f 122 	111 	129
f 129 	108 	130
f 132 	131 	119
f 134 	131 	133
f 134 	135 	131
f 132 	137 	136
f 131 	132 	133
f 136 	133 	132
f 132 	138 	137
f 139 	146 	140
f 154 	146 	139
f 83 	142 	146
f 141 	146 	142
f 140 	146 	141
f 143 	156 	151
f 145 	148 	157
f 157 	156 	144
f 75 	83 	146
f 150 	153 	149
f 148 	149 	153
f 146 	153 	150
f 153 	157 	148
f 151 	155 	152
f 321 	152 	155
f 147 	152 	321
f 143 	144 	156
f 144 	145 	157
f 155 	151 	156
f 153 	146 	154
f 42 	187 	36
f 192 	197 	191
f 76 	82 	190
f 194 	190 	82
f 209 	211 	195
f 188 	189 	196
f 193 	198 	192
f 197 	192 	198
f 193 	194 	198
f 206 	207 	199
f 204 	206 	203
f 203 	202 	204
f 200 	203 	206
f 195 	199 	209
f 208 	199 	207
f 209 	199 	208
f 211 	210 	195
f 202 	201 	212
f 212 	204 	202
f 196 	195 	210
f 210 	188 	196
f 189 	191 	197
f 197 	196 	189
f 199 	200 	206
f 306 	312 	303
f 305 	318 	304
f 314 	308 	316
f 2833 	3124 	2846
f 304 	317 	307
f 323 	309 	306
f 308 	314 	302
f 307 	316 	308
f 3573 	3572 	2846
f 309 	323 	310
f 312 	306 	309
f 310 	323 	311
f 2847 	3572 	2848
f 308 	302 	313
f 302 	303 	313
f 313 	303 	312
f 320 	319 	315
f 317 	304 	318
f 318 	305 	319
f 305 	315 	319
f 316 	307 	317
f 315 	147 	320
f 321 	320 	147
f 212 	201 	322
f 201 	311 	322
f 323 	322 	311
f 353 	346 	348
f 353 	348 	351
f 346 	365 	348
f 362 	348 	365
f 358 	356 	355
f 358 	355 	361
f 2079 	2077 	2016
f 2839 	3563 	2836
f 3088 	3683 	3089
f 2222 	2221 	3091
f 3090 	3091 	2221
f 3091 	3090 	3093
f 3092 	3093 	3090
f 3139 	3138 	3097
f 3559 	2835 	2834
f 2847 	2846 	3572
f 3567 	2843 	3574
f 2852 	3575 	2851
f 3094 	3099 	3141
f 3123 	2831 	2826
f 3095 	3138 	3096
f 3137 	3096 	3138
f 3139 	3097 	3098
f 2832 	3125 	2833
f 3124 	2833 	3125
f 3123 	3125 	2831
f 2832 	2831 	3125
f 3095 	3097 	3138
f 3559 	2834 	2842
f 3099 	3096 	3137
f 3136 	3094 	3141
f 2837 	2836 	3561
f 3142 	3101 	3143
f 3100 	3143 	3101
f 3102 	3144 	3145
f 3102 	3145 	3103
f 3143 	3100 	3145
f 3103 	3145 	3100
f 3101 	3142 	3122
f 2851 	3574 	2843
f 3567 	3566 	2843
f 3107 	3149 	3105
f 3147 	3105 	3149
f 3570 	2840 	2845
f 3150 	3109 	3108
f 2837 	3561 	2838
f 2844 	2838 	3568
f 3152 	3113 	3150
f 3157 	3116 	3115
f 2841 	3566 	2842
f 3161 	3118 	3117
f 2844 	3568 	2845
f 3149 	3107 	3106
f 3110 	3111 	3154
f 3154 	3111 	3112
f 3109 	3150 	3113
f 3114 	3157 	3115
f 3161 	3117 	3116
f 3126 	3159 	3055
f 3120 	3165 	3119
f 3165 	3120 	3118
f 3127 	3057 	3164
f 3015 	3169 	2801
f 3122 	3168 	3121
f 3128 	3167 	3057
f 3167 	3128 	3129
f 3139 	3098 	3140
f 3141 	3099 	3137
f 3173 	3053 	3175
f 3055 	3177 	3056
f 3880 	3094 	3136
f 3168 	3122 	3142
f 3146 	3104 	3089
f 3104 	3088 	3089
f 3057 	3167 	3164
f 3108 	3105 	3147
f 3129 	3169 	3167
f 3146 	3148 	3104
f 3106 	3104 	3148
f 3052 	3027 	2806
f 3171 	3027 	3052
f 3106 	3148 	3149
f 3053 	3173 	3052
f 3054 	1972 	3175
f 3153 	3110 	3154
f 3112 	3155 	3154
f 3112 	3113 	3155
f 3130 	3178 	2003
f 3157 	3114 	3156
f 3130 	3243 	3178
f 3098 	3110 	3153
f 3180 	3179 	3132
f 3131 	3132 	3179
f 3180 	3132 	3134
f 3119 	3165 	3163
f 3183 	2773 	3135
f 3127 	3160 	3126
f 3159 	3126 	3160
f 3164 	3160 	3127
f 3150 	3108 	3151
f 3155 	3113 	3152
f 3129 	2801 	3169
f 3151 	3108 	3147
f 3171 	3052 	3173
f 3140 	3098 	3153
f 3056 	3177 	3176
f 3114 	3121 	3156
f 3157 	3158 	3116
f 3116 	3158 	3161
f 3161 	3162 	3118
f 3177 	3055 	3159
f 3118 	3162 	3165
f 3166 	3156 	3121
f 3168 	3166 	3121
f 3054 	3175 	3053
f 3178 	2790 	2003
f 3176 	3133 	3056
f 3181 	3133 	3176
f 3182 	3134 	2773
f 1979 	2773 	3134
f 3180 	3134 	3182
f 3133 	3181 	3135
f 3183 	3135 	3181
f 3211 	3188 	3189
f 3194 	3219 	3195
f 3196 	3220 	3197
f 3223 	3198 	3199
f 3225 	3193 	3201
f 3225 	3201 	3200
f 3219 	3226 	3195
f 3209 	3185 	3187
f 3202 	3226 	3199
f 3221 	3203 	3197
f 3184 	2377 	1977
f 3185 	3209 	3186
f 3192 	3188 	3216
f 3217 	3193 	3225
f 3221 	3197 	3220
f 3220 	3196 	3217
f 3193 	3217 	3196
f 3202 	3195 	3226
f 3187 	3215 	3209
f 3223 	3199 	3226
f 3205 	3206 	3230
f 3230 	3206 	3231
f 3207 	3231 	3206
f 3207 	2012 	3231
f 3186 	3210 	3184
f 3184 	3208 	2377
f 3189 	3212 	3211
f 3212 	3189 	3213
f 3190 	3213 	3189
f 3190 	3191 	3213
f 3214 	3213 	3191
f 3198 	3214 	3191
f 3192 	3216 	3187
f 3215 	3187 	3216
f 3194 	3218 	3219
f 3200 	3224 	3225
f 3194 	3203 	3218
f 3208 	3184 	3210
f 3186 	3209 	3210
f 3216 	3188 	3211
f 3198 	3222 	3214
f 3223 	3222 	3198
f 3203 	3227 	3218
f 3227 	3203 	3221
f 3204 	3228 	3200
f 3224 	3200 	3228
f 3205 	3229 	3204
f 3228 	3204 	3229
f 3229 	3205 	3230
f 2012 	2796 	3231
f 3179 	3235 	3131
f 3262 	3244 	3249
f 3234 	3233 	3251
f 3250 	3251 	3233
f 3264 	3250 	3233
f 3249 	3232 	3235
f 3236 	3253 	3254
f 3236 	3254 	3237
f 3255 	3238 	3254
f 3237 	3254 	3238
f 3253 	3236 	3256
f 3239 	3256 	3236
f 3239 	3234 	3256
f 3251 	3256 	3234
f 3238 	3255 	3257
f 3238 	3257 	3240
f 3258 	3241 	3257
f 3240 	3257 	3241
f 3242 	3259 	3260
f 3242 	3260 	3243
f 3241 	3258 	3259
f 3241 	3259 	3242
f 3260 	3178 	3243
f 3245 	3244 	3263
f 3262 	3263 	3244
f 3232 	3249 	3244
f 3247 	3264 	3233
f 3245 	3263 	3264
f 3245 	3264 	3247
f 3246 	3248 	3265
f 3249 	3235 	3252
f 3252 	3235 	3179
f 3261 	3246 	3265
f 3268 	3269 	3267
f 3268 	3267 	3266
f 3270 	3271 	3272
f 3270 	3272 	3273
f 269 	268 	3274
f 3275 	3274 	268
f 3269 	3268 	3278
f 3269 	3278 	3279
f 3277 	3276 	3273
f 3277 	3273 	3272
f 3278 	1595 	3279
f 3282 	3283 	3281
f 3282 	3281 	3280
f 3282 	269 	3283
f 3839 	3838 	3287
f 3669 	3294 	3293
f 2120 	2118 	2116
f 3321 	3322 	2119
f 2119 	3312 	2118
f 3330 	3340 	2121
f 2121 	3325 	2122
f 2122 	3325 	2123
f 2123 	3325 	2124
f 2124 	3325 	2119
f 1526 	1527 	1518
f 2153 	2154 	3358
f 2154 	3350 	3358
f 3291 	3292 	2158
f 2161 	2160 	2159
f 3368 	2170 	2162
f 3368 	2162 	2163
f 3368 	2163 	2164
f 3368 	2164 	2166
f 2166 	2153 	3368
f 2159 	2165 	2161
f 2167 	2168 	2177
f 2158 	2177 	2168
f 2168 	2169 	2158
f 2169 	3291 	2158
f 2160 	2167 	2159
f 2172 	3368 	2173
f 2174 	2173 	3368
f 2170 	3368 	2171
f 2172 	2171 	3368
f 2175 	3291 	2176
f 3014 	3291 	2175
f 2176 	3291 	2169
f 2159 	2167 	2177
f 2217 	3304 	2219
f 2215 	3304 	2217
f 2213 	3304 	2215
f 2211 	3304 	2213
f 2209 	3304 	2211
f 2207 	3305 	2209
f 2203 	3309 	2205
f 2205 	3305 	2207
f 3010 	3017 	2225
f 2157 	2156 	3293
f 3297 	3298 	2223
f 2223 	2225 	3297
f 2224 	3297 	2225
f 2174 	3368 	3295
f 3016 	2157 	3293
f 3293 	3294 	3016
f 3017 	3010 	3290
f 3019 	2225 	3017
f 3292 	3293 	2156
f 2156 	2155 	3292
f 2155 	2158 	3292
f 2225 	3019 	2224
f 3290 	3010 	3294
f 3010 	3016 	3294
f 3300 	3310 	2203
f 3300 	2223 	3296
f 3299 	2223 	3298
f 3299 	3296 	2223
f 3302 	2221 	3301
f 2219 	3304 	2221
f 3303 	2221 	3308
f 3301 	2221 	3303
f 3304 	2209 	3305
f 3308 	2221 	3304
f 3305 	2205 	3306
f 3310 	3300 	3296
f 2221 	3307 	3088
f 3307 	2221 	3302
f 3306 	2205 	3309
f 3309 	2203 	3310
f 2116 	2118 	3312
f 3320 	3333 	3317
f 3315 	3334 	3314
f 3313 	3334 	3315
f 3317 	3333 	3313
f 3318 	2121 	3317
f 3315 	2121 	3318
f 3314 	3319 	3315
f 3325 	2121 	3319
f 3319 	2121 	3315
f 3317 	2121 	3316
f 3325 	3324 	2119
f 3323 	2119 	3322
f 3321 	2119 	3324
f 3312 	2119 	3323
f 3327 	3345 	3326
f 3345 	3337 	3329
f 3326 	3345 	3329
f 3328 	3339 	3330
f 3342 	3333 	3320
f 3332 	3344 	3331
f 3333 	3334 	3313
f 3334 	3362 	3314
f 3362 	3361 	3311
f 3311 	3314 	3362
f 3339 	3328 	3338
f 3340 	3330 	3339
f 3341 	2121 	3340
f 3316 	2121 	3341
f 3338 	3328 	3337
f 3332 	3336 	3344
f 3336 	3335 	3344
f 3331 	3333 	3342
f 3333 	3331 	3344
f 3335 	3343 	3344
f 3328 	3329 	3337
f 3351 	3352 	3348
f 3359 	3356 	3346
f 3356 	3357 	3346
f 3348 	3359 	3351
f 3346 	3351 	3359
f 3347 	3348 	3352
f 3352 	3311 	3347
f 3354 	3355 	3350
f 3355 	3358 	3350
f 3368 	2153 	3358
f 3353 	3354 	3349
f 3350 	3349 	3354
f 3349 	3346 	3353
f 3357 	3353 	3346
f 3371 	3369 	3360
f 3347 	3311 	3361
f 3363 	3345 	3364
f 3327 	3364 	3345
f 3363 	3514 	3345
f 3530 	3345 	3514
f 815 	816 	820
f 3372 	3373 	3366
f 3370 	3369 	3371
f 3358 	3360 	3368
f 3368 	3360 	3369
f 3365 	3366 	3373
f 3371 	3365 	3370
f 3366 	820 	816
f 3373 	3367 	3365
f 3367 	3370 	3365
f 3372 	3366 	816
f 1615 	1992 	1617
f 1610 	820 	1615
f 1611 	820 	1610
f 1612 	820 	1611
f 1998 	1996 	1992
f 2001 	3387 	3397
f 3389 	3395 	3388
f 1986 	2017 	1982
f 2018 	2016 	1980
f 1987 	1986 	1982
f 262 	1982 	261
f 1980 	1982 	2017
f 1990 	1980 	2016
f 815 	820 	1612
f 1992 	1615 	820
f 1617 	1992 	1622
f 1997 	1998 	1992
f 1996 	1622 	1992
f 1997 	1992 	1999
f 2000 	3387 	2001
f 2002 	3387 	2000
f 2006 	3387 	2002
f 1992 	2009 	2013
f 1992 	2013 	2014
f 2014 	2015 	1992
f 2011 	1992 	2015
f 1992 	1990 	2009
f 2016 	2009 	1990
f 2017 	2018 	1980
f 3094 	3399 	3416
f 3090 	2221 	3088
f 3088 	3092 	3090
f 3104 	3170 	3092
f 3101 	3122 	3096
f 3103 	3100 	3099
f 3099 	3094 	3103
f 3097 	3121 	3098
f 3095 	3121 	3097
f 3102 	3103 	3094
f 3088 	3104 	3092
f 3416 	3102 	3094
f 3100 	3101 	3099
f 3096 	3099 	3101
f 3095 	3096 	3122
f 3104 	3106 	3170
f 3105 	3108 	3170
f 3105 	3170 	3107
f 3106 	3107 	3170
f 3109 	3170 	3108
f 3113 	3112 	3117
f 3111 	3116 	3112
f 3109 	3113 	3170
f 3110 	3114 	3111
f 3115 	3111 	3114
f 3110 	3098 	3114
f 3116 	3117 	3112
f 3117 	3118 	3113
f 3115 	3116 	3111
f 3118 	3120 	3113
f 3120 	3119 	3113
f 3119 	3385 	3113
f 3385 	3386 	3113
f 3114 	3098 	3121
f 3121 	3095 	3122
f 3375 	3376 	3374
f 2829 	3374 	3376
f 3289 	2830 	3376
f 3383 	3384 	3378
f 3378 	3379 	3383
f 3379 	3174 	3383
f 3382 	3383 	3174
f 3172 	3381 	3174
f 3170 	3381 	3172
f 3386 	3380 	3170
f 3380 	3381 	3170
f 3382 	3174 	3381
f 3384 	2830 	3378
f 3377 	3378 	2830
f 3289 	3377 	2830
f 2829 	3376 	2830
f 3170 	3113 	3386
f 3392 	3393 	3403
f 3393 	3394 	3403
f 3390 	3403 	3394
f 3394 	3398 	3390
f 3396 	3388 	3395
f 3389 	3390 	3398
f 3397 	3387 	3396
f 1618 	2001 	3397
f 3395 	3389 	3398
f 3391 	3404 	3402
f 3399 	3402 	3400
f 3399 	3400 	3401
f 3401 	3416 	3399
f 3403 	3404 	3392
f 3400 	3402 	3404
f 3391 	3392 	3404
f 3408 	1992 	3407
f 1999 	1992 	3406
f 3405 	3407 	1992
f 3406 	1992 	3408
f 3410 	3414 	3409
f 3411 	3413 	3410
f 3412 	3413 	3411
f 3409 	3414 	2006
f 3413 	3414 	3410
f 3414 	3387 	2006
f 3388 	3396 	3387
f 3405 	1992 	3415
f 2011 	3415 	1992
f 3417 	3418 	3419
f 3417 	3419 	3420
f 3420 	3430 	3417
f 3430 	3431 	3417
f 3431 	3421 	3417
f 3421 	3422 	3417
f 3422 	3425 	3417
f 3425 	3423 	3417
f 3466 	3417 	3424
f 3424 	3429 	3466
f 3423 	3424 	3417
f 3426 	3427 	3466
f 3429 	3428 	3466
f 3428 	3426 	3466
f 3433 	3436 	3435
f 3434 	3435 	3436
f 3435 	3434 	3438
f 3441 	3438 	3440
f 3442 	3441 	3440
f 3440 	3445 	3442
f 3434 	3439 	3438
f 3439 	3440 	3438
f 3444 	3445 	3443
f 3437 	3445 	3444
f 3437 	3442 	3445
f 3446 	3443 	3445
f 3449 	3452 	3448
f 3447 	3448 	3454
f 3443 	3446 	3450
f 3454 	3450 	3447
f 3446 	3447 	3450
f 3452 	3449 	3451
f 3449 	3480 	3451
f 3459 	3460 	3461
f 3461 	3462 	3459
f 3463 	3459 	3462
f 3457 	3458 	3460
f 3458 	3461 	3460
f 3460 	3464 	3457
f 3456 	3457 	3464
f 3464 	3479 	3456
f 3465 	3463 	3467
f 3466 	3427 	3467
f 3455 	3456 	3479
f 3462 	3467 	3463
f 3432 	3467 	3427
f 3465 	3467 	3432
f 3466 	3467 	3468
f 3493 	3478 	3470
f 3472 	3477 	3471
f 3473 	3477 	3472
f 3469 	3488 	3474
f 3476 	3494 	3475
f 3455 	3479 	3473
f 3475 	3471 	3477
f 3474 	3470 	3478
f 3478 	3493 	3476
f 3477 	3473 	3479
f 3490 	3491 	3484
f 3484 	3485 	3490
f 3485 	3486 	3490
f 3489 	3490 	3486
f 3483 	3484 	3491
f 3486 	3487 	3489
f 3469 	3489 	3487
f 3488 	3469 	3487
f 3470 	3474 	3488
f 3491 	3492 	3483
f 3482 	3483 	3492
f 3492 	3453 	3482
f 3481 	3482 	3453
f 3480 	3481 	3453
f 3453 	3451 	3480
f 3454 	3448 	3452
f 3494 	3476 	3493
f 3471 	3475 	3494
f 3497 	3498 	3499
f 1521 	3499 	2151
f 2151 	3499 	3498
f 3495 	3497 	3499
f 3496 	3509 	3495
f 3502 	3503 	3508
f 3504 	3508 	3503
f 3501 	3504 	3503
f 3503 	3510 	3501
f 3507 	3502 	3506
f 3505 	3506 	3502
f 3502 	3507 	3496
f 3509 	3496 	3507
f 3505 	3502 	3508
f 3497 	3495 	3509
f 3511 	268 	3513
f 3512 	3511 	3513
f 3516 	3530 	3515
f 3514 	3515 	3530
f 3518 	3523 	3530
f 3524 	3530 	3523
f 3523 	3519 	3524
f 3500 	3510 	3519
f 3500 	3501 	3510
f 3522 	3517 	3530
f 3517 	3518 	3530
f 3519 	3510 	3524
f 3520 	3521 	3530
f 3521 	3522 	3530
f 3527 	3533 	3526
f 3528 	3533 	3527
f 3529 	3533 	3528
f 3525 	3526 	3533
f 3516 	3520 	3530
f 261 	3531 	267
f 3534 	3525 	3533
f 3535 	3532 	3531
f 3525 	3535 	3531
f 267 	3531 	3532
f 3536 	3535 	3525
f 3536 	3525 	3534
f 3541 	3542 	3540
f 3539 	3540 	3542
f 3542 	3543 	3539
f 3538 	3539 	3543
f 3543 	3544 	3538
f 3537 	3538 	3544
f 3555 	3537 	3544
f 3537 	3554 	3510
f 3549 	3553 	3547
f 3553 	3552 	3547
f 3548 	3549 	3547
f 3546 	3547 	3552
f 3551 	3556 	3546
f 3545 	3546 	3556
f 3552 	3551 	3546
f 3555 	3554 	3537
f 3550 	3510 	3554
f 3524 	3510 	3550
f 3556 	3558 	3545
f 3558 	3557 	3545
f 3529 	3557 	3533
f 3529 	3545 	3557
f 1987 	1982 	262
f 261 	264 	262
f 267 	264 	261
f 3280 	3513 	268
f 3280 	268 	3282
f 271 	273 	275
f 731 	730 	721
f 727 	731 	721
f 759 	736 	727
f 276 	743 	759
f 271 	741 	276
f 718 	721 	730
f 730 	739 	718
f 724 	718 	739
f 731 	727 	736
f 739 	781 	768
f 743 	276 	741
f 741 	271 	746
f 271 	275 	746
f 736 	759 	743
f 724 	739 	768
f 769 	778 	763
f 763 	778 	762
f 1119 	1106 	772
f 772 	1106 	775
f 769 	768 	781
f 775 	762 	778
f 778 	769 	781
f 899 	944 	901
f 921 	901 	906
f 906 	901 	944
f 906 	912 	921
f 912 	919 	921
f 904 	921 	919
f 919 	916 	904
f 273 	916 	275
f 273 	904 	916
f 935 	936 	934
f 934 	958 	935
f 948 	949 	934
f 958 	934 	949
f 958 	963 	935
f 934 	936 	899
f 944 	899 	936
f 948 	934 	951
f 951 	934 	950
f 965 	935 	963
f 991 	990 	969
f 990 	989 	969
f 989 	981 	969
f 979 	978 	969
f 1123 	968 	974
f 968 	969 	975
f 781 	991 	969
f 781 	969 	778
f 978 	975 	969
f 981 	980 	969
f 980 	979 	969
f 1085 	1111 	1082
f 1083 	1112 	1085
f 1119 	1116 	1083
f 1079 	1082 	1099
f 762 	775 	1106
f 1111 	1085 	1112
f 1099 	1082 	1111
f 1112 	1083 	1116
f 772 	1116 	1119
f 1126 	1131 	1162
f 1131 	1133 	1162
f 1127 	1134 	1126
f 1148 	1145 	1169
f 1164 	1162 	1133
f 1133 	1158 	1164
f 1123 	1164 	1158
f 1131 	1126 	1134
f 1134 	1127 	1145
f 1079 	1149 	1097
f 1148 	1168 	1147
f 1147 	1097 	1149
f 1099 	1149 	1079
f 975 	974 	968
f 2827 	1420 	3062
f 2828 	1420 	2827
f 2825 	1420 	2828
f 2820 	2821 	1420
f 2820 	1420 	2824
f 2824 	1420 	2825
f 3070 	2346 	3067
f 2819 	3067 	2346
f 3072 	2346 	3070
f 3582 	2346 	3072
f 3062 	1420 	2826
f 3123 	1420 	3125
f 2826 	1420 	3123
f 3125 	1420 	3124
f 3563 	3564 	3561
f 3562 	3563 	3561
f 3564 	3559 	3561
f 3560 	3561 	3559
f 3567 	3578 	3566
f 3566 	3578 	3565
f 3559 	3565 	3568
f 3560 	3559 	3568
f 3569 	3568 	3565
f 3570 	3569 	3565
f 3574 	3578 	3567
f 3573 	1420 	3572
f 3124 	1420 	3573
f 3575 	3587 	3574
f 3577 	3586 	3576
f 3570 	3565 	3578
f 3578 	3574 	3587
f 3575 	3576 	3587
f 3571 	3896 	3580
f 3572 	1420 	3571
f 3579 	3896 	3581
f 3580 	3896 	3579
f 3581 	3896 	3591
f 3603 	2346 	3582
f 3577 	3588 	3586
f 3587 	3576 	3586
f 3588 	3589 	3585
f 3585 	3586 	3588
f 3584 	3585 	3589
f 3589 	3598 	3584
f 3590 	3896 	3592
f 3591 	3896 	3590
f 3592 	3896 	3595
f 3596 	3896 	3597
f 3595 	3896 	3596
f 3597 	3896 	3594
f 3601 	3602 	3628
f 3599 	3623 	3598
f 3583 	3584 	3598
f 3600 	3629 	3599
f 1400 	3628 	3602
f 1426 	2346 	3603
f 3608 	3609 	3676
f 3610 	3611 	3676
f 3611 	3619 	3676
f 3619 	3620 	3658
f 3658 	3676 	3619
f 3620 	3621 	3658
f 3616 	3617 	3598
f 3617 	3618 	3598
f 3612 	3598 	3618
f 3613 	3598 	3612
f 3583 	3598 	3613
f 3621 	3622 	3658
f 3622 	3630 	3658
f 3614 	3615 	3598
f 3625 	3614 	3598
f 3615 	3616 	3598
f 3624 	3625 	3598
f 3629 	3600 	3628
f 3623 	3599 	3629
f 3623 	3624 	3598
f 3628 	1398 	3627
f 3630 	3631 	3660
f 3661 	3660 	3631
f 3660 	3658 	3630
f 3634 	2126 	3633
f 3627 	1398 	3626
f 3626 	1395 	3634
f 3648 	2189 	3638
f 3636 	3661 	3635
f 3641 	3645 	3643
f 3643 	3640 	3642
f 3643 	3642 	3644
f 3640 	3643 	3645
f 3645 	3641 	3647
f 3641 	3639 	3647
f 3646 	3647 	3639
f 3821 	3820 	3657
f 3650 	3652 	3649
f 3651 	3653 	3650
f 3654 	3649 	3652
f 3652 	3650 	3653
f 3649 	3654 	3642
f 3644 	3642 	3654
f 3651 	3655 	3653
f 3635 	3661 	3631
f 3651 	3656 	3655
f 3822 	3821 	3657
f 2141 	3822 	3657
f 3594 	3896 	3593
f 3593 	3944 	1340
f 1387 	1386 	1362
f 1358 	1357 	1430
f 1874 	1879 	1380
f 1380 	1879 	1387
f 1386 	1430 	1362
f 1380 	1387 	1362
f 1357 	1362 	1430
f 1430 	1431 	1358
f 1352 	1358 	1431
f 1347 	1425 	3602
f 2126 	3634 	1395
f 3601 	3628 	3600
f 1400 	3602 	1425
f 1398 	3628 	1400
f 1395 	3626 	1398
f 1409 	1411 	2088
f 2088 	2143 	1409
f 1434 	1423 	1352
f 1431 	1434 	1352
f 1425 	1347 	1423
f 1347 	1352 	1423
f 1828 	3944 	1825
f 1828 	1340 	3944
f 2413 	2647 	2412
f 2418 	2410 	2644
f 2645 	2644 	2411
f 2410 	2411 	2644
f 2411 	2412 	2645
f 2646 	2412 	2647
f 2647 	2413 	2414
f 2647 	2414 	2648
f 2648 	2414 	2409
f 2415 	2653 	2416
f 2655 	2685 	2418
f 2416 	2653 	2417
f 2419 	2420 	2657
f 2658 	2657 	2420
f 2421 	2658 	2420
f 2649 	2409 	2651
f 2409 	2649 	2648
f 2415 	2654 	2653
f 2418 	2644 	2655
f 2653 	2662 	2417
f 2421 	2659 	2658
f 2422 	2661 	2659
f 2422 	2659 	2421
f 2661 	2422 	2662
f 2417 	2662 	2422
f 2654 	2415 	2665
f 2425 	2664 	2663
f 2425 	2663 	2426
f 2428 	2665 	2415
f 2427 	2666 	2665
f 2427 	2665 	2428
f 2424 	2668 	2664
f 2424 	2664 	2425
f 2423 	2669 	2668
f 2423 	2668 	2424
f 2423 	2709 	2669
f 2426 	2663 	2666
f 2426 	2666 	2427
f 2430 	2672 	2671
f 2430 	2671 	2429
f 2672 	2430 	2657
f 2419 	2657 	2430
f 2431 	2680 	2679
f 2431 	2679 	2432
f 2680 	2431 	2433
f 2680 	2433 	2681
f 2434 	2418 	2685
f 2435 	2675 	2396
f 2436 	2676 	2675
f 2436 	2675 	2435
f 2437 	2677 	2676
f 2437 	2676 	2436
f 2438 	2678 	2677
f 2438 	2677 	2437
f 2432 	2679 	2678
f 2432 	2678 	2438
f 2681 	2433 	2439
f 2681 	2439 	2682
f 2682 	2439 	2440
f 2682 	2440 	2683
f 2683 	2440 	2441
f 2683 	2441 	2684
f 2684 	2441 	2434
f 2684 	2434 	2685
f 2452 	2687 	2453
f 2451 	2689 	2687
f 2451 	2687 	2452
f 2690 	2442 	2642
f 2691 	2447 	2446
f 2691 	2446 	2692
f 2692 	2446 	2445
f 2692 	2445 	2694
f 2694 	2445 	2444
f 2694 	2444 	2695
f 2695 	2444 	2443
f 2695 	2443 	2696
f 2696 	2443 	2442
f 2696 	2442 	2690
f 2689 	2451 	2450
f 2689 	2450 	2698
f 2698 	2450 	2449
f 2698 	2449 	2700
f 2700 	2449 	2448
f 2700 	2448 	2701
f 2701 	2448 	2447
f 2701 	2447 	2691
f 2461 	2704 	2703
f 2461 	2703 	2462
f 2460 	2706 	2704
f 2460 	2704 	2461
f 2459 	2707 	2706
f 2459 	2706 	2460
f 2458 	2708 	2707
f 2458 	2707 	2459
f 2464 	2709 	2423
f 2462 	2703 	2710
f 2462 	2710 	2463
f 2463 	2710 	2709
f 2463 	2709 	2464
f 2457 	2711 	2708
f 2457 	2708 	2458
f 2456 	2713 	2711
f 2456 	2711 	2457
f 2455 	2715 	2713
f 2455 	2713 	2456
f 2454 	2717 	2715
f 2454 	2715 	2455
f 2453 	2718 	2717
f 2453 	2717 	2454
f 2453 	2687 	2718
f 2468 	2722 	2721
f 2468 	2721 	2469
f 2467 	2723 	2722
f 2467 	2722 	2468
f 2466 	2725 	2723
f 2466 	2723 	2467
f 2465 	2726 	2725
f 2465 	2725 	2466
f 2465 	2496 	2726
f 2729 	2471 	2470
f 2729 	2470 	2730
f 2730 	2470 	2469
f 2730 	2469 	2721
f 2732 	2472 	2471
f 2732 	2471 	2729
f 2472 	2733 	2473
f 2474 	2473 	2733
f 2480 	2750 	2481
f 2485 	2747 	2484
f 2747 	2485 	2748
f 2486 	2748 	2485
f 2481 	2748 	2486
f 2750 	2480 	2487
f 372 	370 	382
f 382 	406 	372
f 384 	382 	370
f 368 	384 	370
f 419 	422 	387
f 367 	384 	368
f 374 	372 	406
f 376 	374 	406
f 406 	405 	376
f 396 	402 	398
f 394 	402 	396
f 392 	402 	394
f 413 	398 	402
f 405 	410 	378
f 378 	376 	405
f 402 	392 	408
f 408 	390 	410
f 388 	410 	390
f 388 	378 	410
f 549 	534 	413
f 390 	408 	392
f 546 	545 	537
f 532 	413 	534
f 427 	425 	415
f 497 	496 	444
f 416 	415 	425
f 421 	427 	414
f 415 	414 	427
f 425 	426 	416
f 426 	424 	418
f 424 	422 	419
f 367 	381 	423
f 422 	423 	381
f 381 	387 	422
f 418 	417 	426
f 417 	416 	426
f 367 	423 	384
f 419 	418 	424
f 457 	492 	451
f 454 	457 	451
f 451 	453 	454
f 461 	454 	453
f 458 	461 	453
f 492 	495 	451
f 443 	451 	495
f 495 	497 	443
f 444 	443 	497
f 414 	448 	421
f 469 	466 	453
f 453 	464 	462
f 453 	462 	458
f 464 	453 	466
f 485 	487 	402
f 478 	485 	402
f 580 	482 	499
f 420 	421 	446
f 446 	444 	496
f 480 	402 	482
f 478 	402 	480
f 413 	402 	487
f 477 	446 	488
f 472 	446 	477
f 475 	446 	472
f 470 	446 	475
f 470 	420 	446
f 496 	493 	446
f 493 	494 	446
f 448 	446 	421
f 491 	446 	490
f 494 	489 	446
f 490 	446 	489
f 488 	446 	491
f 498 	582 	499
f 582 	580 	499
f 505 	504 	582
f 504 	507 	582
f 503 	582 	507
f 509 	508 	582
f 500 	506 	582
f 501 	500 	582
f 506 	2028 	582
f 498 	505 	582
f 508 	501 	582
f 398 	413 	400
f 400 	413 	532
f 547 	546 	538
f 548 	547 	538
f 536 	548 	538
f 534 	549 	536
f 537 	538 	546
f 542 	589 	568
f 542 	541 	543
f 541 	540 	543
f 539 	537 	545
f 544 	543 	540
f 540 	539 	544
f 545 	544 	539
f 548 	536 	549
f 541 	542 	568
f 577 	2021 	576
f 2021 	2020 	576
f 503 	502 	582
f 402 	499 	482
f 502 	509 	582
f 585 	2029 	587
f 2028 	2027 	582
f 587 	2023 	577
f 570 	568 	589
f 2019 	2041 	578
f 578 	576 	2019
f 2041 	2039 	601
f 570 	1614 	573
f 601 	578 	2041
f 597 	2031 	598
f 589 	1614 	570
f 598 	2030 	599
f 2020 	2019 	576
f 595 	2033 	597
f 599 	573 	1614
f 2026 	2025 	583
f 585 	583 	2025
f 2024 	585 	2025
f 2029 	585 	2024
f 2023 	587 	2029
f 2022 	577 	2023
f 583 	582 	2026
f 2039 	2037 	593
f 2037 	2036 	593
f 2021 	577 	2022
f 2027 	2026 	582
f 592 	593 	2036
f 2036 	2035 	592
f 595 	592 	2035
f 2033 	595 	2035
f 2030 	598 	2031
f 573 	599 	2030
f 2031 	597 	2033
f 593 	601 	2039
f 2043 	2964 	2044
f 2044 	2964 	2045
f 2965 	2967 	2046
f 2046 	2045 	2965
f 2058 	2057 	2054
f 2051 	2054 	2057
f 2054 	2053 	2058
f 2060 	2058 	2053
f 2052 	2060 	2053
f 2050 	2059 	2052
f 2057 	2056 	2048
f 2043 	2055 	2964
f 2965 	2045 	2964
f 2952 	2951 	2966
f 2043 	2042 	2055
f 2048 	2051 	2057
f 2042 	2049 	2055
f 2049 	2048 	2056
f 2056 	2055 	2049
f 2060 	2052 	2059
f 2059 	2050 	2061
f 2950 	2953 	2963
f 2966 	2963 	2953
f 2953 	2952 	2966
f 2967 	2966 	2951
f 2951 	2047 	2967
f 2047 	2046 	2967
f 2963 	2962 	2950
f 2949 	2950 	2962
f 2957 	3008 	2958
f 2958 	2956 	2959
f 2956 	2955 	2959
f 2960 	2959 	2955
f 2955 	2954 	2960
f 2962 	2961 	2949
f 2961 	2960 	2954
f 2954 	2949 	2961
f 2976 	2977 	2972
f 2972 	2971 	2976
f 2971 	2970 	2976
f 2978 	2976 	2970
f 2969 	2978 	2970
f 2974 	2973 	2979
f 2975 	2061 	2050
f 2977 	2979 	2973
f 2973 	2972 	2977
f 2975 	2974 	2061
f 2979 	2061 	2974
f 2996 	2995 	2989
f 2989 	2992 	2996
f 2983 	2996 	2992
f 2982 	2983 	2992
f 2984 	2998 	2986
f 2992 	2990 	2982
f 2981 	2982 	2990
f 2968 	2981 	2991
f 2968 	2991 	2969
f 2990 	2991 	2981
f 2969 	2991 	2978
f 2994 	2993 	2988
f 2993 	2997 	2988
f 2985 	2988 	2997
f 2997 	3004 	2985
f 3004 	3003 	2985
f 3003 	3002 	2985
f 2984 	2985 	3002
f 3001 	2984 	3002
f 3000 	2984 	3001
f 2999 	2984 	3000
f 2998 	2984 	2999
f 2988 	2989 	2994
f 2995 	2994 	2989
f 3029 	3033 	3058
f 3040 	3005 	3042
f 3023 	3021 	3038
f 3038 	3007 	3040
f 3007 	3038 	3021
f 3005 	3040 	3007
f 3006 	3042 	3005
f 3008 	2957 	3006
f 2956 	2958 	3008
f 3059 	3058 	3035
f 3060 	3059 	3035
f 3033 	3029 	3032
f 3032 	3026 	3037
f 3026 	3024 	3037
f 3024 	3023 	3037
f 3042 	3006 	2957
f 3038 	3037 	3023
f 3049 	3061 	3047
f 3047 	3069 	3046
f 3031 	3087 	3049
f 3033 	3035 	3058
f 3065 	3064 	3050
f 3051 	3050 	3064
f 3046 	3066 	3050
f 3035 	3051 	3060
f 3060 	3051 	3063
f 3064 	3063 	3051
f 3026 	3032 	3029
f 3066 	3046 	3068
f 3065 	3050 	3066
f 3080 	3074 	3081
f 3073 	3079 	3080
f 3074 	3075 	3081
f 3075 	2987 	3081
f 3071 	3076 	3073
f 3082 	3081 	2987
f 2987 	2986 	3082
f 3083 	3082 	2986
f 2998 	3083 	2986
f 3076 	3071 	3077
f 3086 	3085 	3078
f 3078 	3077 	3086
f 3074 	3080 	3079
f 3079 	3073 	3076
f 3071 	3086 	3077
f 2980 	812 	3084
f 3084 	868 	918
f 3087 	3031 	3085
f 3031 	3078 	3085
f 3068 	3046 	3069
f 3069 	3047 	3061
f 3061 	3049 	3087
f 1242 	2344 	2303
f 1243 	1242 	2303
f 1243 	2303 	1367
f 2601 	2304 	1245
f 2601 	1245 	687
f 1247 	1245 	2304
f 1247 	2304 	2305
f 1248 	1247 	2305
f 1248 	2305 	2306
f 1252 	1248 	2306
f 1252 	2306 	2307
f 1255 	1252 	2307
f 1255 	2307 	2308
f 1256 	1255 	2308
f 1256 	2308 	2309
f 1258 	1256 	2309
f 1258 	2309 	2310
f 2310 	2311 	1259
f 1258 	2310 	1259
f 1262 	1259 	2312
f 1259 	2311 	2312
f 1266 	1262 	2313
f 1262 	2312 	2313
f 1269 	1266 	2313
f 1269 	2313 	2314
f 1273 	2314 	2315
f 1271 	1269 	2314
f 1273 	1271 	2314
f 1273 	2315 	2316
f 1275 	1273 	2316
f 1275 	2316 	1277
f 2316 	2317 	1277
f 1277 	2317 	2318
f 2318 	2330 	1297
f 1277 	2318 	1297
f 2323 	1281 	1280
f 2323 	2322 	1281
f 1284 	1281 	2322
f 2322 	1285 	1284
f 2322 	2326 	1285
f 1285 	2326 	2327
f 1286 	1285 	2327
f 2327 	1289 	1286
f 1289 	2327 	2328
f 2328 	1292 	1289
f 2328 	2329 	1292
f 1300 	1297 	2330
f 1300 	2330 	2331
f 2331 	1304 	1300
f 2331 	2332 	1304
f 1304 	2332 	2323
f 2323 	1280 	1304
f 1308 	1292 	2329
f 1311 	1308 	2329
f 2333 	2334 	1316
f 2329 	2333 	1311
f 1316 	1311 	2333
f 1319 	2334 	2335
f 1319 	1316 	2334
f 2335 	1321 	1319
f 2335 	2336 	1321
f 2336 	1323 	1321
f 2336 	2337 	1323
f 2337 	1324 	1323
f 2337 	2338 	1324
f 2338 	1325 	1324
f 2338 	2339 	1325
f 2339 	1326 	1325
f 2339 	2340 	1326
f 2340 	1327 	1326
f 2340 	2341 	1327
f 1331 	2342 	2343
f 1328 	2341 	2342
f 1328 	1327 	2341
f 1331 	1328 	2342
f 1242 	1336 	2344
f 2344 	1336 	1337
f 2344 	1337 	1369
f 617 	616 	1338
f 617 	1338 	2345
f 2346 	2345 	1338
f 2346 	1338 	1339
f 2346 	1339 	619
f 2346 	619 	618
f 608 	1350 	2355
f 1350 	608 	607
f 604 	1343 	2349
f 1343 	604 	603
f 2350 	1344 	606
f 2350 	606 	605
f 1342 	1341 	2348
f 1342 	2348 	2347
f 2350 	2348 	1341
f 2350 	1341 	1344
f 2352 	1345 	1342
f 2352 	1342 	2347
f 1346 	1345 	2352
f 1346 	2352 	2351
f 2356 	1351 	610
f 2356 	610 	609
f 2353 	2349 	1348
f 1343 	1348 	2349
f 2353 	1348 	1349
f 2353 	1349 	2354
f 2356 	2354 	1349
f 2356 	1349 	1351
f 2355 	1350 	622
f 2355 	622 	621
f 1354 	1346 	2351
f 1354 	2351 	1370
f 3676 	3658 	3300
f 2223 	3300 	3658
f 3660 	2225 	2223
f 3660 	2223 	3658
f 2225 	3660 	3010
f 3661 	3010 	3660
f 2200 	3014 	2175
f 3663 	2157 	3016
f 3016 	3661 	3663
f 3659 	2224 	3664
f 3019 	3664 	2224
f 3664 	3019 	3666
f 3017 	3666 	3019
f 3290 	3665 	3666
f 3290 	3666 	3017
f 3291 	3667 	3292
f 3669 	3293 	3292
f 3665 	3290 	3294
f 3667 	3291 	3014
f 1682 	3295 	3368
f 3297 	2224 	3673
f 3298 	3297 	3674
f 3673 	3674 	3297
f 3675 	3299 	3674
f 3298 	3674 	3299
f 3296 	3299 	3672
f 3675 	3672 	3299
f 2203 	2204 	3300
f 3679 	3301 	3303
f 3304 	3305 	3681
f 3682 	3681 	3306
f 3305 	3306 	3681
f 3088 	3307 	3683
f 3683 	3307 	3302
f 3308 	3684 	3303
f 3679 	3303 	3684
f 3684 	3308 	3304
f 3682 	3306 	3309
f 3671 	2199 	3295
f 3662 	3014 	2200
f 2182 	2157 	3663
f 3667 	3668 	3292
f 3292 	3668 	3669
f 3294 	3670 	3665
f 3669 	3670 	3294
f 3667 	3014 	3662
f 1682 	3671 	3295
f 3673 	2224 	3659
f 3676 	3300 	2204
f 3302 	3301 	3677
f 3304 	3681 	3680
f 3302 	3677 	3683
f 3304 	3680 	3684
f 3309 	3685 	3682
f 3309 	3310 	3685
f 3686 	3685 	3310
f 3310 	3296 	3686
f 3672 	3686 	3296
f 3677 	3301 	3678
f 3678 	3301 	3679
f 3687 	3688 	3318
f 3687 	3318 	3317
f 3317 	3313 	3687
f 3316 	3687 	3317
f 3317 	3687 	3320
f 3799 	3329 	3328
f 3330 	3800 	3328
f 3800 	3330 	2121
f 3825 	3829 	3358
f 3355 	3825 	3358
f 3709 	2140 	3312
f 2140 	2116 	3312
f 3687 	3313 	3688
f 3687 	3316 	3688
f 3794 	3926 	3316
f 3320 	3687 	3688
f 1833 	1824 	3944
f 1825 	3944 	1824
f 1833 	1898 	1824
f 1123 	1158 	968
f 1875 	1881 	1874
f 1097 	1147 	1168
f 1169 	1168 	1148
f 1127 	1169 	1145
f 1881 	1879 	1874
f 1557 	1560 	1554
f 1555 	1557 	1554
f 1556 	1555 	1554
f 1910 	1896 	1875
f 1881 	1875 	1896
f 1914 	1906 	1900
f 1898 	1900 	1906
f 1930 	1833 	3944
f 1564 	1554 	1566
f 1568 	1566 	1554
f 1563 	1554 	1564
f 1581 	1554 	1563
f 1562 	1554 	1581
f 1569 	1568 	1554
f 1570 	1569 	1554
f 1952 	1939 	1573
f 1574 	1554 	1575
f 1562 	1575 	1554
f 1910 	1914 	1896
f 1900 	1896 	1914
f 1824 	1898 	1906
f 1560 	1570 	1554
f 1573 	1579 	1574
f 1574 	1579 	1554
f 2080 	3944 	1923
f 1579 	1573 	1941
f 1941 	1573 	1939
f 2080 	1930 	3944
f 1939 	1952 	1949
f 1922 	3944 	1920
f 1923 	3944 	1922
f 1953 	1949 	1952
f 1920 	3944 	2081
f 1953 	1963 	1957
f 1956 	1957 	1963
f 1954 	1953 	1957
f 1955 	1956 	1963
f 1949 	1953 	1954
f 1963 	1974 	1955
f 1960 	1955 	1974
f 1971 	1989 	1974
f 2082 	2092 	2091
f 2082 	2091 	2090
f 2082 	2090 	2085
f 2082 	2085 	2084
f 2082 	2084 	2089
f 2082 	2089 	2088
f 1411 	1414 	2088
f 1414 	2086 	2088
f 2086 	2087 	2088
f 2087 	2083 	2088
f 2082 	2088 	2083
f 3133 	3135 	1966
f 1972 	3133 	1966
f 3833 	3834 	2093
f 1965 	1979 	1967
f 2097 	2100 	3944
f 2081 	3944 	2096
f 2098 	2096 	3944
f 2100 	2099 	3944
f 2007 	3207 	1977
f 2099 	2098 	3944
f 3632 	3633 	2125
f 3646 	3639 	2125
f 2126 	2125 	3633
f 2005 	1993 	1979
f 1971 	1979 	1991
f 1981 	1983 	1979
f 1983 	1991 	1979
f 3632 	2125 	3639
f 2139 	2137 	2127
f 2128 	2127 	2137
f 1991 	1988 	1971
f 1971 	1988 	1989
f 1995 	1974 	1989
f 2134 	2130 	2138
f 2129 	2138 	2130
f 1994 	1979 	1993
f 2138 	2131 	2132
f 2138 	2132 	2133
f 2133 	2134 	2138
f 2129 	2128 	2138
f 1960 	1974 	1995
f 1409 	2143 	1407
f 1981 	1979 	1994
f 1993 	2005 	1985
f 2127 	2136 	2139
f 1407 	2143 	2135
f 2138 	2128 	2137
f 2005 	3134 	2004
f 1984 	1985 	2005
f 1984 	2005 	2008
f 2008 	2010 	2007
f 2010 	2008 	2005
f 2012 	2007 	2010
f 2140 	3707 	2141
f 2139 	2136 	2144
f 2012 	3207 	2007
f 3206 	1977 	3207
f 2148 	2088 	2147
f 2142 	2088 	2148
f 2146 	2147 	2088
f 2143 	2088 	2142
f 2144 	2136 	2143
f 2135 	2143 	2136
f 2145 	2146 	2088
f 2094 	2093 	3834
f 2150 	3833 	2093
f 3976 	3833 	2152
f 3980 	3986 	3996
f 2798 	2801 	2799
f 2800 	2799 	2801
f 2802 	2800 	2801
f 2808 	2804 	2801
f 2804 	2809 	2801
f 2803 	2801 	2805
f 2802 	2801 	2803
f 2809 	2805 	2801
f 3656 	3657 	2178
f 3637 	2182 	3636
f 2181 	2182 	3637
f 2948 	2813 	2812
f 2946 	2811 	2813
f 2810 	2948 	2812
f 2812 	2801 	2810
f 2191 	2189 	3655
f 2810 	2801 	2797
f 2798 	2797 	2801
f 2946 	2947 	2811
f 2811 	2812 	2813
f 2178 	2191 	3655
f 3655 	3656 	2178
f 3129 	3128 	2806
f 2807 	3129 	2806
f 3053 	3052 	3057
f 3057 	3127 	3053
f 1965 	1966 	3135
f 1972 	3054 	3133
f 3056 	3133 	3054
f 3055 	3056 	3054
f 3054 	3053 	3126
f 2808 	2801 	2807
f 3127 	3126 	3053
f 2202 	2183 	3638
f 3637 	3638 	2180
f 2180 	2181 	3637
f 3663 	3636 	2182
f 3057 	3052 	3128
f 3129 	2807 	2801
f 3126 	3055 	3054
f 2190 	2184 	3638
f 3052 	2806 	3128
f 2187 	2195 	2185
f 2185 	2186 	2187
f 3130 	2003 	3132
f 3134 	3132 	2003
f 2003 	2004 	3134
f 2184 	2202 	3638
f 3243 	3130 	3131
f 1979 	3134 	2005
f 2188 	2187 	2186
f 2186 	2190 	2188
f 2189 	2188 	2190
f 2190 	3638 	2189
f 1979 	1965 	3135
f 1971 	1967 	1979
f 3132 	3131 	3130
f 3648 	3655 	2189
f 2192 	2185 	2195
f 3206 	3205 	3184
f 3186 	3184 	3205
f 3205 	3204 	3186
f 3204 	3200 	3186
f 2196 	2193 	2195
f 3206 	3184 	1977
f 2197 	2194 	2196
f 2192 	2195 	2193
f 2198 	2201 	2197
f 2193 	2196 	2194
f 2194 	2197 	2201
f 2200 	2201 	2198
f 2200 	2198 	2199
f 3188 	3187 	3189
f 3662 	2200 	2199
f 3189 	3187 	3190
f 3190 	3187 	3191
f 2183 	2180 	3638
f 3188 	3192 	3187
f 2206 	2346 	2204
f 2210 	2346 	2208
f 2212 	2346 	2210
f 2208 	2346 	2206
f 2214 	2346 	2212
f 3199 	3198 	3185
f 3202 	3199 	3185
f 3187 	3185 	3198
f 3195 	3202 	3185
f 3191 	3187 	3198
f 3194 	3195 	3185
f 3203 	3194 	3185
f 3200 	3201 	3186
f 3185 	3186 	3201
f 3201 	3193 	3185
f 3197 	3185 	3196
f 3203 	3185 	3197
f 3196 	3185 	3193
f 2216 	2346 	2214
f 2218 	2346 	2216
f 2220 	2346 	2218
f 2222 	2346 	2220
f 3091 	2346 	2222
f 3666 	3665 	3867
f 3664 	3666 	3867
f 3233 	3234 	3232
f 3234 	3239 	3232
f 3239 	3236 	3232
f 3236 	3237 	3232
f 3237 	3238 	3232
f 3238 	3240 	3232
f 3235 	3232 	3240
f 3240 	3241 	3235
f 3241 	3242 	3235
f 3131 	3235 	3242
f 3242 	3243 	3131
f 3607 	3608 	3676
f 3606 	3607 	3676
f 2199 	3671 	3662
f 3232 	3244 	3245
f 3232 	3245 	3247
f 3232 	3247 	3233
f 3661 	3636 	3663
f 3609 	3610 	3676
f 3246 	3747 	3248
f 3866 	3867 	3665
f 3665 	3670 	3866
f 3275 	3270 	3689
f 3286 	3285 	3275
f 3667 	1682 	3668
f 3273 	3276 	3270
f 3670 	1686 	3866
f 3276 	3689 	3270
f 3669 	1685 	3670
f 3668 	1685 	3669
f 268 	3511 	3275
f 3270 	3275 	3511
f 3269 	3279 	1595
f 3269 	1595 	1604
f 3662 	3671 	3667
f 3284 	3275 	3285
f 3867 	3868 	3664
f 3659 	3664 	3868
f 3674 	3673 	3879
f 3868 	3879 	3673
f 3673 	3659 	3868
f 3690 	3275 	3689
f 3691 	3275 	3690
f 3692 	3275 	3691
f 3695 	3275 	3692
f 3696 	3275 	3695
f 3288 	3275 	3694
f 3286 	3275 	3287
f 3287 	3275 	3288
f 2204 	2346 	3676
f 2346 	3606 	3676
f 3694 	3275 	3693
f 3693 	3275 	3696
f 3267 	3269 	3697
f 3269 	1604 	3697
f 3685 	3686 	3879
f 3686 	3672 	3879
f 3672 	3675 	3879
f 3675 	3674 	3879
f 3682 	3685 	3879
f 3679 	3879 	3678
f 3677 	3678 	3879
f 3698 	3734 	3703
f 3699 	3700 	3698
f 3681 	3682 	3879
f 3705 	3711 	3704
f 3706 	3712 	3705
f 3699 	3708 	3700
f 3708 	3699 	3710
f 3699 	3704 	3710
f 3710 	3704 	3711
f 3713 	3705 	3712
f 3712 	3706 	3714
f 3711 	3705 	3713
f 2490 	2758 	2488
f 3717 	3718 	3716
f 3718 	3720 	3716
f 3715 	3716 	3720
f 3720 	3721 	3715
f 3706 	3715 	3719
f 3719 	3714 	3706
f 2491 	2758 	2490
f 3721 	3719 	3715
f 2760 	2491 	2492
f 3728 	3729 	3725
f 3725 	3726 	3728
f 3727 	3735 	3726
f 3701 	3732 	3727
f 3702 	3732 	3701
f 3724 	3725 	3729
f 3703 	3736 	3702
f 3723 	3724 	3729
f 3729 	3733 	3723
f 3722 	3723 	3733
f 3732 	3702 	3731
f 3731 	3702 	3730
f 2738 	2475 	2474
f 3738 	3737 	3733
f 2738 	2474 	2733
f 3736 	3703 	3734
f 3734 	3698 	3700
f 2476 	2736 	2477
f 2741 	2734 	2477
f 3728 	3726 	3735
f 3735 	3727 	3732
f 3730 	3702 	3736
f 3722 	3733 	3737
f 3738 	3741 	3737
f 2479 	2752 	2482
f 3740 	3747 	3739
f 3739 	3737 	3741
f 2484 	2745 	2483
f 3745 	3746 	3743
f 3744 	3745 	3743
f 3742 	3743 	3746
f 3748 	3742 	3746
f 3248 	3747 	3742
f 3743 	3742 	3747
f 2481 	2749 	2748
f 3748 	3746 	3749
f 3750 	3747 	3740
f 3737 	3739 	3747
f 3747 	3750 	3743
f 2482 	2752 	2487
f 2755 	2753 	2489
f 2488 	2754 	2489
f 3753 	4069 	3752
f 3754 	205 	3753
f 3755 	205 	3754
f 3756 	3779 	3755
f 2488 	2758 	2754
f 2491 	2759 	2758
f 3764 	3765 	3763
f 3762 	3763 	3781
f 3781 	3763 	3765
f 3781 	3782 	3762
f 3761 	3762 	3782
f 2760 	2492 	2493
f 2472 	2732 	2733
f 3770 	3776 	3769
f 3771 	3772 	3769
f 3768 	3769 	3772
f 3772 	3773 	3768
f 3767 	3768 	3773
f 3773 	3774 	3767
f 2475 	2737 	2476
f 2736 	2476 	2737
f 3766 	3767 	3774
f 2737 	2475 	2738
f 3765 	3764 	3774
f 3764 	3766 	3774
f 3775 	3777 	1608
f 2741 	2477 	2736
f 3771 	3769 	3776
f 2478 	2477 	2734
f 3776 	3770 	3777
f 3770 	1608 	3777
f 2479 	2489 	2753
f 2750 	2749 	2481
f 3780 	3758 	3782
f 3779 	3756 	3778
f 3761 	3782 	3758
f 3778 	3757 	3780
f 2479 	2753 	2752
f 2484 	2746 	2745
f 2747 	2746 	2484
f 2487 	2751 	2750
f 2752 	2751 	2487
f 2755 	2489 	2754
f 2759 	2491 	2760
f 2760 	2493 	2761
f 2493 	2529 	2761
f 2762 	2726 	2496
f 2494 	2764 	2495
f 2501 	2769 	2500
f 2494 	2504 	2764
f 2765 	2778 	2497
f 2498 	2766 	2497
f 2499 	2766 	2498
f 2510 	2781 	2769
f 2770 	2504 	2503
f 2764 	2504 	2770
f 2774 	703 	2505
f 2774 	2505 	2506
f 2507 	2508 	2777
f 2777 	2508 	2509
f 2495 	2763 	2762
f 2495 	2762 	2496
f 2764 	2763 	2495
f 2765 	2497 	2766
f 2499 	2767 	2766
f 2767 	2499 	2500
f 2767 	2500 	2768
f 2768 	2500 	2769
f 2503 	2771 	2770
f 2771 	2503 	2772
f 2502 	2772 	2503
f 2772 	2502 	681
f 2774 	2506 	2775
f 2507 	2776 	2506
f 2775 	2506 	2776
f 2776 	2507 	2777
f 2509 	2778 	2777
f 2509 	2497 	2778
f 2745 	2781 	2483
f 2510 	2483 	2781
f 2501 	2510 	2769
f 590 	2524 	2523
f 2528 	2527 	602
f 2527 	1186 	602
f 2530 	620 	2529
f 2530 	657 	620
f 657 	658 	620
f 566 	2513 	2478
f 2513 	566 	2514
f 590 	2523 	2516
f 562 	563 	2511
f 2512 	2511 	563
f 566 	567 	2514
f 2514 	567 	571
f 2514 	571 	2515
f 575 	590 	2516
f 2515 	571 	2516
f 575 	2516 	571
f 562 	2511 	579
f 2517 	579 	2511
f 2517 	2518 	579
f 581 	579 	2518
f 584 	2519 	2526
f 2519 	584 	586
f 2519 	586 	2520
f 588 	2521 	586
f 2520 	586 	2521
f 581 	2518 	588
f 2521 	588 	2518
f 591 	600 	2522
f 591 	2522 	594
f 2525 	594 	2522
f 2524 	596 	2525
f 594 	2525 	596
f 596 	2524 	590
f 600 	584 	2526
f 600 	2526 	2522
f 629 	2528 	602
f 1186 	2591 	602
f 615 	2761 	2529
f 2529 	620 	615
f 629 	635 	2528
f 2478 	2734 	566
f 3707 	2140 	3709
f 3707 	3822 	2141
f 3784 	3786 	3783
f 3785 	3786 	3787
f 3788 	3783 	3786
f 3787 	3784 	3789
f 3786 	3784 	3787
f 3709 	3789 	3784
f 3709 	3784 	3707
f 3791 	3792 	3790
f 3792 	3793 	3790
f 3793 	3794 	3795
f 3798 	2088 	3796
f 3797 	3796 	2088
f 3799 	2088 	3798
f 3800 	2088 	3799
f 2145 	2088 	3800
f 3801 	3802 	3794
f 3795 	3794 	3802
f 3807 	3808 	3809
f 3810 	3815 	3806
f 3810 	3806 	3811
f 3811 	3809 	3808
f 3811 	3808 	3810
f 3809 	3813 	3807
f 3812 	3807 	3813
f 3813 	3814 	3812
f 3802 	3801 	3814
f 3812 	3814 	3801
f 3805 	3806 	2034
f 3815 	2034 	3806
f 2179 	2178 	3657
f 3820 	3818 	3657
f 3818 	3819 	3657
f 3819 	2179 	3657
f 3823 	3829 	3826
f 3824 	3829 	3823
f 3827 	3829 	3824
f 3825 	3826 	3829
f 3817 	2034 	3816
f 3827 	3830 	3829
f 3828 	3829 	3830
f 2034 	1693 	3816
f 3803 	2034 	3832
f 3832 	2034 	3831
f 3831 	2034 	3817
f 3804 	3805 	2034
f 2088 	2094 	3797
f 3834 	3797 	2094
f 2150 	2152 	3833
f 3803 	3804 	2034
f 1686 	3670 	1685
f 3707 	3314 	3311
f 3574 	2851 	3575
f 3575 	2850 	3576
f 2850 	3575 	2852
f 2850 	2849 	3576
f 3577 	3576 	2849
f 3577 	2849 	3588
f 3587 	2853 	3578
f 3578 	2853 	3570
f 2840 	3570 	2853
f 3790 	3926 	3313
f 3313 	3315 	3790
f 3835 	3318 	3688
f 3688 	3313 	3835
f 2836 	3562 	3561
f 3688 	3316 	3835
f 3562 	2836 	3563
f 2839 	2835 	3563
f 3688 	3835 	3320
f 3835 	3926 	3320
f 3796 	3797 	3326
f 3689 	3276 	3841
f 3329 	3798 	3326
f 3328 	3800 	3799
f 3689 	3841 	3690
f 2121 	2145 	3800
f 3794 	3316 	3341
f 3836 	3274 	3284
f 3836 	3284 	3837
f 3285 	3837 	3284
f 3285 	3286 	3837
f 3286 	3838 	3837
f 3286 	3287 	3838
f 3839 	3287 	3288
f 3841 	3276 	3277
f 3691 	3843 	3692
f 3842 	3692 	3843
f 3845 	3844 	3695
f 3696 	3695 	3844
f 3692 	3842 	3695
f 3845 	3695 	3842
f 3843 	3691 	3690
f 3843 	3690 	3846
f 3690 	3841 	3846
f 3694 	3847 	3840
f 3694 	3840 	3288
f 3694 	3693 	3847
f 3966 	3847 	3693
f 3696 	3966 	3693
f 3275 	3284 	3274
f 1691 	1693 	2034
f 3828 	3816 	3829
f 3288 	3840 	3839
f 1686 	1684 	3866
f 1959 	1958 	3866
f 1682 	1685 	3668
f 3671 	1682 	3667
f 3865 	3866 	1958
f 1962 	3875 	1958
f 3875 	3865 	1958
f 1962 	1961 	3875
f 3875 	1961 	3876
f 1691 	2032 	1690
f 1970 	3876 	1961
f 1968 	3870 	1969
f 1969 	3870 	1970
f 1973 	3869 	1968
f 2841 	2843 	3566
f 3870 	3876 	1970
f 3870 	1968 	3869
f 1976 	3869 	1975
f 1975 	1978 	1976
f 1684 	1959 	3866
f 1975 	3869 	1973
f 3569 	2845 	3568
f 2845 	3569 	3570
f 2062 	1964 	2032
f 2032 	1691 	2034
f 1693 	3829 	3816
f 3559 	3564 	2835
f 263 	3281 	2040
f 3560 	2838 	3561
f 1690 	2032 	1964
f 2063 	1964 	2062
f 2065 	2070 	2066
f 2069 	2064 	2068
f 1976 	1978 	2069
f 2835 	3564 	3563
f 2066 	2068 	2064
f 1978 	2064 	2069
f 2070 	2065 	2071
f 2070 	2068 	2066
f 2065 	2067 	2071
f 3887 	2071 	2067
f 2842 	3565 	3559
f 3565 	2842 	3566
f 2838 	3560 	3568
f 2073 	2076 	3281
f 2074 	3281 	2075
f 2076 	2075 	3281
f 2072 	3281 	2074
f 2077 	3281 	2072
f 2038 	3281 	2078
f 2079 	3281 	2077
f 2078 	3281 	2079
f 2848 	3572 	3571
f 3573 	2846 	3124
f 3683 	3677 	3879
f 3848 	3849 	2667
f 3849 	3850 	2667
f 2670 	2667 	3856
f 3137 	3138 	3089
f 3139 	3140 	3089
f 3140 	3153 	3089
f 3153 	3154 	3089
f 3136 	3141 	3089
f 3138 	3139 	3089
f 3880 	3136 	3089
f 3579 	2855 	2854
f 3579 	2854 	3580
f 3894 	1377 	3144
f 2848 	3571 	2854
f 3580 	2854 	3571
f 2855 	3579 	3581
f 3148 	3146 	3155
f 3072 	2814 	3582
f 2857 	3582 	2814
f 3151 	3147 	3155
f 2857 	3603 	3582
f 3146 	3089 	3155
f 3152 	3150 	3155
f 3150 	3151 	3155
f 3147 	3149 	3155
f 3149 	3148 	3155
f 3141 	3137 	3089
f 3584 	2861 	2860
f 3584 	2860 	3585
f 3585 	2860 	2859
f 3585 	2859 	3586
f 3154 	3155 	3089
f 3586 	2859 	2858
f 3586 	2858 	3587
f 3156 	3166 	1377
f 3168 	1377 	3166
f 2858 	2853 	3587
f 3156 	1377 	3157
f 2861 	3584 	3583
f 2861 	3583 	2862
f 2866 	2856 	3581
f 3165 	1377 	3163
f 3161 	1377 	3162
f 3165 	3162 	1377
f 3161 	3158 	1377
f 2863 	3589 	3588
f 2863 	3588 	2864
f 3143 	1377 	3142
f 2864 	3588 	2849
f 3168 	3142 	1377
f 3856 	3857 	2670
f 3591 	2867 	2866
f 2693 	2688 	3854
f 3855 	1378 	1377
f 3852 	3853 	2674
f 2688 	2686 	3854
f 3853 	3854 	2674
f 2686 	2674 	3854
f 2674 	2673 	3852
f 1377 	2693 	3854
f 3854 	3855 	1377
f 3861 	1377 	3862
f 3861 	3859 	1377
f 3864 	1377 	3863
f 3859 	3863 	1377
f 3163 	1377 	3864
f 3143 	3145 	1377
f 3158 	3157 	1377
f 3592 	2871 	2865
f 3684 	3680 	3879
f 3089 	3683 	3879
f 2867 	3590 	2865
f 3589 	2863 	2877
f 3593 	2875 	2874
f 3872 	3281 	3871
f 1340 	2934 	3593
f 3874 	3281 	3873
f 3596 	2872 	2871
f 3680 	3681 	3879
f 3679 	3684 	3879
f 2872 	3596 	2873
f 2869 	3601 	2870
f 2876 	3599 	2877
f 3089 	3879 	3880
f 2870 	3599 	2876
f 3281 	1377 	3881
f 3601 	2869 	3602
f 2868 	3602 	2869
f 3882 	3281 	3881
f 3882 	3871 	3281
f 3873 	3281 	3872
f 3878 	3881 	1377
f 3886 	3883 	3885
f 3590 	2867 	3591
f 3591 	2866 	3581
f 3592 	2865 	3590
f 3883 	3886 	3888
f 3886 	3887 	3888
f 2067 	3888 	3887
f 3883 	3884 	3885
f 3889 	3885 	3884
f 2874 	3594 	3593
f 3892 	3281 	3889
f 3884 	3892 	3889
f 3595 	2871 	3592
f 3893 	3281 	3892
f 3891 	3889 	3281
f 3596 	2871 	3595
f 3893 	2073 	3281
f 2873 	3597 	2874
f 3594 	2874 	3597
f 3597 	2873 	3596
f 3890 	3891 	3281
f 3874 	3890 	3281
f 3601 	3600 	2870
f 3599 	3598 	2877
f 2870 	3600 	3599
f 3145 	3144 	1377
f 3877 	3878 	1377
f 2877 	3598 	3589
f 2868 	2936 	3602
f 3896 	3571 	1420
f 2878 	3603 	2857
f 3898 	3914 	3897
f 3603 	2878 	2887
f 3603 	2887 	1426
f 3895 	3913 	3898
f 3895 	3896 	1420
f 2886 	3604 	1426
f 3944 	3593 	3896
f 2886 	1426 	2887
f 3900 	3920 	3899
f 3901 	3919 	3900
f 2885 	3605 	3604
f 2885 	3604 	2886
f 2884 	3606 	3605
f 2884 	3605 	2885
f 3903 	3917 	3902
f 3929 	3927 	3905
f 3899 	3929 	3905
f 3906 	3918 	3901
f 3902 	3917 	3906
f 2883 	3607 	3606
f 2883 	3606 	2884
f 2882 	3608 	3607
f 2882 	3607 	2883
f 2881 	3609 	3608
f 2881 	3608 	2882
f 2880 	3610 	3609
f 2880 	3609 	2881
f 3904 	3905 	3928
f 3927 	3928 	3905
f 3914 	3917 	3897
f 3910 	3897 	3917
f 3903 	3910 	3917
f 3928 	3930 	3904
f 3931 	3932 	3904
f 2888 	3611 	3610
f 2888 	3610 	2880
f 2888 	3619 	3611
f 3914 	3898 	3913
f 3612 	2879 	2889
f 3612 	2889 	3613
f 2862 	3583 	2889
f 3613 	2889 	3583
f 3911 	875 	3916
f 2891 	3615 	2890
f 2892 	3615 	2891
f 3918 	3906 	3917
f 2893 	3617 	2892
f 3919 	3901 	3918
f 2894 	3617 	2893
f 3929 	3899 	3920
f 3920 	3900 	3919
f 2900 	3622 	2895
f 3923 	879 	3922
f 3924 	879 	3923
f 3925 	880 	3924
f 2899 	2898 	3624
f 3783 	3788 	3319
f 3783 	3319 	3314
f 2892 	3616 	3615
f 2892 	3617 	3616
f 2894 	3618 	3617
f 2879 	3618 	2894
f 3325 	3788 	3324
f 2897 	3619 	2888
f 2896 	3619 	2897
f 3926 	3318 	3835
f 3624 	2898 	2901
f 3921 	884 	3925
f 3907 	3908 	3933
f 2903 	2902 	3627
f 3627 	2902 	2904
f 3627 	2904 	3628
f 2905 	3629 	2904
f 3908 	3909 	3933
f 3938 	3907 	3933
f 3909 	3904 	3933
f 3937 	3938 	3933
f 3932 	3933 	3904
f 3625 	2901 	3614
f 2890 	3615 	3614
f 3936 	3933 	3935
f 3937 	3933 	3936
f 3930 	3931 	3904
f 3618 	2879 	3612
f 2895 	3621 	2896
f 3620 	2896 	3621
f 3943 	3941 	3945
f 3939 	3994 	3941
f 3940 	3994 	3939
f 3945 	3941 	3994
f 3621 	2895 	3622
f 3945 	3994 	3944
f 3946 	3947 	3945
f 3947 	3942 	3945
f 3942 	3943 	3945
f 2896 	3620 	3619
f 3623 	2899 	3624
f 2890 	3614 	2901
f 3624 	2901 	3625
f 3950 	3994 	3949
f 3940 	3949 	3994
f 3626 	2903 	3627
f 3628 	2904 	3629
f 3629 	2905 	2899
f 3629 	2899 	3623
f 3953 	3954 	3971
f 3954 	3955 	3971
f 3970 	3971 	3955
f 3955 	3956 	3970
f 3933 	3970 	3956
f 3957 	3934 	3933
f 3934 	3935 	3933
f 3956 	3957 	3933
f 2907 	3622 	2900
f 3975 	3993 	3958
f 3994 	3950 	3958
f 879 	1107 	3922
f 3634 	2909 	2908
f 3968 	1084 	3965
f 3964 	3993 	3961
f 3966 	3696 	3844
f 3963 	3960 	1120
f 3266 	3267 	3969
f 3697 	3969 	3267
f 3697 	1371 	3969
f 3973 	3951 	3971
f 3972 	3973 	3971
f 3951 	3952 	3971
f 3952 	3953 	3971
f 4032 	3699 	3698
f 1120 	1084 	3962
f 1107 	1120 	3960
f 3960 	3959 	1107
f 3959 	3922 	1107
f 3994 	3958 	3993
f 3961 	3993 	3948
f 3964 	3965 	3993
f 3701 	4036 	3702
f 3974 	3993 	3975
f 3948 	3993 	3974
f 4036 	3703 	3702
f 2097 	3944 	2095
f 3983 	3995 	3987
f 2095 	3944 	3979
f 3979 	3944 	3978
f 3977 	3978 	3994
f 3982 	3977 	3994
f 3985 	3988 	3997
f 3986 	3987 	3996
f 3995 	3996 	3987
f 4000 	3997 	3988
f 3990 	4004 	3989
f 3988 	3989 	4000
f 3984 	3985 	3997
f 3983 	3984 	3995
f 3981 	3982 	3994
f 3981 	3994 	3991
f 3994 	3978 	3944
f 3996 	3833 	3980
f 3976 	3980 	3833
f 3997 	3995 	3984
f 3698 	4033 	4032
f 4000 	3989 	3999
f 4002 	4003 	4001
f 3990 	4001 	4003
f 3990 	4003 	4004
f 3998 	3989 	4004
f 3999 	3989 	3998
f 4007 	4011 	4006
f 4009 	4006 	4010
f 4026 	4008 	4010
f 3701 	4035 	4036
f 4010 	4006 	4011
f 4005 	3815 	4007
f 4033 	3698 	3703
f 4032 	3704 	3699
f 4012 	3281 	4016
f 4017 	3815 	4005
f 260 	3815 	4017
f 4021 	3994 	4020
f 3994 	4021 	4018
f 3994 	4018 	3991
f 3281 	4022 	3994
f 4020 	3994 	4019
f 4046 	3706 	3705
f 4024 	4025 	3281
f 4025 	4022 	3281
f 4019 	3994 	4022
f 4027 	4029 	4026
f 4009 	4010 	4008
f 4030 	4008 	4026
f 4029 	4027 	4028
f 4030 	4026 	4029
f 3719 	3721 	4053
f 4052 	4053 	3721
f 4053 	4040 	3719
f 244 	3281 	230
f 230 	3281 	4031
f 246 	250 	3281
f 244 	246 	3281
f 4027 	252 	4028
f 3714 	3719 	4040
f 4028 	252 	250
f 3281 	250 	252
f 3281 	252 	4023
f 4024 	3281 	4023
f 259 	3281 	254
f 257 	4031 	3281
f 259 	257 	3281
f 4012 	254 	3281
f 4015 	4016 	3281
f 4044 	3713 	3712
f 4014 	4015 	3281
f 3714 	4040 	3712
f 4044 	3712 	4040
f 4013 	4014 	3281
f 3705 	4039 	4046
f 4011 	4007 	3815
f 2034 	3815 	260
f 266 	3281 	265
f 2038 	2040 	3281
f 3715 	4048 	3716
f 4047 	3716 	4048
f 266 	4013 	3281
f 3717 	4049 	3718
f 4052 	3721 	3720
f 3912 	844 	3911
f 272 	270 	3912
f 270 	844 	3912
f 3716 	4047 	3717
f 4049 	3717 	4047
f 850 	852 	3915
f 3701 	3727 	4035
f 858 	1032 	864
f 869 	274 	867
f 274 	917 	867
f 866 	867 	917
f 862 	866 	917
f 875 	3911 	844
f 4037 	3703 	4036
f 4033 	3703 	4037
f 875 	856 	3916
f 3915 	3916 	856
f 3915 	856 	851
f 851 	850 	3915
f 879 	3924 	880
f 3704 	4032 	4038
f 4039 	3705 	3704
f 4039 	3704 	4038
f 884 	3921 	883
f 3915 	852 	3921
f 883 	3921 	852
f 3700 	3708 	4034
f 4041 	4034 	3708
f 880 	3925 	884
f 3967 	3962 	1084
f 3962 	3963 	1120
f 3710 	4042 	3708
f 891 	1480 	889
f 889 	1482 	887
f 3912 	3913 	1420
f 905 	859 	910
f 920 	910 	859
f 859 	862 	920
f 922 	1418 	902
f 903 	272 	1420
f 3912 	1420 	272
f 902 	1418 	898
f 1028 	898 	1418
f 1035 	859 	905
f 1034 	859 	1035
f 1032 	859 	1034
f 917 	920 	862
f 1028 	1882 	1042
f 1042 	1077 	1044
f 3715 	3706 	4048
f 4048 	3706 	4046
f 1050 	893 	1032
f 1039 	1041 	1077
f 1047 	1039 	1077
f 1041 	1044 	1077
f 1048 	1047 	1077
f 1050 	1048 	1077
f 1077 	893 	1050
f 859 	1032 	858
f 4041 	3708 	4042
f 3711 	4043 	4042
f 3711 	4042 	3710
f 891 	1052 	1053
f 1533 	1532 	891
f 1053 	1533 	891
f 1478 	1480 	891
f 4044 	4045 	3713
f 1062 	3208 	1061
f 3711 	3713 	4043
f 4045 	4043 	3713
f 1066 	1068 	2377
f 1066 	2377 	1065
f 1074 	1075 	2794
f 864 	1032 	893
f 4049 	4050 	3718
f 4051 	3720 	4050
f 3718 	4050 	3720
f 3720 	4051 	4052
f 3835 	3316 	3926
f 4054 	3795 	3926
f 3321 	3785 	3787
f 3321 	3787 	3322
f 3321 	3324 	3785
f 3325 	3319 	3788
f 3787 	3323 	3322
f 4054 	3926 	3790
f 4054 	3792 	3926
f 3835 	3313 	3926
f 4054 	3926 	3794
f 3320 	3926 	3795
f 3796 	3326 	3798
f 4058 	4057 	3725
f 3802 	3814 	3342
f 3724 	4061 	3725
f 3802 	3342 	3795
f 3320 	3795 	3342
f 4077 	4059 	3737
f 3803 	3334 	3804
f 3728 	4063 	3729
f 3804 	3333 	3805
f 4072 	3738 	3733
f 3806 	3805 	3343
f 3729 	4063 	3733
f 4072 	3733 	4063
f 3734 	4073 	3736
f 4075 	4071 	3736
f 3809 	3336 	3332
f 3338 	3808 	3339
f 3809 	3811 	3336
f 3340 	3339 	3807
f 4056 	4035 	3727
f 4056 	3727 	4057
f 3726 	4057 	3727
f 3805 	3344 	3343
f 3726 	3725 	4057
f 4058 	3725 	4061
f 3817 	3348 	3347
f 4060 	4061 	3723
f 3732 	3731 	4067
f 3735 	3732 	4067
f 3734 	3700 	4073
f 4074 	4065 	3735
f 3355 	3826 	3825
f 3359 	3830 	3356
f 3740 	3739 	4079
f 3741 	4080 	3739
f 4079 	3739 	4080
f 3747 	4088 	3737
f 3819 	3349 	3350
f 3722 	4059 	3723
f 3350 	2154 	3819
f 3724 	3723 	4061
f 3822 	3707 	3352
f 3824 	3353 	3357
f 3826 	3355 	3354
f 3359 	3828 	3830
f 3360 	3358 	3829
f 3645 	2921 	2920
f 3829 	1693 	3360
f 3645 	3647 	2921
f 3832 	3362 	3803
f 3334 	3803 	3362
f 3362 	3832 	3361
f 3311 	3352 	3707
f 3312 	3323 	3709
f 3728 	4065 	4063
f 4071 	4068 	3730
f 4073 	3700 	4034
f 4075 	3736 	4073
f 3730 	3736 	4071
f 4076 	4080 	3738
f 4055 	3792 	4054
f 4054 	3790 	4055
f 4060 	3723 	4059
f 3722 	3737 	4059
f 3757 	3778 	3756
f 4062 	228 	4064
f 4064 	3751 	4066
f 3758 	3780 	3757
f 3731 	4068 	4067
f 205 	3755 	3779
f 4070 	3752 	4069
f 4074 	3735 	4067
f 4066 	3751 	4070
f 3731 	3730 	4068
f 4069 	3753 	205
f 1643 	4069 	205
f 3752 	4070 	3751
f 228 	1208 	232
f 1591 	3759 	3760
f 1268 	1264 	1250
f 3728 	3735 	4065
f 239 	237 	1220
f 1264 	1218 	1251
f 228 	3751 	4064
f 1239 	1227 	238
f 241 	232 	1208
f 1251 	1250 	1264
f 1208 	228 	4062
f 4076 	3738 	4072
f 1250 	1302 	1268
f 1314 	1268 	1302
f 237 	1251 	1218
f 1218 	1220 	237
f 1220 	1222 	239
f 1222 	1234 	239
f 1234 	1236 	239
f 238 	239 	1236
f 232 	241 	1217
f 241 	238 	1217
f 1236 	1239 	238
f 1227 	1217 	238
f 4078 	3740 	4079
f 3795 	4054 	4055
f 3741 	3738 	4080
f 3748 	4081 	3742
f 3265 	3248 	4081
f 3742 	4081 	3248
f 3324 	3786 	3785
f 4082 	3744 	3743
f 4082 	3743 	4083
f 4083 	3743 	4089
f 3745 	4084 	4085
f 3745 	4085 	3746
f 4081 	3748 	4086
f 4087 	3749 	3746
f 4087 	3746 	4085
f 4084 	3745 	3744
f 4084 	3744 	4082
f 3749 	4087 	4086
f 3749 	4086 	3748
f 3246 	3261 	3747
f 3261 	4088 	3747
f 3315 	3791 	3790
f 4089 	3750 	4078
f 3740 	4078 	3750
f 4077 	3737 	4088
f 4089 	3743 	3750
f 4090 	3792 	4055
f 3756 	4091 	4092
f 3756 	4092 	3757
f 3755 	4093 	4091
f 3755 	4091 	3756
f 3752 	4094 	4095
f 3752 	4095 	3753
f 4055 	3790 	4090
f 3754 	4096 	4093
f 3754 	4093 	3755
f 4055 	4054 	3794
f 3753 	4095 	4096
f 3753 	4096 	3754
f 3751 	229 	4097
f 3751 	4097 	4094
f 3751 	4094 	3752
f 4055 	4090 	3795
f 3758 	4098 	3761
f 3327 	3326 	3797
f 3757 	4092 	4098
f 3757 	4098 	3758
f 4099 	3760 	3759
f 4099 	3759 	4100
f 1590 	3760 	4099
f 3834 	3327 	3797
f 3798 	3329 	3799
f 4102 	3761 	4098
f 3763 	4105 	3764
f 3341 	3340 	3801
f 3331 	3342 	3814
f 1413 	3767 	3766
f 3333 	3804 	3334
f 3344 	3805 	3333
f 3331 	3814 	3332
f 3813 	3332 	3814
f 4102 	4101 	3761
f 3762 	3761 	4101
f 220 	3765 	4103
f 3335 	3811 	3343
f 4104 	3764 	4105
f 3762 	4101 	4105
f 3762 	4105 	3763
f 4106 	3768 	3767
f 4108 	1609 	3770
f 3769 	4109 	3770
f 3768 	4106 	3769
f 1282 	1306 	1276
f 1276 	1305 	1274
f 1274 	1294 	2269
f 4110 	3772 	3771
f 1294 	1274 	1305
f 1287 	2270 	1294
f 1298 	1296 	1312
f 1282 	1312 	1296
f 3772 	4110 	4112
f 3772 	4112 	3773
f 1298 	1314 	1302
f 3765 	3774 	4113
f 1305 	1276 	1306
f 4113 	3774 	4112
f 3773 	4112 	3774
f 1296 	1306 	1282
f 3764 	4104 	3766
f 1314 	1298 	1312
f 1592 	3759 	1591
f 26 	1601 	1599
f 27 	1601 	26
f 1603 	30 	1604
f 30 	3697 	1604
f 29 	1599 	1601
f 29 	1601 	28
f 1613 	3775 	1606
f 3767 	4107 	4106
f 1629 	1630 	1634
f 1608 	1606 	3775
f 4108 	3770 	4109
f 1606 	1616 	1613
f 4109 	3769 	4106
f 4107 	3767 	1413
f 4110 	3771 	4111
f 3771 	3776 	4111
f 1616 	1634 	1630
f 1630 	1613 	1616
f 1629 	1634 	1633
f 1624 	1634 	1627
f 1626 	1627 	1634
f 1625 	1634 	1624
f 1628 	1626 	1634
f 1632 	1628 	1634
f 1620 	1632 	1634
f 1619 	1620 	1634
f 1635 	1619 	1634
f 1631 	1634 	1625
f 1621 	1634 	1631
f 1623 	1634 	1621
f 1633 	1634 	1623
f 4103 	3765 	4113
f 1634 	1637 	1636
f 1636 	1635 	1634
f 1413 	3766 	4104
f 2251 	2263 	2250
f 1613 	214 	3775
f 213 	4111 	3776
f 205 	1654 	1643
f 1650 	1643 	1653
f 1649 	1647 	1643
f 1647 	1639 	1643
f 1639 	1638 	1643
f 1641 	1643 	1638
f 1641 	1652 	1640
f 1652 	1641 	1645
f 1651 	1640 	1652
f 1638 	1645 	1641
f 1650 	1649 	1643
f 1653 	1643 	1654
f 2250 	2263 	1661
f 1661 	1658 	3
f 1 	3 	1658
f 2257 	2255 	2249
f 2246 	2253 	2247
f 2250 	2248 	2252
f 2253 	2252 	2248
f 2252 	2251 	2250
f 2248 	2247 	2253
f 2256 	2254 	2257
f 2254 	2255 	2257
f 2253 	2249 	2255
f 2246 	2249 	2253
f 22 	2262 	2260
f 2259 	2260 	2261
f 2261 	2258 	2259
f 2256 	2259 	2258
f 2256 	2258 	2254
f 42 	22 	2260
f 2261 	2260 	2262
f 2264 	1661 	2263
f 2265 	1661 	2264
f 1658 	1661 	2265
f 2272 	2271 	2267
f 2267 	2268 	2272
f 2273 	2272 	2268
f 2269 	1294 	2270
f 2270 	1287 	2271
f 1642 	2266 	2268
f 2273 	2268 	2266
f 2266 	1642 	1651
f 2267 	2271 	1287
f 1640 	1651 	1642
f 3092 	3170 	3093
f 3172 	3849 	3170
f 3851 	3377 	3289
f 3851 	3378 	3377
f 3382 	3862 	3383
f 3375 	3854 	3376
f 3851 	3857 	3378
f 3857 	3856 	3378
f 1379 	2830 	3384
f 3382 	3381 	3862
f 3174 	3850 	3172
f 3854 	3375 	3374
f 3856 	3850 	3379
f 1378 	3374 	2829
f 3380 	3859 	3381
f 3852 	3851 	3289
f 3853 	3376 	3854
f 3853 	3852 	3376
f 3383 	3860 	3384
f 3861 	3381 	3859
f 3381 	3861 	3862
f 3093 	3170 	3848
f 3849 	3848 	3170
f 3849 	3172 	3850
f 3289 	3376 	3852
f 3174 	3379 	3850
f 3379 	3378 	3856
f 3374 	3855 	3854
f 3855 	3374 	1378
f 3384 	3858 	1379
f 3858 	3384 	3860
f 3383 	3862 	3860
f 3380 	3386 	3859
f 3863 	3859 	3386
f 3385 	3864 	3863
f 3385 	3863 	3386
f 3385 	3119 	3163
f 3864 	3385 	3163
f 3387 	3874 	3388
f 3870 	3396 	3876
f 3094 	3880 	3399
f 3880 	3402 	3399
f 3657 	3656 	2931
f 2906 	3631 	2907
f 3391 	3868 	3392
f 3402 	3879 	3391
f 3397 	3396 	3870
f 3631 	2906 	2911
f 3871 	3882 	3390
f 2903 	3626 	2908
f 3389 	3872 	3390
f 3395 	3876 	3396
f 3807 	3339 	3808
f 3815 	3810 	3345
f 3337 	3345 	3810
f 3810 	3808 	3337
f 3335 	3336 	3811
f 3314 	3784 	3783
f 3324 	3788 	3786
f 3793 	4114 	3790
f 4114 	3792 	4090
f 3341 	3801 	3794
f 4090 	3790 	4114
f 4114 	4090 	3794
f 4090 	4055 	3794
f 3795 	4090 	4114
f 3643 	2916 	2915
f 3314 	3707 	3784
f 3789 	3323 	3787
f 3709 	3323 	3789
f 3315 	3318 	3791
f 3792 	3791 	3318
f 3318 	3926 	3792
f 3793 	3792 	4114
f 2125 	2101 	2923
f 3793 	4114 	3794
f 3795 	4114 	3793
f 3340 	3812 	3801
f 2913 	3636 	2911
f 3806 	3343 	3811
f 2912 	3636 	2913
f 3638 	3637 	2914
f 3338 	3337 	3808
f 3807 	3812 	3340
f 3809 	3332 	3813
f 1074 	2794 	1068
f 1077 	2794 	1075
f 1062 	1065 	3208
f 1059 	1061 	3208
f 1086 	3993 	1084
f 3993 	3965 	1084
f 1081 	3993 	1086
f 887 	1482 	1117
f 1113 	1117 	1110
f 1110 	1117 	1101
f 2922 	3647 	2923
f 3968 	3967 	1084
f 1096 	3272 	1080
f 3272 	3993 	1080
f 3992 	3993 	3272
f 1081 	1080 	3993
f 2924 	3653 	2925
f 1531 	3277 	1471
f 1478 	891 	1476
f 1481 	889 	1480
f 1482 	889 	1481
f 1101 	1117 	1482
f 1474 	1476 	891
f 1532 	1474 	891
f 3820 	3346 	3349
f 3831 	3817 	3361
f 3820 	3821 	3346
f 3351 	3346 	3821
f 3822 	3352 	3821
f 3353 	3824 	3354
f 2919 	3642 	2920
f 2922 	2921 	3647
f 3357 	3356 	3830
f 3359 	3348 	3828
f 3348 	3816 	3828
f 3371 	3360 	1693
f 3817 	3816 	3348
f 3820 	3349 	3818
f 3818 	3349 	3819
f 3351 	3821 	3352
f 3824 	3823 	3354
f 3354 	3823 	3826
f 3357 	3827 	3824
f 2933 	3656 	2927
f 2117 	2141 	2931
f 3657 	2931 	2141
f 3830 	3827 	3357
f 2925 	3653 	2932
f 3347 	3361 	3817
f 2933 	2931 	3656
f 3631 	3630 	2907
f 3832 	3831 	3361
f 2907 	3630 	3622
f 3363 	3833 	3996
f 3327 	3834 	3364
f 3833 	3363 	3364
f 3833 	3364 	3834
f 1682 	3368 	1685
f 3634 	2908 	3626
f 3369 	1685 	3368
f 3367 	1684 	3370
f 1690 	3366 	3365
f 1690 	3365 	1691
f 1691 	3365 	3371
f 820 	3366 	1690
f 1685 	3369 	3370
f 816 	1958 	3372
f 3373 	1959 	3367
f 3372 	1958 	3373
f 1534 	3277 	1531
f 2919 	2929 	3642
f 3208 	3210 	1059
f 1546 	3216 	1534
f 3209 	3215 	1484
f 3639 	3641 	2917
f 1471 	3277 	1548
f 1096 	1549 	3272
f 3272 	1549 	1548
f 3876 	3395 	3398
f 3400 	3878 	3401
f 2924 	3652 	3653
f 3877 	3894 	3401
f 3865 	3875 	3394
f 3393 	3866 	3394
f 3865 	3394 	3866
f 3392 	3867 	3393
f 3866 	3393 	3867
f 3867 	3392 	3868
f 3868 	3391 	3879
f 3869 	3397 	3870
f 3869 	1976 	3397
f 1618 	3397 	1976
f 1929 	1894 	1418
f 1418 	1894 	1885
f 1418 	1885 	1883
f 1884 	1418 	1883
f 1882 	1028 	1884
f 1028 	1418 	1884
f 1912 	1417 	1908
f 1418 	1417 	1924
f 1907 	1417 	1932
f 1908 	1417 	1907
f 1921 	1924 	1417
f 1418 	1924 	1927
f 1927 	1929 	1418
f 1938 	1417 	1912
f 1417 	1938 	1916
f 1417 	1916 	1917
f 1917 	1921 	1417
f 2362 	1077 	2360
f 2365 	1077 	2362
f 2361 	1042 	1903
f 1903 	1042 	1882
f 2360 	1077 	2361
f 1042 	2361 	1077
f 2365 	2368 	1077
f 1417 	3173 	1932
f 2927 	3651 	2928
f 2363 	1932 	3173
f 2364 	2363 	3173
f 2929 	3649 	3642
f 2917 	2910 	3632
f 3633 	2909 	3634
f 3635 	3631 	2911
f 2364 	3175 	2376
f 2376 	3175 	2375
f 2374 	2375 	3175
f 2374 	2371 	2375
f 2370 	2375 	2371
f 2370 	2372 	2375
f 2373 	2375 	2372
f 3632 	2910 	2909
f 3632 	2909 	3633
f 2368 	2367 	1077
f 2366 	2369 	1077
f 3208 	1065 	2377
f 3210 	3209 	1059
f 2911 	3636 	3635
f 3777 	215 	3776
f 214 	215 	3775
f 3775 	215 	3777
f 3778 	217 	3779
f 216 	3779 	217
f 3780 	218 	3778
f 217 	3778 	218
f 2779 	1077 	2780
f 2784 	2786 	1077
f 2780 	1077 	2786
f 2788 	1077 	2779
f 2787 	1077 	2788
f 2783 	1077 	2787
f 2782 	1077 	2783
f 2793 	1077 	2782
f 2785 	2784 	1077
f 2369 	2789 	1077
f 2789 	2785 	1077
f 2366 	1077 	2367
f 219 	3782 	220
f 3781 	220 	3782
f 220 	3781 	3765
f 2377 	1068 	2794
f 2794 	1077 	2793
f 216 	205 	3779
f 219 	218 	3782
f 3780 	3782 	218
f 2792 	2791 	2795
f 2791 	2790 	2795
f 2796 	2795 	2790
f 2790 	3178 	2796
f 3011 	3012 	1420
f 1417 	1418 	1420
f 3013 	1417 	3012
f 4058 	4061 	3039
f 3020 	1417 	3018
f 3025 	1417 	3020
f 3044 	3048 	31
f 3027 	1417 	3028
f 3030 	3028 	1417
f 3034 	1417 	3025
f 1417 	1420 	3012
f 3022 	1417 	3034
f 3030 	1417 	3022
f 3013 	3018 	1417
f 4036 	4035 	3045
f 1420 	31 	3009
f 3009 	3011 	1420
f 3048 	3036 	31
f 3036 	3009 	31
f 3015 	3041 	4060
f 4061 	4060 	3041
f 3041 	3039 	4061
f 3027 	3171 	1417
f 1417 	3171 	3173
f 3173 	3175 	2364
f 3160 	4077 	3159
f 3159 	4077 	3177
f 3231 	2796 	3178
f 3183 	3181 	3182
f 3183 	3182 	2773
f 3177 	4077 	3176
f 3176 	4077 	3181
f 3261 	3249 	4077
f 3252 	3179 	4077
f 3180 	3182 	4077
f 3181 	4077 	3182
f 1484 	1059 	3209
f 3213 	3277 	3212
f 3216 	3211 	3277
f 3211 	3212 	3277
f 3215 	3216 	1484
f 1546 	1484 	3216
f 3277 	1534 	3216
f 3225 	3224 	3255
f 3228 	3229 	3255
f 3222 	3277 	3214
f 3223 	3277 	3222
f 3229 	3230 	3257
f 3257 	3255 	3229
f 3218 	3277 	3219
f 3219 	3277 	3226
f 3223 	3226 	3277
f 3213 	3214 	3277
f 3227 	3277 	3218
f 3221 	3255 	3227
f 3220 	3217 	3255
f 3258 	3257 	3230
f 3259 	3258 	3230
f 3231 	3259 	3230
f 3178 	3260 	3231
f 3179 	3180 	4077
f 3253 	3277 	3254
f 3250 	3264 	3278
f 3250 	3278 	3251
f 3256 	3251 	3277
f 3217 	3225 	3255
f 3221 	3220 	3255
f 3277 	3227 	3255
f 3224 	3228 	3255
f 3255 	3254 	3277
f 3253 	3256 	3277
f 3260 	3259 	3231
f 3249 	3252 	4077
f 3265 	3262 	3261
f 3262 	3249 	3261
f 3262 	3265 	3278
f 3264 	3263 	3278
f 4086 	3278 	3265
f 3263 	3262 	3278
f 3277 	3251 	3278
f 3272 	1548 	3277
f 269 	3274 	3283
f 3969 	3841 	3266
f 3271 	3992 	3272
f 3278 	3266 	3277
f 3268 	3266 	3278
f 3283 	1377 	3281
f 3894 	3877 	1377
f 263 	265 	3281
f 1371 	2608 	3969
f 3836 	3283 	3274
f 3838 	2607 	3837
f 3837 	2660 	3836
f 3839 	2607 	3838
f 3840 	2607 	3839
f 3277 	3266 	3841
f 3843 	3969 	3842
f 3842 	3969 	3845
f 221 	4062 	4064
f 221 	4064 	222
f 3846 	3969 	3843
f 3841 	3969 	3846
f 4066 	223 	4064
f 222 	4064 	223
f 3969 	2607 	3847
f 224 	4070 	4069
f 3966 	3969 	3847
f 224 	223 	4070
f 4066 	4070 	223
f 4069 	1643 	225
f 3847 	2607 	3840
f 3969 	3966 	3844
f 3969 	3844 	3845
f 2660 	3837 	2607
f 3283 	3836 	1377
f 1365 	2618 	1371
f 2615 	2608 	1371
f 4033 	4037 	3045
f 4035 	4056 	3045
f 4037 	4036 	3045
f 4032 	4033 	3045
f 3045 	4038 	4032
f 4042 	4076 	4041
f 4043 	4076 	4042
f 4045 	4076 	4043
f 4052 	4082 	4053
f 4044 	4076 	4045
f 4072 	4063 	4041
f 3045 	3043 	31
f 3043 	3044 	31
f 3045 	31 	4038
f 4050 	4049 	4082
f 4053 	4082 	4040
f 4052 	4051 	4082
f 4051 	4050 	4082
f 4049 	4100 	4082
f 31 	4100 	4047
f 4048 	31 	4047
f 4046 	31 	4048
f 3039 	3045 	4057
f 4059 	4077 	3015
f 3169 	3015 	4077
f 4056 	4057 	3045
f 3167 	3169 	4077
f 4057 	4058 	3039
f 4060 	4059 	3015
f 3164 	3167 	4077
f 3160 	3164 	4077
f 4068 	4041 	4067
f 4034 	4075 	4073
f 4074 	4041 	4065
f 4063 	4065 	4041
f 4067 	4041 	4074
f 4071 	4075 	4041
f 4034 	4041 	4075
f 4072 	4041 	4076
f 4088 	3261 	4077
f 4068 	4071 	4041
f 4040 	4076 	4044
f 4080 	4082 	4079
f 1593 	4082 	4100
f 4049 	4047 	4100
f 4083 	4089 	4082
f 3265 	4081 	4086
f 4087 	4085 	4084
f 4087 	1594 	4086
f 4084 	1593 	4087
f 4078 	4079 	4082
f 4076 	4040 	4082
f 4080 	4076 	4082
f 4089 	4078 	4082
f 4096 	4099 	4093
f 4095 	4099 	4096
f 4094 	1590 	4095
f 4097 	1590 	4094
f 31 	4099 	4100
f 4092 	4099 	4098
f 4091 	4099 	4092
f 4091 	4093 	4099
f 1413 	4104 	31
f 4084 	4082 	1593
f 4102 	4099 	4101
f 4098 	4099 	4102
f 217 	218 	4112
f 4101 	4099 	4105
f 4099 	31 	4105
f 4104 	4105 	31
f 4107 	31 	4106
f 4106 	31 	4109
f 1413 	31 	4107
f 216 	217 	4112
f 4110 	226 	4112
f 4111 	226 	4110
f 220 	4103 	219
f 218 	219 	4103
f 4103 	4113 	218
f 4113 	4112 	218
f 213 	226 	4111
f 215 	226 	213
f 214 	226 	215
f 2226 	226 	214
f 2228 	2240 	226
f 233 	234 	225
f 224 	225 	234
f 1542 	221 	235
f 221 	222 	235
f 222 	223 	235
f 234 	235 	223
f 223 	224 	234
f 1590 	4097 	229
f 4099 	4095 	1590
f 1590 	229 	231
f 1539 	235 	1538
f 1540 	235 	1539
f 1542 	235 	1540
f 1553 	1590 	1547
f 1547 	1590 	231
f 1590 	1561 	1559
f 1558 	1590 	1559
f 1561 	1590 	1553
f 1552 	1590 	1558
f 1565 	1590 	1550
f 1551 	1590 	1552
f 1590 	1565 	1598
f 1536 	235 	1571
f 1571 	235 	1572
f 1353 	1576 	1263
f 1263 	1265 	1353
f 1578 	1577 	1353
f 1577 	1576 	1353
f 1261 	1580 	1582
f 1586 	1260 	1582
f 1587 	1260 	1586
f 1583 	235 	1587
f 1584 	235 	1583
f 1585 	235 	1584
f 1572 	235 	1585
f 1260 	1587 	236
f 1588 	1353 	1589
f 1589 	1598 	1567
f 1551 	1550 	1590
f 1567 	1598 	1565
f 1578 	1353 	1588
f 1598 	1589 	1353
f 1598 	1594 	1593
f 1590 	1598 	1593
f 1593 	1594 	4087
f 3278 	4086 	1594
f 1605 	1594 	1602
f 1365 	1602 	1598
f 1594 	1598 	1602
f 1371 	1602 	1365
f 1609 	31 	1607
f 1219 	2245 	1214
f 4108 	31 	1609
f 4109 	31 	4108
f 2227 	1607 	1211
f 2230 	226 	2231
f 2232 	226 	2230
f 2228 	226 	2229
f 253 	226 	2240
f 2229 	226 	2232
f 2231 	226 	2226
f 2235 	253 	2236
f 253 	2233 	2243
f 2240 	2236 	253
f 2238 	253 	2235
f 2237 	253 	2238
f 2234 	253 	2241
f 2234 	2233 	253
f 2239 	2241 	253
f 1211 	1214 	2227
f 2242 	1214 	2245
f 253 	2243 	2244
f 2245 	253 	2244
f 1219 	253 	2245
f 2237 	2239 	253
f 216 	4112 	226
f 2227 	1214 	2242
f 258 	253 	1219
f 3871 	3390 	3872
f 3872 	3389 	3873
f 3388 	3873 	3389
f 3388 	3874 	3873
f 3875 	3398 	3394
f 3876 	3398 	3875
f 3878 	3877 	3401
f 3878 	3400 	3404
f 3879 	3402 	3880
f 3403 	3390 	3882
f 3404 	3881 	3878
f 3881 	3404 	3882
f 3403 	3882 	3404
f 3414 	3890 	3387
f 3407 	3884 	3408
f 3410 	3886 	3411
f 3884 	3407 	3405
f 3890 	3414 	3413
f 3890 	3413 	3891
f 3874 	3387 	3890
f 3885 	3411 	3886
f 3886 	3410 	3409
f 3885 	3412 	3411
f 3406 	3888 	2067
f 3408 	3884 	3883
f 3888 	3406 	3883
f 3408 	3883 	3406
f 3887 	3409 	2071
f 3884 	3405 	3892
f 3891 	3413 	3412
f 3405 	3893 	3892
f 3415 	3893 	3405
f 3415 	2011 	3893
f 2006 	2071 	3409
f 3409 	3887 	3886
f 3889 	3412 	3885
f 3891 	3412 	3889
f 3416 	3401 	3894
f 3416 	3894 	3144
f 3102 	3416 	3144
f 3895 	3418 	3417
f 3895 	3417 	3896
f 3897 	3420 	3419
f 3897 	3419 	3898
f 3420 	3897 	3430
f 3910 	3430 	3897
f 3898 	3419 	3418
f 3898 	3418 	3895
f 3417 	3944 	3896
f 3421 	3902 	3906
f 3421 	3906 	3422
f 3423 	3900 	3899
f 3423 	3899 	3424
f 3900 	3423 	3425
f 3900 	3425 	3901
f 3905 	3424 	3899
f 3422 	3906 	3901
f 3422 	3901 	3425
f 3426 	3909 	3908
f 3426 	3908 	3427
f 3909 	3428 	3904
f 3909 	3426 	3428
f 3424 	3905 	3429
f 3904 	3428 	3429
f 3904 	3429 	3905
f 3902 	3421 	3431
f 3902 	3431 	3903
f 3903 	3431 	3430
f 3903 	3430 	3910
f 3907 	3465 	3432
f 3907 	3432 	3427
f 3907 	3427 	3908
f 3466 	3944 	3417
f 3434 	3911 	3439
f 3911 	3434 	3436
f 3911 	3436 	3912
f 3912 	3436 	3913
f 3433 	3913 	3436
f 3435 	3914 	3913
f 3435 	3913 	3433
f 3927 	3444 	3443
f 3927 	3443 	3450
f 3451 	3932 	3931
f 3451 	3931 	3452
f 3931 	3930 	3452
f 3438 	3917 	3435
f 3917 	3438 	3918
f 3441 	3918 	3438
f 3442 	3918 	3441
f 3437 	3920 	3442
f 3921 	3445 	3440
f 3446 	3445 	3921
f 3450 	3928 	3927
f 3450 	3930 	3928
f 3932 	3451 	3453
f 3454 	3930 	3450
f 3454 	3452 	3930
f 3439 	3916 	3440
f 3915 	3440 	3916
f 3916 	3439 	3911
f 3921 	3440 	3915
f 3917 	3914 	3435
f 3442 	3919 	3918
f 3920 	3919 	3442
f 3448 	3923 	3449
f 3922 	3449 	3923
f 3923 	3448 	3447
f 3923 	3447 	3924
f 3924 	3447 	3446
f 3924 	3446 	3925
f 3925 	3446 	3921
f 3929 	3444 	3927
f 3929 	3920 	3444
f 3437 	3444 	3920
f 3932 	3453 	3933
f 3936 	3935 	3459
f 3461 	3942 	3462
f 3947 	3946 	3462
f 3460 	3459 	3935
f 3935 	3464 	3460
f 3939 	3456 	3940
f 3939 	3941 	3456
f 3457 	3456 	3941
f 3457 	3941 	3458
f 3458 	3942 	3461
f 3947 	3462 	3942
f 3936 	3459 	3463
f 3938 	3937 	3465
f 3907 	3938 	3465
f 3455 	3940 	3456
f 3458 	3943 	3942
f 3467 	3946 	3468
f 3467 	3462 	3946
f 3936 	3463 	3937
f 3934 	3464 	3935
f 3463 	3465 	3937
f 3458 	3941 	3943
f 3944 	3466 	3945
f 3468 	3945 	3466
f 3945 	3468 	3946
f 3477 	3956 	3475
f 3479 	3957 	3477
f 3956 	3477 	3957
f 3464 	3934 	3479
f 3489 	3973 	3490
f 3971 	3970 	3491
f 3972 	3971 	3490
f 3490 	3971 	3491
f 3933 	3453 	3970
f 3489 	3469 	3951
f 3474 	3952 	3469
f 3951 	3469 	3952
f 3473 	3949 	3455
f 3952 	3474 	3478
f 3957 	3479 	3934
f 3494 	3958 	3471
f 3959 	3480 	3449
f 3959 	3960 	3480
f 3482 	3963 	3483
f 3962 	3483 	3963
f 3483 	3962 	3484
f 3486 	3485 	3968
f 3484 	3967 	3485
f 3972 	3490 	3973
f 3492 	3491 	3970
f 3492 	3970 	3453
f 3963 	3482 	3481
f 3470 	3974 	3493
f 3470 	3948 	3974
f 3488 	3961 	3948
f 3488 	3948 	3470
f 2912 	3637 	3636
f 2912 	2914 	3637
f 2926 	3638 	2914
f 3643 	3644 	2916
f 3639 	2917 	3632
f 3643 	2915 	2918
f 3641 	3643 	2918
f 2920 	3642 	3640
f 2920 	3640 	3645
f 3646 	2125 	2923
f 2926 	3648 	3638
f 3655 	3648 	2932
f 2930 	3654 	3652
f 2930 	3652 	2924
f 2918 	2917 	3641
f 2923 	3647 	3646
f 2926 	2932 	3648
f 2928 	3650 	3649
f 2928 	3649 	2929
f 3651 	3650 	2928
f 2930 	2916 	3654
f 3644 	3654 	2916
f 2932 	3653 	3655
f 2927 	3656 	3651
f 1340 	1439 	2934
f 2875 	3593 	2934
f 1347 	3602 	2936
f 1347 	2936 	2935
f 2937 	1357 	2938
f 1357 	2937 	2939
f 1387 	1879 	1458
f 2940 	1380 	2939
f 1387 	1458 	2942
f 1387 	2942 	2941
f 1386 	1387 	2941
f 1395 	2943 	2102
f 2944 	2943 	1395
f 3949 	3473 	3950
f 3472 	3950 	3473
f 3940 	3455 	3949
f 3475 	3955 	3476
f 3954 	3476 	3955
f 3475 	3956 	3955
f 3952 	3478 	3953
f 3476 	3954 	3478
f 3953 	3478 	3954
f 3950 	3472 	3958
f 3471 	3958 	3472
f 3494 	3975 	3958
f 3959 	3449 	3922
f 3481 	3480 	3960
f 3961 	3488 	3964
f 3487 	3964 	3488
f 3486 	3965 	3964
f 3486 	3964 	3487
f 3967 	3484 	3962
f 3965 	3486 	3968
f 3968 	3485 	3967
f 3489 	3951 	3973
f 3481 	3960 	3963
f 3493 	3974 	3494
f 3975 	3494 	3974
f 3498 	3976 	2151
f 3500 	3990 	3501
f 3504 	3988 	3508
f 3988 	3504 	3501
f 2152 	2151 	3976
f 3495 	3978 	3496
f 3976 	3498 	3497
f 3977 	3982 	3496
f 2095 	3499 	1521
f 3502 	3982 	3503
f 3981 	3503 	3982
f 3977 	3496 	3978
f 3978 	3495 	3499
f 3978 	3499 	3979
f 3979 	3499 	2095
f 3497 	3980 	3976
f 3502 	3496 	3982
f 3989 	3501 	3990
f 3983 	3506 	3984
f 3505 	3984 	3506
f 3508 	3985 	3984
f 3508 	3984 	3505
f 3987 	3507 	3983
f 3506 	3983 	3507
f 3980 	3497 	3986
f 3509 	3986 	3497
f 3507 	3987 	3986
f 3507 	3986 	3509
f 3988 	3985 	3508
f 3501 	3989 	3988
f 3510 	3991 	3537
f 3991 	3510 	3503
f 3981 	3991 	3503
f 3511 	3992 	3270
f 3271 	3270 	3992
f 3992 	3511 	3512
f 3992 	3512 	3993
f 3280 	3281 	3994
f 3280 	3994 	3513
f 3993 	3512 	3513
f 3993 	3513 	3994
f 3996 	3515 	3514
f 3514 	3363 	3996
f 3517 	4004 	3518
f 4003 	3523 	3518
f 4006 	3528 	3527
f 3530 	4011 	3345
f 4003 	3518 	4004
f 3990 	3500 	3519
f 4004 	3517 	3522
f 3526 	4007 	3527
f 4006 	3527 	4007
f 4008 	3529 	3528
f 4005 	4007 	3525
f 267 	3532 	266
f 4013 	266 	3532
f 3535 	4014 	3532
f 3536 	4015 	3535
f 3534 	4016 	3536
f 3995 	3516 	3515
f 3345 	4011 	3815
f 3995 	3515 	3996
f 3997 	4000 	3516
f 3999 	3998 	3521
f 3522 	3998 	4004
f 4002 	4001 	3523
f 4002 	3523 	4003
f 4011 	3530 	4010
f 3525 	3531 	4005
f 4008 	3528 	4009
f 4009 	3528 	4006
f 3526 	3525 	4007
f 3524 	4010 	3530
f 3520 	3516 	4000
f 3997 	3516 	3995
f 3990 	3519 	4001
f 3521 	3520 	3999
f 3999 	3520 	4000
f 3522 	3521 	3998
f 3519 	3523 	4001
f 3533 	4012 	4016
f 3533 	4016 	3534
f 4013 	3532 	4014
f 4015 	4014 	3535
f 4015 	3536 	4016
f 4017 	3531 	260
f 4005 	3531 	4017
f 3538 	4021 	3539
f 3537 	4021 	3538
f 257 	259 	3556
f 3540 	3539 	4019
f 3540 	4019 	3541
f 3545 	3529 	4008
f 4026 	3550 	3554
f 257 	3556 	3551
f 4030 	4029 	3545
f 4030 	3545 	4008
f 4010 	3524 	4026
f 230 	3551 	3552
f 230 	3552 	244
f 3553 	244 	3552
f 246 	244 	3549
f 3539 	4020 	4019
f 4019 	4022 	3541
f 3541 	4022 	3542
f 4025 	4024 	3542
f 250 	246 	3548
f 3549 	3548 	246
f 3553 	3549 	244
f 3558 	259 	3557
f 3533 	3557 	4012
f 254 	4012 	3557
f 3550 	4026 	3524
f 3554 	4027 	4026
f 250 	3548 	3547
f 3544 	4023 	3555
f 254 	3557 	259
f 3558 	3556 	259
f 4018 	3537 	3991
f 3539 	4021 	4020
f 3537 	4018 	4021
f 252 	3555 	4023
f 3543 	4024 	3544
f 4023 	3544 	4024
f 4025 	3542 	4022
f 3543 	3542 	4024
f 3546 	3545 	4029
f 3546 	4029 	3547
f 4028 	250 	3547
f 4027 	3554 	252
f 3555 	252 	3554
f 4028 	3547 	4029
f 3551 	4031 	257
f 4031 	3551 	230
# 8246 faces

 #end of obj_0

