# Object Export From Tinkercad Server 2015

mtllib obj.mtl

o obj_0
v -62 		3.2 		0
v -62 		3.2 		4
v -62 		18 		4
v -62 		18 		0
v -62 		-19 		0
v -62 		-19 		4
v -62 		-4.2 		4
v 14.229 		-14.543 		4
v -62 		-4.2 		0
v 34.8 		-23 		0
v 34.8 		-23 		4
v 5.191 		-11.836 		4
v 14.236 		-14.587 		4
v 20.4 		-23 		4
v 20.4 		-23 		0
v 14.241 		-14.633 		4
v 5.2 		-23 		0
v 5.2 		-23 		4
v -9.2 		-23 		4
v -9.2 		-23 		0
v -24.4 		-23 		0
v -24.4 		-23 		4
v -38.8 		-23 		4
v -38.8 		-23 		0
v 49.328 		60.086 		0
v 49.416 		59.91 		0
v 29.092 		-9.941 		2.998
v 29.092 		-9.941 		4
v 29.047 		-10.07 		4
v 29.047 		-10.07 		2.998
v 49.628 		59.361 		0
v 49.68 		59.172 		0
v 49.757 		58.787 		0
v 49.8 		58.2 		0
v 29.154 		-9.801 		2.998
v 29.154 		-9.801 		4
v 49.069 		60.503 		0
v 14.247 		-14.68 		4
v 45.8 		62.2 		0
v 46.094 		62.188 		0
v 29.013 		-10.199 		2.998
v 29.013 		-10.199 		4
v 14.253 		-14.728 		4
v 14.26 		-14.779 		4
v 29.228 		-9.671 		2.998
v 29.228 		-9.671 		4
v 46.628 		62.11 		0
v 46.961 		62.028 		0
v 47.239 		61.931 		0
v 47.51 		61.816 		0
v 48.022 		61.526 		0
v 48.486 		61.164 		0
v 48.892 		60.738 		0
v 13.151 		-13.864 		2.998
v 13.151 		-13.864 		4
v 13.025 		-13.922 		4
v 13.025 		-13.922 		2.998
v 12.832 		-14.095 		2.998
v 12.832 		-14.095 		4
v 12.919 		-14 		2.998
v 12.919 		-14 		4
v 6.12 		-9.199 		4
v 13.297 		-13.826 		4
v 13.297 		-13.826 		2.998
v 5.732 		-9.202 		4
v 13.224 		-14.058 		2.998
v 14.087 		-8.128 		4
v 14.093 		-8.139 		4
v 13.224 		-14.058 		4
v 12.71 		-14.326 		2.998
v 14.099 		-8.151 		4
v 12.71 		-14.326 		4
v 14.049 		-8.085 		4
v 14.055 		-8.086 		4
v 13.138 		-14.102 		4
v 13.138 		-14.102 		2.998
v 13.063 		-14.162 		2.998
v 13.063 		-14.162 		4
v 14.061 		-8.091 		4
v 16.384 		62.2 		0
v 13.001 		-14.241 		2.998
v 20.723 		54.536 		0
v 13.001 		-14.241 		4
v 20.971 		54.432 		0
v 14.068 		-8.098 		4
v 29.313 		-9.552 		2.998
v 29.313 		-9.552 		4
v 29.408 		-9.444 		2.998
v 29.408 		-9.444 		4
v 29.515 		-9.348 		2.998
v 29.515 		-9.348 		4
v 14.667 		-8.088 		4
v 29.633 		-9.262 		2.998
v 29.633 		-9.262 		4
v 30.709 		-9.729 		2.998
v 0.192 		-1.415 		4
v 0.737 		-1.661 		4
v 30.019 		-9.86 		2.998
v 30.1 		-9.801 		2.998
v 1.255 		-1.96 		4
v 1.622 		-2.219 		4
v 1.97 		-2.501 		4
v 2.398 		-2.919 		4
v 30.187 		-9.757 		2.998
v 21.207 		54.303 		0
v 5.162 		-11.881 		4
v 5.14 		-11.93 		4
v 2.596 		-3.143 		4
v 5.124 		-11.984 		4
v 2.957 		-3.62 		4
v 29.947 		-9.934 		2.998
v 29.888 		-10.023 		2.998
v 5.13 		-11.496 		4
v 29.843 		-10.128 		2.998
v 3.996 		-6.85 		4
v 3.993 		-7.299 		4
v 5.232 		-11.41 		4
v 5.284 		-11.368 		4
v 29.819 		-10.209 		2.998
v 3.97 		-7.597 		4
v 3.933 		-7.894 		4
v 5.386 		-11.282 		4
v 5.36 		-11.672 		4
v 30.461 		-9.705 		2.998
v 3.269 		-4.13 		4
v 30.477 		-9.706 		2.998
v 3.467 		-4.533 		4
v 3.638 		-4.948 		4
v 5.307 		-11.716 		4
v 30.59 		-9.706 		2.998
v 3.774 		-5.375 		4
v 5.264 		-11.755 		4
v 3.881 		-5.811 		4
v 30.37 		-9.709 		2.998
v 30.278 		-9.726 		2.998
v 3.933 		-6.106 		4
v 3.97 		-6.403 		4
v 5.825 		-11.275 		4
v 5.774 		-11.319 		4
v 5.121 		-8.009 		4
v 5.724 		-11.363 		4
v 4.861 		-7.804 		4
v 5.672 		-11.408 		4
v 4.861 		-6.972 		4
v 5.577 		-11.117 		2.998
v 5.437 		-11.238 		2.998
v 5.881 		-7.1 		4
v 5.434 		-6.692 		4
v 5.493 		-6.746 		4
v 5.746 		-6.977 		4
v 5.612 		-6.854 		4
v 5.553 		-6.8 		4
v 6.078 		-11.045 		2.998
v 5.976 		-11.139 		2.998
v 5.925 		-11.185 		2.998
v 5.646 		-11.056 		2.998
v 37.105 		-9.999 		4
v 37.089 		-10.025 		4
v 37.074 		-10.05 		4
v 37.059 		-10.076 		4
v 5.716 		-10.994 		2.998
v 37.046 		-10.103 		4
v 5.786 		-10.933 		2.998
v 37.034 		-10.13 		4
v 5.857 		-10.871 		2.998
v 37 		-10.228 		4
v 6.033 		-10.886 		2.998
v 37.344 		-9.75 		4
v 6.056 		-10.914 		2.998
v 37.301 		-9.775 		4
v 6.13 		-10.997 		2.998
v 37.261 		-9.804 		4
v 37.136 		-9.948 		4
v 6.106 		-10.968 		2.998
v 37.121 		-9.974 		4
v 19.758 		-14.094 		4
v 30.709 		-9.729 		4
v 19.684 		-14.145 		4
v 37.152 		-9.922 		4
v 19.635 		-14.188 		4
v 6.058 		-10.913 		2.998
v 30.187 		-9.757 		4
v 19.594 		-14.236 		4
v 30.1 		-9.801 		4
v 30.019 		-9.86 		4
v 19.561 		-14.288 		4
v 6.034 		-10.885 		2.998
v 37.222 		-9.838 		4
v 37.185 		-9.877 		4
v 19.487 		-14.031 		4
v 29.947 		-9.934 		4
v 19.664 		-13.908 		4
v 29.888 		-10.023 		4
v 19.557 		-13.975 		4
v 6.083 		-10.939 		2.998
v 29.843 		-10.128 		4
v 19.547 		-13.983 		4
v 6.11 		-10.966 		2.998
v 37.389 		-9.729 		4
v 19.494 		-14.024 		4
v 29.819 		-10.209 		4
v 6.137 		-10.994 		2.998
v 37.759 		-9.664 		4
v 37.67 		-9.665 		4
v 19.537 		-13.99 		4
v 19.519 		-14.004 		4
v 37.578 		-9.677 		4
v 30.477 		-9.706 		4
v 30.461 		-9.705 		4
v 19.51 		-14.01 		4
v 37.484 		-9.698 		4
v 6.001 		-10.824 		2.998
v 37.435 		-9.712 		4
v 30.59 		-9.706 		4
v 30.37 		-9.709 		4
v 37.846 		-9.674 		4
v 30.278 		-9.726 		4
v 19.772 		-13.859 		4
v 6.004 		-10.822 		2.998
v 6.016 		-10.855 		2.998
v 19.881 		-13.827 		4
v 37.931 		-9.697 		2.998
v 37.931 		-9.697 		4
v 38.012 		-9.734 		4
v 38.012 		-9.734 		2.998
v 38.333 		-10.186 		2.998
v 38.333 		-10.186 		4
v 29.762 		-9.186 		2.998
v 29.762 		-9.186 		4
v 19.834 		-14.055 		4
v 38.273 		-10.009 		2.998
v 38.273 		-10.009 		4
v 38.298 		-10.066 		4
v 29.901 		-9.122 		2.998
v 38.298 		-10.066 		2.998
v 29.901 		-9.122 		4
v 19.912 		-14.028 		4
v 6.014 		-10.856 		2.998
v 38.242 		-9.954 		2.998
v 38.242 		-9.954 		4
v 29.986 		-9.09 		2.998
v 29.986 		-9.09 		4
v 38.163 		-9.852 		4
v 38.163 		-9.852 		2.998
v 38.089 		-9.785 		2.998
v 38.089 		-9.785 		4
v 30.605 		-9.015 		4
v 30.605 		-9.015 		2.998
v 20.436 		-13.906 		4
v 20.324 		-13.859 		4
v 30.072 		-9.063 		2.998
v 30.072 		-9.063 		4
v 30.159 		-9.042 		2.998
v 30.159 		-9.042 		4
v 20.212 		-13.828 		4
v 30.247 		-9.026 		2.998
v 30.247 		-9.026 		4
v 38.318 		-10.125 		2.998
v 38.318 		-10.125 		4
v 30.336 		-9.016 		2.998
v 30.336 		-9.016 		4
v 30.425 		-9.01 		2.998
v 20.45 		-14.172 		4
v 30.425 		-9.01 		4
v 38.206 		-9.902 		2.998
v 30.515 		-9.01 		2.998
v 38.206 		-9.902 		4
v 30.515 		-9.01 		4
v 20.393 		-14.121 		4
v 31.453 		-9.337 		2.998
v 31.453 		-9.337 		4
v 36.931 		-9.149 		2.998
v 36.931 		-9.149 		4
v 20.155 		-14.019 		4
v 20.073 		-14.009 		4
v 31.617 		-9.492 		2.998
v 31.617 		-9.492 		4
v 37.048 		-9.099 		2.998
v 37.048 		-9.099 		4
v 19.991 		-14.012 		4
v 31.102 		-10.037 		2.998
v 31.102 		-10.037 		4
v 31.144 		-10.134 		4
v 31.144 		-10.134 		2.998
v 37.509 		-9.012 		2.998
v 37.509 		-9.012 		4
v 37.407 		-9.019 		4
v 37.407 		-9.019 		2.998
v 20.323 		-14.077 		4
v 30.983 		-9.877 		4
v 30.983 		-9.877 		2.998
v 30.905 		-9.815 		2.998
v 30.905 		-9.815 		4
v 37.81 		-9.027 		2.998
v 37.81 		-9.027 		4
v 37.71 		-9.015 		4
v 37.71 		-9.015 		2.998
v 20.238 		-14.042 		4
v 30.814 		-9.766 		4
v 37.173 		-9.06 		2.998
v 30.814 		-9.766 		2.998
v 37.173 		-9.06 		4
v 37.304 		-9.033 		4
v 37.304 		-9.033 		2.998
v 37.61 		-9.01 		2.998
v 37.61 		-9.01 		4
v 31.049 		-9.951 		2.998
v 31.049 		-9.951 		4
v 20.101 		-13.812 		4
v 19.991 		-13.811 		4
v 12.762 		-14.204 		2.998
v 12.762 		-14.204 		4
v 18.746 		-13.238 		4
v 31.755 		-9.675 		4
v 18.746 		-13.238 		2.998
v 31.755 		-9.675 		2.998
v 31.866 		-9.886 		2.998
v 31.866 		-9.886 		4
v 38.105 		-9.105 		2.998
v 18.519 		-13.238 		2.998
v 38.105 		-9.105 		4
v 18.519 		-13.238 		4
v 38.007 		-9.072 		4
v 14.15 		-14.244 		2.998
v 38.007 		-9.072 		2.998
v 31.945 		-10.125 		2.998
v 31.945 		-10.125 		4
v 13.867 		-13.908 		2.998
v 31.96 		-10.186 		2.998
v 31.96 		-10.186 		4
v 16.652 		-12.081 		4
v 16.652 		-12.081 		2.998
v 13.741 		-13.851 		2.998
v 37.909 		-9.046 		4
v 37.909 		-9.046 		2.998
v 38.18 		-9.143 		2.998
v 38.18 		-9.143 		4
v 38.161 		-9.133 		4
v 38.161 		-9.133 		2.998
v 18.541 		-12.086 		4
v 18.541 		-12.086 		2.998
v 13.809 		-14.119 		2.998
v 38.124 		-9.113 		2.998
v 38.124 		-9.113 		4
v 13.877 		-14.195 		2.998
v 19.288 		-11.39 		4
v 19.288 		-11.39 		2.998
v 38.142 		-9.122 		2.998
v 38.142 		-9.122 		4
v 32.734 		-9.106 		2.998
v 32.734 		-9.106 		4
v 17.923 		-8.773 		4
v 17.923 		-8.773 		2.998
v 16.652 		-8.773 		2.998
v 13.729 		-14.065 		2.998
v 16.652 		-8.773 		4
v 31.062 		-9.115 		2.998
v 31.062 		-9.115 		4
v 31.268 		-9.211 		2.998
v 31.268 		-9.211 		4
v 38.199 		-9.155 		2.998
v 13.639 		-14.033 		2.998
v 38.199 		-9.155 		4
v 38.24 		-9.18 		2.998
v 38.24 		-9.18 		4
v 13.426 		-14.018 		2.998
v 38.219 		-9.167 		4
v 38.219 		-9.167 		2.998
v 13.538 		-14.018 		2.998
v 30.84 		-9.049 		2.998
v 30.84 		-9.049 		4
v 38.262 		-9.193 		2.998
v 38.262 		-9.193 		4
v 13.32 		-14.031 		2.998
v 20.628 		-15.422 		2.998
v 20.628 		-15.422 		4
v 20.556 		-15.486 		2.998
v 20.556 		-15.486 		4
v 16.624 		-15.367 		2.998
v 16.633 		-15.387 		2.998
v 16.683 		-15.464 		2.998
v 16.751 		-15.525 		2.998
v 16.832 		-15.571 		2.998
v 13.935 		-14.299 		2.998
v 16.896 		-15.364 		2.998
v 20.496 		-15.24 		2.998
v 6.057 		-9.139 		4
v 5.994 		-9.08 		4
v 16.931 		-15.385 		2.998
v 16.923 		-15.601 		2.998
v 17.021 		-15.617 		2.998
v 17.122 		-15.618 		2.998
v 5.932 		-9.021 		4
v 16.967 		-15.4 		2.998
v 13.979 		-13.992 		2.998
v 20.691 		-15.347 		2.998
v 5.869 		-8.962 		4
v 17.003 		-15.41 		2.998
v 14.073 		-14.104 		2.998
v 17.079 		-15.42 		2.998
v 17.041 		-15.417 		2.998
v 20.726 		-15.133 		2.998
v 20.709 		-15.126 		2.998
v 17.117 		-15.421 		2.998
v 13.454 		-13.811 		2.998
v 39.975 		-8.661 		4
v 39.975 		-8.661 		2.998
v 21.43 		54.152 		0
v 6.12 		-6.958 		4
v 21.636 		53.979 		0
v 20.597 		-15.122 		2.998
v 21.824 		53.786 		0
v 40.705 		-8.661 		2.998
v 40.705 		-8.661 		4
v 20.586 		-15.128 		2.998
v 5.837 		-6.701 		4
v 5.913 		-6.771 		4
v 5.99 		-6.841 		4
v 20.634 		-15.111 		2.998
v 6.125 		-9.195 		4
v 20.621 		-15.113 		2.998
v 5.122 		-6.452 		4
v 5.121 		-6.455 		4
v 39.975 		-9.106 		2.998
v 5.125 		-6.439 		4
v 39.975 		-9.106 		4
v 5.124 		-6.444 		4
v 20.658 		-15.111 		2.998
v 20.647 		-15.11 		2.998
v 40.704 		-9.106 		4
v 40.704 		-9.106 		2.998
v 5.13 		-6.422 		4
v 5.128 		-6.428 		4
v 5.127 		-6.434 		4
v 20.675 		-15.115 		2.998
v 6.22 		-9.107 		2.998
v 5.373 		-6.639 		4
v 5.253 		-6.531 		4
v 20.57 		-15.142 		2.998
v 5.191 		-6.477 		4
v 20.535 		-15.194 		2.998
v 6.593 		-8.762 		2.998
v 39.975 		-8.002 		2.998
v 39.975 		-8.002 		4
v 6.314 		-9.019 		2.998
v 38.262 		-8.087 		2.998
v 38.262 		-8.087 		4
v 20.609 		-15.117 		2.998
v 39.019 		-8.087 		4
v 39.019 		-8.087 		2.998
v 6.5 		-8.847 		2.998
v 5.534 		-6.418 		4
v 6.977 		-8.789 		2.998
v 6.851 		-8.902 		2.998
v 40.705 		-8.002 		2.998
v 40.705 		-8.002 		4
v 6.597 		-9.13 		2.998
v 5.383 		-6.278 		4
v 5.459 		-6.348 		4
v 46.005 		-13.395 		4
v 46.005 		-13.395 		2.998
v 45.866 		-13.324 		2.998
v 45.866 		-13.324 		4
v 20.692 		-15.12 		2.998
v 5.347 		-6.245 		4
v 47.067 		-13.464 		2.998
v 5.24 		-6.148 		4
v 47.067 		-13.464 		4
v 5.276 		-6.18 		4
v 46.153 		-13.451 		4
v 46.153 		-13.451 		2.998
v 20.577 		-15.135 		2.998
v 5.311 		-6.213 		4
v 46.97 		-13.485 		2.998
v 46.97 		-13.485 		4
v 6.778 		-8.593 		2.998
v 5.761 		-6.63 		4
v 20.746 		-15.261 		2.998
v 46.873 		-13.502 		2.998
v 46.873 		-13.502 		4
v 6.685 		-8.677 		2.998
v 5.686 		-6.56 		4
v 46.775 		-13.513 		2.998
v 20.743 		-15.141 		2.998
v 46.775 		-13.513 		4
v 46.676 		-13.519 		2.998
v 4.864 		-6.141 		4
v 46.676 		-13.519 		4
v 6.905 		-8.477 		2.998
v 46.577 		-13.519 		2.998
v 46.577 		-13.519 		4
v 20.759 		-15.149 		2.998
v 4.866 		-6.123 		4
v 6.87 		-8.508 		2.998
v 46.477 		-13.513 		2.998
v 46.477 		-13.513 		4
v 4.871 		-6.103 		4
v 20.793 		-15.163 		2.998
v 4.899 		-6.046 		4
v 46.311 		-13.49 		2.998
v 4.912 		-6.03 		4
v 46.311 		-13.49 		4
v 7.103 		-8.675 		2.998
v 4.926 		-6.017 		4
v 4.94 		-6.007 		4
v 45.736 		-13.235 		2.998
v 45.736 		-13.235 		4
v 4.956 		-6.001 		4
v 45.615 		-13.131 		2.998
v 45.615 		-13.131 		4
v 4.878 		-6.083 		4
v 20.818 		-14.519 		2.998
v 20.822 		-14.559 		2.998
v 7.012 		-8.382 		2.998
v 45.504 		-13.01 		2.998
v 45.504 		-13.01 		4
v 4.888 		-6.064 		4
v 6.976 		-8.414 		2.998
v 20.571 		-14.439 		2.998
v 6.941 		-8.445 		2.998
v 20.586 		-14.517 		2.998
v 45.816 		-12.677 		2.998
v 45.816 		-12.677 		4
v 45.734 		-12.716 		4
v 45.734 		-12.716 		2.998
v 4.974 		-5.998 		4
v 20.553 		-14.365 		2.998
v 45.401 		-12.873 		2.998
v 4.994 		-5.998 		4
v 45.401 		-12.873 		4
v 5.015 		-5.999 		4
v 7.047 		-8.351 		2.998
v 5.09 		-6.027 		4
v 45.485 		-12.834 		2.998
v 45.485 		-12.834 		4
v 7.119 		-8.289 		2.998
v 5.036 		-6.004 		4
v 45.568 		-12.794 		2.998
v 45.568 		-12.794 		4
v 5.074 		-6.018 		4
v 7.148 		-8.254 		2.998
v 5.056 		-6.01 		4
v 20.597 		-14.597 		2.998
v 5.129 		-6.056 		4
v 45.982 		-12.599 		2.998
v 45.982 		-12.599 		4
v 5.166 		-6.086 		4
v 7.154 		-8.257 		2.998
v 46.066 		-12.559 		4
v 46.066 		-12.559 		2.998
v 20.812 		-14.479 		2.998
v 6.8 		-7.944 		4
v 6.743 		-7.893 		4
v 46.581 		-12.807 		2.998
v 20.825 		-14.6 		2.998
v 6.687 		-7.842 		4
v 46.72 		-12.8 		2.998
v 6.553 		-7.718 		4
v 20.828 		-14.642 		2.998
v 46.986 		-12.726 		2.998
v 46.858 		-12.774 		2.998
v 17.319 		-15.42 		2.998
v 17.298 		-15.42 		2.998
v 17.156 		-15.42 		2.998
v 47.094 		-12.659 		2.998
v 20.831 		-14.686 		2.998
v 7.03 		-8.15 		4
v 6.972 		-8.099 		4
v 17.222 		-15.604 		2.998
v 17.319 		-15.577 		2.998
v 20.782 		-14.358 		2.998
v 20.804 		-14.441 		2.998
v 7.035 		-7.78 		4
v 17.277 		-15.419 		2.998
v 17.176 		-15.419 		2.998
v 7.08 		-7.821 		4
v 7.124 		-7.862 		4
v 7.168 		-7.904 		4
v 20.834 		-14.731 		2.998
v 46.181 		-12.645 		2.998
v 46.159 		-12.628 		2.998
v 16.589 		-15.219 		2.998
v 16.59 		-15.24 		2.998
v 6.857 		-7.996 		4
v 16.593 		-15.262 		2.998
v 16.597 		-15.283 		2.998
v 20.838 		-14.778 		2.998
v 16.602 		-15.305 		2.998
v 16.616 		-15.347 		2.998
v 46.136 		-12.61 		2.998
v 6.914 		-8.047 		4
v 46.203 		-12.663 		2.998
v 16.812 		-15.238 		2.998
v 16.808 		-15.222 		2.998
v 46.224 		-12.682 		2.998
v 16.843 		-15.303 		2.998
v 16.834 		-15.286 		2.998
v 6.381 		-7.193 		4
v 16.825 		-15.27 		2.998
v 6.512 		-7.311 		4
v 21.458 		-14.348 		2.998
v 46.245 		-12.7 		2.998
v 6.418 		-7.595 		4
v 21.296 		-14.514 		2.998
v 16.806 		-15.207 		2.998
v 6.284 		-7.471 		4
v 46.09 		-12.576 		2.998
v 16.862 		-15.337 		2.998
v 6.774 		-7.545 		4
v 16.818 		-15.254 		2.998
v 6.905 		-7.663 		4
v 16.853 		-15.32 		2.998
v 46.45 		-12.792 		2.998
v 46.335 		-12.757 		2.998
v 7.352 		-8.146 		4
v 7.382 		-8.13 		4
v 7.351 		-8.142 		4
v 7.322 		-8.16 		4
v 16.587 		-14.957 		2.998
v 16.804 		-14.921 		2.998
v 7.293 		-8.177 		4
v 16.803 		-14.634 		2.998
v 16.803 		-14.346 		2.998
v 7.323 		-8.163 		4
v 16.804 		-14.778 		2.998
v 7.381 		-8.123 		4
v 16.587 		-13.862 		2.998
v 16.804 		-14.055 		2.998
v 17.318 		-14.055 		2.998
v 17.318 		-13.861 		2.998
v 16.803 		-13.861 		2.998
v 7.297 		-8.033 		4
v 7.339 		-8.077 		4
v 7.42 		-8.156 		4
v 16.587 		-14.056 		2.998
v 16.587 		-13.39 		2.998
v 16.803 		-13.39 		2.998
v 7.457 		-8.183 		4
v 16.804 		-14.201 		2.998
v 19.273 		-14.397 		2.998
v 19.241 		-14.527 		2.998
v 19.227 		-14.66 		2.998
v 19.23 		-14.796 		2.998
v 19.25 		-14.933 		2.998
v 19.285 		-15.072 		2.998
v 19.344 		-15.22 		2.998
v 19.419 		-15.346 		2.998
v 18.519 		-15.593 		2.998
v 18.746 		-15.593 		2.998
v 6.251 		-7.076 		4
v 19.511 		-15.45 		2.998
v 19.619 		-15.531 		2.998
v 19.74 		-15.59 		2.998
v 19.876 		-15.626 		2.998
v 19.897 		-15.404 		2.998
v 3.848 		-8.335 		4
v 20.304 		-15.368 		2.998
v 20.247 		-15.389 		2.998
v 20.024 		-15.64 		2.998
v 3.686 		-8.91 		4
v 20.183 		-15.631 		2.998
v 20.289 		-15.612 		2.998
v 20.387 		-15.581 		2.998
v 20.476 		-15.539 		2.998
v 3.406 		-9.603 		4
v 20.187 		-15.405 		2.998
v 3.195 		-9.999 		4
v 20.036 		-15.423 		2.998
v 46.581 		-12.807 		4
v 2.87 		-10.501 		4
v 20.454 		-15.279 		2.998
v 46.72 		-12.8 		4
v 4.907 		-8.476 		4
v 20.358 		-15.343 		2.998
v 46.181 		-12.645 		4
v 46.159 		-12.628 		4
v 4.897 		-8.462 		4
v 20.407 		-15.314 		2.998
v 4.887 		-8.446 		4
v 46.136 		-12.61 		4
v 4.879 		-8.429 		4
v 19.526 		-15.056 		2.998
v 19.496 		-14.922 		2.998
v 46.203 		-12.663 		4
v 4.873 		-8.411 		4
v 19.584 		-15.175 		2.998
v 46.224 		-12.682 		4
v 4.868 		-8.393 		4
v 4.864 		-8.375 		4
v 19.773 		-15.354 		2.998
v 19.667 		-15.276 		2.998
v 46.245 		-12.7 		4
v 4.863 		-8.358 		4
v 46.09 		-12.576 		4
v 5.122 		-8.231 		4
v 5.123 		-8.243 		4
v 5.125 		-8.256 		4
v 19.535 		-14.344 		2.998
v 2.497 		-10.969 		4
v 19.515 		-14.403 		2.998
v 5.02 		-8.579 		4
v 19.501 		-14.465 		2.998
v 46.45 		-12.792 		4
v 46.335 		-12.757 		4
v 4.919 		-8.488 		4
v 19.487 		-14.597 		2.998
v 19.491 		-14.53 		2.998
v 19.499 		-14.778 		2.998
v 46.858 		-12.774 		4
v 46.986 		-12.726 		4
v 47.094 		-12.659 		4
v 19.396 		-14.149 		2.998
v 19.324 		-14.271 		2.998
v 47.163 		-13.438 		4
v 47.163 		-13.438 		2.998
v 19.758 		-14.094 		2.998
v 47.259 		-13.407 		4
v 47.259 		-13.407 		2.998
v 19.635 		-14.188 		2.998
v 19.684 		-14.145 		2.998
v 47.427 		-13.338 		4
v 47.427 		-13.338 		2.998
v 19.594 		-14.236 		2.998
v 5.222 		-8.758 		4
v 19.561 		-14.288 		2.998
v 47.575 		-13.253 		2.998
v 47.891 		-12.9 		2.998
v 47.808 		-13.034 		2.998
v 47.702 		-13.152 		2.998
v 5.387 		-8.528 		4
v 19.834 		-14.055 		2.998
v 19.912 		-14.028 		2.998
v 19.881 		-13.827 		2.998
v 19.772 		-13.859 		2.998
v 19.664 		-13.908 		2.998
v 19.557 		-13.975 		2.998
v 19.547 		-13.983 		2.998
v 19.487 		-14.031 		2.998
v 5.33 		-8.478 		4
v 5.121 		-8.668 		4
v 19.494 		-14.024 		2.998
v 47.242 		-12.399 		2.998
v 19.537 		-13.99 		2.998
v 19.519 		-14.004 		2.998
v 47.233 		-12.436 		2.998
v 19.51 		-14.01 		2.998
v 47.25 		-12.362 		2.998
v 47.222 		-12.472 		2.998
v 5.128 		-8.269 		4
v 5.133 		-8.282 		4
v 5.138 		-8.294 		4
v 5.145 		-8.305 		4
v 5.152 		-8.315 		4
v 5.16 		-8.324 		4
v 5.216 		-8.376 		4
v 47.257 		-12.324 		2.998
v 20.436 		-13.906 		2.998
v 20.324 		-13.859 		2.998
v 20.212 		-13.828 		2.998
v 20.45 		-14.172 		2.998
v 2.08 		-11.397 		4
v 13.603 		-13.819 		2.998
v 20.393 		-14.121 		2.998
v 20.073 		-14.009 		2.998
v 20.155 		-14.019 		2.998
v 19.991 		-14.012 		2.998
v 5.616 		-8.731 		4
v 20.323 		-14.077 		2.998
v 20.238 		-14.042 		2.998
v 5.528 		-9.025 		4
v 20.101 		-13.812 		2.998
v 19.991 		-13.811 		2.998
v 5.806 		-8.904 		4
v 5.679 		-8.789 		4
v 5.742 		-8.846 		4
v 5.559 		-8.68 		4
v 5.444 		-8.579 		4
v 1.622 		-11.781 		4
v 5.833 		-9.287 		4
v 5.799 		-9.259 		4
v 5.766 		-9.231 		4
v 5.868 		-9.315 		4
v 13.741 		-13.851 		4
v 21.992 		53.576 		0
v 5.936 		-9.37 		4
v 17.533 		53.464 		0
v 6.008 		-9.36 		4
v 17.69 		53.683 		0
v 6.004 		-9.394 		4
v 17.868 		53.885 		0
v 6.007 		-9.357 		4
v 18.065 		54.068 		0
v 6.005 		-9.425 		4
v 21.682 		-15.59 		2.998
v 21.923 		-15.59 		2.998
v 22 		-15.376 		2.998
v 21.605 		-15.375 		2.998
v 6.008 		-9.432 		4
v 18.393 		54.303 		0
v 6.002 		-9.389 		4
v 21.527 		-15.159 		2.998
v 18.629 		54.432 		0
v 21.683 		-14.981 		2.998
v 21.741 		-15.143 		2.998
v 6.019 		-9.329 		4
v 21.799 		-15.306 		2.998
v 19.135 		54.612 		0
v 6.035 		-9.301 		4
v 6.018 		-9.328 		4
v 21.921 		-14.963 		2.998
v 21.86 		-15.134 		2.998
v 22.077 		-15.161 		2.998
v 22.155 		-14.946 		2.998
v 6.055 		-9.274 		4
v 6.034 		-9.301 		4
v 19.464 		54.679 		0
v 22.041 		-14.625 		2.998
v 19.733 		54.699 		0
v 21.981 		-14.793 		2.998
v 22.232 		-14.73 		2.998
v 6.077 		-9.248 		4
v 6.053 		-9.275 		4
v 22.31 		-14.514 		2.998
v 6.098 		-9.225 		4
v 6.075 		-9.25 		4
v 20.202 		54.669 		0
v 22.1 		-14.456 		2.998
v 6.101 		-9.222 		4
v 21.626 		-14.821 		2.998
v 20.466 		54.616 		0
v 21.569 		-14.662 		2.998
v 5.902 		-9.342 		4
v 5.63 		-9.113 		4
v 22.478 		51.664 		0
v 22.497 		52.034 		0
v 22.431 		51.399 		0
v 47.209 		-12.507 		2.998
v 47.193 		-12.54 		2.998
v 22.202 		53.231 		0
v 47.175 		-12.571 		2.998
v 22.313 		52.986 		0
v 22.446 		52.535 		0
v 22.478 		52.336 		0
v 13.809 		-14.119 		4
v 13.729 		-14.065 		4
v 6.22 		-9.107 		4
v 22.359 		51.14 		0
v 22.26 		50.89 		0
v 6.314 		-9.019 		4
v 22.138 		50.65 		0
v 6.5 		-8.847 		4
v 6.593 		-8.762 		4
v 13.639 		-14.033 		4
v 21.513 		-14.505 		2.998
v 21.992 		50.424 		0
v 13.538 		-14.018 		4
v 21.824 		50.214 		0
v 13.426 		-14.018 		4
v 21.636 		50.021 		0
v 13.32 		-14.031 		4
v 21.43 		49.848 		0
v 21.207 		49.697 		0
v 20.494 		-14.23 		2.998
v 20.528 		-14.295 		2.998
v 20.755 		-14.278 		2.998
v 20.722 		-14.201 		2.998
v 20.971 		49.568 		0
v 20.682 		-14.129 		2.998
v 20.635 		-14.063 		2.998
v 20.579 		-14.003 		2.998
v 20.513 		-13.95 		2.998
v 20.723 		49.464 		0
v 14.15 		-14.244 		4
v 17.172 		51.4 		0
v 13.867 		-13.908 		4
v 21.402 		-14.192 		2.998
v 21.141 		-14.085 		2.998
v 21.219 		-14.3 		2.998
v 13.877 		-14.195 		4
v 17.108 		51.798 		0
v 13.935 		-14.299 		4
v 17.102 		52.067 		0
v 21.241 		-13.865 		2.998
v 21.086 		-13.863 		2.998
v 21.083 		-13.863 		2.998
v 17.122 		52.336 		0
v 21.08 		-13.864 		2.998
v 21.077 		-13.866 		2.998
v 13.979 		-13.992 		4
v 17.154 		52.535 		0
v 17.202 		52.731 		0
v 14.073 		-14.104 		4
v 21.204 		-13.859 		2.998
v 21.155 		-13.859 		2.998
v 21.091 		-13.862 		2.998
v 21.088 		-13.862 		2.998
v 17.287 		52.986 		0
v 21.069 		-13.868 		2.998
v 17.398 		53.231 		0
v 21.064 		-13.87 		2.998
v 13.603 		-13.819 		4
v 13.454 		-13.811 		4
v 21.347 		-14.036 		2.998
v 21.308 		-13.93 		2.998
v 21.29 		-13.898 		2.998
v 21.268 		-13.877 		2.998
v 20.466 		49.384 		0
v 21.326 		-13.976 		2.998
v 20.202 		49.331 		0
v 14.56 		-15.441 		2.998
v 22.507 		-13.863 		2.998
v 14.471 		-15.593 		2.998
v 22.301 		-13.905 		2.998
v 14.444 		-15.593 		2.998
v 22.278 		-13.95 		2.998
v 22.219 		-14.119 		2.998
v 22.466 		-14.078 		2.998
v 19.935 		49.304 		0
v 14.521 		-15.591 		2.998
v 14.589 		-15.591 		2.998
v 22.468 		-13.861 		2.998
v 22.43 		-13.858 		2.998
v 22.394 		-13.857 		2.998
v 22.359 		-13.862 		2.998
v 22.328 		-13.877 		2.998
v 19.464 		49.321 		0
v 19.069 		49.401 		0
v 14.734 		-15.559 		2.998
v 23.378 		-15.616 		2.998
v 23.46 		-15.63 		2.998
v 23.545 		-15.637 		2.998
v 14.706 		-15.581 		2.998
v 14.69 		-15.588 		2.998
v 23.464 		-15.412 		2.998
v 23.02 		-15.412 		2.998
v 23.083 		-15.472 		2.998
v 23.151 		-15.522 		2.998
v 23.223 		-15.562 		2.998
v 18.629 		49.568 		0
v 23.298 		-15.593 		2.998
v 14.673 		-15.593 		2.998
v 23.355 		-15.38 		2.998
v 18.393 		49.697 		0
v 14.654 		-15.595 		2.998
v 18.17 		49.848 		0
v 17.964 		50.021 		0
v 14.632 		-15.594 		2.998
v 14.611 		-15.592 		2.998
v 17.776 		50.214 		0
v 22.782 		-14.899 		2.998
v 22.802 		-15.01 		2.998
v 22.835 		-15.117 		2.998
v 22.882 		-15.22 		2.998
v 22.943 		-15.319 		2.998
v 23.028 		-14.899 		2.998
v 17.608 		50.424 		0
v 14.816 		-15.449 		2.998
v 23.049 		-15.008 		2.998
v 17.398 		50.769 		0
v 14.759 		-15.528 		2.998
v 23.082 		-15.108 		2.998
v 14.747 		-15.544 		2.998
v 17.263 		51.077 		0
v 23.188 		-15.271 		2.998
v 23.128 		-15.196 		2.998
v 23.264 		-15.333 		2.998
v 14.617 		-15.367 		2.998
v 22.776 		-14.668 		2.998
v 23.018 		-14.78 		2.998
v 23.018 		-14.591 		2.998
v 28.752 		44.487 		0
v 22.826 		-14.368 		2.998
v 22.811 		-14.427 		2.998
v 22.798 		-14.488 		2.998
v 22.789 		-14.549 		2.998
v 23.031 		-14.518 		2.998
v 14.721 		-15.571 		2.998
v 23.047 		-14.447 		2.998
v 29.004 		44.579 		0
v 29.265 		44.646 		0
v 23.067 		-14.378 		2.998
v 29.531 		44.686 		0
v 22.774 		-14.785 		2.998
v 29.8 		44.699 		0
v 30.069 		44.686 		0
v 23.632 		-15.637 		2.998
v 23.736 		-15.626 		2.998
v 23.841 		-15.601 		2.998
v 23.944 		-15.561 		2.998
v 24.042 		-15.508 		2.998
v 24.134 		-15.441 		2.998
v 24.214 		-15.362 		2.998
v 23.834 		-15.384 		2.998
v 30.335 		44.646 		0
v 23.747 		-15.412 		2.998
v 23.656 		-15.426 		2.998
v 30.531 		44.599 		0
v 23.561 		-15.425 		2.998
v 30.723 		44.536 		0
v 31.089 		44.368 		0
v 24.282 		-15.27 		2.998
v 23.917 		-15.338 		2.998
v 23.995 		-15.275 		2.998
v 24.068 		-15.192 		2.998
v 24.184 		-15.108 		2.998
v 31.43 		44.152 		0
v 24.159 		-15.098 		2.998
v 31.824 		43.786 		0
v 24.135 		-15.088 		2.998
v 31.992 		43.576 		0
v 24.308 		-15.157 		2.998
v 24.258 		-15.137 		2.998
v 32.138 		43.35 		0
v 32.26 		43.11 		0
v 24.333 		-15.166 		2.998
v 32.478 		41.664 		0
v 32.498 		41.933 		0
v 6.977 		-8.789 		4
v 24.375 		-14.674 		2.998
v 24.37 		-14.623 		2.998
v 6.851 		-8.902 		4
v 32.431 		41.399 		0
v 6.597 		-9.13 		4
v 24.381 		-14.726 		2.998
v 32.359 		41.14 		0
v 24.388 		-14.78 		2.998
v 32.359 		42.86 		0
v 24.124 		-14.476 		2.998
v 24.127 		-14.495 		2.998
v 24.13 		-14.513 		2.998
v 32.431 		42.601 		0
v 32.47 		42.402 		0
v 32.492 		42.202 		0
v 24.142 		-14.591 		2.998
v 24.095 		-14.372 		2.998
v 27.212 		41.237 		0
v 24.133 		-14.532 		2.998
v 24.135 		-14.551 		2.998
v 24.138 		-14.571 		2.998
v 27.142 		41.531 		0
v 27.108 		41.832 		0
v 24.12 		-14.458 		2.998
v 27.108 		42.202 		0
v 24.116 		-14.441 		2.998
v 27.142 		42.469 		0
v 27.202 		42.731 		0
v 27.287 		42.986 		0
v 24.364 		-14.573 		2.998
v 24.358 		-14.525 		2.998
v 24.35 		-14.478 		2.998
v 24.341 		-14.431 		2.998
v 24.329 		-14.386 		2.998
v 27.398 		43.231 		0
v 22.545 		-13.858 		2.998
v 27.533 		43.464 		0
v 27.69 		43.683 		0
v 27.868 		43.885 		0
v 28.065 		44.068 		0
v 23.019 		-14.055 		2.998
v 22.994 		-14.079 		2.998
v 22.971 		-14.102 		2.998
v 22.93 		-14.15 		2.998
v 22.896 		-14.201 		2.998
v 22.868 		-14.255 		2.998
v 28.28 		44.23 		0
v 22.844 		-14.311 		2.998
v 23.169 		-14.193 		2.998
v 28.509 		44.37 		0
v 23.221 		-14.142 		2.998
v 23.126 		-14.25 		2.998
v 6.685 		-8.677 		4
v 23.093 		-14.312 		2.998
v 6.778 		-8.593 		4
v 6.87 		-8.508 		4
v 23.286 		-14.098 		2.998
v 6.905 		-8.477 		4
v 7.103 		-8.675 		4
v 23.348 		-14.069 		2.998
v 23.376 		-13.842 		2.998
v 23.278 		-13.875 		2.998
v 23.181 		-13.919 		2.998
v 23.153 		-13.943 		2.998
v 6.941 		-8.445 		4
v 23.532 		-14.019 		2.998
v 6.976 		-8.414 		4
v 7.012 		-8.382 		4
v 23.471 		-14.03 		2.998
v 7.047 		-8.351 		4
v 23.409 		-14.047 		2.998
v 7.148 		-8.254 		4
v 23.126 		-13.966 		2.998
v 7.154 		-8.257 		4
v 23.071 		-14.011 		2.998
v 23.098 		-13.988 		2.998
v 7.119 		-8.289 		4
v 23.473 		-13.821 		2.998
v 23.957 		-13.891 		2.998
v 23.861 		-13.854 		2.998
v 24.003 		-14.191 		2.998
v 24.039 		-14.246 		2.998
v 7.356 		-8.448 		4
v 24.031 		-13.931 		2.998
v 7.209 		-8.226 		4
v 7.237 		-8.21 		4
v 23.959 		-14.141 		2.998
v 7.182 		-8.242 		4
v 32.26 		40.89 		0
v 32.138 		40.65 		0
v 7.207 		-8.225 		4
v 7.177 		-8.24 		4
v 31.992 		40.424 		0
v 31.824 		40.214 		0
v 7.236 		-8.209 		4
v 31.636 		40.021 		0
v 31.43 		39.848 		0
v 31.207 		39.697 		0
v 7.264 		-8.193 		4
v 30.971 		39.568 		0
v 7.265 		-8.195 		4
v 30.723 		39.464 		0
v 7.356 		-8.448 		2.998
v 7.668 		-8.349 		4
v 7.493 		-8.209 		4
v 30.466 		39.384 		0
v 7.6 		-8.291 		4
v 7.182 		-8.242 		2.998
v 30.202 		39.331 		0
v 29.935 		39.304 		0
v 7.237 		-8.21 		2.998
v 7.209 		-8.226 		2.998
v 7.529 		-8.236 		4
v 29.632 		39.308 		0
v 7.565 		-8.264 		4
v 7.265 		-8.195 		2.998
v 29.265 		39.354 		0
v 7.207 		-8.225 		2.998
v 7.177 		-8.24 		2.998
v 29.004 		39.421 		0
v 28.752 		39.513 		0
v 7.236 		-8.209 		2.998
v 1.128 		-12.118 		4
v 7.264 		-8.193 		2.998
v 28.509 		39.63 		0
v 28.28 		39.77 		0
v 28.065 		39.932 		0
v 27.868 		40.115 		0
v 27.69 		40.317 		0
v 27.533 		40.536 		0
v 27.398 		40.769 		0
v 7.668 		-8.349 		2.998
v 6.111 		-9.522 		4
v 27.312 		40.951 		0
v 6.077 		-9.492 		4
v 7.493 		-8.209 		2.998
v 7.6 		-8.291 		2.998
v 14.56 		-15.441 		4
v 6.043 		-9.463 		4
v 14.471 		-15.593 		4
v 14.444 		-15.593 		4
v 14.521 		-15.591 		4
v 7.565 		-8.264 		2.998
v 6.453 		-9.825 		4
v 7.529 		-8.236 		2.998
v 14.589 		-15.591 		4
v 6.806 		-9.768 		4
v 48.001 		-12.395 		2.998
v 49.8 		10.6 		0
v 47.988 		-12.581 		2.998
v 58 		3.2 		0
v 54.2 		3.2 		0
v 54.2 		10.6 		0
v 47.951 		-12.749 		2.998
v 14.617 		-15.367 		4
v 49.8 		18 		0
v 58 		18 		0
v 6.515 		-9.511 		4
v 6.588 		-9.575 		4
v 5.6 		17.8 		0
v 20 		17.8 		0
v 35.2 		17.8 		0
v 6.246 		-9.637 		4
v 6.212 		-9.608 		4
v 6.179 		-9.58 		4
v 35.2 		22.2 		0
v 14.759 		-15.528 		4
v 5.6 		22.2 		0
v 20 		22.2 		0
v 14.747 		-15.544 		4
v 6.278 		-9.666 		4
v 58 		-19 		0
v 54.2 		-19 		0
v 54.2 		-11.6 		0
v 14.734 		-15.559 		4
v 49.8 		-11.6 		0
v 49.8 		-4.2 		0
v 58 		-4.2 		0
v 6.337 		-9.719 		4
v 14.706 		-15.581 		4
v 14.69 		-15.588 		4
v 49.8 		-19 		0
v 34.8 		-19 		0
v 6.382 		-9.394 		4
v 6.394 		-9.405 		4
v 14.673 		-15.593 		4
v 6.342 		-9.36 		4
v 6.356 		-9.372 		4
v 20.4 		-19 		0
v 6.407 		-9.415 		4
v 14.654 		-15.595 		4
v 6.442 		-9.446 		4
v 6.47 		-9.245 		4
v 14.632 		-15.594 		4
v 14.611 		-15.592 		4
v 0.192 		-1.415 		0
v 6.43 		-9.436 		4
v 0.737 		-1.661 		0
v 14.816 		-15.449 		4
v 1.255 		-1.96 		0
v 1.622 		-2.219 		0
v 2.08 		-2.603 		0
v 6.661 		-9.64 		4
v 6.733 		-9.704 		4
v 14.721 		-15.571 		4
v 2.398 		-2.919 		0
v 2.783 		-3.377 		0
v 7.986 		-9.013 		4
v 2.957 		-3.62 		0
v 7.777 		-8.824 		4
v 8.116 		-8.764 		4
v 8.191 		-8.833 		4
v 7.566 		-8.636 		4
v 47.575 		-13.253 		4
v 7.893 		-8.556 		4
v 7.967 		-8.625 		4
v 47.891 		-12.9 		4
v 8.042 		-8.695 		4
v 47.808 		-13.034 		4
v 47.702 		-13.152 		4
v 8.197 		-9.201 		4
v 47.233 		-12.436 		4
v 8.267 		-8.902 		4
v 8.393 		-9.016 		4
v 47.242 		-12.399 		4
v 47.25 		-12.362 		4
v 0.602 		-12.404 		4
v 47.222 		-12.472 		4
v 47.257 		-12.324 		4
v 5.927 		-10.809 		4
v 47.209 		-12.507 		4
v 47.193 		-12.54 		4
v 6 		-10.785 		4
v 47.175 		-12.571 		4
v 5.995 		-10.788 		4
v 48.001 		-12.395 		4
v 5.999 		-10.747 		4
v 47.988 		-12.581 		4
v 6.005 		-10.743 		4
v 47.951 		-12.749 		4
v 6.096 		-10.663 		4
v 41.669 		-12.086 		4
v 41.669 		-12.086 		2.998
v 6.585 		-10.602 		4
v 6.369 		-10.42 		4
v 42.419 		-11.559 		2.998
v 6.555 		-10.258 		4
v 42.419 		-11.559 		4
v 42.42 		-12.086 		4
v 42.42 		-12.086 		2.998
v 42.42 		-11.734 		2.998
v 42.42 		-11.734 		4
v 6.664 		-10.534 		4
v 42.43 		-10.438 		2.998
v 7.012 		-10.243 		4
v 42.43 		-10.438 		4
v 6.999 		-10.25 		4
v 42.438 		-10.336 		4
v 6.987 		-10.257 		4
v 6.977 		-10.265 		4
v 42.438 		-10.336 		2.998
v 6.898 		-10.332 		4
v 6.742 		-10.466 		4
v 42.443 		-10.286 		4
v 42.443 		-10.286 		2.998
v 42.427 		-10.488 		2.998
v 42.427 		-10.488 		4
v 6.649 		-10.176 		4
v 42.424 		-10.539 		2.998
v 42.424 		-10.539 		4
v 42.423 		-10.59 		4
v 42.423 		-10.59 		2.998
v 42.421 		-10.641 		2.998
v 42.421 		-10.641 		4
v 42.421 		-10.691 		4
v 42.421 		-10.691 		2.998
v 6.749 		-10.09 		4
v 6.689 		-10.037 		4
v 6.746 		-10.093 		4
v 6.748 		-10.091 		4
v 6.745 		-10.093 		4
v 6.749 		-10.091 		4
v 42.42 		-10.864 		2.998
v 42.42 		-10.864 		4
v 42.42 		-11.037 		4
v 42.42 		-11.037 		2.998
v 6.744 		-10.094 		4
v 42.419 		-11.21 		2.998
v 42.419 		-11.21 		4
v 6.862 		-10.005 		4
v 6.842 		-10.02 		4
v 6.862 		-10.006 		4
v 6.8747 		-9.9977 		4
v 6.883 		-9.993 		4
v 43.72 		-11.445 		4
v 43.72 		-11.445 		2.998
v 43.718 		-11.595 		4
v 6.882 		-9.993 		4
v 43.718 		-11.595 		2.998
v 43.718 		-12.1 		4
v 7.066 		-10.227 		4
v 43.718 		-12.1 		2.998
v 7.08 		-10.227 		4
v 7.053 		-10.23 		4
v 7.039 		-10.233 		4
v 7.025 		-10.238 		4
v 44.476 		-11.539 		2.998
v 44.476 		-11.539 		4
v 44.475 		-11.725 		2.998
v 6.905 		-9.981 		4
v 44.475 		-11.725 		4
v 44.475 		-12.1 		4
v 44.475 		-12.1 		2.998
v 6.903 		-9.981 		4
v 6.879 		-9.833 		4
v 43.709 		-10.478 		2.998
v 43.709 		-10.478 		4
v 43.713 		-10.545 		4
v 43.713 		-10.545 		2.998
v 6.952 		-9.897 		4
v 43.702 		-10.411 		2.998
v 43.702 		-10.411 		4
v 7.024 		-9.962 		4
v 43.679 		-10.276 		4
v 43.679 		-10.276 		2.998
v 6.952 		-9.965 		4
v 6.978 		-9.961 		4
v 6.972 		-9.961 		4
v 43.718 		-10.695 		4
v 43.718 		-10.695 		2.998
v 7.005 		-9.961 		4
v 43.692 		-10.343 		2.998
v 43.692 		-10.343 		4
v 6.997 		-9.959 		4
v 6.928 		-9.972 		4
v 6.947 		-9.965 		4
v 43.721 		-10.845 		4
v 43.721 		-10.845 		2.998
v 43.722 		-10.995 		4
v 43.722 		-10.995 		2.998
v 43.722 		-11.145 		2.998
v 43.722 		-11.145 		4
v 6.925 		-9.972 		4
v 7.035 		-9.963 		4
v 44.475 		-10.796 		4
v 44.475 		-10.796 		2.998
v 44.476 		-10.981 		2.998
v 44.476 		-10.981 		4
v 44.475 		-10.611 		4
v 44.475 		-10.611 		2.998
v 7.545 		-10.225 		4
v 7.312 		-10.226 		4
v 44.474 		-10.51 		4
v 44.474 		-10.51 		2.998
v 44.471 		-10.409 		4
v 44.471 		-10.409 		2.998
v 44.466 		-10.308 		2.998
v 44.466 		-10.308 		4
v 8.831 		-9.767 		4
v 42.46 		-10.181 		2.998
v 42.489 		-10.082 		2.998
v 9.158 		-9.701 		4
v 42.842 		-9.738 		2.998
v 8.648 		-9.245 		4
v 8.775 		-9.359 		4
v 8.903 		-9.472 		4
v 42.742 		-9.781 		2.998
v 9.03 		-9.587 		4
v 8.407 		-9.389 		4
v 42.657 		-9.839 		2.998
v 42.587 		-9.909 		2.998
v 42.531 		-9.991 		2.998
v 42.495 		-9.258 		2.998
v 42.464 		-9.281 		2.998
v 42.958 		-9.712 		2.998
v 8.521 		-9.13 		4
v 42.434 		-9.305 		2.998
v 42.305 		-9.404 		2.998
v 42.339 		-9.378 		2.998
v 42.371 		-9.353 		2.998
v 42.403 		-9.329 		2.998
v 14.731 		-15.218 		2.998
v 14.674 		-15.292 		2.998
v 0.051 		-12.636 		4
v 14.787 		-15.145 		2.998
v 23.764 		-13.828 		2.998
v 14.932 		-15.29 		2.998
v 23.907 		-14.099 		2.998
v 15.048 		-15.132 		2.998
v 23.654 		-14.016 		2.998
v 23.715 		-14.023 		2.998
v 23.593 		-14.014 		2.998
v 23.777 		-14.038 		2.998
v 23.847 		-14.064 		2.998
v 24.305 		-14.309 		2.998
v 24.275 		-14.234 		2.998
v 24.241 		-14.162 		2.998
v 24.199 		-14.095 		2.998
v 24.151 		-14.034 		2.998
v 24.095 		-13.979 		2.998
v 4.919 		-14.155 		4
v 4.905 		-14.139 		4
v 4.892 		-14.122 		4
v 4.881 		-14.104 		4
v 4.872 		-14.085 		4
v 4.979 		-14.185 		4
v 4.963 		-14.183 		4
v 4.949 		-14.178 		4
v 4.934 		-14.168 		4
v 4.997 		-14.184 		4
v 5.016 		-14.18 		4
v 5.084 		-14.148 		4
v 42.489 		-10.082 		4
v 42.46 		-10.181 		4
v 5.054 		-14.167 		4
v 5.036 		-14.175 		4
v 42.842 		-9.738 		4
v 5.071 		-14.158 		4
v 42.742 		-9.781 		4
v 42.657 		-9.839 		4
v 4.867 		-14.066 		4
v 42.587 		-9.909 		4
v 4.865 		-14.048 		4
v 42.531 		-9.991 		4
v 24.07 		-14.307 		2.998
v 42.495 		-9.258 		4
v 42.464 		-9.281 		4
v 23.667 		-13.814 		2.998
v 23.57 		-13.811 		2.998
v 42.958 		-9.712 		4
v 22.608 		-12.08 		2.998
v 23.338 		-11.39 		2.998
v 42.434 		-9.305 		4
v 21.016 		-12.086 		2.998
v 21.016 		-11.39 		2.998
v 23.338 		-8.089 		2.998
v 42.305 		-9.404 		4
v 22.608 		-8.089 		2.998
v 42.339 		-9.378 		4
v 18.541 		-8.089 		2.998
v 19.288 		-8.089 		2.998
v 42.371 		-9.353 		4
v 17.923 		-8.088 		2.998
v 24.858 		-15.586 		2.998
v 25.068 		-15.586 		2.998
v 25.068 		-13.24 		2.998
v 24.858 		-13.24 		2.998
v 42.403 		-9.329 		4
v 25.062 		-12.08 		2.998
v 25.062 		-11.39 		2.998
v 25.656 		-11.376 		2.998
v 25.728 		-11.502 		2.998
v 25.812 		-11.619 		2.998
v 25.91 		-11.727 		2.998
v 26.02 		-11.828 		2.998
v 26.144 		-11.92 		2.998
v 26.284 		-12.004 		2.998
v 26.428 		-12.071 		2.998
v 26.574 		-12.123 		2.998
v 26.498 		-11.271 		2.998
v 26.577 		-11.346 		2.998
v 42.783 		-9.091 		2.998
v 42.783 		-9.091 		4
v 42.705 		-9.125 		4
v 42.705 		-9.125 		2.998
v 42.555 		-9.214 		2.998
v 42.555 		-9.214 		4
v 42.629 		-9.166 		2.998
v 25.51 		-10.356 		2.998
v 42.629 		-9.166 		4
v 25.497 		-10.502 		2.998
v 25.496 		-10.65 		2.998
v 25.505 		-10.8 		2.998
v 25.524 		-10.95 		2.998
v 25.555 		-11.101 		2.998
v 25.599 		-11.243 		2.998
v 42.864 		-9.064 		2.998
v 42.864 		-9.064 		4
v 26.321 		-10.246 		2.998
v 42.946 		-9.043 		2.998
v 42.946 		-9.043 		4
v 26.309 		-10.797 		2.998
v 5.577 		-11.117 		4
v 14.9 		-14.998 		2.998
v 26.431 		-11.183 		2.998
v 26.379 		-11.088 		2.998
v 14.985 		-14.891 		2.998
v 14.964 		-14.917 		2.998
v 41.669 		-9.106 		2.998
v 41.669 		-9.106 		4
v 14.942 		-14.944 		2.998
v 26.317 		-10.891 		2.998
v 42.305 		-9.106 		2.998
v 42.305 		-9.106 		4
v 26.34 		-10.989 		2.998
v 43.48 		-9.834 		2.998
v 43.48 		-9.834 		4
v 43.543 		-9.914 		4
v 43.543 		-9.914 		2.998
v 15.007 		-14.864 		2.998
v 43.409 		-9.774 		2.998
v 43.409 		-9.774 		4
v 43.059 		-9.701 		4
v 43.059 		-9.701 		2.998
v 26.724 		-12.157 		2.998
v 26.877 		-12.177 		2.998
v 27.031 		-12.181 		2.998
v 27.188 		-12.171 		2.998
v 27.345 		-12.147 		2.998
v 27.519 		-12.103 		2.998
v 27.453 		-11.333 		2.998
v 27.352 		-11.396 		2.998
v 43.664 		-10.209 		2.998
v 43.664 		-10.209 		4
v 15.106 		-15.052 		2.998
v 43.645 		-10.144 		2.998
v 43.645 		-10.144 		4
v 15.249 		-14.914 		2.998
v 26.77 		-11.447 		2.998
v 26.667 		-11.406 		2.998
v 43.623 		-10.08 		2.998
v 43.623 		-10.08 		4
v 15.264 		-14.929 		2.998
v 26.887 		-11.47 		2.998
v 43.598 		-10.018 		2.998
v 20.496 		-15.24 		4
v 43.598 		-10.018 		4
v 15.237 		-14.904 		2.998
v 27.127 		-11.468 		2.998
v 27.008 		-11.477 		2.998
v 27.243 		-11.441 		2.998
v 15.223 		-14.892 		2.998
v 20.691 		-15.347 		4
v 43.331 		-9.734 		2.998
v 43.331 		-9.734 		4
v 15.268 		-14.934 		2.998
v 43.246 		-9.709 		2.998
v 43.246 		-9.709 		4
v 15.165 		-14.972 		2.998
v 43.156 		-9.699 		2.998
v 43.156 		-9.699 		4
v 20.597 		-15.122 		4
v 20.586 		-15.128 		4
v 20.57 		-15.142 		4
v 20.535 		-15.194 		4
v 27.682 		-12.042 		2.998
v 27.831 		-11.964 		2.998
v 27.968 		-11.869 		2.998
v 28.092 		-11.757 		2.998
v 28.203 		-11.627 		2.998
v 28.299 		-11.48 		2.998
v 28.262 		-11.283 		2.998
v 28.238 		-11.276 		2.998
v 28.213 		-11.27 		2.998
v 28.187 		-11.264 		2.998
v 14.846 		-14.379 		2.998
v 5.437 		-11.238 		4
v 44.046 		-9.248 		2.998
v 44.046 		-9.248 		4
v 28.382 		-11.315 		2.998
v 28.334 		-11.302 		2.998
v 28.286 		-11.289 		2.998
v 28.358 		-11.308 		2.998
v 44.127 		-9.324 		2.998
v 44.127 		-9.324 		4
v 26.979 		-10.245 		2.998
v 44.458 		-10.208 		4
v 15.356 		-14.722 		2.998
v 20.577 		-15.135 		4
v 44.458 		-10.208 		2.998
v 27.543 		-11.251 		2.998
v 44.353 		-9.701 		4
v 44.353 		-9.701 		2.998
v 44.388 		-9.812 		2.998
v 44.388 		-9.812 		4
v 44.412 		-9.91 		2.998
v 44.412 		-9.91 		4
v 27.631 		-11.135 		2.998
v 15.08 		-14.725 		2.998
v 27.624 		-11.142 		2.998
v 20.726 		-15.133 		4
v 27.618 		-11.149 		2.998
v 20.709 		-15.126 		4
v 15.076 		-14.755 		2.998
v 44.432 		-10.009 		2.998
v 44.432 		-10.009 		4
v 27.308 		-10.241 		2.998
v 15.067 		-14.671 		2.998
v 27.143 		-10.243 		2.998
v 20.634 		-15.111 		4
v 20.621 		-15.113 		4
v 15.073 		-14.682 		2.998
v 44.447 		-10.108 		2.998
v 44.447 		-10.108 		4
v 20.658 		-15.111 		4
v 20.647 		-15.11 		4
v 26.814 		-10.245 		2.998
v 26.65 		-10.246 		2.998
v 15.066 		-14.78 		2.998
v 20.675 		-15.115 		4
v 44.197 		-9.408 		2.998
v 3.97 		-7.597 		0
v 3.996 		-7.15 		0
v 44.197 		-9.408 		4
v 15.047 		-14.809 		2.998
v 44.258 		-9.499 		2.998
v 44.258 		-9.499 		4
v 3.881 		-8.189 		0
v 15.072 		-14.769 		2.998
v 44.31 		-9.597 		2.998
v 44.31 		-9.597 		4
v 20.609 		-15.117 		4
v 15.077 		-14.695 		2.998
v 15.079 		-14.709 		2.998
v 3.269 		-4.13 		0
v 43.288 		-9.011 		2.998
v 43.288 		-9.011 		4
v 43.204 		-9.013 		4
v 3.529 		-4.669 		0
v 43.204 		-9.013 		2.998
v 15.027 		-14.837 		2.998
v 43.371 		-9.012 		2.998
v 43.371 		-9.012 		4
v 3.733 		-5.231 		0
v 43.453 		-9.016 		2.998
v 43.453 		-9.016 		4
v 20.692 		-15.12 		4
v 3.848 		-5.665 		0
v 43.535 		-9.025 		2.998
v 43.535 		-9.025 		4
v 43.03 		-9.027 		2.998
v 43.03 		-9.027 		4
v 3.933 		-6.106 		0
v 20.746 		-15.261 		4
v 3.97 		-6.403 		0
v 43.116 		-9.017 		4
v 43.116 		-9.017 		2.998
v 3.993 		-6.701 		0
v 20.743 		-15.141 		4
v 15.333 		-14.433 		2.998
v 43.616 		-9.039 		2.998
v 43.616 		-9.039 		4
v 15.285 		-14.496 		2.998
v 43.696 		-9.059 		2.998
v 43.696 		-9.059 		4
v 15.236 		-14.561 		2.998
v 20.759 		-15.149 		4
v 14.92 		-14.476 		2.998
v 43.775 		-9.086 		2.998
v 3.733 		-8.769 		0
v 43.775 		-9.086 		4
v 14.994 		-14.574 		2.998
v 20.793 		-15.163 		4
v 3.467 		-9.467 		0
v 43.853 		-9.121 		2.998
v 43.853 		-9.121 		4
v 3.269 		-9.87 		0
v 43.955 		-9.18 		2.998
v 43.955 		-9.18 		4
v 2.957 		-10.38 		0
v 15.14 		-14.433 		2.998
v 45.494 		-11.687 		2.998
v 45.494 		-11.687 		4
v 45.59 		-11.793 		4
v 15.093 		-14.369 		2.998
v 45.59 		-11.793 		2.998
v 45.41 		-11.572 		2.998
v 45.41 		-11.572 		4
v 45.339 		-11.45 		2.998
v 45.339 		-11.45 		4
v 45.279 		-11.32 		2.998
v 45.279 		-11.32 		4
v 45.821 		-11.976 		4
v 45.821 		-11.976 		2.998
v 45.699 		-11.889 		2.998
v 45.699 		-11.889 		4
v 45.975 		-12.062 		2.998
v 45.975 		-12.062 		4
v 46.133 		-12.125 		2.998
v 46.943 		-12.117 		2.998
v 46.615 		-12.181 		2.998
v 46.452 		-12.183 		2.998
v 46.292 		-12.165 		2.998
v 46.778 		-12.158 		2.998
v 46.575 		-11.492 		2.998
v 46.438 		-11.476 		2.998
v 46.394 		-11.466 		2.998
v 46.529 		-11.489 		2.998
v 46.146 		-11.308 		2.998
v 46.204 		-11.365 		2.998
v 46.273 		-11.413 		2.998
v 46.352 		-11.452 		2.998
v 46.483 		-11.484 		2.998
v 46.669 		-11.498 		2.998
v 46.715 		-11.501 		2.998
v 20.818 		-14.519 		4
v 20.822 		-14.559 		4
v 46.8 		-11.5 		2.998
v 20.586 		-14.517 		4
v 46.885 		-11.483 		2.998
v 20.571 		-14.439 		4
v 46.967 		-11.449 		2.998
v 20.553 		-14.365 		4
v 47.045 		-11.402 		2.998
v 20.597 		-14.597 		4
v 20.782 		-14.358 		4
v 20.812 		-14.479 		4
v 28.405 		-10.77 		2.998
v 20.825 		-14.6 		4
v 4.863 		-13.772 		4
v 20.828 		-14.642 		4
v 28.123 		-11.245 		2.998
v 27.682 		-11.115 		2.998
v 27.672 		-11.116 		2.998
v 27.662 		-11.119 		2.998
v 27.651 		-11.123 		2.998
v 20.831 		-14.686 		4
v 5.154 		-14.089 		4
v 5.291 		-13.97 		4
v 20.804 		-14.441 		4
v 28.06 		-11.226 		2.998
v 27.751 		-11.133 		2.998
v 27.69 		-11.116 		2.998
v 5.223 		-14.03 		4
v 27.874 		-11.169 		2.998
v 27.813 		-11.151 		2.998
v 28.402 		-10.797 		2.998
v 20.834 		-14.731 		4
v 20.838 		-14.778 		4
v 5.18 		-13.722 		4
v 5.124 		-13.709 		4
v 28.408 		-10.744 		2.998
v 5.125 		-13.727 		4
v 28.416 		-10.696 		2.998
v 28.419 		-10.674 		2.998
v 28.421 		-10.652 		2.998
v 28.421 		-10.631 		2.998
v 28.414 		-10.54 		2.998
v 28.403 		-10.397 		2.998
v 28.396 		-10.325 		2.998
v 21.458 		-14.348 		4
v 28.389 		-10.254 		2.998
v 21.296 		-14.514 		4
v 5.127 		-13.769 		4
v 5.142 		-13.756 		4
v 28.42 		-10.611 		2.998
v 25.572 		-10.068 		2.998
v 25.534 		-10.211 		2.998
v 5.156 		-13.744 		4
v 5.21 		-13.695 		4
v 21.923 		-15.59 		4
v 21.682 		-15.59 		4
v 5.219 		-13.687 		4
v 5.265 		-13.643 		4
v 26.111 		-9.283 		2.998
v 25.988 		-9.386 		2.998
v 21.605 		-15.375 		4
v 25.877 		-9.505 		2.998
v 25.777 		-9.639 		2.998
v 25.688 		-9.788 		2.998
v 25.623 		-9.927 		2.998
v 5.123 		-13.692 		4
v 26.565 		-9.784 		2.998
v 5.122 		-13.676 		4
v 22 		-15.376 		4
v 26.512 		-9.825 		2.998
v 5.121 		-13.661 		4
v 26.466 		-9.873 		2.998
v 5.63 		-13.665 		4
v 5.562 		-13.726 		4
v 5.495 		-13.787 		4
v 5.403 		-13.513 		4
v 5.495 		-13.426 		4
v 5.542 		-13.383 		4
v 46.133 		-12.125 		4
v 5.588 		-13.341 		4
v 46.943 		-12.117 		4
v 5.121 		-13.442 		4
v 46.615 		-12.181 		4
v 5.843 		-13.469 		4
v 5.737 		-13.567 		4
v 46.452 		-12.183 		4
v 46.292 		-12.165 		4
v 46.778 		-12.158 		4
v 46.575 		-11.492 		4
v 46.438 		-11.476 		4
v 46.394 		-11.466 		4
v 46.529 		-11.489 		4
v 46.146 		-11.308 		4
v 46.204 		-11.365 		4
v 46.273 		-11.413 		4
v 46.352 		-11.452 		4
v 46.483 		-11.484 		4
v 46.669 		-11.498 		4
v 46.715 		-11.501 		4
v 46.8 		-11.5 		4
v 46.885 		-11.483 		4
v 46.967 		-11.449 		4
v 47.045 		-11.402 		4
v 45.23 		-11.183 		2.998
v 45.192 		-11.039 		2.998
v 45.16 		-10.87 		2.998
v 45.946 		-10.83 		2.998
v 45.969 		-10.934 		2.998
v 45.993 		-11.017 		2.998
v 46.021 		-11.097 		2.998
v 46.056 		-11.173 		2.998
v 26.428 		-9.925 		2.998
v 26.395 		-9.982 		2.998
v 26.369 		-10.043 		2.998
v 26.348 		-10.108 		2.998
v 45.138 		-10.533 		2.998
v 45.142 		-10.701 		2.998
v 26.332 		-10.175 		2.998
v 45.148 		-10.367 		2.998
v 21.527 		-15.159 		4
v 26.551 		-9.072 		2.998
v 26.392 		-9.126 		2.998
v 26.246 		-9.196 		2.998
v 27.483 		-9.81 		2.998
v 21.683 		-14.981 		4
v 27.539 		-9.88 		2.998
v 45.953 		-10.317 		2.998
v 21.741 		-15.143 		4
v 27.416 		-9.752 		2.998
v 45.935 		-10.418 		2.998
v 5.95 		-13.37 		4
v 21.799 		-15.306 		4
v 27.641 		-10.235 		2.998
v 27.474 		-10.238 		2.998
v 45.925 		-10.52 		2.998
v 21.921 		-14.963 		4
v 21.86 		-15.134 		4
v 4.861 		-13.218 		4
v 27.636 		-10.137 		2.998
v 45.924 		-10.623 		2.998
v 5.12 		-12.299 		4
v 27.617 		-10.045 		2.998
v 45.931 		-10.727 		2.998
v 27.584 		-9.958 		2.998
v 5.123 		-12.489 		4
v 5.124 		-12.68 		4
v 22.077 		-15.161 		4
v 5.124 		-13.061 		4
v 5.122 		-13.252 		4
v 22.155 		-14.946 		4
v 26.644 		-9.735 		2.998
v 5.723 		-13.218 		4
v 5.994 		-12.974 		4
v 21.981 		-14.793 		4
v 27.163 		-9.654 		2.998
v 27.255 		-9.674 		2.998
v 22.232 		-14.73 		4
v 22.31 		-14.514 		4
v 27.073 		-9.643 		2.998
v 26.895 		-9.651 		2.998
v 26.983 		-9.642 		2.998
v 6.483 		-12.878 		4
v 6.376 		-12.976 		4
v 26.809 		-9.669 		2.998
v 22.041 		-14.625 		4
v 27.34 		-9.706 		2.998
v 22.1 		-14.456 		4
v 6.516 		-12.847 		4
v 21.626 		-14.821 		4
v 7.072 		-12.339 		4
v 6.993 		-12.413 		4
v 26.725 		-9.697 		2.998
v 6.584 		-12.786 		4
v 21.569 		-14.662 		4
v 6.685 		-12.694 		4
v 21.513 		-14.505 		4
v 6.753 		-12.632 		4
v 6.265 		-12.729 		4
v 6.401 		-12.607 		4
v 28.379 		-10.184 		2.998
v 28.368 		-10.114 		2.998
v 28.353 		-10.045 		2.998
v 28.32 		-9.925 		2.998
v 28.279 		-9.811 		2.998
v 28.229 		-9.702 		2.998
v 28.17 		-9.598 		2.998
v 28.101 		-9.501 		2.998
v 28.022 		-9.41 		2.998
v 6.536 		-12.486 		4
v 27.932 		-9.326 		2.998
v 6.672 		-12.363 		4
v 27.831 		-9.25 		2.998
v 6.733 		-12.309 		4
v 27.702 		-9.172 		2.998
v 27.57 		-9.11 		2.998
v 27.435 		-9.064 		2.998
v 27.297 		-9.032 		2.998
v 27.157 		-9.014 		2.998
v 27.014 		-9.009 		2.998
v 26.869 		-9.016 		2.998
v 26.722 		-9.035 		2.998
v 4.861 		-12.11 		4
v 4.86 		-11.833 		4
v 29.209 		-11.497 		2.998
v 29.286 		-11.608 		2.998
v 29.374 		-11.712 		2.998
v 29.474 		-11.809 		2.998
v 29.585 		-11.898 		2.998
v 4.865 		-11.79 		4
v 29.142 		-11.379 		2.998
v 4.877 		-11.752 		4
v 4.895 		-11.718 		4
v 4.918 		-11.688 		4
v 29.72 		-11.987 		2.998
v 29.86 		-12.058 		2.998
v 30.003 		-12.11 		2.998
v 30.15 		-12.147 		2.998
v 30.3 		-12.168 		2.998
v 30.453 		-12.175 		2.998
v 4.944 		-11.661 		4
v 30.609 		-12.17 		2.998
v 45.23 		-11.183 		4
v 4.973 		-11.635 		4
v 30.027 		-11.318 		2.998
v 45.192 		-11.039 		4
v 5.031 		-11.585 		4
v 5.08 		-11.54 		4
v 45.16 		-10.87 		4
v 30.119 		-11.377 		2.998
v 2.596 		-10.857 		0
v 45.946 		-10.83 		4
v 5.115 		-12.043 		4
v 5.114 		-12.109 		4
v 2.189 		-11.295 		0
v 45.969 		-10.934 		4
v 45.993 		-11.017 		4
v 1.741 		-11.691 		0
v 5.225 		-11.795 		4
v 46.021 		-11.097 		4
v 1.255 		-12.04 		0
v 46.056 		-11.173 		4
v 45.138 		-10.533 		4
v 45.142 		-10.701 		4
v 45.148 		-10.367 		4
v 45.953 		-10.317 		4
v 45.935 		-10.418 		4
v 45.925 		-10.52 		4
v 45.924 		-10.623 		4
v 45.931 		-10.727 		4
v 6.078 		-11.045 		4
v 5.976 		-11.139 		4
v 5.925 		-11.185 		4
v 5.646 		-11.056 		4
v 46.097 		-11.244 		4
v 46.097 		-11.244 		2.998
v 5.766 		-9.231 		2.998
v 5.799 		-9.259 		2.998
v 5.833 		-9.287 		2.998
v 5.868 		-9.315 		2.998
v 0.737 		-12.339 		0
v 47.267 		-12.253 		2.998
v 47.263 		-12.287 		2.998
v 0.192 		-12.585 		0
v 5.716 		-10.994 		4
v 47.108 		-12.058 		2.998
v 5.786 		-10.933 		4
v 5.857 		-10.871 		4
v 47.127 		-12.05 		2.998
v 47.145 		-12.042 		2.998
v 6.13 		-10.997 		4
v 47.164 		-12.034 		2.998
v 5.2 		-19 		0
v 6.058 		-10.913 		4
v 6.106 		-10.968 		4
v 6.034 		-10.885 		4
v 47.27 		-12.218 		2.998
v 6.056 		-10.914 		4
v 47.271 		-12.182 		2.998
v 6.033 		-10.886 		4
v -24.335 		54.646 		0
v 6.083 		-10.939 		4
v -24.069 		54.686 		0
v 47.268 		-12.069 		2.998
v 6.137 		-10.994 		4
v -23.867 		54.699 		0
v 47.269 		-12.108 		2.998
v -23.665 		54.696 		0
v 6.11 		-10.966 		4
v -23.331 		54.659 		0
v 47.27 		-12.146 		2.998
v -23.004 		54.579 		0
v 6.016 		-10.855 		4
v 6.004 		-10.822 		4
v -22.752 		54.487 		0
v 6.001 		-10.824 		4
v -22.509 		54.37 		0
v 5.936 		-9.37 		2.998
v 6.002 		-9.389 		2.998
v -22.28 		54.23 		0
v 6.007 		-9.357 		2.998
v 6.014 		-10.856 		4
v -22.04 		54.045 		0
v 7.151 		-12.266 		4
v -21.692 		53.681 		0
v 6.008 		-9.36 		2.998
v 6.004 		-9.394 		2.998
v 6.008 		-9.432 		2.998
v 6.005 		-9.425 		2.998
v -21.496 		53.408 		0
v 5.902 		-9.342 		2.998
v 6.018 		-9.328 		2.998
v 6.034 		-9.301 		2.998
v 6.053 		-9.275 		2.998
v -21.128 		51.631 		0
v -21.103 		52.034 		0
v -21.183 		51.334 		0
v 6.101 		-9.222 		2.998
v 6.077 		-9.248 		2.998
v 6.055 		-9.274 		2.998
v 6.035 		-9.301 		2.998
v 6.019 		-9.329 		2.998
v -21.355 		53.14 		0
v -21.241 		52.86 		0
v 6.075 		-9.25 		2.998
v 6.098 		-9.225 		2.998
v -21.169 		52.601 		0
v -21.122 		52.336 		0
v 5.63 		-9.113 		2.998
v -21.241 		51.14 		0
v -21.34 		50.89 		0
v -21.462 		50.65 		0
v 5.732 		-9.202 		2.998
v 6.12 		-9.199 		2.998
v 6.057 		-9.139 		2.998
v 5.994 		-9.08 		2.998
v -21.608 		50.424 		0
v -21.776 		50.214 		0
v 5.932 		-9.021 		2.998
v 5.869 		-8.962 		2.998
v -21.964 		50.021 		0
v 6.125 		-9.195 		2.998
v -22.17 		49.848 		0
v -22.393 		49.697 		0
v -22.629 		49.568 		0
v -22.94 		49.441 		0
v -23.266 		49.358 		0
v -23.665 		49.304 		0
v -23.968 		49.308 		0
v -24.269 		49.341 		0
v -24.563 		49.412 		0
v -26.067 		53.464 		0
v 14.731 		-15.218 		4
v 14.674 		-15.292 		4
v -25.91 		53.683 		0
v -25.732 		53.885 		0
v 14.787 		-15.145 		4
v -25.535 		54.068 		0
v -25.32 		54.23 		0
v -25.091 		54.37 		0
v -24.848 		54.487 		0
v -24.596 		54.579 		0
v -26.388 		51.237 		0
v 47.266 		-11.986 		2.998
v 30.231 		-11.426 		2.998
v 47.244 		-11.997 		2.998
v 30.365 		-11.465 		2.998
v 47.223 		-12.007 		2.998
v 30.549 		-11.482 		2.998
v 30.454 		-11.48 		2.998
v 30.646 		-11.472 		2.998
v 47.183 		-12.025 		2.998
v 47.267 		-12.028 		2.998
v 28.988 		-10.328 		2.998
v 28.973 		-10.459 		2.998
v 28.968 		-10.59 		2.998
v 28.972 		-10.722 		2.998
v 28.985 		-10.854 		2.998
v 29.008 		-10.987 		2.998
v 29.042 		-11.124 		2.998
v 29.086 		-11.255 		2.998
v 48.002 		-11.998 		2.998
v 29.799 		-10.289 		2.998
v 47.116 		-11.343 		2.998
v 29.784 		-10.37 		2.998
v 29.774 		-10.451 		2.998
v 47.178 		-11.272 		2.998
v 29.768 		-10.532 		2.998
v 29.768 		-10.614 		2.998
v 48.002 		-11.602 		2.998
v 29.773 		-10.696 		2.998
v 29.783 		-10.78 		2.998
v 29.952 		-11.246 		2.998
v 29.893 		-11.158 		2.998
v 29.81 		-10.927 		2.998
v 29.846 		-11.052 		2.998
v 30.767 		-12.152 		2.998
v 14.932 		-15.29 		4
v 30.93 		-12.12 		2.998
v 31.081 		-12.072 		2.998
v 31.223 		-12.009 		2.998
v 31.353 		-11.93 		2.998
v 31.474 		-11.836 		2.998
v 31.586 		-11.726 		2.998
v 31.688 		-11.603 		2.998
v 15.048 		-15.132 		4
v 30.92 		-11.354 		2.998
v 30.834 		-11.409 		2.998
v 30.998 		-11.284 		2.998
v 14.9 		-14.998 		4
v 30.742 		-11.447 		2.998
v 14.985 		-14.891 		4
v 14.964 		-14.917 		4
v -26.458 		51.531 		0
v 14.942 		-14.944 		4
v -26.492 		51.832 		0
v -26.492 		52.202 		0
v 15.007 		-14.864 		4
v -26.458 		52.469 		0
v -26.398 		52.731 		0
v -26.313 		52.986 		0
v -26.202 		53.231 		0
v 15.249 		-14.914 		4
v 15.264 		-14.929 		4
v -24.848 		49.513 		0
v 15.237 		-14.904 		4
v -25.12 		49.647 		0
v 15.223 		-14.892 		4
v 6.794 		-12.254 		4
v 6.916 		-12.145 		4
v 7.038 		-12.037 		4
v 7.099 		-11.982 		4
v -25.43 		49.848 		0
v -25.732 		50.115 		0
v 6.855 		-12.2 		4
v -25.93 		50.344 		0
v 7.161 		-11.928 		4
v 6.077 		-9.492 		2.998
v 6.111 		-9.522 		2.998
v 7.156 		-11.922 		4
v -26.104 		50.592 		0
v 6.043 		-9.463 		2.998
v -26.202 		50.769 		0
v -26.288 		50.951 		0
v 15.268 		-14.934 		4
v 15.165 		-14.972 		4
v 15.106 		-15.052 		4
v -31.108 		41.798 		0
v -31.108 		42.168 		0
v -31.142 		41.531 		0
v -31.202 		41.269 		0
v 14.846 		-14.379 		4
v -31.287 		41.014 		0
v -32.629 		44.432 		0
v -32.393 		44.303 		0
v -32.144 		44.13 		0
v -31.915 		43.933 		0
v -31.712 		43.708 		0
v -31.481 		43.378 		0
v -31.34 		43.11 		0
v -31.183 		42.666 		0
v -31.142 		42.469 		0
v -31.398 		40.769 		0
v -31.533 		40.536 		0
v -31.69 		40.317 		0
v -31.868 		40.115 		0
v -32.065 		39.932 		0
v -32.28 		39.77 		0
v 32.734 		-12.08 		2.998
v -32.509 		39.63 		0
v -32.752 		39.513 		0
v 31.782 		-11.464 		2.998
v 31.836 		-11.365 		2.998
v 31.882 		-11.264 		2.998
v 31.214 		-10.487 		2.998
v 31.22 		-10.609 		2.998
v 31.198 		-10.364 		2.998
v 6.453 		-9.825 		2.998
v 31.175 		-10.241 		2.998
v -52.338 		61.292 		0
v -51.856 		61.631 		0
v 6.806 		-9.768 		2.998
v 31.216 		-10.729 		2.998
v 31.2 		-10.849 		2.998
v 31.125 		-11.083 		2.998
v 31.063 		-11.198 		2.998
v 6.588 		-9.575 		2.998
v 6.515 		-9.511 		2.998
v -53.013 		60.583 		0
v 31.17 		-10.967 		2.998
v -52.828 		60.812 		0
v -52.628 		61.028 		0
v -51.686 		61.728 		0
v -51.42 		61.856 		0
v -51.148 		61.966 		0
v -50.867 		62.054 		0
v -50.484 		62.14 		0
v -50.094 		62.188 		0
v -49.8 		62.2 		0
v 15.356 		-14.722 		4
v 6.246 		-9.637 		2.998
v -53.757 		58.787 		0
v -53.702 		59.076 		0
v -53.628 		59.361 		0
v 6.212 		-9.608 		2.998
v -53.8 		58.2 		0
v -53.531 		59.639 		0
v 6.179 		-9.58 		2.998
v -53.416 		59.91 		0
v 15.08 		-14.725 		4
v -53.328 		60.086 		0
v 15.076 		-14.755 		4
v 31.92 		-11.16 		2.998
v 31.95 		-11.056 		2.998
v 31.973 		-10.95 		2.998
v 31.99 		-10.843 		2.998
v 32.002 		-10.735 		2.998
v 32.008 		-10.626 		2.998
v 32.009 		-10.564 		2.998
v 32.007 		-10.501 		2.998
v 15.067 		-14.671 		4
v 32.002 		-10.438 		2.998
v 15.073 		-14.682 		4
v 31.994 		-10.374 		2.998
v 31.985 		-10.311 		2.998
v 31.973 		-10.249 		2.998
v 6.278 		-9.666 		2.998
v -36.202 		43.231 		0
v 6.337 		-9.719 		2.998
v 15.066 		-14.78 		4
v -36.067 		43.464 		0
v 15.047 		-14.809 		4
v -35.91 		43.683 		0
v 15.072 		-14.769 		4
v 6.394 		-9.405 		2.998
v 15.077 		-14.695 		4
v 15.079 		-14.709 		4
v -35.636 		43.979 		0
v -35.43 		44.152 		0
v 15.027 		-14.837 		4
v -35.207 		44.303 		0
v -34.971 		44.432 		0
v -34.723 		44.536 		0
v 15.333 		-14.433 		4
v 15.285 		-14.496 		4
v 15.236 		-14.561 		4
v 14.994 		-14.574 		4
v 14.92 		-14.476 		4
v 15.14 		-14.433 		4
v 15.093 		-14.369 		4
v 15.845 		-15.595 		2.998
v 15.817 		-15.593 		2.998
v 15.789 		-15.589 		2.998
v 15.775 		-15.584 		2.998
v 15.857 		-15.377 		2.998
v 15.76 		-15.577 		2.998
v 15.747 		-15.567 		2.998
v 15.708 		-15.528 		2.998
v 15.733 		-15.555 		2.998
v 10.794 		-8.087 		2.998
v 15.633 		-15.429 		2.998
v 10.794 		-8.087 		4
v 15.686 		-15.499 		2.998
v 11.545 		-8.087 		2.998
v 11.545 		-8.087 		4
v 15.696 		-15.513 		2.998
v 13.341 		-8.082 		2.998
v 13.786 		-8.082 		2.998
v 13.874 		-8.083 		2.998
v 15.72 		-15.541 		2.998
v 13.961 		-8.084 		2.998
v 14.049 		-8.085 		2.998
v 15.874 		-15.596 		2.998
v 14.099 		-8.151 		2.998
v 14.08 		-8.117 		2.998
v 14.087 		-8.128 		2.998
v 15.98 		-15.538 		2.998
v 14.068 		-8.098 		2.998
v 14.074 		-8.107 		2.998
v 15.939 		-15.483 		2.998
v 14.093 		-8.139 		2.998
v 15.932 		-15.595 		2.998
v 15.992 		-15.593 		2.998
v 16.023 		-15.593 		2.998
v 14.055 		-8.086 		2.998
v 15.903 		-15.596 		2.998
v 14.061 		-8.091 		2.998
v 7.151 		-12.266 		2.998
v 6.794 		-12.254 		2.998
v 6.855 		-12.2 		2.998
v 7.038 		-12.037 		2.998
v 6.916 		-12.145 		2.998
v 7.099 		-11.982 		2.998
v 47.267 		-12.253 		4
v 47.263 		-12.287 		4
v 47.108 		-12.058 		4
v 13.341 		-8.082 		4
v 47.127 		-12.05 		4
v 13.786 		-8.082 		4
v 47.145 		-12.042 		4
v -34.335 		44.646 		0
v 47.164 		-12.034 		4
v 13.874 		-8.083 		4
v -33.867 		44.699 		0
v 13.961 		-8.084 		4
v -33.665 		44.696 		0
v 47.27 		-12.218 		4
v -33.365 		44.662 		0
v 47.271 		-12.182 		4
v -33.069 		44.599 		0
v -32.877 		44.536 		0
v 14.08 		-8.117 		4
v 47.268 		-12.069 		4
v 47.269 		-12.108 		4
v 14.074 		-8.107 		4
v 47.27 		-12.146 		4
v -36.359 		41.14 		0
v -36.431 		41.399 		0
v 47.183 		-12.025 		4
v -36.478 		41.664 		0
v -36.498 		41.933 		0
v 47.266 		-11.986 		4
v -36.492 		42.202 		0
v 47.244 		-11.997 		4
v -36.458 		42.469 		0
v -36.398 		42.731 		0
v 47.223 		-12.007 		4
v -36.313 		42.986 		0
v 14.667 		-8.088 		2.998
v 47.267 		-12.028 		4
v -33.004 		39.421 		0
v 48.002 		-11.998 		4
v -33.265 		39.354 		0
v -33.531 		39.314 		0
v 47.116 		-11.343 		4
v 7.161 		-11.928 		2.998
v 47.178 		-11.272 		4
v 48.002 		-11.602 		4
v 7.106 		-11.877 		2.998
v 48.003 		-11.206 		4
v 48.003 		-11.206 		2.998
v 47.311 		-10.256 		2.998
v 47.311 		-10.256 		4
v 7.156 		-11.922 		2.998
v 47.328 		-10.367 		4
v 47.328 		-10.367 		2.998
v 47.346 		-10.583 		2.998
v 6.449 		-11.285 		2.998
v 47.346 		-10.583 		4
v -33.935 		39.304 		0
v 47.345 		-10.689 		4
v 47.345 		-10.689 		2.998
v 47.34 		-10.475 		2.998
v 47.34 		-10.475 		4
v -34.202 		39.331 		0
v -34.466 		39.384 		0
v -34.723 		39.464 		0
v 47.229 		-11.193 		2.998
v 47.229 		-11.193 		4
v -34.971 		39.568 		0
v -35.207 		39.697 		0
v 47.267 		-11.105 		2.998
v 47.267 		-11.105 		4
v -35.43 		39.848 		0
v -35.636 		40.021 		0
v 47.337 		-10.794 		4
v 47.337 		-10.794 		2.998
v -35.824 		40.214 		0
v 47.298 		-11.002 		2.998
v 47.298 		-11.002 		4
v -36.065 		40.537 		0
v 47.321 		-10.898 		2.998
v 47.321 		-10.898 		4
v -36.26 		40.89 		0
v 48.003 		-10.809 		2.998
v 48.003 		-10.809 		4
v 45.344 		-9.725 		2.998
v 45.344 		-9.725 		4
v 45.27 		-9.882 		4
v 45.27 		-9.882 		2.998
v 45.173 		-10.203 		2.998
v -53.8 		10.6 		0
v 45.173 		-10.203 		4
v -58.2 		10.6 		0
v -53.8 		18 		0
v -58.2 		3.2 		0
v 45.213 		-10.041 		2.998
v -9.6 		17.8 		0
v 45.213 		-10.041 		4
v -9.6 		22.2 		0
v -39.2 		22.2 		0
v -39.2 		17.8 		0
v 45.425 		-9.588 		2.998
v 45.425 		-9.588 		4
v -24 		17.8 		0
v 45.517 		-9.465 		2.998
v -24 		22.2 		0
v 45.517 		-9.465 		4
v 45.62 		-9.356 		2.998
v 45.62 		-9.356 		4
v -6.957 		-3.62 		0
v 45.734 		-9.261 		2.998
v 45.734 		-9.261 		4
v -6.596 		-3.143 		0
v -6.08 		-2.603 		0
v 46.067 		-10.006 		4
v 46.067 		-10.006 		2.998
v 46.014 		-10.117 		2.998
v 46.014 		-10.117 		4
v 45.979 		-10.217 		2.998
v 45.979 		-10.217 		4
v -5.741 		-2.309 		0
v -5.255 		-1.96 		0
v 47.086 		-9.806 		2.998
v 47.086 		-9.806 		4
v -4.737 		-1.661 		0
v 46.647 		-9.671 		4
v 46.647 		-9.671 		2.998
v 46.518 		-9.683 		2.998
v 46.518 		-9.683 		4
v 5.121 		-8.009 		2.998
v -4.192 		-1.415 		0
v 46.402 		-9.714 		2.998
v 46.402 		-9.714 		4
v 46.299 		-9.762 		2.998
v 46.299 		-9.762 		4
v -3.625 		-1.224 		0
v 4.861 		-7.804 		2.998
v 47.002 		-9.746 		2.998
v -3.042 		-1.091 		0
v 47.002 		-9.746 		4
v -2.448 		-1.017 		0
v 46.903 		-9.703 		2.998
v 46.903 		-9.703 		4
v -2.15 		-1.002 		0
v 4.861 		-6.972 		2.998
v 46.79 		-9.678 		2.998
v 46.79 		-9.678 		4
v 6.526 		-11.357 		2.998
v 5.881 		-7.1 		2.998
v 6.604 		-11.429 		2.998
v 46.21 		-9.828 		2.998
v 46.21 		-9.828 		4
v 46.132 		-9.91 		2.998
v 46.132 		-9.91 		4
v 5.553 		-6.8 		2.998
v 5.612 		-6.854 		2.998
v 6.843 		-11.28 		2.998
v 15.845 		-15.595 		4
v 5.493 		-6.746 		2.998
v 5.434 		-6.692 		2.998
v 45.859 		-9.182 		2.998
v 6.99 		-11.416 		2.998
v 45.859 		-9.182 		4
v 6.917 		-11.348 		2.998
v 15.817 		-15.593 		4
v 7.064 		-11.484 		2.998
v 45.994 		-9.117 		2.998
v 45.994 		-9.117 		4
v 15.789 		-15.589 		4
v 5.746 		-6.977 		2.998
v 46.141 		-9.067 		2.998
v 46.141 		-9.067 		4
v 15.775 		-15.584 		4
v 46.3 		-9.034 		2.998
v 46.3 		-9.034 		4
v 46.779 		-9.022 		2.998
v 46.779 		-9.022 		4
v 46.684 		-9.012 		4
v 46.684 		-9.012 		2.998
v 15.857 		-15.377 		4
v 46.873 		-9.039 		2.998
v 46.873 		-9.039 		4
v 6.809 		-11.614 		2.998
v 6.76 		-11.571 		2.998
v 47.095 		-9.118 		2.998
v 47.095 		-9.118 		4
v 47.058 		-9.101 		4
v 47.058 		-9.101 		2.998
v 6.956 		-11.745 		2.998
v 15.76 		-15.577 		4
v 5.913 		-6.771 		2.998
v 5.837 		-6.701 		2.998
v 6.907 		-11.701 		2.998
v 15.747 		-15.567 		4
v 6.12 		-6.958 		2.998
v 46.397 		-9.021 		2.998
v 46.397 		-9.021 		4
v 6.858 		-11.658 		2.998
v 5.99 		-6.841 		2.998
v 46.493 		-9.012 		2.998
v 46.493 		-9.012 		4
v 15.708 		-15.528 		4
v 46.589 		-9.009 		2.998
v 46.589 		-9.009 		4
v 15.733 		-15.555 		4
v 5.121 		-6.455 		2.998
v 15.633 		-15.429 		4
v 15.686 		-15.499 		4
v 46.966 		-9.065 		2.998
v 46.966 		-9.065 		4
v 7.106 		-11.877 		4
v 15.696 		-15.513 		4
v 6.526 		-11.357 		4
v 6.449 		-11.285 		4
v 47.132 		-9.137 		2.998
v 47.132 		-9.137 		4
v 6.604 		-11.429 		4
v 47.157 		-9.879 		4
v 47.157 		-9.879 		2.998
v 47.291 		-10.155 		2.998
v 47.291 		-10.155 		4
v 15.72 		-15.541 		4
v 7.064 		-11.484 		4
v 47.259 		-10.057 		2.998
v 47.259 		-10.057 		4
v 6.917 		-11.348 		4
v 6.99 		-11.416 		4
v 47.214 		-9.964 		2.998
v 47.214 		-9.964 		4
v 6.843 		-11.28 		4
v 47.315 		-9.241 		2.998
v 15.874 		-15.596 		4
v 47.315 		-9.241 		4
v 6.956 		-11.745 		4
v 47.278 		-9.219 		4
v 47.278 		-9.219 		2.998
v 47.353 		-9.262 		4
v 6.907 		-11.701 		4
v 47.353 		-9.262 		2.998
v 6.858 		-11.658 		4
v 6.809 		-11.614 		4
v 6.76 		-11.571 		4
v 15.98 		-15.538 		4
v 47.241 		-9.198 		4
v 47.241 		-9.198 		2.998
v 15.939 		-15.483 		4
v 7.385 		-12.045 		4
v 7.307 		-12.119 		4
v 47.205 		-9.177 		2.998
v 47.205 		-9.177 		4
v 47.168 		-9.156 		4
v 47.168 		-9.156 		2.998
v 7.23 		-12.192 		4
v 15.992 		-15.593 		4
v 15.932 		-15.595 		4
v 7.392 		-12.044 		4
v 16.023 		-15.593 		4
v 48.002 		-9.104 		2.998
v 48.002 		-9.104 		4
v 47.353 		-9.104 		4
v 47.353 		-9.104 		2.998
v 15.903 		-15.596 		4
v 48.002 		-9.621 		2.998
v 48.002 		-9.621 		4
v 7.215 		-11.957 		4
v 7.242 		-11.971 		4
v 15.58 		-15.358 		2.998
v 7.241 		-11.97 		4
v 7.185 		-11.938 		4
v 15.528 		-15.288 		2.998
v -1.552 		-1.017 		0
v 15.372 		-15.075 		2.998
v 7.299 		-12 		4
v -0.958 		-1.091 		0
v -0.375 		-1.224 		0
v 15.565 		-14.996 		2.998
v 15.523 		-14.94 		2.998
v 36.32 		-11.374 		2.998
v 36.378 		-11.484 		2.998
v 36.446 		-11.589 		2.998
v 36.523 		-11.689 		2.998
v 36.608 		-11.785 		2.998
v 36.703 		-11.876 		2.998
v 36.841 		-11.979 		2.998
v 15.736 		-15.219 		2.998
v -7.881 		-8.189 		0
v 35.54 		-12.102 		2.998
v -7.97 		-7.597 		0
v 15.651 		-15.108 		2.998
v 36.183 		-10.26 		2.998
v 36.163 		-10.444 		2.998
v 36.161 		-10.631 		2.998
v 36.176 		-10.82 		2.998
v 36.205 		-11.012 		2.998
v 36.234 		-11.138 		2.998
v 36.272 		-11.259 		2.998
v -7.996 		-7.15 		0
v 35.54 		-10.462 		2.998
v -7.993 		-6.701 		0
v 35.537 		-10.364 		2.998
v 35.532 		-10.265 		2.998
v 15.695 		-15.165 		2.998
v -7.933 		-6.106 		0
v -7.848 		-5.665 		0
v 15.776 		-15.271 		2.998
v 15.817 		-15.324 		2.998
v 35.524 		-10.168 		2.998
v 35.513 		-10.071 		2.998
v 35.497 		-9.974 		2.998
v 35.477 		-9.878 		2.998
v 35.452 		-9.783 		2.998
v 35.416 		-9.676 		2.998
v 35.373 		-9.574 		2.998
v 35.321 		-9.478 		2.998
v 35.261 		-9.389 		2.998
v 35.191 		-9.308 		2.998
v 35.112 		-9.236 		2.998
v 15.382 		-14.369 		2.998
v 5.125 		-6.439 		2.998
v 5.122 		-6.452 		2.998
v 36.718 		-9.283 		2.998
v 36.623 		-9.366 		2.998
v 36.536 		-9.46 		2.998
v 5.124 		-6.444 		2.998
v 36.457 		-9.565 		2.998
v 15.597 		-14.408 		2.998
v 36.356 		-9.732 		2.998
v 36.278 		-9.904 		2.998
v 36.22 		-10.08 		2.998
v 15.517 		-14.512 		2.998
v 36.82 		-9.211 		2.998
v 5.127 		-6.434 		2.998
v 5.128 		-6.428 		2.998
v 6.382 		-9.394 		2.998
v 15.439 		-14.83 		2.998
v 5.373 		-6.639 		2.998
v 15.437 		-14.617 		2.998
v 6.356 		-9.372 		2.998
v 5.253 		-6.531 		2.998
v 6.407 		-9.415 		2.998
v 15.398 		-14.776 		2.998
v 5.191 		-6.477 		2.998
v 6.342 		-9.36 		2.998
v 5.13 		-6.422 		2.998
v 6.43 		-9.436 		2.998
v 5.534 		-6.418 		2.998
v 6.442 		-9.446 		2.998
v 5.459 		-6.348 		2.998
v 5.383 		-6.278 		2.998
v 5.347 		-6.245 		2.998
v 6.47 		-9.245 		2.998
v 5.311 		-6.213 		2.998
v 5.24 		-6.148 		2.998
v 6.661 		-9.64 		2.998
v 5.276 		-6.18 		2.998
v 6.733 		-9.704 		2.998
v 5.686 		-6.56 		2.998
v -7.733 		-5.231 		0
v -7.529 		-4.669 		0
v -7.269 		-4.13 		0
v 35.022 		-9.175 		2.998
v 34.921 		-9.124 		2.998
v -5.255 		-12.04 		0
v 20.755 		-14.278 		4
v -5.502 		-11.872 		0
v 37.277 		-12.158 		2.998
v 37.43 		-12.177 		2.998
v 37.586 		-12.178 		2.998
v 37.745 		-12.161 		2.998
v -5.97 		-11.499 		0
v 36.982 		-12.06 		2.998
v 37.127 		-12.119 		2.998
v 20.528 		-14.295 		4
v 20.494 		-14.23 		4
v 37.603 		-11.495 		2.998
v 37.557 		-11.491 		2.998
v 37.742 		-11.5 		2.998
v -6.189 		-11.295 		0
v 37.696 		-11.499 		2.998
v -6.596 		-10.857 		0
v 37.51 		-11.486 		2.998
v 20.513 		-13.95 		4
v 37.65 		-11.497 		2.998
v -6.783 		-10.623 		0
v 37.848 		-11.495 		2.998
v -7.12 		-10.129 		0
v 20.579 		-14.003 		4
v 20.635 		-14.063 		4
v -7.269 		-9.87 		0
v 37.226 		-11.366 		2.998
v 37.167 		-11.308 		2.998
v 20.682 		-14.129 		4
v -7.467 		-9.467 		0
v 37.296 		-11.415 		2.998
v 20.722 		-14.201 		4
v 37.378 		-11.454 		2.998
v -7.638 		-9.052 		0
v -7.814 		-8.481 		0
v 37.421 		-11.468 		2.998
v 37.465 		-11.478 		2.998
v -0.375 		-12.776 		0
v 38.076 		-12.073 		2.998
v 38.132 		-12.05 		2.998
v 38.187 		-12.025 		2.998
v -0.958 		-12.909 		0
v 38.031 		-11.432 		2.998
v 37.944 		-11.472 		2.998
v 38.107 		-11.378 		2.998
v -1.552 		-12.983 		0
v 38.173 		-11.312 		2.998
v -1.85 		-12.998 		0
v -2.15 		-12.998 		0
v -2.746 		-12.953 		0
v 38.299 		-11.976 		2.998
v 38.355 		-11.953 		2.998
v 38.243 		-12.001 		2.998
v -3.042 		-12.909 		0
v -3.625 		-12.776 		0
v 38.355 		-12.081 		2.998
v -3.911 		-12.688 		0
v 37.907 		-12.129 		2.998
v 37.964 		-12.113 		2.998
v 38.02 		-12.094 		2.998
v -4.468 		-12.469 		0
v -4.737 		-12.339 		0
v 37.117 		-11.242 		2.998
v 37.076 		-11.169 		2.998
v 37.042 		-11.091 		2.998
v 36.992 		-10.926 		2.998
v 36.97 		-10.826 		2.998
v 7.36 		-12.029 		4
v 7.329 		-12.015 		4
v 37.015 		-11.01 		2.998
v -9.2 		-19 		0
v -24.4 		-19 		0
v 36.956 		-10.725 		2.998
v -38.8 		-19 		0
v -53.8 		-19 		0
v -53.8 		-11.6 		0
v 36.975 		-10.326 		2.998
v -53.8 		-4.2 		0
v -58.2 		-11.6 		0
v -58.2 		-19 		0
v 36.958 		-10.425 		2.998
v 58 		3.2 		4
v 58 		18 		4
v 36.95 		-10.525 		2.998
v 58 		-19 		4
v 58 		-4.2 		4
v 36.949 		-10.625 		2.998
v 45.8 		62.2 		4
v 38.31 		-11.054 		2.998
v 38.275 		-11.148 		2.998
v 0 		62.2 		4
v 38.229 		-11.235 		2.998
v 38.333 		-10.961 		2.998
v 38.348 		-10.869 		2.998
v -49.8 		62.2 		4
v 38.357 		-10.775 		2.998
v 49.757 		58.787 		4
v 38.36 		-10.682 		2.998
v 49.68 		59.172 		4
v 49.628 		59.361 		4
v 49.531 		59.639 		4
v 49.416 		59.91 		4
v 49.328 		60.086 		4
v 49.231 		60.256 		4
v 49.8 		58.2 		4
v 38.359 		-10.588 		2.998
v 47.686 		61.728 		4
v 48.022 		61.526 		4
v 38.356 		-10.495 		2.998
v 46.387 		62.157 		4
v 46.192 		62.181 		4
v 21.141 		-14.085 		4
v 38.347 		-10.309 		2.998
v 38.351 		-10.402 		2.998
v 21.402 		-14.192 		4
v 38.342 		-10.247 		2.998
v 49.126 		60.422 		4
v 48.952 		60.66 		4
v 15.651 		-15.108 		4
v 48.764 		60.886 		4
v 48.486 		61.164 		4
v 15.695 		-15.165 		4
v 47.42 		61.856 		4
v 47.148 		61.966 		4
v 21.219 		-14.3 		4
v 40.704 		-12.08 		2.998
v 39.975 		-12.08 		2.998
v 15.736 		-15.219 		4
v 39.019 		-12.081 		2.998
v 5.761 		-6.63 		2.998
v 37.301 		-9.775 		2.998
v 37.344 		-9.75 		2.998
v 21.241 		-13.865 		4
v 15.776 		-15.271 		4
v 21.083 		-13.863 		4
v 21.08 		-13.864 		4
v 37.261 		-9.804 		2.998
v 15.817 		-15.324 		4
v 21.086 		-13.863 		4
v 37.105 		-9.999 		2.998
v 37.121 		-9.974 		2.998
v 37.136 		-9.948 		2.998
v 20.723 		54.536 		4
v 15.58 		-15.358 		4
v 37.152 		-9.922 		2.998
v 21.155 		-13.859 		4
v 21.091 		-13.862 		4
v 15.528 		-15.288 		4
v 20.971 		54.432 		4
v 21.207 		54.303 		4
v 21.088 		-13.862 		4
v 37.089 		-10.025 		2.998
v 21.43 		54.152 		4
v 37.074 		-10.05 		2.998
v 21.636 		53.979 		4
v 15.372 		-15.075 		4
v 21.824 		53.786 		4
v 37.059 		-10.076 		2.998
v 21.204 		-13.859 		4
v 21.992 		53.576 		4
v 37.046 		-10.103 		2.998
v 22.138 		53.35 		4
v 15.523 		-14.94 		4
v 37.034 		-10.13 		2.998
v 15.565 		-14.996 		4
v 37.222 		-9.838 		2.998
v 21.077 		-13.866 		4
v 17.533 		53.464 		4
v 17.69 		53.683 		4
v 21.064 		-13.87 		4
v 17.868 		53.885 		4
v 21.069 		-13.868 		4
v 18.17 		54.152 		4
v 21.29 		-13.898 		4
v 21.308 		-13.93 		4
v 18.393 		54.303 		4
v 21.347 		-14.036 		4
v 18.629 		54.432 		4
v 21.326 		-13.976 		4
v 18.877 		54.536 		4
v 21.268 		-13.877 		4
v 19.134 		54.616 		4
v 19.398 		54.669 		4
v 19.8 		54.699 		4
v 22.278 		-13.95 		4
v 22.219 		-14.119 		4
v 22.301 		-13.905 		4
v 22.507 		-13.863 		4
v 22.359 		-13.862 		4
v 22.328 		-13.877 		4
v 22.394 		-13.857 		4
v 22.43 		-13.858 		4
v 22.468 		-13.861 		4
v 22.466 		-14.078 		4
v 23.46 		-15.63 		4
v 23.378 		-15.616 		4
v 23.298 		-15.593 		4
v 23.223 		-15.562 		4
v 23.151 		-15.522 		4
v 23.464 		-15.412 		4
v 23.355 		-15.38 		4
v 23.545 		-15.637 		4
v 23.083 		-15.472 		4
v 23.02 		-15.412 		4
v 7.298 		-12.001 		4
v 7.326 		-12.015 		4
v 7.355 		-12.03 		4
v 7.652 		-11.838 		4
v 7.602 		-11.879 		4
v 7.551 		-11.92 		4
v 37.185 		-9.877 		2.998
v 20.069 		54.686 		4
v 7.499 		-11.961 		4
v 20.335 		54.646 		4
v 7.446 		-12.002 		4
v 37 		-10.228 		2.998
v 7.701 		-11.797 		4
v 37.389 		-9.729 		2.998
v 37.67 		-9.665 		2.998
v 37.759 		-9.664 		2.998
v 37.578 		-9.677 		2.998
v 37.484 		-9.698 		2.998
v 22.498 		52.067 		4
v 22.492 		51.798 		4
v 7.314 		-11.696 		4
v 7.331 		-11.699 		4
v 7.349 		-11.7 		4
v 37.435 		-9.712 		2.998
v 7.368 		-11.699 		4
v 7.385 		-11.696 		4
v 7.4 		-11.691 		4
v 7.412 		-11.683 		4
v 7.638 		-11.483 		4
v 37.846 		-9.674 		2.998
v 7.212 		-11.618 		4
v 22.437 		51.433 		4
v 7.288 		-11.684 		4
v 7.299 		-11.691 		4
v 7.751 		-11.382 		4
v 7.863 		-11.281 		4
v 7.797 		-11.713 		4
v 7.385 		-12.045 		2.998
v 7.307 		-12.119 		2.998
v 22.337 		52.923 		4
v 8.161 		-11.376 		4
v 8.089 		-11.444 		4
v 7.23 		-12.192 		2.998
v 22.398 		52.731 		4
v 7.944 		-11.579 		4
v 7.87 		-11.646 		4
v 22.472 		52.369 		4
v 8.016 		-11.512 		4
v 7.392 		-12.044 		2.998
v 6.293 		-11.141 		4
v 6.215 		-11.067 		4
v 15.382 		-14.369 		4
v 6.55 		-11.009 		4
v 22.359 		51.14 		4
v 15.597 		-14.408 		4
v 22.26 		50.89 		4
v 15.517 		-14.512 		4
v 22.138 		50.65 		4
v 6.404 		-10.875 		4
v 6.476 		-10.943 		4
v 21.992 		50.424 		4
v 6.381 		-10.852 		4
v 21.824 		50.214 		4
v 6.388 		-10.86 		4
v 6.396 		-10.868 		4
v 15.439 		-14.83 		4
v 21.636 		50.021 		4
v 21.43 		49.848 		4
v 6.345 		-10.811 		4
v 15.437 		-14.617 		4
v 6.373 		-10.844 		4
v 21.207 		49.697 		4
v 6.696 		-11.143 		4
v 6.77 		-11.211 		4
v 20.971 		49.568 		4
v 20.723 		49.464 		4
v 15.398 		-14.776 		4
v 6.506 		-10.671 		4
v 6.426 		-10.741 		4
v 17.169 		51.399 		4
v 14.771 		-14.281 		2.998
v 17.13 		51.598 		4
v 17.108 		51.798 		4
v 14.619 		-14.084 		2.998
v 7.976 		-11.179 		4
v 17.102 		52.067 		4
v 14.695 		-14.183 		2.998
v 17.128 		52.369 		4
v 8.088 		-11.078 		4
v 14.542 		-13.984 		2.998
v 17.202 		52.731 		4
v 17.287 		52.986 		4
v 17.398 		53.231 		4
v 14.493 		-13.882 		2.998
v 10.984 		-15.587 		4
v 10.773 		-15.587 		4
v 14.522 		-13.88 		2.998
v 10.983 		-15.47 		4
v 10.984 		-15.508 		4
v 20.466 		49.384 		4
v 14.551 		-13.877 		2.998
v 20.169 		49.328 		4
v 14.578 		-13.875 		2.998
v 10.994 		-14.777 		4
v 10.992 		-14.877 		4
v 10.988 		-15.079 		4
v 14.464 		-13.883 		2.998
v 19.867 		49.301 		4
v 10.984 		-15.28 		4
v 10.984 		-15.318 		4
v 19.665 		49.304 		4
v 11.002 		-14.575 		4
v 10.997 		-14.676 		4
v 10.986 		-15.179 		4
v 19.298 		49.349 		4
v 14.794 		-13.986 		2.998
v 11.035 		-14.337 		4
v 11.017 		-14.404 		4
v 11.008 		-14.475 		4
v 10.983 		-15.355 		4
v 14.699 		-13.904 		2.998
v 14.673 		-13.888 		2.998
v 12.239 		-15.453 		4
v 12.239 		-15.587 		4
v 19.004 		49.421 		4
v 14.771 		-13.963 		2.998
v 14.748 		-13.942 		2.998
v 18.629 		49.568 		4
v 12.001 		-15.587 		4
v 18.393 		49.697 		4
v 12 		-15.473 		4
v 18.17 		49.848 		4
v 14.604 		-13.875 		2.998
v 17.964 		50.021 		4
v 12.241 		-15.186 		4
v 12.24 		-15.319 		4
v 17.776 		50.214 		4
v 14.629 		-13.876 		2.998
v 17.608 		50.424 		4
v 12 		-15.358 		4
v 14.835 		-14.035 		2.998
v 11.999 		-15.129 		4
v 17.462 		50.65 		4
v 11.999 		-15.015 		4
v 17.34 		50.89 		4
v 14.815 		-14.01 		2.998
v 12 		-14.901 		4
v 17.241 		51.14 		4
v 12.241 		-14.788 		4
v 12.221 		-14.39 		4
v 12.231 		-14.456 		4
v 14.652 		-13.88 		2.998
v 12.235 		-14.523 		4
v 14.724 		-13.921 		2.998
v 12.239 		-14.656 		4
v 28.752 		44.487 		4
v 29.037 		44.588 		4
v 14.855 		-14.059 		2.998
v 14.903 		-14.12 		2.998
v 14.951 		-14.182 		2.998
v 29.331 		44.659 		4
v 15.045 		-14.306 		2.998
v 29.935 		44.696 		4
v 30.235 		44.662 		4
v 30.531 		44.599 		4
v 30.848 		44.487 		4
v 7.242 		-11.971 		2.998
v 7.215 		-11.957 		2.998
v 31.091 		44.37 		4
v 7.298 		-12.001 		2.998
v 31.535 		44.068 		4
v 31.732 		43.885 		4
v 31.992 		43.576 		4
v 7.185 		-11.938 		2.998
v 32.138 		43.35 		4
v 7.241 		-11.97 		2.998
v 32.26 		43.11 		4
v 7.36 		-12.029 		2.998
v 7.329 		-12.015 		2.998
v 32.498 		42.067 		4
v 32.481 		41.698 		4
v 32.431 		41.399 		4
v 32.359 		41.14 		4
v 7.299 		-12 		2.998
v 32.359 		42.86 		4
v 32.431 		42.601 		4
v 7.355 		-12.03 		2.998
v 7.326 		-12.015 		2.998
v 27.287 		41.014 		4
v 7.652 		-11.838 		2.998
v 7.602 		-11.879 		2.998
v 27.22 		41.204 		4
v 7.551 		-11.92 		2.998
v 27.149 		41.498 		4
v 7.446 		-12.002 		2.998
v 27.108 		41.798 		4
v 27.102 		42.067 		4
v 7.499 		-11.961 		2.998
v 27.142 		42.469 		4
v 27.202 		42.731 		4
v 7.701 		-11.797 		2.998
v 27.287 		42.986 		4
v 27.398 		43.231 		4
v 27.533 		43.464 		4
v 7.314 		-11.696 		2.998
v 27.69 		43.683 		4
v 7.299 		-11.691 		2.998
v 27.868 		43.885 		4
v 7.4 		-11.691 		2.998
v 7.385 		-11.696 		2.998
v 28.065 		44.068 		4
v 28.28 		44.23 		4
v 7.212 		-11.618 		2.998
v 7.288 		-11.684 		2.998
v 28.509 		44.37 		4
v 7.638 		-11.483 		2.998
v 7.412 		-11.683 		2.998
v 7.368 		-11.699 		2.998
v 7.349 		-11.7 		2.998
v 32.26 		40.89 		4
v 32.138 		40.65 		4
v 7.331 		-11.699 		2.998
v 31.992 		40.424 		4
v 31.824 		40.214 		4
v 31.636 		40.021 		4
v 31.43 		39.848 		4
v 31.207 		39.697 		4
v 30.971 		39.568 		4
v 30.723 		39.464 		4
v 7.863 		-11.281 		2.998
v 7.751 		-11.382 		2.998
v 30.466 		39.384 		4
v 30.202 		39.331 		4
v 8.161 		-11.376 		2.998
v 29.867 		39.301 		4
v 7.797 		-11.713 		2.998
v 12 		-14.786 		4
v 12.002 		-14.672 		4
v 12.001 		-14.606 		4
v 8.089 		-11.444 		2.998
v 7.87 		-11.646 		2.998
v 11.996 		-14.541 		4
v 11.985 		-14.478 		4
v 11.971 		-14.416 		4
v 11.95 		-14.356 		4
v 7.944 		-11.579 		2.998
v 8.016 		-11.512 		2.998
v 11.247 		-14.092 		4
v 11.188 		-14.127 		4
v 11.137 		-14.17 		4
v 11.094 		-14.22 		4
v 11.061 		-14.276 		4
v 11.186 		-13.926 		4
v 11.233 		-13.9 		4
v 11.14 		-13.955 		4
v 11.049 		-14.015 		4
v 11.095 		-13.985 		4
v 10.773 		-13.867 		4
v 10.958 		-13.867 		4
v 10.958 		-14.074 		4
v 11.004 		-14.045 		4
v 11.717 		-13.827 		4
v 29.665 		39.304 		4
v 29.265 		39.354 		4
v 29.004 		39.421 		4
v 28.752 		39.513 		4
v 28.509 		39.63 		4
v 28.28 		39.77 		4
v 28.065 		39.932 		4
v 27.868 		40.115 		4
v 7.777 		-8.824 		2.998
v 27.69 		40.317 		4
v 7.986 		-9.013 		2.998
v 27.533 		40.536 		4
v 27.398 		40.769 		4
v 8.116 		-8.764 		2.998
v 8.191 		-8.833 		2.998
v 7.566 		-8.636 		2.998
v 7.893 		-8.556 		2.998
v 8.042 		-8.695 		2.998
v 7.967 		-8.625 		2.998
v 49.8 		10.6 		4
v 54.2 		10.6 		4
v 54.2 		3.2 		4
v 49.8 		18 		4
v 5.6 		17.8 		4
v 35.2 		17.8 		4
v 20 		17.8 		4
v 35.2 		22.2 		4
v 20 		22.2 		4
v 5.6 		22.2 		4
v 54.2 		-11.6 		4
v 54.2 		-19 		4
v 49.8 		-4.2 		4
v 49.8 		-11.6 		4
v 36.841 		-11.979 		4
v 36.703 		-11.876 		4
v 36.608 		-11.785 		4
v 36.523 		-11.689 		4
v 36.446 		-11.589 		4
v 36.378 		-11.484 		4
v 11.28 		-13.877 		4
v 36.32 		-11.374 		4
v 11.329 		-13.857 		4
v 35.54 		-12.102 		4
v 36.161 		-10.631 		4
v 36.163 		-10.444 		4
v 4.864 		-6.141 		2.998
v 36.183 		-10.26 		4
v 11.731 		-14.083 		4
v 11.666 		-14.054 		4
v 11.598 		-14.037 		4
v 11.529 		-14.03 		4
v 11.458 		-14.034 		4
v 11.387 		-14.045 		4
v 11.314 		-14.065 		4
v 4.866 		-6.123 		2.998
v 36.176 		-10.82 		4
v 4.871 		-6.103 		2.998
v 11.429 		-13.829 		4
v 4.912 		-6.03 		2.998
v 4.899 		-6.046 		2.998
v 12.206 		-14.326 		4
v 4.94 		-6.007 		2.998
v 4.926 		-6.017 		2.998
v 12.186 		-14.262 		4
v 11.807 		-13.856 		4
v 4.956 		-6.001 		2.998
v 12.129 		-14.142 		4
v 12.16 		-14.201 		4
v 4.878 		-6.083 		2.998
v 11.893 		-13.899 		4
v 11.974 		-13.958 		4
v 4.888 		-6.064 		2.998
v 12.092 		-14.086 		4
v 12.05 		-14.034 		4
v 4.974 		-5.998 		2.998
v 5.09 		-6.027 		2.998
v 11.925 		-14.297 		4
v 5.015 		-5.999 		2.998
v 8.197 		-9.201 		2.998
v 11.893 		-14.238 		4
v 11.856 		-14.182 		4
v 11.795 		-14.126 		4
v 4.994 		-5.998 		2.998
v 5.036 		-6.004 		2.998
v 8.267 		-8.902 		2.998
v 8.393 		-9.016 		2.998
v 11.624 		-13.813 		4
v 11.528 		-13.814 		4
v 8.199 		-10.976 		4
v 8.645 		-10.937 		4
v 8.512 		-11.056 		4
v 8.38 		-11.175 		4
v 8.311 		-10.874 		4
v 9.042 		-10.581 		4
v 8.909 		-10.699 		4
v 8.641 		-10.572 		4
v 8.725 		-10.496 		4
v 8.809 		-10.419 		4
v 36.234 		-11.138 		4
v 8.476 		-10.723 		4
v 36.205 		-11.012 		4
v 8.558 		-10.648 		4
v 36.272 		-11.259 		4
v 35.532 		-10.265 		4
v 8.895 		-10.343 		4
v 8.981 		-10.266 		4
v 8.993 		-10.244 		4
v 35.537 		-10.364 		4
v 9.306 		-10.343 		4
v 35.54 		-10.462 		4
v 11.548 		-10.447 		4
v 11.548 		-12.081 		4
v 10.794 		-12.081 		4
v 8.475 		-10.226 		4
v 35.112 		-9.236 		4
v 35.191 		-9.308 		4
v 35.497 		-9.974 		4
v 8.242 		-10.225 		4
v 35.513 		-10.071 		4
v 35.416 		-9.676 		4
v 35.452 		-9.783 		4
v 8.707 		-10.226 		4
v 35.524 		-10.168 		4
v 8.958 		-10.223 		4
v 8.947 		-10.225 		4
v 8.94 		-10.227 		4
v 35.477 		-9.878 		4
v 8.995 		-10.23 		4
v 8.991 		-10.222 		4
v 8.982 		-10.219 		4
v 8.971 		-10.22 		4
v 9.095 		-9.959 		4
v 9.044 		-9.956 		4
v 35.261 		-9.389 		4
v 9.193 		-9.962 		4
v 9.144 		-9.961 		4
v 35.321 		-9.478 		4
v 35.373 		-9.574 		4
v 9.096 		-9.964 		4
v 9.047 		-9.963 		4
v 36.356 		-9.732 		4
v 36.457 		-9.565 		4
v 36.22 		-10.08 		4
v 9.437 		-10.223 		4
v 9.517 		-10.122 		4
v 9.502 		-10.153 		4
v 5.074 		-6.018 		2.998
v 5.056 		-6.01 		2.998
v 9.475 		-10.186 		4
v 9.521 		-10.093 		4
v 9.468 		-10.001 		4
v 9.497 		-10.034 		4
v 9.514 		-10.064 		4
v 9.241 		-9.964 		4
v 9.289 		-9.965 		4
v 9.334 		-9.962 		4
v 9.288 		-9.963 		4
v 9.241 		-9.963 		4
v 9.338 		-9.865 		4
v 9.355 		-9.883 		4
v 9.373 		-9.901 		4
v 9.39 		-9.92 		4
v 9.426 		-9.958 		4
v 9.429 		-9.965 		4
v 22.835 		-15.117 		4
v 22.882 		-15.22 		4
v 22.802 		-15.01 		4
v 22.782 		-14.899 		4
v 22.943 		-15.319 		4
v 23.028 		-14.899 		4
v 23.049 		-15.008 		4
v 23.082 		-15.108 		4
v 23.128 		-15.196 		4
v 23.188 		-15.271 		4
v 23.264 		-15.333 		4
v 5.927 		-10.809 		2.998
v 5.995 		-10.788 		2.998
v 6 		-10.785 		2.998
v 6.096 		-10.663 		2.998
v 5.999 		-10.747 		2.998
v 6.005 		-10.743 		2.998
v 9.285 		-9.815 		4
v 9.303 		-9.831 		4
v 9.32 		-9.848 		4
v 11.545 		-9.722 		4
v 12.995 		-15.499 		4
v 13.177 		-15.591 		4
v 13.206 		-15.374 		4
v 12.837 		-15.358 		4
v 12.699 		-15.087 		4
v 12.673 		-14.992 		4
v 36.278 		-9.904 		4
v 12.655 		-14.896 		4
v 12.735 		-15.179 		4
v 36.536 		-9.46 		4
v 36.623 		-9.366 		4
v 36.718 		-9.283 		4
v 12.897 		-14.869 		4
v 12.911 		-14.962 		4
v 12.938 		-15.054 		4
v 12.976 		-15.141 		4
v 13.024 		-15.22 		4
v 13.08 		-15.288 		4
v 13.141 		-15.34 		4
v 36.82 		-9.211 		4
v 34.921 		-9.124 		4
v 12.781 		-15.27 		4
v 35.022 		-9.175 		4
v 22.776 		-14.668 		4
v 23.018 		-14.591 		4
v 22.826 		-14.368 		4
v 22.789 		-14.549 		4
v 22.798 		-14.488 		4
v 22.811 		-14.427 		4
v 23.047 		-14.447 		4
v 23.031 		-14.518 		4
v 23.067 		-14.378 		4
v 23.018 		-14.78 		4
v 22.774 		-14.785 		4
v 24.134 		-15.441 		4
v 24.042 		-15.508 		4
v 23.944 		-15.561 		4
v 23.841 		-15.601 		4
v 23.736 		-15.626 		4
v 23.632 		-15.637 		4
v 24.214 		-15.362 		4
v 23.834 		-15.384 		4
v 23.747 		-15.412 		4
v 23.656 		-15.426 		4
v 23.561 		-15.425 		4
v 5.129 		-6.056 		2.998
v 5.166 		-6.086 		2.998
v 6.8 		-7.944 		2.998
v 6.743 		-7.893 		2.998
v 6.687 		-7.842 		2.998
v 6.553 		-7.718 		2.998
v 36.982 		-12.06 		4
v 37.127 		-12.119 		4
v 34.8 		-19 		4
v 33.485 		-12.08 		4
v 33.485 		-12.08 		2.998
v 37.745 		-12.161 		4
v 33.484 		-11.888 		4
v 33.484 		-11.888 		2.998
v 37.586 		-12.178 		4
v 37.43 		-12.177 		4
v 34.783 		-12.102 		4
v 34.783 		-12.102 		2.998
v 37.277 		-12.158 		4
v 33.503 		-10.315 		2.998
v 33.503 		-10.315 		4
v 33.511 		-10.267 		4
v 33.511 		-10.267 		2.998
v 33.497 		-10.364 		2.998
v 33.497 		-10.364 		4
v 33.493 		-10.412 		2.998
v 33.493 		-10.412 		4
v 37.65 		-11.497 		4
v 37.696 		-11.499 		4
v 33.49 		-10.461 		2.998
v 33.49 		-10.461 		4
v 33.488 		-10.511 		4
v 33.488 		-10.511 		2.998
v 33.486 		-10.559 		2.998
v 33.486 		-10.559 		4
v 37.167 		-11.308 		4
v 33.484 		-10.938 		4
v 37.226 		-11.366 		4
v 33.484 		-10.938 		2.998
v 37.296 		-11.415 		4
v 37.378 		-11.454 		4
v 37.421 		-11.468 		4
v 37.465 		-11.478 		4
v 37.51 		-11.486 		4
v 37.557 		-11.491 		4
v 37.603 		-11.495 		4
v 37.742 		-11.5 		4
v 37.848 		-11.495 		4
v 33.485 		-10.748 		2.998
v 33.485 		-10.748 		4
v 38.243 		-12.001 		4
v 38.187 		-12.025 		4
v 38.132 		-12.05 		4
v 38.355 		-11.953 		4
v 38.299 		-11.976 		4
v 34.774 		-10.518 		2.998
v 34.774 		-10.518 		4
v 34.778 		-10.676 		4
v 34.778 		-10.676 		2.998
v 34.77 		-10.44 		2.998
v 34.77 		-10.44 		4
v 38.076 		-12.073 		4
v 38.355 		-12.081 		4
v 34.765 		-10.362 		2.998
v 34.765 		-10.362 		4
v 34.758 		-10.285 		2.998
v 37.964 		-12.113 		4
v 34.758 		-10.285 		4
v 37.907 		-12.129 		4
v 34.78 		-10.836 		2.998
v 34.78 		-10.836 		4
v 38.02 		-12.094 		4
v 34.783 		-10.918 		4
v 34.783 		-10.918 		2.998
v 33.785 		-9.799 		2.998
v 37.944 		-11.472 		4
v 38.031 		-11.432 		4
v 38.107 		-11.378 		4
v 38.173 		-11.312 		4
v 33.676 		-9.891 		2.998
v 33.59 		-10.015 		2.998
v 33.531 		-10.171 		2.998
v 33.52 		-10.219 		2.998
v 36.975 		-10.326 		4
v 36.958 		-10.425 		4
v 36.95 		-10.525 		4
v 36.949 		-10.625 		4
v 36.956 		-10.725 		4
v 36.97 		-10.826 		4
v 36.992 		-10.926 		4
v 37.015 		-11.01 		4
v 37.042 		-11.091 		4
v 37.076 		-11.169 		4
v 37.117 		-11.242 		4
v 33.396 		-9.397 		2.998
v 38.356 		-10.495 		4
v 38.351 		-10.402 		4
v 33.568 		-9.259 		2.998
v 38.359 		-10.588 		4
v 33.591 		-9.243 		2.998
v 33.475 		-9.333 		2.998
v 33.45 		-9.353 		2.998
v 38.229 		-11.235 		4
v 38.275 		-11.148 		4
v 38.31 		-11.054 		4
v 38.333 		-10.961 		4
v 38.348 		-10.869 		4
v 38.357 		-10.775 		4
v 38.36 		-10.682 		4
v 33.545 		-9.276 		2.998
v 38.347 		-10.309 		4
v 38.342 		-10.247 		4
v 33.522 		-9.294 		2.998
v 33.499 		-9.313 		2.998
v 39.975 		-12.08 		4
v 40.704 		-12.08 		4
v 39.019 		-12.081 		4
v 12.651 		-14.599 		4
v 12.673 		-14.458 		4
v 12.646 		-14.799 		4
v 12.645 		-14.7 		4
v 14.771 		-14.281 		4
v 12.899 		-14.779 		4
v 14.619 		-14.084 		4
v 12.951 		-14.339 		4
v 12.915 		-14.457 		4
v 12.893 		-14.597 		4
v 14.695 		-14.183 		4
v 13.946 		-15.487 		4
v 13.769 		-15.582 		4
v 13.374 		-15.635 		4
v 14.493 		-13.882 		4
v 13.315 		-15.405 		4
v 13.423 		-15.421 		4
v 13.531 		-15.42 		4
v 13.637 		-15.4 		4
v 14.522 		-13.88 		4
v 13.575 		-15.631 		4
v 14.551 		-13.877 		4
v 14.578 		-13.875 		4
v 14.095 		-15.348 		4
v 13.74 		-15.359 		4
v 13.838 		-15.294 		4
v 13.93 		-15.205 		4
v 14.542 		-13.984 		4
v 14.464 		-13.883 		4
v 14.206 		-15.166 		4
v 14.086 		-15.117 		4
v 14.134 		-15.137 		4
v 14.158 		-15.146 		4
v 14.016 		-15.088 		4
v 14.039 		-15.098 		4
v 14.063 		-15.108 		4
v 14.012 		-14.597 		4
v 13.98 		-14.432 		4
v 14.206 		-14.414 		4
v 14.215 		-14.456 		4
v 14.223 		-14.499 		4
v 6.972 		-8.099 		2.998
v 7.03 		-8.15 		2.998
v 14.794 		-13.986 		4
v 33.424 		-9.375 		2.998
v 14.699 		-13.904 		4
v 14.673 		-13.888 		4
v 7.035 		-7.78 		2.998
v 14.771 		-13.963 		4
v 14.748 		-13.942 		4
v 7.08 		-7.821 		2.998
v 7.124 		-7.862 		2.998
v 7.168 		-7.904 		2.998
v 14.604 		-13.875 		4
v 6.914 		-8.047 		2.998
v 14.629 		-13.876 		4
v 6.857 		-7.996 		2.998
v 14.835 		-14.035 		4
v 14.815 		-14.01 		4
v 6.512 		-7.311 		2.998
v 6.381 		-7.193 		2.998
v 14.652 		-13.88 		4
v 14.724 		-13.921 		4
v 33.785 		-9.799 		4
v 14.855 		-14.059 		4
v 33.676 		-9.891 		4
v 14.903 		-14.12 		4
v 33.59 		-10.015 		4
v 14.951 		-14.182 		4
v 33.531 		-10.171 		4
v 33.52 		-10.219 		4
v 15.045 		-14.306 		4
v 33.396 		-9.397 		4
v 33.568 		-9.259 		4
v 15.757 		-14.201 		2.998
v 33.591 		-9.243 		4
v 15.824 		-13.883 		2.998
v 15.776 		-13.898 		2.998
v 33.45 		-9.353 		4
v 33.475 		-9.333 		4
v 33.545 		-9.276 		4
v 15.677 		-14.305 		2.998
v 33.522 		-9.294 		4
v 33.499 		-9.313 		4
v 15.688 		-13.955 		2.998
v 15.648 		-13.998 		2.998
v 33.424 		-9.375 		4
v 15.612 		-14.049 		2.998
v 15.73 		-13.922 		2.998
v 34.183 		-9.7 		2.998
v 34.183 		-9.7 		4
v 34.319 		-9.723 		4
v 34.319 		-9.723 		2.998
v 34.044 		-9.705 		2.998
v 34.044 		-9.705 		4
v 33.91 		-9.737 		2.998
v 33.91 		-9.737 		4
v 15.568 		-14.114 		2.998
v 15.523 		-14.179 		2.998
v 34.746 		-10.206 		2.998
v 34.746 		-10.206 		4
v 15.477 		-14.242 		2.998
v 15.43 		-14.306 		2.998
v 34.728 		-10.13 		2.998
v 34.728 		-10.13 		4
v 34.703 		-10.056 		2.998
v 34.703 		-10.056 		4
v 34.671 		-9.987 		2.998
v 34.671 		-9.987 		4
v 34.63 		-9.923 		2.998
v 15.994 		-13.892 		2.998
v 34.63 		-9.923 		4
v 15.933 		-13.88 		2.998
v 34.579 		-9.865 		2.998
v 34.579 		-9.865 		4
v 34.519 		-9.814 		2.998
v 34.519 		-9.814 		4
v 16.224 		-14.056 		2.998
v 34.448 		-9.772 		2.998
v 34.448 		-9.772 		4
v 33.75 		-9.145 		2.998
v 15.877 		-13.877 		2.998
v 33.75 		-9.145 		4
v 34.242 		-9.002 		2.998
v 34.242 		-9.002 		4
v 34.076 		-9.026 		4
v 34.076 		-9.026 		2.998
v 34.41 		-9 		2.998
v 34.41 		-9 		4
v 34.579 		-9.021 		2.998
v 34.579 		-9.021 		4
v 16.224 		-13.862 		2.998
v 34.75 		-9.063 		2.998
v 34.75 		-9.063 		4
v 33.912 		-9.073 		4
v 33.912 		-9.073 		2.998
v 23.917 		-15.338 		4
v 33.396 		-9.106 		2.998
v 33.396 		-9.106 		4
v 23.995 		-15.275 		4
v 24.068 		-15.192 		4
v 24.282 		-15.27 		4
v 24.159 		-15.098 		4
v 24.184 		-15.108 		4
v 24.135 		-15.088 		4
v 24.258 		-15.137 		4
v 24.308 		-15.157 		4
v 24.333 		-15.166 		4
v 15.757 		-14.201 		4
v 15.824 		-13.883 		4
v 15.776 		-13.898 		4
v 15.677 		-14.305 		4
v 15.688 		-13.955 		4
v 15.648 		-13.998 		4
v 15.612 		-14.049 		4
v 15.73 		-13.922 		4
v 15.568 		-14.114 		4
v 15.523 		-14.179 		4
v 15.477 		-14.242 		4
v 15.43 		-14.306 		4
v 16.224 		-14.056 		4
v 15.994 		-13.892 		4
v 15.933 		-13.88 		4
v 15.877 		-13.877 		4
v 16.224 		-13.862 		4
v 14.667 		-8.799 		4
v 14.667 		-8.799 		2.998
v 15.919 		-8.799 		4
v 15.919 		-8.799 		2.998
v 13.344 		-10.447 		2.998
v 13.344 		-10.447 		4
v 13.344 		-12.081 		4
v 13.344 		-12.081 		2.998
v 13.341 		-9.722 		4
v 13.341 		-9.722 		2.998
v 14.848 		-15.64 		4
v 14.099 		-12.081 		2.998
v 14.099 		-12.081 		4
v 15.919 		-12.081 		4
v 15.919 		-12.081 		2.998
v 4.872 		-14.085 		2.998
v 4.881 		-14.104 		2.998
v 4.892 		-14.122 		2.998
v 4.905 		-14.139 		2.998
v 4.919 		-14.155 		2.998
v 4.934 		-14.168 		2.998
v 4.949 		-14.178 		2.998
v 4.963 		-14.183 		2.998
v 4.979 		-14.185 		2.998
v 4.997 		-14.184 		2.998
v 5.016 		-14.18 		2.998
v 5.036 		-14.175 		2.998
v 5.054 		-14.167 		2.998
v 5.071 		-14.158 		2.998
v 5.084 		-14.148 		2.998
v 4.865 		-14.048 		2.998
v 4.867 		-14.066 		2.998
v 4.863 		-13.772 		2.998
v 5.154 		-14.089 		2.998
v 5.223 		-14.03 		2.998
v 5.291 		-13.97 		2.998
v 5.18 		-13.722 		2.998
v 20.4 		-19 		4
v 6.284 		-7.471 		2.998
v 6.418 		-7.595 		2.998
v 6.905 		-7.663 		2.998
v 6.774 		-7.545 		2.998
v 5.156 		-13.744 		2.998
v 5.127 		-13.769 		2.998
v 5.125 		-13.727 		2.998
v 5.124 		-13.709 		2.998
v 5.142 		-13.756 		2.998
v 5.121 		-13.661 		2.998
v 6.585 		-10.602 		2.998
v 5.219 		-13.687 		2.998
v 5.21 		-13.695 		2.998
v 5.265 		-13.643 		2.998
v 6.555 		-10.258 		2.998
v 5.123 		-13.692 		2.998
v 5.122 		-13.676 		2.998
v 6.369 		-10.42 		2.998
v 5.495 		-13.787 		2.998
v 5.562 		-13.726 		2.998
v 5.63 		-13.665 		2.998
v 6.742 		-10.466 		2.998
v 6.898 		-10.332 		2.998
v 6.664 		-10.534 		2.998
v 5.588 		-13.341 		2.998
v 5.542 		-13.383 		2.998
v 5.403 		-13.513 		2.998
v 5.495 		-13.426 		2.998
v 7.012 		-10.243 		2.998
v 5.121 		-13.442 		2.998
v 6.999 		-10.25 		2.998
v 6.987 		-10.257 		2.998
v 5.737 		-13.567 		2.998
v 5.843 		-13.469 		2.998
v 5.95 		-13.37 		2.998
v 6.977 		-10.265 		2.998
v 4.861 		-13.218 		2.998
v 5.122 		-13.252 		2.998
v 5.124 		-13.061 		2.998
v 5.124 		-12.68 		2.998
v 5.123 		-12.489 		2.998
v 5.12 		-12.299 		2.998
v 5.994 		-12.974 		2.998
v 5.723 		-13.218 		2.998
v 6.516 		-12.847 		2.998
v 6.376 		-12.976 		2.998
v 6.483 		-12.878 		2.998
v 6.733 		-12.309 		2.998
v 6.672 		-12.363 		2.998
v 6.536 		-12.486 		2.998
v 6.584 		-12.786 		2.998
v 6.685 		-12.694 		2.998
v 6.753 		-12.632 		2.998
v 6.993 		-12.413 		2.998
v 7.072 		-12.339 		2.998
v 6.401 		-12.607 		2.998
v 6.265 		-12.729 		2.998
v 5.115 		-12.043 		2.998
v 5.031 		-11.585 		2.998
v 4.973 		-11.635 		2.998
v 4.944 		-11.661 		2.998
v 4.918 		-11.688 		2.998
v 4.895 		-11.718 		2.998
v 4.877 		-11.752 		2.998
v 4.865 		-11.79 		2.998
v 4.861 		-12.11 		2.998
v 4.86 		-11.833 		2.998
v 5.08 		-11.54 		2.998
v 5.114 		-12.109 		2.998
v 5.225 		-11.795 		2.998
v 5.191 		-11.836 		2.998
v 5.162 		-11.881 		2.998
v 5.14 		-11.93 		2.998
v 5.124 		-11.984 		2.998
v 5.307 		-11.716 		2.998
v 5.36 		-11.672 		2.998
v 5.284 		-11.368 		2.998
v 5.232 		-11.41 		2.998
v 5.13 		-11.496 		2.998
v 5.386 		-11.282 		2.998
v 5.264 		-11.755 		2.998
v 5.774 		-11.319 		2.998
v 5.825 		-11.275 		2.998
v 5.672 		-11.408 		2.998
v 5.724 		-11.363 		2.998
v 16.832 		-15.571 		4
v 16.751 		-15.525 		4
v 16.896 		-15.364 		4
v 16.624 		-15.367 		4
v 16.633 		-15.387 		4
v 16.683 		-15.464 		4
v 6.649 		-10.176 		2.998
v 6.862 		-10.005 		2.998
v 6.842 		-10.02 		2.998
v 6.689 		-10.037 		2.998
v 6.862 		-10.006 		2.998
v 6.8747 		-9.9977 		3.072
v 6.8747 		-9.9977 		2.998
v 6.883 		-9.993 		2.998
v 6.882 		-9.993 		2.998
v 6.749 		-10.09 		2.998
v 16.923 		-15.601 		4
v 6.746 		-10.093 		2.998
v 6.745 		-10.093 		2.998
v 17.021 		-15.617 		4
v 6.748 		-10.091 		2.998
v 6.749 		-10.091 		2.998
v 17.117 		-15.421 		4
v 16.931 		-15.385 		4
v 16.967 		-15.4 		4
v 6.744 		-10.094 		2.998
v 17.003 		-15.41 		4
v 17.079 		-15.42 		4
v 7.08 		-10.227 		2.998
v 17.041 		-15.417 		4
v 7.066 		-10.227 		2.998
v 17.122 		-15.618 		4
v 7.053 		-10.23 		2.998
v 7.039 		-10.233 		2.998
v 17.319 		-15.577 		4
v 17.222 		-15.604 		4
v 7.025 		-10.238 		2.998
v 17.319 		-15.42 		4
v 17.298 		-15.42 		4
v 17.277 		-15.419 		4
v 6.947 		-9.965 		2.998
v 17.176 		-15.419 		4
v 6.925 		-9.972 		2.998
v 17.156 		-15.42 		4
v 6.997 		-9.959 		2.998
v 6.972 		-9.961 		2.998
v 6.978 		-9.961 		2.998
v 6.952 		-9.965 		2.998
v 6.905 		-9.981 		2.998
v 24.37 		-14.623 		4
v 7.323 		-8.163 		2.998
v 24.375 		-14.674 		4
v 7.382 		-8.13 		2.998
v 7.352 		-8.146 		2.998
v 24.381 		-14.726 		4
v 7.351 		-8.142 		2.998
v 24.388 		-14.78 		4
v 7.322 		-8.16 		2.998
v 7.293 		-8.177 		2.998
v 24.127 		-14.495 		4
v 24.124 		-14.476 		4
v 7.42 		-8.156 		2.998
v 24.13 		-14.513 		4
v 7.381 		-8.123 		2.998
v 24.095 		-14.372 		4
v 7.297 		-8.033 		2.998
v 7.339 		-8.077 		2.998
v 24.142 		-14.591 		4
v 24.133 		-14.532 		4
v 24.135 		-14.551 		4
v 7.457 		-8.183 		2.998
v 24.138 		-14.571 		4
v 24.12 		-14.458 		4
v 24.116 		-14.441 		4
v 24.358 		-14.525 		4
v 24.364 		-14.573 		4
v 24.329 		-14.386 		4
v 24.341 		-14.431 		4
v 24.35 		-14.478 		4
v 5.2 		-19 		4
v -24.335 		54.646 		4
v -24.069 		54.686 		4
v 7.005 		-9.961 		2.998
v -23.867 		54.699 		4
v -23.598 		54.692 		4
v -23.331 		54.659 		4
v -23.134 		54.616 		4
v 6.928 		-9.972 		2.998
v -22.783 		54.499 		4
v -22.509 		54.37 		4
v -22.28 		54.23 		4
v 6.903 		-9.981 		2.998
v -22.065 		54.068 		4
v -21.868 		53.885 		4
v 6.879 		-9.833 		2.998
v 49.8 		-19 		4
v 7.024 		-9.962 		2.998
v -21.69 		53.683 		4
v 6.952 		-9.897 		2.998
v -21.516 		53.435 		4
v 7.035 		-9.963 		2.998
v -21.102 		52.067 		4
v -21.108 		51.798 		4
v -21.142 		51.531 		4
v -21.34 		53.11 		4
v -21.232 		52.827 		4
v -21.128 		52.369 		4
v -21.241 		51.14 		4
v -21.34 		50.89 		4
v -21.462 		50.65 		4
v -21.608 		50.424 		4
v -21.776 		50.214 		4
v -21.964 		50.021 		4
v -22.17 		49.848 		4
v 16.616 		-15.347 		4
v 16.602 		-15.305 		4
v -22.393 		49.697 		4
v 16.597 		-15.283 		4
v -22.629 		49.568 		4
v 16.589 		-15.219 		4
v 16.59 		-15.24 		4
v -22.877 		49.464 		4
v 16.593 		-15.262 		4
v 16.808 		-15.222 		4
v 16.812 		-15.238 		4
v 16.825 		-15.27 		4
v 16.834 		-15.286 		4
v 16.843 		-15.303 		4
v 16.806 		-15.207 		4
v 16.862 		-15.337 		4
v 16.818 		-15.254 		4
v 16.853 		-15.32 		4
v 6.215 		-11.067 		2.998
v 6.293 		-11.141 		2.998
v 16.804 		-14.921 		4
v -23.069 		49.401 		4
v 16.587 		-14.957 		4
v 6.55 		-11.009 		2.998
v 6.476 		-10.943 		2.998
v -23.265 		49.354 		4
v -23.733 		49.301 		4
v 6.404 		-10.875 		2.998
v 16.803 		-14.346 		4
v 16.803 		-14.634 		4
v 16.804 		-14.778 		4
v 6.396 		-10.868 		2.998
v -23.935 		49.304 		4
v -24.235 		49.338 		4
v 6.345 		-10.811 		2.998
v 6.373 		-10.844 		2.998
v 6.381 		-10.852 		2.998
v 16.587 		-13.862 		4
v 6.388 		-10.86 		2.998
v 17.318 		-14.055 		4
v 16.804 		-14.055 		4
v 17.318 		-13.861 		4
v 16.803 		-13.861 		4
v 6.696 		-11.143 		2.998
v 16.587 		-13.39 		4
v 6.77 		-11.211 		2.998
v 16.803 		-13.39 		4
v 6.506 		-10.671 		2.998
v 6.426 		-10.741 		2.998
v 16.587 		-14.056 		4
v 16.804 		-14.201 		4
v 19.285 		-15.072 		4
v 19.344 		-15.22 		4
v 19.25 		-14.933 		4
v 19.241 		-14.527 		4
v 19.227 		-14.66 		4
v 19.23 		-14.796 		4
v 19.273 		-14.397 		4
v 19.419 		-15.346 		4
v 18.746 		-15.593 		4
v 18.519 		-15.593 		4
v -26.067 		53.464 		4
v -25.91 		53.683 		4
v -25.732 		53.885 		4
v -25.535 		54.068 		4
v -25.32 		54.23 		4
v -25.091 		54.37 		4
v -24.848 		54.487 		4
v -24.596 		54.579 		4
v -26.38 		51.204 		4
v -26.451 		51.498 		4
v -26.492 		51.798 		4
v -26.498 		52.067 		4
v -26.431 		52.601 		4
v -26.898 		51.2 		4
v -26.313 		52.986 		4
v -26.202 		53.231 		4
v -24.596 		49.421 		4
v -24.848 		49.513 		4
v -25.091 		49.63 		4
v -25.428 		49.851 		4
v -25.732 		50.115 		4
v 19.619 		-15.531 		4
v 19.511 		-15.45 		4
v -25.91 		50.317 		4
v -26.138 		50.65 		4
v 19.897 		-15.404 		4
v 19.876 		-15.626 		4
v 19.74 		-15.59 		4
v -26.273 		50.921 		4
v 20.289 		-15.612 		4
v 20.183 		-15.631 		4
v 20.476 		-15.539 		4
v 20.387 		-15.581 		4
v -31.102 		41.933 		4
v -31.142 		41.531 		4
v -31.202 		41.269 		4
v 20.024 		-15.64 		4
v -31.287 		41.014 		4
v 20.036 		-15.423 		4
v 20.187 		-15.405 		4
v 20.247 		-15.389 		4
v 20.304 		-15.368 		4
v -32.752 		44.487 		4
v -32.422 		44.319 		4
v -32.17 		44.152 		4
v -31.964 		43.979 		4
v 6.8747 		-9.9977 		3.2
v -31.776 		43.786 		4
v -31.608 		43.576 		4
v -31.496 		43.408 		4
v -31.355 		43.14 		4
v -31.241 		42.86 		4
v -31.149 		42.502 		4
v -31.108 		42.202 		4
v 6.251 		-7.076 		2.998
v -31.398 		40.769 		4
v -31.533 		40.536 		4
v -31.69 		40.317 		4
v -31.868 		40.115 		4
v -32.065 		39.932 		4
v -32.28 		39.77 		4
v -32.509 		39.63 		4
v -32.752 		39.513 		4
v 6.8747 		-9.9977 		3.328
v 8.088 		-11.078 		2.998
v 7.976 		-11.179 		2.998
v 10.773 		-15.587 		2.998
v 10.984 		-15.587 		2.998
v 10.984 		-15.508 		2.998
v 10.983 		-15.47 		2.998
v 10.984 		-15.28 		2.998
v 10.986 		-15.179 		2.998
v 10.992 		-14.877 		2.998
v 10.994 		-14.777 		2.998
v 10.988 		-15.079 		2.998
v 11.008 		-14.475 		2.998
v 11.017 		-14.404 		2.998
v 11.002 		-14.575 		2.998
v 10.997 		-14.676 		2.998
v 10.983 		-15.355 		2.998
v 10.984 		-15.318 		2.998
v 11.035 		-14.337 		2.998
v 12.239 		-15.453 		2.998
v 12 		-15.473 		2.998
v 12.001 		-15.587 		2.998
v 12.239 		-15.587 		2.998
v 12.24 		-15.319 		2.998
v 12.241 		-15.186 		2.998
v 12 		-14.901 		2.998
v 12 		-15.358 		2.998
v 11.999 		-15.129 		2.998
v 11.999 		-15.015 		2.998
v 20.358 		-15.343 		4
v 12.241 		-14.788 		2.998
v 12.239 		-14.656 		2.998
v 12.235 		-14.523 		2.998
v 12.231 		-14.456 		2.998
v 20.454 		-15.279 		4
v 12.221 		-14.39 		2.998
v 12.002 		-14.672 		2.998
v 12 		-14.786 		2.998
v 20.407 		-15.314 		4
v 12.001 		-14.606 		2.998
v 11.971 		-14.416 		2.998
v 11.985 		-14.478 		2.998
v 19.496 		-14.922 		4
v 19.526 		-15.056 		4
v 11.95 		-14.356 		2.998
v 19.584 		-15.175 		4
v 19.667 		-15.276 		4
v 19.773 		-15.354 		4
v 11.996 		-14.541 		2.998
v 11.137 		-14.17 		2.998
v 11.188 		-14.127 		2.998
v 11.233 		-13.9 		2.998
v 11.186 		-13.926 		2.998
v 11.14 		-13.955 		2.998
v 11.095 		-13.985 		2.998
v 11.049 		-14.015 		2.998
v 19.535 		-14.344 		4
v 11.004 		-14.045 		2.998
v 11.094 		-14.22 		2.998
v 19.515 		-14.403 		4
v 11.247 		-14.092 		2.998
v 19.501 		-14.465 		4
v 19.491 		-14.53 		4
v 11.061 		-14.276 		2.998
v 19.487 		-14.597 		4
v 10.773 		-13.867 		2.998
v 10.958 		-14.074 		2.998
v 10.958 		-13.867 		2.998
v 19.499 		-14.778 		4
v 11.731 		-14.083 		2.998
v 11.717 		-13.827 		2.998
v 11.429 		-13.829 		2.998
v 19.324 		-14.271 		4
v 11.329 		-13.857 		2.998
v 11.28 		-13.877 		2.998
v 11.666 		-14.054 		2.998
v 19.396 		-14.149 		4
v 11.458 		-14.034 		2.998
v 11.529 		-14.03 		2.998
v 11.387 		-14.045 		2.998
v 11.598 		-14.037 		2.998
v 11.314 		-14.065 		2.998
v 12.206 		-14.326 		2.998
v 12.186 		-14.262 		2.998
v 12.16 		-14.201 		2.998
v 12.129 		-14.142 		2.998
v 12.092 		-14.086 		2.998
v 12.05 		-14.034 		2.998
v 11.974 		-13.958 		2.998
v 11.893 		-13.899 		2.998
v 11.807 		-13.856 		2.998
v 11.795 		-14.126 		2.998
v 11.856 		-14.182 		2.998
v 11.893 		-14.238 		2.998
v 11.925 		-14.297 		2.998
v 11.624 		-13.813 		2.998
v 11.528 		-13.814 		2.998
v 8.512 		-11.056 		2.998
v 8.645 		-10.937 		2.998
v 8.311 		-10.874 		2.998
v 8.199 		-10.976 		2.998
v 8.38 		-11.175 		2.998
v 8.993 		-10.244 		2.998
v 8.981 		-10.266 		2.998
v 8.909 		-10.699 		2.998
v 9.042 		-10.581 		2.998
v 8.895 		-10.343 		2.998
v 8.725 		-10.496 		2.998
v 8.641 		-10.572 		2.998
v 8.558 		-10.648 		2.998
v 8.809 		-10.419 		2.998
v 8.476 		-10.723 		2.998
v 9.306 		-10.343 		2.998
v 11.548 		-10.447 		2.998
v 11.548 		-12.081 		2.998
v 10.794 		-12.081 		2.998
v 8.242 		-10.225 		2.998
v 8.475 		-10.226 		2.998
v 8.707 		-10.226 		2.998
v 8.971 		-10.22 		2.998
v 8.982 		-10.219 		2.998
v 8.995 		-10.23 		2.998
v 8.94 		-10.227 		2.998
v 8.947 		-10.225 		2.998
v 8.958 		-10.223 		2.998
v 8.991 		-10.222 		2.998
v 9.096 		-9.964 		2.998
v 9.044 		-9.956 		2.998
v 9.095 		-9.959 		2.998
v 9.144 		-9.961 		2.998
v 9.193 		-9.962 		2.998
v 9.047 		-9.963 		2.998
v 9.437 		-10.223 		2.998
v 9.475 		-10.186 		2.998
v 9.502 		-10.153 		2.998
v 9.517 		-10.122 		2.998
v 9.521 		-10.093 		2.998
v 9.514 		-10.064 		2.998
v 9.497 		-10.034 		2.998
v 9.468 		-10.001 		2.998
v 6.8747 		-9.9977 		3.456
v 9.426 		-9.958 		2.998
v 9.39 		-9.92 		2.998
v 9.241 		-9.963 		2.998
v 9.288 		-9.963 		2.998
v 9.334 		-9.962 		2.998
v 9.241 		-9.964 		2.998
v 9.355 		-9.883 		2.998
v 9.338 		-9.865 		2.998
v 9.373 		-9.901 		2.998
v 9.289 		-9.965 		2.998
v 9.429 		-9.965 		2.998
v 9.32 		-9.848 		2.998
v 9.285 		-9.815 		2.998
v 9.303 		-9.831 		2.998
v 11.545 		-9.722 		2.998
v 12.995 		-15.499 		2.998
v 13.177 		-15.591 		2.998
v 13.206 		-15.374 		2.998
v 12.655 		-14.896 		2.998
v 12.673 		-14.992 		2.998
v 12.699 		-15.087 		2.998
v 12.735 		-15.179 		2.998
v 12.781 		-15.27 		2.998
v 12.837 		-15.358 		2.998
v 12.938 		-15.054 		2.998
v 12.911 		-14.962 		2.998
v 12.976 		-15.141 		2.998
v 12.897 		-14.869 		2.998
v 13.08 		-15.288 		2.998
v 13.024 		-15.22 		2.998
v 6.8747 		-9.9977 		3.584
v -50.387 		62.157 		4
v -50.772 		62.08 		4
v -51.331 		61.896 		4
v -51.598 		61.772 		4
v -51.939 		61.578 		4
v -52.26 		61.352 		4
v -52.486 		61.164 		4
v -52.764 		60.886 		4
v -52.952 		60.66 		4
v -53.178 		60.339 		4
v -53.328 		60.086 		4
v -53.496 		59.731 		4
v -53.597 		59.454 		4
v -53.757 		58.787 		4
v -53.788 		58.494 		4
v -53.8 		58.2 		4
v -36.202 		43.231 		4
v -36.067 		43.464 		4
v -35.91 		43.683 		4
v -35.779 		43.836 		4
v -35.636 		43.979 		4
v -35.43 		44.152 		4
v -35.207 		44.303 		4
v -34.971 		44.432 		4
v -34.723 		44.536 		4
v -34.466 		44.616 		4
v -34.202 		44.669 		4
v -34.002 		44.692 		4
v -33.699 		44.696 		4
v -33.398 		44.669 		4
v -33.102 		44.606 		4
v -36.359 		41.14 		4
v -36.417 		41.334 		4
v -36.472 		41.631 		4
v -36.498 		41.933 		4
v -36.492 		42.202 		4
v -36.458 		42.469 		4
v -36.398 		42.731 		4
v -36.313 		42.986 		4
v -33.004 		39.421 		4
v -33.265 		39.354 		4
v -33.531 		39.314 		4
v -33.733 		39.301 		4
v -33.935 		39.304 		4
v -34.202 		39.331 		4
v -34.466 		39.384 		4
v -34.723 		39.464 		4
v -34.971 		39.568 		4
v -35.207 		39.697 		4
v -35.43 		39.848 		4
v -35.636 		40.021 		4
v -35.824 		40.214 		4
v -35.952 		40.37 		4
v -36.067 		40.536 		4
v 13.141 		-15.34 		2.998
v 12.673 		-14.458 		2.998
v 12.651 		-14.599 		2.998
v 12.645 		-14.7 		2.998
v 12.646 		-14.799 		2.998
v 12.951 		-14.339 		2.998
v 12.915 		-14.457 		2.998
v 12.893 		-14.597 		2.998
v 12.899 		-14.779 		2.998
v 13.374 		-15.635 		2.998
v 13.575 		-15.631 		2.998
v 13.769 		-15.582 		2.998
v 13.946 		-15.487 		2.998
v 13.637 		-15.4 		2.998
v 13.531 		-15.42 		2.998
v 13.315 		-15.405 		2.998
v 13.423 		-15.421 		2.998
v 13.93 		-15.205 		2.998
v 14.095 		-15.348 		2.998
v 14.134 		-15.137 		2.998
v 14.086 		-15.117 		2.998
v 14.063 		-15.108 		2.998
v 13.838 		-15.294 		2.998
v 13.74 		-15.359 		2.998
v 14.158 		-15.146 		2.998
v 14.206 		-15.166 		2.998
v 14.039 		-15.098 		2.998
v 14.016 		-15.088 		2.998
v 13.98 		-14.432 		2.998
v 14.012 		-14.597 		2.998
v 14.241 		-14.633 		2.998
v 14.229 		-14.543 		2.998
v 14.223 		-14.499 		2.998
v 14.215 		-14.456 		2.998
v 14.206 		-14.414 		2.998
v 14.236 		-14.587 		2.998
v 14.253 		-14.728 		2.998
v 14.247 		-14.68 		2.998
v 14.26 		-14.779 		2.998
v 4.907 		-8.476 		2.998
v 4.897 		-8.462 		2.998
v 4.887 		-8.446 		2.998
v 4.879 		-8.429 		2.998
v 4.873 		-8.411 		2.998
v 4.868 		-8.393 		2.998
v 4.864 		-8.375 		2.998
v 4.863 		-8.358 		2.998
v 5.125 		-8.256 		2.998
v 5.123 		-8.243 		2.998
v 5.122 		-8.231 		2.998
v 5.02 		-8.579 		2.998
v 4.919 		-8.488 		2.998
v 5.222 		-8.758 		2.998
v 5.33 		-8.478 		2.998
v 6.8747 		-9.9977 		3.712
v 5.387 		-8.528 		2.998
v 5.121 		-8.668 		2.998
v 5.128 		-8.269 		2.998
v 5.138 		-8.294 		2.998
v 5.145 		-8.305 		2.998
v 5.152 		-8.315 		2.998
v 5.133 		-8.282 		2.998
v 5.16 		-8.324 		2.998
v 5.216 		-8.376 		2.998
v 6.8747 		-9.9977 		3.84
v -36.26 		40.89 		4
v -53.8 		18 		4
v -58.2 		10.6 		4
v -53.8 		10.6 		4
v -58.2 		3.2 		4
v -9.6 		17.8 		4
v -9.6 		22.2 		4
v -39.2 		17.8 		4
v -39.2 		22.2 		4
v -24 		17.8 		4
v -24 		22.2 		4
v 22.545 		-13.858 		4
v -7.195 		-4.001 		4
v -6.87 		-3.499 		4
v 23.019 		-14.055 		4
v 22.994 		-14.079 		4
v -6.497 		-3.031 		4
v 22.844 		-14.311 		4
v -5.97 		-2.501 		4
v 22.971 		-14.102 		4
v 22.93 		-14.15 		4
v 22.896 		-14.201 		4
v -5.622 		-2.219 		4
v -5.128 		-1.882 		4
v 22.868 		-14.255 		4
v -4.602 		-1.596 		4
v -4.051 		-1.364 		4
v -3.48 		-1.187 		4
v -2.894 		-1.069 		4
v -2.448 		-1.017 		4
v -1.552 		-1.017 		4
v -0.958 		-1.091 		4
v -0.375 		-1.224 		4
v -7.907 		-8.042 		4
v -7.97 		-7.597 		4
v -8 		-7 		4
v -7.981 		-6.552 		4
v -7.907 		-5.958 		4
v -7.814 		-5.519 		4
v -7.686 		-5.09 		4
v -7.529 		-4.669 		4
v -7.406 		-4.397 		4
v -4.869 		-12.268 		4
v -5.255 		-12.04 		4
v -5.622 		-11.781 		4
v -5.97 		-11.499 		4
v -6.294 		-11.188 		4
v -6.596 		-10.857 		4
v -6.87 		-10.501 		4
v -7.12 		-10.129 		4
v -7.338 		-9.736 		4
v -7.529 		-9.331 		4
v -7.638 		-9.052 		4
v -7.814 		-8.481 		4
v -0.52 		-12.813 		4
v -1.106 		-12.931 		4
v -1.85 		-12.998 		4
v -2.299 		-12.991 		4
v -2.746 		-12.953 		4
v -3.189 		-12.879 		4
v -3.625 		-12.776 		4
v -4.051 		-12.636 		4
v -4.468 		-12.469 		4
v -9.2 		-19 		4
v -24.4 		-19 		4
v -38.8 		-19 		4
v -53.8 		-11.6 		4
v -53.8 		-19 		4
v -53.8 		-4.2 		4
v -58.2 		-11.6 		4
v -58.2 		-19 		4
v 5.616 		-8.731 		2.998
v 5.528 		-9.025 		2.998
v 5.742 		-8.846 		2.998
v 5.679 		-8.789 		2.998
v 23.221 		-14.142 		4
v 23.169 		-14.193 		4
v 5.806 		-8.904 		2.998
v 23.126 		-14.25 		4
v 23.286 		-14.098 		4
v 23.093 		-14.312 		4
v 5.559 		-8.68 		2.998
v 5.444 		-8.579 		2.998
v 23.348 		-14.069 		4
v 23.532 		-14.019 		4
v 23.471 		-14.03 		4
v 23.409 		-14.047 		4
v 23.278 		-13.875 		4
v 23.181 		-13.919 		4
v 23.153 		-13.943 		4
v 23.126 		-13.966 		4
v 23.071 		-14.011 		4
v 23.098 		-13.988 		4
v 23.376 		-13.842 		4
v 23.473 		-13.821 		4
v 6.8747 		-9.9977 		3.968
v 24.039 		-14.246 		4
v 24.003 		-14.191 		4
v 23.959 		-14.141 		4
v 23.907 		-14.099 		4
v 23.764 		-13.828 		4
v 23.861 		-13.854 		4
v 23.957 		-13.891 		4
v 23.847 		-14.064 		4
v 23.777 		-14.038 		4
v 23.715 		-14.023 		4
v 23.654 		-14.016 		4
v 23.593 		-14.014 		4
v 24.031 		-13.931 		4
v 24.07 		-14.307 		4
v 24.095 		-13.979 		4
v 24.151 		-14.034 		4
v 24.199 		-14.095 		4
v 24.241 		-14.162 		4
v 24.275 		-14.234 		4
v 24.305 		-14.309 		4
v 23.57 		-13.811 		4
v 23.667 		-13.814 		4
v 22.608 		-12.08 		4
v 23.338 		-11.39 		4
v 21.016 		-12.086 		4
v 21.016 		-11.39 		4
v 23.338 		-8.089 		4
v 22.608 		-8.089 		4
v 18.541 		-8.089 		4
v 19.288 		-8.089 		4
v 17.923 		-8.088 		4
v 25.068 		-13.24 		4
v 25.068 		-15.586 		4
v 24.858 		-15.586 		4
v 24.858 		-13.24 		4
v 25.062 		-11.39 		4
v 25.062 		-12.08 		4
v 26.284 		-12.004 		4
v 26.144 		-11.92 		4
v 26.02 		-11.828 		4
v 25.91 		-11.727 		4
v 25.812 		-11.619 		4
v 7.545 		-10.225 		2.998
v 25.728 		-11.502 		4
v 7.312 		-10.226 		2.998
v 25.656 		-11.376 		4
v 26.428 		-12.071 		4
v 26.498 		-11.271 		4
v 26.577 		-11.346 		4
v 26.574 		-12.123 		4
v 8.831 		-9.767 		2.998
v 25.599 		-11.243 		4
v 25.555 		-11.101 		4
v 25.524 		-10.95 		4
v 25.505 		-10.8 		4
v 8.648 		-9.245 		2.998
v 25.496 		-10.65 		4
v 25.497 		-10.502 		4
v 9.158 		-9.701 		2.998
v 25.51 		-10.356 		4
v 9.03 		-9.587 		2.998
v 8.775 		-9.359 		2.998
v 8.903 		-9.472 		2.998
v 26.309 		-10.797 		4
v 26.317 		-10.891 		4
v 26.34 		-10.989 		4
v 26.379 		-11.088 		4
v 26.431 		-11.183 		4
v 8.407 		-9.389 		2.998
v 26.321 		-10.246 		4
v 27.519 		-12.103 		4
v 27.345 		-12.147 		4
v 27.188 		-12.171 		4
v 27.031 		-12.181 		4
v 26.877 		-12.177 		4
v 26.724 		-12.157 		4
v 26.667 		-11.406 		4
v 26.77 		-11.447 		4
v 26.887 		-11.47 		4
v 27.008 		-11.477 		4
v 27.127 		-11.468 		4
v 27.243 		-11.441 		4
v 27.352 		-11.396 		4
v 27.453 		-11.333 		4
v 28.092 		-11.757 		4
v 27.968 		-11.869 		4
v 27.831 		-11.964 		4
v 27.682 		-12.042 		4
v 28.203 		-11.627 		4
v 28.299 		-11.48 		4
v 28.187 		-11.264 		4
v 28.213 		-11.27 		4
v 28.262 		-11.283 		4
v 28.286 		-11.289 		4
v 28.238 		-11.276 		4
v 28.334 		-11.302 		4
v 28.358 		-11.308 		4
v 28.382 		-11.315 		4
v 27.618 		-11.149 		4
v 27.624 		-11.142 		4
v 27.631 		-11.135 		4
v 27.543 		-11.251 		4
v 26.979 		-10.245 		4
v 27.143 		-10.243 		4
v 26.814 		-10.245 		4
v 26.65 		-10.246 		4
v 27.308 		-10.241 		4
v 27.651 		-11.123 		4
v 27.672 		-11.116 		4
v 27.682 		-11.115 		4
v 27.662 		-11.119 		4
v 27.751 		-11.133 		4
v 27.69 		-11.116 		4
v 27.813 		-11.151 		4
v 27.874 		-11.169 		4
v 28.06 		-11.226 		4
v 28.123 		-11.245 		4
v 28.402 		-10.797 		4
v 28.405 		-10.77 		4
v 28.396 		-10.325 		4
v 28.403 		-10.397 		4
v 28.421 		-10.631 		4
v 28.421 		-10.652 		4
v 28.416 		-10.696 		4
v 28.408 		-10.744 		4
v 28.389 		-10.254 		4
v 28.419 		-10.674 		4
v 28.42 		-10.611 		4
v 28.414 		-10.54 		4
v 25.534 		-10.211 		4
v 25.572 		-10.068 		4
v 25.623 		-9.927 		4
v 25.688 		-9.788 		4
v 26.565 		-9.784 		4
v 26.512 		-9.825 		4
v 26.466 		-9.873 		4
v 26.428 		-9.925 		4
v 26.395 		-9.982 		4
v 26.369 		-10.043 		4
v 26.348 		-10.108 		4
v 26.332 		-10.175 		4
v 25.777 		-9.639 		4
v 25.877 		-9.505 		4
v 25.988 		-9.386 		4
v 26.111 		-9.283 		4
v 26.246 		-9.196 		4
v 26.392 		-9.126 		4
v 26.551 		-9.072 		4
v 27.474 		-10.238 		4
v 27.641 		-10.235 		4
v 27.636 		-10.137 		4
v 27.617 		-10.045 		4
v 27.584 		-9.958 		4
v 27.539 		-9.88 		4
v 27.483 		-9.81 		4
v 27.416 		-9.752 		4
v 26.644 		-9.735 		4
v 26.809 		-9.669 		4
v 26.725 		-9.697 		4
v 27.34 		-9.706 		4
v 27.255 		-9.674 		4
v 27.163 		-9.654 		4
v 27.073 		-9.643 		4
v 26.983 		-9.642 		4
v 26.895 		-9.651 		4
v 27.831 		-9.25 		4
v 27.932 		-9.326 		4
v 28.022 		-9.41 		4
v 28.101 		-9.501 		4
v 28.17 		-9.598 		4
v 28.279 		-9.811 		4
v 28.32 		-9.925 		4
v 28.353 		-10.045 		4
v 28.368 		-10.114 		4
v 28.379 		-10.184 		4
v 28.229 		-9.702 		4
v 26.722 		-9.035 		4
v 26.869 		-9.016 		4
v 27.014 		-9.009 		4
v 27.157 		-9.014 		4
v 27.297 		-9.032 		4
v 27.435 		-9.064 		4
v 27.57 		-9.11 		4
v 27.702 		-9.172 		4
v 29.585 		-11.898 		4
v 29.474 		-11.809 		4
v 29.374 		-11.712 		4
v 29.286 		-11.608 		4
v 29.209 		-11.497 		4
v 8.521 		-9.13 		2.998
v 29.142 		-11.379 		4
v 29.86 		-12.058 		4
v 29.72 		-11.987 		4
v 30.003 		-12.11 		4
v 30.609 		-12.17 		4
v 30.453 		-12.175 		4
v 30.3 		-12.168 		4
v 30.15 		-12.147 		4
v 30.027 		-11.318 		4
v 30.119 		-11.377 		4
v 30.231 		-11.426 		4
v 30.365 		-11.465 		4
v 30.454 		-11.48 		4
v 30.549 		-11.482 		4
v 30.646 		-11.472 		4
v 28.985 		-10.854 		4
v 28.972 		-10.722 		4
v 29.086 		-11.255 		4
v 29.042 		-11.124 		4
v 29.008 		-10.987 		4
v 28.968 		-10.59 		4
v 28.973 		-10.459 		4
v 28.988 		-10.328 		4
v 28.7078 		-10.24 		4
v 29.799 		-10.289 		4
v 29.784 		-10.37 		4
v 29.774 		-10.451 		4
v 29.768 		-10.532 		4
v 29.768 		-10.614 		4
v 29.773 		-10.696 		4
v 29.783 		-10.78 		4
v 29.81 		-10.927 		4
v 29.846 		-11.052 		4
v 29.893 		-11.158 		4
v 29.952 		-11.246 		4
v 31.688 		-11.603 		4
v 31.586 		-11.726 		4
v 31.474 		-11.836 		4
v 31.353 		-11.93 		4
v 31.223 		-12.009 		4
v 31.081 		-12.072 		4
v 30.93 		-12.12 		4
v 30.767 		-12.152 		4
v 30.742 		-11.447 		4
v 30.834 		-11.409 		4
v 30.92 		-11.354 		4
v 30.998 		-11.284 		4
v 32.734 		-12.08 		4
v 31.782 		-11.464 		4
v 31.836 		-11.365 		4
v 31.882 		-11.264 		4
v 31.063 		-11.198 		4
v 31.125 		-11.083 		4
v 31.17 		-10.967 		4
v 31.2 		-10.849 		4
v 31.216 		-10.729 		4
v 31.22 		-10.609 		4
v 31.214 		-10.487 		4
v 31.198 		-10.364 		4
v 31.175 		-10.241 		4
v 31.99 		-10.843 		4
v 31.973 		-10.95 		4
v 31.95 		-11.056 		4
v 31.92 		-11.16 		4
v 32.002 		-10.735 		4
v 31.973 		-10.249 		4
v 31.985 		-10.311 		4
v 31.994 		-10.374 		4
v 32.002 		-10.438 		4
v 32.007 		-10.501 		4
v 32.009 		-10.564 		4
v 32.008 		-10.626 		4
# 4655 vertices

g group_0_3356795

usemtl color_3356795
s 0

f 1 	2 	3
f 1 	3 	4
f 5 	6 	7
f 5 	7 	9
f 10 	11 	14
f 10 	14 	15
f 17 	18 	19
f 17 	19 	20
f 21 	22 	23
f 21 	23 	24
f 31 	841 	26
f 27 	28 	29
f 27 	29 	30
f 32 	841 	31
f 35 	36 	28
f 35 	28 	27
f 26 	841 	25
f 41 	42 	2087
f 30 	29 	42
f 30 	42 	41
f 45 	46 	36
f 45 	36 	35
f 54 	55 	56
f 54 	56 	57
f 60 	61 	59
f 60 	59 	58
f 57 	56 	61
f 57 	61 	60
f 211 	2889 	213
f 47 	841 	40
f 48 	841 	47
f 49 	841 	48
f 50 	841 	49
f 51 	841 	50
f 52 	841 	51
f 53 	841 	52
f 37 	841 	53
f 25 	841 	37
f 33 	841 	32
f 68 	92 	67
f 68 	71 	92
f 1174 	1184 	1114
f 1111 	1108 	1174
f 1017 	34 	1016
f 72 	3482 	70
f 34 	841 	33
f 75 	76 	77
f 75 	77 	78
f 78 	77 	81
f 78 	81 	83
f 830 	80 	82
f 92 	3159 	85
f 85 	2328 	92
f 86 	87 	46
f 86 	46 	45
f 88 	89 	87
f 88 	87 	86
f 90 	91 	89
f 90 	89 	88
f 79 	85 	3159
f 93 	94 	91
f 93 	91 	90
f 74 	3159 	73
f 4424 	3159 	92
f 97 	3157 	96
f 100 	3157 	97
f 101 	3157 	100
f 103 	3157 	102
f 108 	3157 	103
f 110 	3157 	108
f 191 	185 	111
f 125 	3157 	110
f 120 	142 	116
f 121 	142 	120
f 505 	508 	131
f 517 	499 	133
f 487 	493 	136
f 136 	137 	487
f 127 	3157 	125
f 144 	487 	137
f 493 	497 	133
f 184 	99 	185
f 98 	185 	99
f 130 	177 	95
f 188 	2833 	189
f 148 	140 	149
f 149 	140 	152
f 99 	184 	104
f 182 	104 	184
f 98 	111 	185
f 191 	111 	112
f 114 	196 	112
f 196 	114 	119
f 93 	228 	229
f 208 	126 	209
f 124 	209 	126
f 126 	208 	214
f 126 	214 	130
f 134 	135 	217
f 209 	124 	215
f 104 	182 	135
f 177 	130 	214
f 191 	112 	193
f 193 	112 	196
f 196 	119 	201
f 2799 	168 	199
f 201 	119 	4608
f 215 	134 	217
f 124 	134 	215
f 217 	135 	182
f 222 	223 	224
f 222 	224 	225
f 226 	227 	2783
f 94 	93 	229
f 231 	232 	233
f 231 	233 	235
f 234 	236 	229
f 234 	229 	228
f 239 	240 	232
f 239 	232 	231
f 241 	242 	236
f 241 	236 	234
f 243 	244 	245
f 243 	245 	246
f 1501 	146 	145
f 246 	245 	225
f 246 	225 	224
f 251 	252 	242
f 251 	242 	241
f 253 	254 	252
f 253 	252 	251
f 223 	222 	216
f 256 	257 	254
f 256 	254 	253
f 258 	259 	227
f 258 	227 	226
f 260 	261 	257
f 260 	257 	256
f 235 	233 	259
f 235 	259 	258
f 262 	264 	261
f 262 	261 	260
f 265 	267 	240
f 265 	240 	239
f 266 	268 	264
f 266 	264 	262
f 244 	243 	267
f 244 	267 	265
f 248 	247 	268
f 248 	268 	266
f 276 	277 	271
f 276 	271 	270
f 278 	279 	273
f 278 	273 	272
f 281 	282 	283
f 281 	283 	284
f 285 	286 	287
f 285 	287 	288
f 290 	291 	292
f 290 	292 	293
f 294 	295 	296
f 294 	296 	297
f 300 	302 	279
f 300 	279 	278
f 177 	299 	95
f 301 	95 	299
f 69 	66 	76
f 69 	76 	75
f 288 	287 	303
f 288 	303 	304
f 305 	306 	286
f 305 	286 	285
f 81 	3488 	83
f 307 	308 	282
f 307 	282 	281
f 297 	296 	306
f 297 	306 	305
f 311 	312 	72
f 311 	72 	70
f 291 	290 	308
f 291 	308 	307
f 304 	303 	302
f 304 	302 	300
f 58 	59 	312
f 58 	312 	311
f 293 	292 	301
f 293 	301 	299
f 64 	63 	55
f 64 	55 	54
f 294 	334 	295
f 314 	316 	317
f 314 	317 	318
f 319 	321 	323
f 319 	323 	325
f 318 	317 	326
f 318 	326 	327
f 315 	313 	322
f 315 	322 	320
f 327 	326 	329
f 327 	329 	330
f 331 	332 	3659
f 325 	323 	334
f 325 	334 	335
f 330 	329 	4649
f 336 	337 	338
f 336 	338 	339
f 277 	276 	316
f 277 	316 	314
f 340 	1452 	341
f 321 	319 	344
f 343 	344 	319
f 350 	351 	2182
f 1453 	346 	347
f 348 	349 	344
f 348 	344 	343
f 352 	353 	354
f 352 	354 	356
f 339 	338 	349
f 339 	349 	348
f 357 	358 	371
f 332 	331 	354
f 356 	354 	331
f 359 	360 	358
f 359 	358 	357
f 335 	334 	294
f 1458 	340 	341
f 270 	271 	360
f 270 	360 	359
f 361 	363 	337
f 361 	337 	336
f 346 	1459 	347
f 350 	3619 	351
f 364 	365 	367
f 364 	367 	368
f 247 	248 	371
f 370 	371 	248
f 372 	373 	365
f 372 	365 	364
f 357 	371 	370
f 376 	375 	377
f 376 	377 	378
f 69 	374 	66
f 368 	367 	363
f 368 	363 	361
f 372 	447 	373
f 377 	664 	378
f 385 	608 	382
f 381 	382 	608
f 383 	385 	382
f 2048 	387 	388
f 385 	383 	389
f 383 	390 	394
f 391 	398 	390
f 389 	383 	394
f 889 	875 	395
f 394 	390 	398
f 401 	391 	400
f 391 	392 	400
f 82 	39 	84
f 151 	152 	140
f 150 	151 	140
f 147 	150 	140
f 84 	39 	105
f 2048 	62 	387
f 414 	413 	407
f 414 	407 	406
f 422 	423 	440
f 431 	430 	426
f 431 	426 	424
f 434 	425 	440
f 438 	140 	437
f 406 	407 	444
f 443 	444 	407
f 446 	447 	372
f 432 	433 	440
f 433 	434 	440
f 425 	427 	440
f 427 	422 	440
f 423 	140 	440
f 438 	440 	140
f 450 	449 	447
f 450 	447 	446
f 148 	437 	140
f 455 	456 	444
f 455 	444 	443
f 413 	414 	456
f 413 	456 	455
f 460 	461 	462
f 460 	462 	463
f 452 	3157 	459
f 463 	462 	507
f 459 	3157 	458
f 465 	458 	3157
f 466 	468 	715
f 470 	471 	461
f 470 	461 	460
f 465 	3157 	473
f 469 	473 	3157
f 467 	469 	3157
f 474 	475 	468
f 474 	468 	466
f 417 	3157 	416
f 479 	480 	475
f 479 	475 	474
f 482 	3157 	452
f 477 	3157 	482
f 416 	3157 	477
f 483 	485 	480
f 483 	480 	479
f 486 	488 	485
f 486 	485 	483
f 511 	517 	133
f 490 	491 	488
f 490 	488 	486
f 1665 	1657 	492
f 495 	496 	491
f 495 	491 	490
f 500 	502 	496
f 500 	496 	495
f 471 	470 	502
f 471 	502 	500
f 507 	462 	506
f 507 	506 	509
f 507 	509 	510
f 499 	501 	133
f 515 	516 	510
f 515 	510 	509
f 128 	131 	508
f 504 	505 	131
f 131 	133 	501
f 501 	504 	131
f 522 	523 	524
f 522 	524 	525
f 127 	128 	526
f 3157 	127 	526
f 526 	529 	3157
f 516 	515 	530
f 528 	530 	515
f 534 	535 	530
f 534 	530 	528
f 538 	539 	535
f 538 	535 	534
f 525 	524 	539
f 525 	539 	538
f 542 	3157 	537
f 540 	533 	3157
f 545 	546 	523
f 545 	523 	522
f 547 	3157 	544
f 533 	544 	3157
f 3157 	547 	467
f 550 	549 	546
f 550 	546 	545
f 398 	391 	401
f 404 	400 	392
f 575 	564 	569
f 574 	575 	569
f 569 	570 	574
f 562 	563 	570
f 563 	574 	570
f 564 	404 	392
f 392 	569 	564
f 576 	3157 	573
f 777 	776 	603
f 696 	697 	603
f 695 	696 	603
f 593 	594 	586
f 586 	588 	593
f 589 	610 	588
f 379 	599 	589
f 585 	586 	594
f 1071 	1073 	553
f 591 	1083 	568
f 593 	588 	610
f 594 	605 	583
f 582 	583 	605
f 379 	380 	599
f 597 	599 	380
f 608 	612 	381
f 610 	589 	599
f 583 	585 	594
f 140 	695 	603
f 140 	603 	606
f 140 	606 	147
f 380 	381 	612
f 573 	3157 	611
f 577 	3157 	576
f 609 	3157 	600
f 612 	596 	380
f 596 	597 	380
f 582 	605 	619
f 620 	619 	605
f 622 	619 	625
f 620 	625 	619
f 635 	619 	622
f 635 	622 	623
f 557 	672 	669
f 557 	669 	554
f 617 	618 	615
f 616 	617 	615
f 624 	615 	618
f 618 	621 	624
f 1119 	624 	621
f 580 	675 	676
f 580 	676 	581
f 626 	617 	616
f 630 	631 	628
f 629 	630 	628
f 627 	628 	631
f 680 	590 	676
f 581 	676 	590
f 638 	3157 	634
f 616 	634 	626
f 675 	580 	684
f 592 	684 	580
f 1123 	3157 	638
f 634 	3157 	626
f 633 	626 	3157
f 628 	627 	635
f 595 	687 	684
f 595 	684 	592
f 636 	627 	631
f 636 	631 	637
f 687 	595 	602
f 623 	639 	635
f 635 	639 	628
f 632 	633 	3157
f 578 	632 	3157
f 694 	549 	607
f 577 	578 	3157
f 642 	706 	641
f 643 	708 	642
f 683 	708 	644
f 645 	683 	644
f 646 	682 	645
f 647 	686 	646
f 607 	590 	680
f 3157 	409 	650
f 598 	600 	3157
f 650 	598 	3157
f 609 	611 	3157
f 418 	409 	3157
f 554 	669 	613
f 508 	526 	128
f 529 	531 	3157
f 3157 	531 	537
f 540 	3157 	542
f 417 	418 	3157
f 655 	690 	653
f 654 	655 	653
f 652 	653 	690
f 690 	691 	652
f 602 	614 	704
f 115 	116 	144
f 137 	115 	144
f 144 	116 	142
f 133 	136 	493
f 497 	511 	133
f 560 	710 	709
f 560 	709 	561
f 656 	693 	121
f 710 	560 	565
f 660 	689 	656
f 662 	663 	658
f 658 	666 	662
f 666 	668 	661
f 662 	666 	661
f 377 	375 	671
f 386 	671 	375
f 665 	740 	660
f 659 	661 	668
f 654 	659 	668
f 672 	557 	709
f 561 	709 	557
f 655 	654 	668
f 674 	657 	663
f 657 	658 	663
f 677 	660 	673
f 679 	660 	677
f 663 	664 	674
f 681 	660 	679
f 683 	645 	682
f 688 	660 	685
f 682 	646 	686
f 651 	652 	691
f 689 	660 	688
f 602 	692 	687
f 693 	656 	689
f 685 	660 	681
f 142 	121 	693
f 686 	647 	691
f 550 	607 	549
f 749 	750 	603
f 667 	65 	665
f 698 	713 	700
f 706 	707 	641
f 680 	694 	607
f 700 	640 	702
f 613 	703 	704
f 613 	704 	614
f 705 	660 	701
f 640 	641 	707
f 643 	644 	708
f 651 	691 	647
f 669 	703 	613
f 673 	660 	705
f 702 	640 	707
f 692 	602 	704
f 706 	642 	708
f 710 	565 	711
f 640 	700 	713
f 648 	649 	320
f 315 	320 	649
f 714 	715 	468
f 717 	718 	715
f 717 	715 	714
f 720 	716 	736
f 712 	713 	725
f 721 	722 	718
f 721 	718 	717
f 746 	741 	719
f 723 	712 	725
f 725 	713 	698
f 716 	731 	735
f 740 	665 	724
f 701 	660 	740
f 724 	665 	770
f 733 	734 	732
f 734 	735 	731
f 735 	736 	716
f 736 	737 	720
f 737 	743 	720
f 743 	744 	720
f 719 	720 	744
f 712 	723 	738
f 744 	746 	719
f 741 	738 	719
f 670 	1927 	667
f 723 	719 	738
f 1244 	1243 	747
f 731 	732 	734
f 750 	751 	603
f 697 	749 	603
f 751 	752 	603
f 752 	753 	603
f 753 	754 	603
f 754 	755 	603
f 553 	556 	767
f 1071 	553 	767
f 755 	739 	603
f 739 	730 	603
f 759 	769 	758
f 758 	768 	757
f 761 	1916 	699
f 760 	870 	763
f 763 	757 	768
f 771 	765 	759
f 765 	771 	764
f 772 	764 	771
f 733 	732 	766
f 770 	665 	833
f 328 	875 	333
f 768 	758 	769
f 498 	1671 	492
f 769 	759 	765
f 355 	845 	342
f 844 	342 	845
f 733 	766 	772
f 766 	764 	772
f 376 	396 	375
f 845 	355 	362
f 845 	362 	853
f 849 	851 	397
f 773 	397 	851
f 1452 	347 	341
f 1453 	347 	1452
f 856 	369 	858
f 366 	858 	369
f 353 	1461 	354
f 1560 	415 	411
f 775 	773 	851
f 397 	393 	849
f 3649 	332 	354
f 858 	366 	860
f 374 	860 	366
f 851 	852 	775
f 1459 	1458 	347
f 341 	347 	1458
f 374 	69 	860
f 671 	678 	377
f 856 	853 	369
f 362 	369 	853
f 439 	441 	478
f 664 	377 	678
f 678 	674 	664
f 767 	774 	852
f 774 	775 	852
f 783 	333 	875
f 852 	1071 	767
f 730 	777 	603
f 879 	345 	844
f 342 	844 	345
f 345 	879 	881
f 345 	881 	384
f 584 	1076 	591
f 881 	3518 	384
f 396 	478 	441
f 441 	386 	396
f 439 	478 	472
f 419 	478 	429
f 428 	429 	478
f 435 	428 	478
f 464 	435 	478
f 403 	464 	478
f 402 	403 	478
f 484 	402 	478
f 421 	478 	419
f 448 	478 	421
f 448 	411 	478
f 411 	415 	478
f 472 	478 	415
f 328 	395 	875
f 375 	396 	386
f 873 	399 	324
f 478 	498 	492
f 492 	484 	478
f 778 	1852 	761
f 889 	395 	399
f 803 	829 	801
f 63 	64 	902
f 405 	902 	64
f 780 	667 	779
f 579 	566 	543
f 587 	579 	543
f 521 	543 	512
f 512 	551 	521
f 551 	572 	521
f 519 	521 	572
f 572 	571 	519
f 527 	519 	571
f 864 	527 	865
f 865 	866 	864
f 866 	868 	864
f 781 	667 	780
f 566 	559 	543
f 559 	555 	543
f 464 	1645 	435
f 410 	39 	412
f 779 	667 	782
f 1645 	464 	403
f 708 	587 	543
f 708 	543 	706
f 832 	667 	785
f 782 	667 	832
f 785 	667 	793
f 831 	854 	604
f 854 	601 	604
f 791 	800 	787
f 801 	829 	604
f 891 	890 	2041
f 1551 	1652 	396
f 796 	806 	795
f 797 	794 	806
f 795 	806 	794
f 789 	787 	800
f 800 	793 	789
f 798 	789 	793
f 793 	667 	798
f 897 	891 	2041
f 806 	804 	797
f 801 	797 	804
f 790 	788 	80
f 809 	791 	805
f 787 	805 	791
f 803 	801 	804
f 792 	790 	80
f 808 	815 	805
f 806 	796 	811
f 796 	812 	811
f 810 	811 	812
f 812 	813 	810
f 819 	810 	813
f 814 	822 	808
f 809 	805 	815
f 819 	820 	817
f 813 	820 	819
f 823 	817 	820
f 821 	825 	814
f 815 	808 	822
f 792 	80 	799
f 822 	814 	825
f 824 	825 	821
f 817 	823 	827
f 807 	80 	816
f 821 	828 	824
f 831 	604 	829
f 816 	80 	818
f 484 	1657 	402
f 40 	841 	39
f 408 	39 	410
f 105 	39 	408
f 826 	80 	830
f 818 	80 	826
f 699 	1925 	670
f 62 	824 	828
f 833 	665 	65
f 65 	667 	781
f 1249 	1250 	837
f 412 	39 	784
f 420 	846 	387
f 839 	39 	841
f 784 	39 	839
f 393 	388 	849
f 901 	333 	783
f 842 	841 	34
f 388 	387 	846
f 62 	420 	387
f 828 	420 	62
f 846 	849 	388
f 980 	979 	836
f 834 	34 	836
f 34 	834 	835
f 843 	34 	835
f 843 	842 	34
f 445 	849 	436
f 442 	852 	451
f 34 	985 	836
f 878 	604 	601
f 984 	982 	836
f 1018 	453 	454
f 982 	980 	836
f 979 	971 	847
f 847 	836 	979
f 513 	512 	543
f 571 	865 	527
f 868 	869 	863
f 760 	863 	869
f 869 	870 	760
f 871 	763 	870
f 757 	763 	871
f 861 	859 	1056
f 863 	864 	868
f 555 	513 	543
f 1056 	1055 	861
f 876 	903 	877
f 877 	878 	876
f 601 	876 	878
f 884 	885 	877
f 887 	877 	885
f 888 	877 	887
f 883 	893 	877
f 2043 	2030 	963
f 2044 	2043 	963
f 892 	399 	873
f 894 	877 	893
f 895 	877 	894
f 895 	896 	877
f 884 	877 	896
f 882 	880 	2029
f 880 	874 	2028
f 889 	399 	892
f 900 	877 	898
f 888 	898 	877
f 2029 	2041 	882
f 902 	405 	901
f 762 	901 	405
f 762 	333 	901
f 890 	886 	2041
f 886 	882 	2041
f 908 	904 	877
f 906 	877 	905
f 903 	908 	877
f 883 	877 	906
f 904 	905 	877
f 916 	917 	915
f 921 	922 	917
f 823 	917 	916
f 911 	921 	917
f 823 	916 	827
f 924 	925 	917
f 915 	917 	913
f 913 	917 	925
f 923 	924 	917
f 922 	923 	917
f 867 	862 	1053
f 1055 	1053 	862
f 931 	998 	930
f 929 	930 	934
f 934 	942 	929
f 938 	966 	937
f 940 	942 	938
f 929 	942 	940
f 937 	966 	936
f 966 	964 	936
f 943 	939 	1186
f 927 	1186 	939
f 945 	943 	1186
f 953 	961 	952
f 964 	965 	935
f 961 	958 	952
f 951 	952 	958
f 950 	951 	955
f 953 	954 	965
f 954 	935 	965
f 946 	945 	1186
f 958 	955 	951
f 949 	946 	1186
f 961 	953 	965
f 935 	936 	964
f 956 	949 	1186
f 966 	938 	942
f 959 	956 	2044
f 1186 	2044 	956
f 963 	959 	2044
f 968 	969 	970
f 1008 	1006 	34
f 971 	1068 	848
f 848 	847 	971
f 970 	976 	975
f 974 	975 	976
f 968 	970 	975
f 973 	974 	976
f 976 	978 	973
f 972 	973 	978
f 978 	981 	972
f 1060 	1061 	1070
f 857 	855 	1058
f 955 	969 	950
f 983 	950 	969
f 968 	983 	969
f 1088 	1086 	532
f 1065 	1058 	855
f 536 	1095 	532
f 855 	850 	1065
f 1002 	993 	989
f 988 	989 	993
f 990 	1002 	989
f 993 	995 	988
f 991 	1002 	990
f 992 	1003 	991
f 987 	988 	995
f 995 	996 	987
f 986 	987 	996
f 996 	998 	986
f 931 	986 	998
f 934 	930 	998
f 850 	848 	1068
f 1068 	1065 	850
f 984 	836 	985
f 994 	985 	34
f 997 	994 	34
f 1002 	991 	1003
f 1001 	1004 	992
f 1092 	1095 	548
f 933 	941 	1204
f 1003 	992 	1004
f 1001 	1005 	1004
f 1007 	1004 	1005
f 849 	846 	436
f 999 	997 	34
f 941 	944 	1204
f 420 	2055 	846
f 1007 	1009 	1004
f 1006 	1000 	34
f 1000 	999 	34
f 852 	442 	1071
f 1012 	1001 	1011
f 1005 	1001 	1012
f 1015 	1011 	1001
f 1010 	1008 	34
f 1013 	34 	1014
f 1013 	1010 	34
f 852 	851 	451
f 1018 	454 	1021
f 1020 	1034 	1019
f 969 	1026 	1034
f 457 	1023 	454
f 1021 	454 	1023
f 1019 	1034 	1024
f 1024 	1034 	1026
f 1025 	1022 	1174
f 1217 	957 	960
f 1030 	1037 	1050
f 1049 	1050 	1037
f 1037 	1038 	1049
f 1038 	1039 	1049
f 1039 	1034 	1049
f 1014 	34 	1027
f 451 	851 	849
f 451 	849 	445
f 1031 	1027 	34
f 1032 	1031 	34
f 1173 	910 	967
f 970 	969 	1034
f 1033 	34 	1017
f 1032 	34 	1033
f 1174 	1016 	34
f 1016 	1174 	1022
f 1074 	1073 	494
f 1071 	442 	481
f 1048 	1049 	1034
f 1020 	1048 	1034
f 476 	1073 	481
f 1076 	489 	520
f 1028 	1051 	1042
f 1036 	1186 	1040
f 1042 	1052 	1044
f 1052 	1413 	1044
f 1074 	494 	1076
f 1041 	1040 	1186
f 1160 	919 	912
f 453 	1018 	503
f 1077 	503 	1018
f 927 	926 	1186
f 920 	919 	1160
f 1028 	1029 	1051
f 1050 	1051 	1029
f 1052 	1042 	1051
f 1029 	1030 	1050
f 926 	918 	1186
f 911 	917 	1054
f 918 	909 	1186
f 1041 	1186 	1043
f 514 	1086 	518
f 1045 	1043 	909
f 1043 	1186 	909
f 1061 	1062 	1070
f 1070 	1062 	1072
f 1063 	1064 	1072
f 1063 	1072 	1062
f 981 	1072 	1064
f 972 	981 	1066
f 909 	907 	1045
f 1046 	1045 	907
f 518 	1085 	520
f 558 	603 	776
f 1088 	532 	1095
f 1057 	1056 	859
f 859 	857 	1057
f 1058 	1057 	857
f 1023 	1221 	1021
f 1069 	1093 	1067
f 584 	552 	1073
f 552 	553 	1073
f 556 	558 	767
f 776 	767 	558
f 1059 	1060 	1067
f 1070 	1067 	1060
f 1064 	1066 	981
f 1213 	1212 	948
f 536 	548 	1095
f 1074 	584 	1073
f 476 	494 	1073
f 1075 	1091 	1069
f 1074 	1076 	584
f 1073 	1071 	481
f 520 	1083 	1076
f 1078 	1089 	1080
f 1089 	1087 	1079
f 1096 	1079 	1087
f 1079 	1080 	1089
f 1078 	1080 	1075
f 1080 	1081 	1075
f 1082 	1075 	1081
f 1091 	1075 	1082
f 1094 	1069 	1091
f 1083 	591 	1076
f 1087 	1084 	1096
f 1086 	568 	1085
f 1085 	568 	1083
f 489 	1076 	494
f 1088 	567 	1086
f 977 	1223 	928
f 1223 	977 	932
f 568 	1086 	567
f 1088 	1095 	567
f 1093 	1069 	1094
f 1059 	1067 	1093
f 1090 	1092 	1110
f 1085 	518 	1086
f 1095 	1092 	1090
f 1090 	567 	1095
f 1158 	912 	914
f 1085 	1083 	520
f 1098 	1412 	1097
f 1100 	1443 	1415
f 1097 	1406 	1102
f 1018 	1228 	1077
f 1101 	1077 	1231
f 912 	1158 	1160
f 514 	532 	1086
f 872 	867 	1047
f 1047 	1046 	872
f 1053 	1047 	867
f 862 	861 	1055
f 907 	872 	1046
f 1164 	920 	1160
f 1103 	1109 	1106
f 541 	567 	1090
f 920 	1164 	948
f 1025 	1174 	1107
f 1108 	1107 	1174
f 1109 	1110 	1106
f 1106 	1110 	1092
f 1113 	1109 	1103
f 1114 	1112 	1174
f 1111 	1174 	1112
f 1103 	1104 	1113
f 1117 	1113 	1104
f 1104 	1119 	1117
f 621 	1117 	1119
f 1116 	1115 	1184
f 1115 	1114 	1184
f 1193 	1188 	928
f 1118 	1116 	1184
f 933 	1199 	932
f 1198 	932 	1199
f 1199 	933 	1204
f 1120 	1118 	1184
f 944 	1209 	1204
f 1131 	3157 	1123
f 947 	948 	1212
f 1125 	3157 	1133
f 1131 	1133 	3157
f 1122 	2275 	1125
f 1127 	1124 	1184
f 1128 	1127 	1184
f 1132 	1128 	1184
f 1233 	2275 	1122
f 1138 	1135 	1187
f 962 	1188 	960
f 1185 	960 	1188
f 1135 	1132 	1187
f 1184 	1187 	1132
f 1124 	1120 	1184
f 1138 	1187 	1139
f 962 	928 	1188
f 1139 	1187 	1143
f 960 	1185 	1217
f 1212 	1209 	947
f 944 	947 	1209
f 1143 	1187 	1144
f 1144 	1187 	1145
f 1145 	1187 	1146
f 1223 	1193 	928
f 1146 	1186 	1147
f 1147 	1186 	1148
f 932 	1198 	1223
f 1197 	1189 	1259
f 1980 	1981 	667
f 910 	1173 	1156
f 1148 	1186 	1149
f 1149 	1186 	1152
f 1152 	1186 	1036
f 1158 	914 	1159
f 1978 	1980 	667
f 1967 	1978 	667
f 39 	82 	80
f 80 	807 	802
f 802 	799 	80
f 914 	910 	1159
f 1156 	1159 	910
f 1167 	1195 	1180
f 1169 	1170 	1171
f 1169 	1171 	1175
f 1167 	1174 	1171
f 1175 	1171 	1174
f 1255 	1157 	667
f 1180 	1184 	1174
f 1180 	1174 	1167
f 726 	722 	721
f 1232 	726 	721
f 1186 	1187 	1178
f 1187 	1179 	1178
f 727 	1235 	1172
f 1186 	1146 	1187
f 1151 	1153 	1259
f 1190 	1191 	1192
f 1190 	1192 	1196
f 728 	1237 	727
f 1235 	727 	1237
f 1194 	1195 	1192
f 1196 	1192 	1195
f 1255 	1257 	1153
f 1981 	1248 	667
f 1257 	1259 	1153
f 1200 	1201 	1194
f 1194 	1201 	1195
f 1237 	728 	729
f 1232 	1238 	726
f 1207 	1179 	1201
f 10 	1207 	1201
f 15 	1207 	10
f 1202 	1211 	1206
f 1203 	1211 	1202
f 1208 	1211 	1203
f 1205 	1206 	1211
f 1179 	1180 	1201
f 1240 	745 	1243
f 742 	1243 	745
f 1177 	1023 	1176
f 742 	747 	1243
f 1195 	1201 	1180
f 948 	1164 	1213
f 745 	1240 	748
f 1208 	1215 	1211
f 1211 	1215 	1210
f 1221 	1023 	1177
f 1210 	1176 	1211
f 1244 	747 	756
f 1214 	1178 	1216
f 1222 	1021 	1221
f 1165 	1021 	1222
f 1333 	1338 	1228
f 1178 	1179 	1216
f 1218 	1216 	1179
f 1219 	1218 	1179
f 1249 	837 	748
f 1021 	1333 	1018
f 1211 	1176 	1023
f 1220 	1219 	1179
f 1225 	1224 	1179
f 1224 	1220 	1179
f 838 	837 	1250
f 1207 	1651 	1179
f 1642 	1637 	1179
f 1179 	1633 	1227
f 1227 	1225 	1179
f 565 	840 	711
f 1252 	711 	840
f 1228 	1018 	1333
f 1231 	1077 	1228
f 838 	1250 	840
f 1252 	840 	1250
f 1230 	2275 	1229
f 1256 	1254 	1168
f 1166 	1168 	1254
f 1256 	1168 	1172
f 478 	1652 	498
f 1236 	2275 	1234
f 1229 	2275 	1236
f 1234 	2275 	1233
f 484 	492 	1657
f 729 	1238 	1237
f 729 	726 	1238
f 1665 	492 	1671
f 1241 	2275 	1230
f 1242 	2275 	1241
f 1141 	1728 	778
f 1240 	1246 	748
f 1244 	756 	1247
f 748 	1246 	1249
f 1182 	1183 	1259
f 1727 	555 	559
f 1253 	1251 	1255
f 1746 	566 	579
f 1181 	1182 	1259
f 1746 	579 	587
f 1256 	1172 	1258
f 1251 	1257 	1255
f 1259 	1263 	1197
f 1189 	1181 	1259
f 1258 	1172 	1235
f 1267 	1261 	1260
f 1266 	1306 	1264
f 1261 	1267 	1268
f 1265 	1286 	1162
f 1162 	1197 	1263
f 1721 	519 	527
f 1266 	1264 	1269
f 1266 	1269 	1270
f 2924 	2944 	1262
f 1270 	1269 	1268
f 1270 	1268 	1267
f 864 	1721 	527
f 1272 	1274 	1276
f 1272 	1276 	1279
f 1280 	1281 	2945
f 2944 	2945 	1281
f 2945 	2534 	1280
f 1281 	1271 	2944
f 1271 	1262 	2944
f 1279 	1276 	1282
f 1279 	1282 	1283
f 1369 	1370 	2907
f 1274 	1272 	1284
f 1274 	1284 	1285
f 1285 	1284 	1287
f 1285 	1287 	1288
f 1289 	1290 	1291
f 1289 	1291 	1292
f 1296 	1162 	1286
f 1263 	1265 	1162
f 1293 	1294 	1302
f 1292 	1291 	1294
f 1292 	1294 	1293
f 521 	1717 	543
f 1296 	1298 	1295
f 1288 	1287 	1290
f 1288 	1290 	1289
f 1297 	1298 	1299
f 1282 	1378 	1283
f 1300 	1295 	1298
f 1302 	1294 	1301
f 1303 	1304 	1306
f 1303 	1306 	1307
f 1299 	1296 	1305
f 1298 	1296 	1299
f 1286 	1305 	1296
f 1307 	1306 	1266
f 1309 	1310 	1308
f 1302 	1301 	1304
f 1302 	1304 	1303
f 1310 	1311 	1308
f 1314 	1313 	1315
f 1314 	1315 	1317
f 1311 	1312 	1316
f 1318 	1320 	1315
f 1317 	1315 	1320
f 1322 	2900 	1319
f 1322 	1323 	2900
f 1324 	2900 	1323
f 1326 	1325 	1327
f 1326 	1327 	1329
f 1320 	1318 	1331
f 1330 	1331 	1318
f 1328 	1332 	1312
f 1316 	1312 	1332
f 1329 	1327 	1331
f 1329 	1331 	1330
f 1333 	1021 	1165
f 1334 	1335 	1336
f 1334 	1336 	1337
f 1339 	1340 	1335
f 1339 	1335 	1334
f 1344 	1345 	1346
f 1337 	1336 	1347
f 1337 	1347 	1348
f 1349 	1341 	1352
f 1350 	1351 	1340
f 1350 	1340 	1339
f 1352 	1346 	1345
f 1352 	1345 	1349
f 1343 	1342 	1351
f 1343 	1351 	1350
f 1346 	1354 	1344
f 1353 	1344 	1354
f 1348 	1347 	1355
f 1348 	1355 	1356
f 1356 	1355 	1357
f 1356 	1357 	1358
f 551 	1725 	572
f 1313 	1314 	1360
f 1359 	1360 	1314
f 1354 	1361 	1353
f 1332 	1328 	1361
f 1353 	1361 	1328
f 161 	1978 	156
f 1358 	1357 	1360
f 1358 	1360 	1359
f 1226 	1228 	1338
f 1362 	1341 	1349
f 1341 	1362 	1226
f 156 	1967 	145
f 1363 	1364 	1365
f 1363 	1365 	1366
f 1338 	1341 	1226
f 1367 	1368 	1364
f 1367 	1364 	1363
f 1319 	2900 	1321
f 1273 	2900 	1324
f 1321 	2906 	1370
f 801 	604 	1761
f 1325 	1326 	1365
f 1366 	1365 	1326
f 1371 	1372 	1368
f 1371 	1368 	1367
f 1239 	1226 	1362
f 1980 	1978 	163
f 1373 	1374 	1372
f 1373 	1372 	1371
f 1980 	163 	1981
f 165 	1981 	163
f 1375 	1376 	1588
f 441 	1563 	386
f 1374 	1373 	1376
f 1374 	1376 	1375
f 396 	376 	1551
f 1991 	1993 	169
f 1384 	2275 	1383
f 1562 	1563 	439
f 1380 	2275 	1386
f 1386 	2275 	1384
f 1383 	2275 	1382
f 174 	1988 	169
f 1377 	1387 	1362
f 1239 	1362 	1387
f 1382 	2275 	1394
f 1394 	2275 	1242
f 1609 	421 	1608
f 419 	1608 	421
f 435 	1618 	428
f 1560 	411 	448
f 92 	71 	3646
f 3658 	3646 	71
f 1609 	448 	421
f 419 	429 	1608
f 435 	1645 	1618
f 1099 	1417 	1105
f 1406 	1097 	1412
f 1105 	1418 	1406
f 1404 	1411 	1098
f 1404 	1446 	1409
f 1409 	1411 	1404
f 1410 	1408 	1446
f 1410 	1447 	1084
f 1408 	1409 	1446
f 1381 	1435 	1448
f 1412 	1098 	1411
f 1385 	1437 	1381
f 1435 	1381 	1437
f 1443 	1035 	1414
f 2002 	202 	198
f 1388 	1438 	1385
f 1437 	1385 	1438
f 441 	439 	1563
f 1440 	1438 	1389
f 1388 	1389 	1438
f 1390 	1442 	1389
f 1440 	1389 	1442
f 1442 	1390 	1379
f 1391 	1444 	1445
f 1391 	1445 	1392
f 439 	472 	1562
f 1421 	4361 	1420
f 1422 	4361 	1421
f 1420 	4361 	1419
f 1448 	1393 	1381
f 1601 	403 	1599
f 402 	1599 	403
f 1451 	1395 	1445
f 1392 	1445 	1395
f 402 	1657 	1599
f 1989 	187 	220
f 1455 	1396 	1457
f 1397 	1457 	1396
f 1457 	1397 	1460
f 1398 	1460 	1397
f 2967 	1430 	3848
f 1425 	3848 	1424
f 1460 	1398 	1399
f 1419 	4361 	1427
f 1427 	3848 	1426
f 1426 	3848 	1425
f 1395 	1451 	1399
f 1423 	1402 	1422
f 1391 	1484 	1485
f 1424 	3848 	1428
f 1431 	1379 	1378
f 1431 	1378 	1432
f 1436 	3848 	1430
f 1645 	403 	1601
f 1432 	1378 	1282
f 1428 	3848 	1429
f 1429 	3848 	1434
f 1434 	3848 	1433
f 478 	396 	1652
f 1439 	1245 	1423
f 1417 	1099 	1416
f 1416 	1100 	1415
f 1418 	1105 	1417
f 1100 	1416 	1099
f 1414 	1415 	1443
f 1102 	1406 	1418
f 1035 	1044 	1413
f 1379 	1431 	1442
f 1413 	1414 	1035
f 1671 	498 	1652
f 1096 	1084 	1447
f 1446 	1447 	1410
f 1456 	1449 	1450
f 1449 	1467 	1450
f 1468 	1450 	1467
f 1450 	1454 	1456
f 1462 	1463 	1464
f 1462 	1464 	1465
f 1560 	1561 	415
f 1399 	1466 	1460
f 1451 	1466 	1399
f 1444 	1391 	1485
f 1472 	1473 	1478
f 1478 	1503 	1472
f 1479 	1478 	1473
f 1474 	1479 	1473
f 1475 	1479 	1474
f 1476 	1538 	1475
f 1477 	1537 	1476
f 1471 	1472 	1503
f 1512 	1511 	1455
f 1470 	1471 	1503
f 1480 	1481 	1482
f 1480 	1482 	1483
f 1561 	1587 	415
f 1486 	1488 	1485
f 1486 	1485 	1484
f 1491 	1492 	1500
f 1510 	1500 	1492
f 1492 	1493 	1510
f 1513 	1510 	1493
f 1494 	1513 	1493
f 1495 	1496 	1481
f 1495 	1481 	1480
f 1498 	1499 	1496
f 1498 	1496 	1495
f 1487 	1489 	1497
f 428 	1613 	429
f 1483 	1482 	1488
f 1483 	1488 	1486
f 1469 	1470 	1504
f 1490 	1491 	1500
f 1489 	1490 	1500
f 1504 	1513 	1469
f 1469 	1513 	1494
f 1503 	1504 	1470
f 1260 	1261 	1508
f 1507 	1508 	1261
f 1500 	1497 	1489
f 1511 	1512 	1508
f 1511 	1508 	1507
f 1396 	1455 	1511
f 1514 	1515 	1516
f 1514 	1516 	1517
f 1832 	1765 	1497
f 1827 	1778 	1828
f 1515 	1514 	1519
f 1515 	1519 	1520
f 1393 	1448 	1522
f 1521 	1522 	1448
f 429 	1614 	1608
f 1342 	1343 	1532
f 1531 	1532 	1343
f 1549 	1547 	1527
f 1527 	1528 	1549
f 1530 	1549 	1528
f 1528 	1564 	1530
f 1526 	1527 	1547
f 1547 	1548 	1526
f 1542 	1537 	1523
f 1534 	1535 	1532
f 1534 	1532 	1531
f 1477 	1523 	1537
f 1538 	1476 	1537
f 1479 	1475 	1538
f 1539 	1540 	1535
f 1539 	1535 	1534
f 1523 	1524 	1542
f 1543 	1545 	1540
f 1543 	1540 	1539
f 1548 	1542 	1524
f 1525 	1526 	1548
f 1517 	1516 	1545
f 1517 	1545 	1543
f 1524 	1525 	1548
f 1520 	1519 	1552
f 1520 	1552 	1553
f 1553 	1552 	1555
f 1553 	1555 	1556
f 1556 	1555 	1558
f 1556 	1558 	1559
f 1559 	1558 	1522
f 1559 	1522 	1521
f 1573 	1730 	1568
f 1572 	1573 	1568
f 1568 	1569 	1572
f 1571 	1572 	1569
f 1570 	1571 	1569
f 1568 	1739 	1567
f 1566 	1567 	1589
f 1589 	1529 	1566
f 1565 	1566 	1529
f 386 	1563 	1544
f 1676 	1576 	1577
f 1578 	1581 	1569
f 1569 	1579 	1580
f 1569 	1580 	1570
f 1579 	1569 	1581
f 1582 	1583 	1577
f 1582 	1577 	1576
f 472 	1587 	1562
f 1585 	1588 	1376
f 1615 	1500 	1584
f 1848 	1605 	1745
f 1848 	1745 	1847
f 1590 	1591 	1592
f 1590 	1592 	1593
f 1564 	1565 	1530
f 472 	415 	1587
f 1593 	1592 	1594
f 1593 	1594 	1595
f 1529 	1530 	1565
f 1743 	1567 	1739
f 1595 	1594 	1603
f 1595 	1603 	1604
f 1584 	1500 	1607
f 1607 	1500 	1605
f 1604 	1603 	1611
f 1604 	1611 	1612
f 1614 	429 	1613
f 1612 	1611 	1588
f 1612 	1588 	1585
f 1615 	1616 	1500
f 1616 	1497 	1500
f 1618 	1613 	428
f 1583 	1582 	1619
f 1583 	1619 	1622
f 1622 	1619 	1624
f 1622 	1624 	1625
f 1621 	1207 	1620
f 1625 	1624 	1628
f 1625 	1628 	1629
f 448 	1630 	1560
f 1629 	1628 	1591
f 1629 	1591 	1590
f 1609 	1630 	448
f 1634 	1635 	1636
f 1634 	1636 	1638
f 1640 	1641 	1635
f 1640 	1635 	1634
f 1633 	1179 	1637
f 1643 	1644 	1641
f 1643 	1641 	1640
f 1647 	1648 	1644
f 1647 	1644 	1643
f 1499 	1498 	1650
f 1649 	1650 	1498
f 1642 	1179 	1646
f 1646 	1179 	1651
f 1638 	1636 	1654
f 1638 	1654 	1655
f 1651 	1207 	1653
f 1653 	1207 	1656
f 1655 	1654 	1650
f 1655 	1650 	1649
f 1659 	1660 	1648
f 1659 	1648 	1647
f 1662 	1663 	1660
f 1662 	1660 	1659
f 1656 	1207 	1621
f 1207 	1626 	1620
f 1667 	1669 	1663
f 1667 	1663 	1662
f 1673 	1674 	1669
f 1673 	1669 	1667
f 1626 	1207 	1668
f 1676 	1677 	1674
f 1676 	1674 	1673
f 1672 	1668 	1207
f 1676 	1577 	1677
f 1680 	1681 	1682
f 1680 	1682 	1684
f 1685 	1686 	1681
f 1685 	1681 	1680
f 1687 	1688 	1686
f 1687 	1686 	1685
f 2066 	1401 	1400
f 1689 	1690 	1688
f 1689 	1688 	1687
f 2066 	1400 	2070
f 1403 	2070 	1400
f 1502 	2123 	1403
f 1691 	1692 	1693
f 1691 	1693 	1694
f 1694 	1693 	1684
f 1694 	1684 	1682
f 1401 	1173 	967
f 559 	1729 	1727
f 1405 	957 	2111
f 1695 	1696 	1697
f 1405 	2111 	1407
f 1735 	1729 	566
f 559 	566 	1729
f 1696 	1695 	1692
f 1696 	1692 	1691
f 1746 	1735 	566
f 541 	1090 	1137
f 1714 	512 	513
f 1714 	513 	1715
f 1801 	1800 	1701
f 1501 	1575 	146
f 1518 	2131 	1505
f 1717 	521 	1719
f 519 	1719 	521
f 1721 	1719 	519
f 1125 	1155 	1150
f 1723 	543 	1717
f 1155 	1125 	1161
f 1714 	1725 	512
f 1810 	1809 	1710
f 555 	1727 	513
f 1715 	513 	1727
f 1550 	2141 	1546
f 1705 	1810 	1710
f 571 	572 	1724
f 1077 	1121 	503
f 2159 	1557 	1533
f 1092 	548 	1126
f 2668 	571 	1724
f 2159 	2141 	1557
f 2158 	2823 	1554
f 1816 	1815 	1720
f 1113 	1140 	1136
f 2070 	1403 	2123
f 1142 	1140 	1113
f 1509 	2128 	1502
f 1700 	1800 	1699
f 1797 	1699 	1800
f 1700 	1701 	1800
f 1801 	1701 	1697
f 1123 	1154 	1163
f 551 	512 	1725
f 1699 	1797 	1702
f 1728 	1141 	1441
f 1750 	1847 	1726
f 1795 	1698 	1702
f 1852 	778 	1728
f 1598 	1567 	1596
f 1600 	1567 	1598
f 1589 	1567 	1600
f 1744 	1740 	1567
f 1743 	1744 	1567
f 1740 	1741 	1567
f 1730 	1739 	1568
f 1704 	1804 	1805
f 1704 	1805 	1705
f 1724 	572 	1738
f 1734 	1567 	1733
f 1732 	1567 	1731
f 1596 	1567 	1734
f 1742 	1736 	2967
f 1806 	1706 	1803
f 1703 	1803 	1706
f 1738 	572 	1725
f 1741 	1731 	1567
f 1733 	1567 	1732
f 1726 	1847 	1745
f 1788 	1789 	2967
f 1737 	1742 	2967
f 2967 	1736 	1430
f 1433 	3848 	1436
f 1708 	1808 	1707
f 587 	1747 	1746
f 1808 	1708 	1809
f 1709 	1809 	1708
f 1750 	1752 	1847
f 1753 	1754 	1847
f 1755 	1847 	1754
f 1764 	1847 	1755
f 1756 	1847 	1764
f 1758 	1847 	1757
f 1760 	1847 	1758
f 1763 	1767 	1751
f 1709 	1710 	1809
f 1757 	1847 	1756
f 1705 	1805 	1810
f 1487 	1497 	1766
f 1766 	1497 	1765
f 1826 	1777 	1827
f 1762 	1763 	1751
f 1767 	1748 	1751
f 1749 	1751 	1748
f 1804 	1704 	1711
f 1769 	795 	794
f 1769 	794 	1770
f 1772 	1796 	1771
f 1771 	1796 	1768
f 1706 	1806 	1711
f 797 	1775 	1770
f 797 	1770 	794
f 1712 	1812 	1703
f 1834 	1775 	797
f 1776 	1786 	1774
f 1777 	1826 	1776
f 1778 	1827 	1777
f 1779 	1829 	1778
f 1765 	1832 	1779
f 1786 	1784 	1774
f 1783 	796 	795
f 1783 	795 	1769
f 1713 	1813 	1712
f 1781 	1773 	1784
f 1773 	1774 	1784
f 1150 	1122 	1125
f 1813 	1713 	1814
f 1716 	1814 	1713
f 1748 	1768 	1780
f 1749 	1748 	1780
f 1782 	1780 	1768
f 1785 	1782 	1768
f 1790 	1796 	1772
f 801 	1834 	797
f 1814 	1716 	1815
f 1718 	1815 	1716
f 1789 	1737 	2967
f 1718 	1720 	1815
f 1842 	803 	804
f 1787 	1788 	2967
f 1816 	1720 	1722
f 1842 	804 	806
f 1791 	1863 	1790
f 1133 	1163 	1161
f 1793 	1697 	1696
f 1794 	1862 	1792
f 1785 	1768 	1796
f 1796 	1790 	1863
f 1791 	1792 	1863
f 1783 	812 	796
f 1787 	2967 	1799
f 1798 	1799 	2967
f 1801 	1697 	1793
f 1103 	1130 	1104
f 1129 	1104 	1130
f 1802 	1702 	1797
f 2136 	1541 	1536
f 1106 	1126 	1103
f 1130 	1103 	1126
f 1795 	1702 	1802
f 823 	1872 	917
f 1129 	1134 	1104
f 1546 	2139 	1536
f 820 	1872 	823
f 819 	817 	1868
f 1879 	1868 	817
f 1879 	817 	827
f 1968 	1969 	1807
f 1808 	1807 	1707
f 1117 	1142 	1113
f 1759 	601 	1890
f 854 	1890 	601
f 1550 	1557 	2141
f 1890 	854 	831
f 1711 	1811 	1804
f 1834 	801 	1761
f 1806 	1811 	1711
f 1812 	1712 	1813
f 806 	1846 	1842
f 1161 	1125 	1133
f 1851 	811 	1850
f 810 	1850 	811
f 1803 	1703 	1812
f 1597 	2223 	1602
f 2234 	1610 	1606
f 811 	1851 	1846
f 811 	1846 	806
f 812 	1783 	1861
f 1816 	1722 	1817
f 1101 	1121 	1077
f 1861 	1864 	812
f 1126 	1106 	1092
f 2249 	2250 	1631
f 813 	1871 	820
f 1942 	1939 	1820
f 1872 	820 	1871
f 1104 	1134 	1119
f 1136 	1137 	1109
f 1109 	1137 	1110
f 1110 	1137 	1090
f 1632 	2250 	1597
f 1136 	1109 	1113
f 827 	1881 	1879
f 1786 	1776 	1826
f 803 	1883 	829
f 1828 	1778 	1829
f 829 	1883 	831
f 1888 	831 	1883
f 831 	1888 	1890
f 1829 	1779 	1832
f 1837 	1865 	1836
f 1883 	803 	1839
f 1840 	1902 	1838
f 1839 	803 	1842
f 1902 	1904 	1838
f 1752 	1753 	1847
f 1500 	1745 	1605
f 1798 	2967 	1845
f 1760 	1894 	1847
f 810 	1868 	1850
f 1894 	1895 	1847
f 1895 	1896 	1847
f 1858 	1900 	1840
f 1794 	1866 	1862
f 1871 	813 	1864
f 1863 	1792 	1862
f 1818 	1936 	1689
f 813 	812 	1864
f 1936 	1818 	1939
f 1819 	1939 	1818
f 810 	819 	1868
f 1819 	1820 	1939
f 1906 	1908 	1843
f 1908 	1909 	1880
f 1866 	1867 	1860
f 1860 	1862 	1866
f 1859 	1860 	1867
f 1867 	1892 	1859
f 1870 	1880 	1909
f 1874 	1915 	1878
f 1822 	1949 	1821
f 1910 	1911 	1870
f 1877 	1845 	2967
f 1875 	1914 	1874
f 1773 	1781 	1837
f 1949 	1822 	1950
f 1823 	1950 	1822
f 1904 	1906 	1838
f 1843 	1838 	1906
f 1889 	1887 	2967
f 2967 	1882 	1876
f 1876 	1877 	2967
f 1824 	1953 	1950
f 1824 	1950 	1823
f 1909 	1910 	1870
f 1953 	1824 	1825
f 1886 	1836 	1865
f 1878 	1835 	1886
f 1865 	1837 	1781
f 1882 	2967 	1887
f 1891 	2967 	1885
f 1830 	1956 	1957
f 1830 	1957 	1831
f 1889 	2967 	1891
f 1956 	1830 	1958
f 1833 	1958 	1830
f 1905 	1947 	1903
f 1903 	1947 	1893
f 1853 	1847 	1896
f 1897 	1853 	1896
f 1898 	1856 	1897
f 1899 	1856 	1898
f 1900 	1858 	1899
f 1901 	1840 	1900
f 1902 	1840 	1901
f 1880 	1843 	1908
f 1869 	1870 	1911
f 1853 	1897 	1856
f 1856 	1899 	1858
f 2394 	2396 	1833
f 1907 	1947 	1905
f 1892 	1893 	1947
f 1911 	1912 	1869
f 1873 	1869 	1912
f 1912 	1913 	1873
f 1875 	1873 	1913
f 1914 	1875 	1913
f 1835 	1878 	1915
f 1836 	1886 	1835
f 1915 	1874 	1914
f 1960 	1959 	1844
f 1841 	1844 	1959
f 1849 	1961 	1844
f 1960 	1844 	1961
f 1854 	1962 	1849
f 1961 	1849 	1962
f 1921 	2106 	1920
f 1920 	2106 	1919
f 1922 	1938 	1921
f 1918 	1919 	2107
f 1963 	1962 	1857
f 1854 	1857 	1962
f 1821 	1945 	1857
f 866 	2699 	868
f 1930 	2078 	1929
f 1928 	1929 	1943
f 1931 	2078 	1930
f 1932 	2080 	1931
f 1933 	2083 	1932
f 1935 	2082 	1933
f 1936 	1690 	1689
f 865 	2668 	866
f 1941 	667 	1940
f 1940 	667 	1937
f 1943 	1938 	1928
f 2106 	1921 	1938
f 1937 	667 	1934
f 113 	667 	1941
f 1934 	667 	1927
f 1675 	1672 	1207
f 1963 	1857 	1945
f 1892 	1947 	1855
f 1855 	1859 	1892
f 1945 	1821 	1949
f 878 	2792 	604
f 12 	106 	2546
f 106 	107 	2546
f 107 	109 	2546
f 1946 	2546 	109
f 1947 	2546 	1946
f 1944 	1678 	1207
f 1207 	1986 	1948
f 1678 	1675 	1207
f 1948 	1944 	1207
f 1953 	1825 	1955
f 1951 	1948 	1986
f 1575 	667 	122
f 1820 	1957 	1942
f 117 	667 	113
f 1134 	3819 	1119
f 129 	132 	2546
f 132 	1952 	2546
f 1952 	12 	2546
f 1820 	1831 	1957
f 143 	2521 	141
f 123 	2521 	143
f 138 	2518 	1966
f 129 	2546 	123
f 141 	2517 	139
f 118 	667 	117
f 122 	667 	118
f 1501 	667 	1575
f 1967 	667 	1501
f 1123 	1163 	1131
f 1133 	1131 	1163
f 1233 	1122 	1150
f 1707 	1807 	1969
f 139 	2517 	138
f 1969 	1968 	1825
f 1968 	1955 	1825
f 1965 	2922 	1964
f 1966 	2921 	1965
f 1954 	1951 	1986
f 1974 	1954 	1986
f 1248 	1255 	667
f 798 	667 	1157
f 1153 	1157 	1255
f 1974 	1986 	1977
f 1977 	1986 	2705
f 17 	20 	1986
f 155 	1966 	154
f 1965 	154 	1966
f 2018 	2016 	80
f 1988 	1995 	1991
f 1991 	1987 	1989
f 1991 	1989 	1993
f 1987 	1991 	1995
f 1965 	153 	154
f 1995 	1988 	2002
f 1988 	1984 	2002
f 1998 	2002 	1984
f 1964 	2922 	1984
f 1183 	1151 	1259
f 1996 	1994 	2212
f 2007 	2009 	2006
f 1999 	1996 	2212
f 1999 	2212 	2001
f 1972 	2049 	1971
f 1973 	2049 	1972
f 2015 	2006 	2009
f 2009 	2007 	1253
f 1251 	1253 	2007
f 2003 	2001 	80
f 2012 	2014 	2011
f 2005 	2003 	80
f 2006 	2015 	1989
f 1993 	1989 	2015
f 2008 	2005 	80
f 2010 	2008 	80
f 167 	169 	1993
f 2013 	2010 	80
f 1670 	2260 	1606
f 2016 	2013 	80
f 2011 	2022 	2012
f 80 	2036 	2023
f 2023 	2018 	80
f 2014 	2025 	2011
f 2024 	2011 	2025
f 2026 	2027 	2024
f 2048 	2024 	2027
f 2025 	2026 	2024
f 2059 	2058 	1186
f 2058 	2057 	1186
f 786 	899 	2041
f 187 	1989 	181
f 1993 	2015 	167
f 2155 	2647 	2021
f 2020 	2021 	2647
f 2019 	2020 	2647
f 2035 	2019 	2647
f 181 	1995 	195
f 2039 	2048 	2038
f 2038 	2048 	2027
f 2040 	2037 	80
f 2036 	80 	2037
f 195 	1995 	198
f 2002 	198 	1995
f 788 	786 	2041
f 80 	788 	2041
f 899 	897 	2041
f 2041 	2040 	80
f 1632 	1631 	2250
f 2030 	2028 	874
f 2049 	2052 	1971
f 1970 	1971 	2052
f 1973 	2024 	2048
f 2047 	2048 	2039
f 2048 	2049 	1973
f 2046 	1970 	2052
f 2052 	2053 	2046
f 874 	963 	2030
f 2131 	1518 	1639
f 1253 	3310 	212
f 2042 	2046 	2053
f 2044 	1186 	2045
f 2223 	1597 	2250
f 2034 	2035 	2647
f 2033 	2034 	2647
f 2050 	2045 	1186
f 2249 	1631 	1610
f 212 	238 	2015
f 2050 	1186 	2051
f 2054 	2051 	1186
f 2056 	2054 	1186
f 1186 	2057 	2056
f 503 	494 	453
f 442 	451 	454
f 457 	454 	451
f 2031 	2032 	2647
f 2032 	2033 	2647
f 2647 	2655 	436
f 1658 	2258 	1661
f 436 	2055 	2647
f 445 	457 	451
f 2258 	2259 	1661
f 2059 	1186 	2060
f 1186 	2175 	2061
f 2261 	2260 	1666
f 1574 	2165 	1666
f 494 	503 	489
f 481 	453 	476
f 532 	514 	503
f 2061 	2175 	2062
f 1664 	2259 	1679
f 454 	453 	481
f 454 	481 	442
f 2062 	2175 	2063
f 476 	453 	494
f 2063 	2174 	2064
f 2262 	2263 	1679
f 518 	503 	514
f 548 	536 	1121
f 2066 	2067 	1401
f 520 	503 	518
f 489 	503 	520
f 2135 	2134 	2212
f 2065 	2135 	2212
f 2068 	2065 	2212
f 571 	2668 	865
f 2069 	2068 	2212
f 532 	1121 	536
f 2071 	2069 	2212
f 2072 	2071 	2212
f 2067 	1173 	1401
f 532 	503 	1121
f 2111 	957 	1217
f 2075 	2074 	2212
f 1994 	2075 	2212
f 2074 	2073 	2212
f 2073 	2072 	2212
f 1922 	1928 	1938
f 1533 	1407 	2119
f 1943 	1929 	2078
f 2080 	1932 	2083
f 249 	871 	2686
f 2078 	1931 	2080
f 871 	870 	2686
f 2691 	2686 	870
f 2083 	1933 	2082
f 2126 	1506 	2125
f 1505 	2125 	1506
f 869 	2692 	870
f 2082 	1935 	2084
f 2128 	1509 	2126
f 1506 	2126 	1509
f 2123 	1502 	2128
f 2699 	866 	2668
f 1505 	2131 	2125
f 2091 	2092 	2105
f 2108 	2105 	2092
f 2093 	2094 	2108
f 2109 	2108 	2094
f 2094 	1924 	2109
f 1924 	1918 	2109
f 2107 	2109 	1918
f 2090 	2091 	2104
f 2104 	2102 	2090
f 2844 	903 	876
f 1254 	2095 	1166
f 1759 	876 	601
f 2096 	41 	2098
f 2792 	878 	877
f 2098 	2087 	2099
f 2087 	2088 	2099
f 2088 	2089 	2101
f 2101 	2099 	2088
f 2136 	1536 	2139
f 2102 	2101 	2089
f 1546 	2141 	2139
f 2307 	1976 	1975
f 2158 	1554 	1541
f 885 	2802 	887
f 2107 	1919 	2106
f 2309 	1979 	1698
f 2089 	2090 	2102
f 2105 	2104 	2091
f 1979 	2309 	1982
f 2802 	885 	2806
f 884 	2806 	885
f 2092 	2093 	2108
f 896 	2818 	884
f 2307 	1975 	1990
f 1407 	2111 	2119
f 2120 	2121 	2114
f 2114 	2115 	2120
f 2115 	2116 	2120
f 2122 	2120 	2116
f 2117 	2122 	2116
f 2113 	2114 	2121
f 2118 	2199 	2117
f 2121 	2124 	2113
f 2124 	2084 	2112
f 2112 	2113 	2124
f 2329 	2004 	2000
f 2004 	2329 	1992
f 1134 	1129 	1121
f 3149 	1150 	1121
f 1991 	169 	1988
f 2076 	2219 	2127
f 1130 	1126 	1121
f 1129 	1130 	1121
f 1126 	548 	1121
f 2129 	2219 	2130
f 1995 	181 	1987
f 3834 	3533 	1142
f 2219 	2212 	2130
f 2132 	2130 	2212
f 2133 	2132 	2212
f 2134 	2133 	2212
f 1987 	181 	1989
f 2137 	1541 	2136
f 1161 	1121 	1155
f 1163 	1121 	1161
f 1154 	1121 	1163
f 1154 	3839 	1121
f 1984 	1988 	171
f 2967 	3129 	1884
f 1907 	2142 	1947
f 2064 	2174 	2138
f 2153 	2515 	2145
f 1954 	1245 	1141
f 1245 	1954 	1974
f 2143 	1947 	2148
f 2142 	2148 	1947
f 2140 	2172 	2146
f 2569 	2573 	2150
f 2146 	2171 	2147
f 2147 	2170 	2149
f 2154 	2168 	2156
f 2149 	2169 	2154
f 212 	2009 	1253
f 1541 	2137 	2158
f 2009 	212 	2015
f 2159 	1533 	2160
f 2129 	2127 	2219
f 2157 	2156 	2167
f 2168 	2167 	2156
f 2160 	1533 	2119
f 2164 	2163 	2403
f 1586 	2645 	2213
f 1151 	2152 	2151
f 171 	153 	1984
f 2223 	2225 	1602
f 2234 	2236 	1610
f 1967 	156 	1978
f 1501 	145 	1967
f 2245 	1623 	2243
f 1617 	2243 	1623
f 1964 	153 	1965
f 2167 	2324 	2157
f 1602 	2225 	1627
f 2247 	1627 	2225
f 2169 	2149 	2170
f 161 	163 	1978
f 2170 	2147 	2171
f 2253 	1639 	2245
f 1623 	2245 	1639
f 2171 	2146 	2172
f 2151 	2155 	1157
f 2172 	2140 	2173
f 2173 	2138 	2174
f 2131 	1639 	2253
f 2174 	2063 	2175
f 2155 	2021 	1157
f 1610 	2236 	2249
f 1964 	1984 	153
f 2179 	2178 	2403
f 2163 	2161 	2403
f 2161 	2162 	2403
f 1186 	2403 	2162
f 2162 	2175 	1186
f 2076 	2157 	2324
f 2168 	2154 	2169
f 2138 	2173 	2140
f 2060 	1186 	2061
f 1617 	1627 	2243
f 2247 	2243 	1627
f 1151 	2151 	1153
f 2176 	2166 	2403
f 2166 	2164 	2403
f 1935 	2110 	2084
f 2177 	2176 	2403
f 2110 	2112 	2084
f 2178 	2177 	2403
f 1658 	2257 	2258
f 2180 	2179 	2410
f 2403 	2410 	2179
f 2181 	2180 	2410
f 2197 	2203 	2226
f 1664 	1661 	2259
f 2151 	1157 	1153
f 1670 	1666 	2260
f 2227 	2228 	2197
f 2187 	2226 	2203
f 2186 	2187 	2203
f 2374 	2404 	2377
f 2183 	2181 	2410
f 2196 	2197 	2228
f 2234 	1606 	2260
f 80 	2001 	2212
f 2228 	2229 	2196
f 2261 	1666 	2165
f 2203 	2198 	2186
f 2185 	2186 	2198
f 2198 	2199 	2185
f 2262 	1679 	2259
f 2118 	2185 	2199
f 1683 	1679 	2263
f 2122 	2117 	2199
f 2204 	2205 	2219
f 2205 	2193 	2219
f 2194 	2219 	2193
f 2207 	2219 	2206
f 2208 	2219 	2207
f 2209 	2219 	2208
f 2210 	2219 	2209
f 2211 	2219 	2210
f 2212 	2219 	2211
f 2217 	2219 	2216
f 2215 	2216 	2219
f 2217 	2220 	2219
f 2219 	2220 	2222
f 2219 	2222 	2224
f 2202 	2204 	2219
f 2224 	2202 	2219
f 2194 	2206 	2219
f 2230 	2231 	2189
f 2231 	2232 	2189
f 2232 	2233 	2189
f 2188 	2189 	2233
f 2233 	2235 	2188
f 2235 	2237 	2188
f 2237 	2238 	2188
f 2238 	2239 	2188
f 2190 	2188 	2239
f 2239 	329 	2190
f 329 	326 	2190
f 2192 	2190 	326
f 2226 	2227 	2197
f 1183 	2221 	1151
f 2321 	2319 	2076
f 2219 	2076 	2317
f 2256 	2219 	2314
f 2317 	2314 	2219
f 86 	45 	112
f 45 	35 	112
f 114 	112 	35
f 27 	114 	35
f 30 	119 	27
f 41 	2096 	30
f 2087 	2098 	41
f 2244 	2241 	2219
f 2219 	2246 	2244
f 99 	93 	98
f 104 	228 	99
f 2340 	2079 	2081
f 2251 	2219 	2252
f 98 	90 	111
f 90 	88 	111
f 114 	27 	119
f 88 	86 	111
f 112 	111 	86
f 119 	30 	2096
f 95 	301 	357
f 130 	248 	126
f 262 	124 	266
f 238 	167 	2015
f 126 	266 	124
f 174 	171 	1988
f 93 	99 	228
f 260 	256 	134
f 228 	104 	234
f 90 	98 	93
f 124 	260 	134
f 135 	241 	104
f 359 	357 	301
f 2002 	1998 	202
f 241 	135 	251
f 253 	251 	135
f 234 	104 	241
f 266 	126 	248
f 260 	124 	262
f 256 	253 	134
f 135 	134 	253
f 307 	281 	316
f 276 	307 	316
f 317 	316 	281
f 270 	291 	276
f 281 	284 	317
f 284 	2192 	317
f 326 	317 	2192
f 2189 	2196 	2230
f 1997 	2326 	2000
f 291 	270 	292
f 307 	276 	291
f 301 	292 	359
f 2229 	2230 	2196
f 219 	2007 	220
f 270 	359 	292
f 219 	3311 	2007
f 130 	95 	370
f 357 	370 	95
f 248 	130 	370
f 2277 	2278 	2275
f 2277 	2275 	2273
f 2340 	2081 	2085
f 2326 	1997 	2086
f 2351 	2103 	2095
f 2348 	1817 	1722
f 2097 	2348 	1722
f 220 	2006 	1989
f 2348 	2097 	2100
f 2103 	2351 	2354
f 2307 	2308 	1976
f 1698 	1795 	2309
f 1982 	2313 	1983
f 1985 	2315 	2085
f 1983 	2313 	1985
f 2315 	1985 	2313
f 1990 	2320 	2307
f 2462 	2536 	2264
f 2320 	1990 	2322
f 1992 	2322 	1990
f 2281 	2312 	2310
f 2281 	2310 	2280
f 2462 	2264 	2265
f 2281 	2282 	2316
f 2007 	2006 	220
f 2326 	2327 	2000
f 2316 	2282 	2284
f 2477 	2473 	2267
f 2000 	2327 	2329
f 1992 	2329 	2322
f 756 	1976 	1247
f 2308 	1247 	1976
f 2289 	67 	2288
f 2325 	2288 	67
f 2332 	2085 	2315
f 2292 	2328 	2291
f 85 	2291 	2328
f 2328 	2292 	2288
f 2328 	2288 	2325
f 2337 	2335 	2079
f 2077 	2079 	2335
f 67 	2289 	2294
f 2337 	2079 	2340
f 71 	2294 	2287
f 2085 	2332 	2340
f 2516 	2506 	2279
f 2300 	2291 	85
f 2516 	2279 	2276
f 2254 	2252 	2219
f 1982 	2309 	2311
f 2255 	2254 	2219
f 1982 	2311 	2313
f 2312 	2281 	2316
f 2284 	2318 	2316
f 2285 	73 	2318
f 2285 	2318 	2284
f 2319 	2317 	2076
f 2265 	2266 	2473
f 2323 	2321 	2076
f 2324 	2323 	2076
f 2266 	2267 	2473
f 67 	2294 	68
f 68 	2294 	71
f 2285 	2298 	73
f 74 	73 	2298
f 2330 	2398 	2331
f 2086 	2077 	2335
f 2267 	2269 	2477
f 74 	2298 	79
f 2300 	79 	2298
f 2333 	2219 	2334
f 2270 	2498 	2269
f 79 	2300 	85
f 2336 	2219 	2338
f 2338 	2219 	2339
f 2271 	2279 	2506
f 3646 	2342 	92
f 2241 	2341 	2219
f 1461 	92 	2342
f 2509 	2498 	2272
f 2086 	2343 	2326
f 2246 	2219 	2251
f 2341 	2339 	2219
f 2336 	2334 	2219
f 2256 	2255 	2219
f 2335 	2343 	2086
f 2345 	2095 	1254
f 2292 	2291 	3655
f 2288 	2292 	3655
f 2300 	2298 	3655
f 2284 	3655 	2285
f 2285 	3655 	2298
f 2289 	2288 	3655
f 2282 	3655 	2284
f 2287 	2294 	3655
f 2184 	2183 	2410
f 2294 	2289 	3655
f 2348 	2100 	2350
f 2291 	2300 	3655
f 3649 	354 	2342
f 2095 	2345 	2351
f 2283 	2526 	2272
f 97 	96 	1214
f 97 	1214 	1216
f 2351 	2353 	2354
f 100 	97 	1216
f 100 	1216 	1218
f 101 	100 	1218
f 101 	1218 	1219
f 2355 	2356 	2358
f 2355 	2358 	2359
f 2536 	2299 	2286
f 1219 	1220 	102
f 101 	1219 	102
f 2286 	2264 	2536
f 103 	102 	1220
f 2344 	2184 	2410
f 2360 	2362 	2364
f 2360 	2364 	2365
f 2290 	2297 	2547
f 108 	103 	1225
f 103 	1220 	1224
f 2366 	2367 	2362
f 2366 	2362 	2360
f 2550 	2293 	2290
f 2550 	2290 	2547
f 103 	1224 	1225
f 2359 	2358 	2367
f 2359 	2367 	2366
f 2346 	2344 	2410
f 110 	108 	1225
f 110 	1225 	1227
f 2484 	2268 	2293
f 2293 	2550 	2484
f 2347 	2346 	2410
f 2410 	2404 	2347
f 2350 	2100 	2372
f 2371 	2372 	2100
f 110 	1227 	1633
f 2295 	2559 	2296
f 2558 	2296 	2559
f 2368 	2363 	2404
f 2363 	2347 	2404
f 2375 	2376 	2372
f 2375 	2372 	2371
f 116 	115 	1621
f 2369 	2404 	2370
f 1621 	120 	116
f 2370 	2404 	2373
f 2365 	2364 	2379
f 2365 	2379 	2380
f 1621 	1620 	120
f 2297 	2296 	2558
f 2373 	2404 	2374
f 2382 	2383 	2376
f 2382 	2376 	2375
f 2566 	2299 	2536
f 121 	120 	1620
f 2385 	2386 	2383
f 2385 	2383 	2382
f 2377 	2404 	2378
f 2381 	2378 	2398
f 2559 	2295 	2299
f 2559 	2299 	2566
f 2380 	2379 	2386
f 2380 	2386 	2385
f 2384 	2381 	2398
f 2369 	2368 	2404
f 1620 	656 	121
f 2390 	2391 	2392
f 2390 	2392 	2393
f 2331 	2398 	2333
f 2387 	2398 	2330
f 2384 	2398 	2387
f 2219 	2333 	2398
f 1620 	1626 	656
f 2395 	2397 	2398
f 1958 	1833 	2396
f 4 	2398 	2397
f 2399 	1 	2397
f 4 	2397 	1
f 2265 	2469 	2462
f 2400 	2402 	2396
f 2400 	2396 	2394
f 125 	110 	1633
f 2393 	2392 	2402
f 2393 	2402 	2400
f 1633 	1637 	127
f 2469 	2265 	2473
f 2404 	2405 	2398
f 125 	1633 	127
f 2406 	2407 	2391
f 2406 	2391 	2390
f 2398 	2405 	2395
f 1637 	1642 	128
f 2410 	2403 	2408
f 2403 	2401 	2408
f 2409 	2411 	2407
f 2409 	2407 	2406
f 127 	1637 	128
f 1642 	1646 	131
f 2398 	2378 	2404
f 2028 	2029 	880
f 2412 	2413 	2411
f 2412 	2411 	2409
f 128 	1642 	131
f 2415 	2416 	2413
f 2415 	2413 	2412
f 133 	131 	1646
f 133 	1646 	136
f 1646 	1651 	136
f 2414 	2664 	2408
f 2419 	2420 	2421
f 2419 	2421 	2422
f 137 	136 	1653
f 2422 	2421 	2423
f 2422 	2423 	2424
f 1653 	136 	1651
f 2417 	2414 	2408
f 1653 	115 	137
f 1653 	1656 	115
f 1959 	2424 	1841
f 2423 	1841 	2424
f 115 	1656 	1621
f 2270 	2272 	2498
f 2418 	2417 	2408
f 2430 	2431 	2432
f 2430 	2432 	2433
f 2433 	2432 	2436
f 2433 	2436 	2437
f 2437 	2436 	2438
f 2437 	2438 	2439
f 4282 	695 	2434
f 140 	2434 	695
f 2512 	2276 	2511
f 2274 	2511 	2276
f 2428 	2427 	2442
f 2428 	2442 	2444
f 2441 	142 	4279
f 2435 	2429 	2401
f 2449 	142 	2441
f 2444 	2442 	2446
f 2444 	2446 	2447
f 142 	2449 	144
f 2276 	2512 	2516
f 2447 	2446 	2450
f 2447 	2450 	2451
f 2451 	2450 	2431
f 2451 	2431 	2430
f 2509 	2272 	2526
f 2439 	2438 	2455
f 2439 	2455 	2456
f 2283 	2271 	2526
f 2506 	2526 	2271
f 2456 	2455 	2457
f 2456 	2457 	2458
f 2420 	2419 	2457
f 2458 	2457 	2419
f 2416 	2415 	2467
f 2465 	2467 	2415
f 2471 	2472 	2467
f 2471 	2467 	2465
f 2475 	2476 	2472
f 2475 	2472 	2471
f 2478 	2479 	2476
f 2478 	2476 	2475
f 2480 	2481 	2482
f 2480 	2482 	2483
f 2485 	2486 	2481
f 2485 	2481 	2480
f 2489 	2490 	2491
f 2489 	2491 	2492
f 2477 	2269 	2494
f 2494 	2269 	2498
f 2500 	2501 	2479
f 2500 	2479 	2478
f 2504 	2505 	2501
f 2504 	2501 	2500
f 2507 	2508 	2505
f 2507 	2505 	2504
f 2483 	2482 	2508
f 2483 	2508 	2507
f 2513 	2514 	2486
f 2513 	2486 	2485
f 2144 	2538 	2143
f 2150 	2153 	2145
f 2515 	2538 	2145
f 2144 	2145 	2538
f 1947 	2143 	2538
f 2538 	2542 	1947
f 2544 	2545 	1947
f 2492 	2491 	2514
f 2492 	2514 	2513
f 2921 	1966 	2518
f 2490 	2489 	2520
f 2519 	2520 	2489
f 2522 	2523 	2428
f 2427 	2428 	2523
f 2303 	2148 	2302
f 2521 	123 	2546
f 2517 	141 	2521
f 2518 	138 	2517
f 2356 	2355 	2525
f 2524 	2525 	2355
f 2305 	2304 	2143
f 2144 	2143 	2304
f 2528 	2529 	2525
f 2528 	2525 	2524
f 2144 	2304 	2306
f 2532 	2533 	2529
f 2532 	2529 	2528
f 2148 	2303 	2143
f 2305 	2143 	2303
f 2523 	2522 	2533
f 2523 	2533 	2532
f 2900 	1273 	2527
f 2531 	2527 	1273
f 2535 	2537 	2539
f 2535 	2539 	2540
f 2544 	1947 	2542
f 2543 	2541 	2537
f 2543 	2537 	2535
f 2546 	1947 	2545
f 2540 	2539 	2548
f 2540 	2548 	2549
f 2565 	2564 	2541
f 2565 	2541 	2543
f 2553 	2554 	2555
f 2553 	2555 	2556
f 2549 	2548 	2554
f 2549 	2554 	2553
f 2017 	3129 	2557
f 2556 	2555 	2520
f 2556 	2520 	2519
f 2547 	2297 	2561
f 2562 	2563 	2564
f 2562 	2564 	2565
f 2561 	2297 	2558
f 2557 	3129 	2552
f 2552 	3129 	2551
f 2560 	2735 	2551
f 2874 	2551 	2735
f 2570 	2572 	2569
f 2567 	2568 	2562
f 2563 	2562 	2568
f 2357 	2352 	2515
f 2568 	2567 	2388
f 2568 	2388 	2389
f 2573 	2569 	2572
f 2153 	2150 	2573
f 2389 	2388 	2354
f 2389 	2354 	2353
f 2443 	2440 	2401
f 2577 	2572 	2570
f 2577 	2570 	2872
f 2448 	2445 	2401
f 2401 	1178 	2448
f 2575 	2448 	1178
f 2730 	2731 	2584
f 2585 	2730 	2584
f 2586 	2695 	2585
f 2587 	2695 	2586
f 2588 	2694 	2587
f 2578 	2575 	1178
f 2579 	2578 	1178
f 1214 	2579 	1178
f 903 	2844 	908
f 2597 	2598 	2734
f 2733 	2734 	2598
f 2598 	2599 	2733
f 2737 	2733 	2599
f 2600 	2737 	2599
f 2754 	2751 	2596
f 2590 	2739 	2592
f 2601 	2592 	2739
f 2782 	2844 	876
f 2616 	2617 	3588
f 2617 	2618 	3588
f 3590 	3588 	2618
f 2619 	2620 	3590
f 3594 	3590 	2620
f 2620 	2621 	3594
f 2621 	2665 	3594
f 2665 	2666 	3596
f 3599 	3596 	2666
f 2666 	3613 	3599
f 2615 	2616 	3586
f 1761 	604 	2792
f 2627 	2878 	2626
f 2629 	2812 	2627
f 2594 	2744 	2633
f 2631 	2821 	2629
f 2848 	883 	906
f 2625 	2804 	2635
f 894 	2813 	895
f 2806 	884 	2818
f 895 	2818 	896
f 2593 	2786 	2580
f 893 	2826 	894
f 2606 	2589 	2795
f 2826 	893 	883
f 2795 	2589 	2801
f 2609 	2801 	2589
f 2834 	888 	887
f 2801 	2609 	2610
f 888 	2834 	898
f 905 	904 	2842
f 2739 	2408 	2607
f 2815 	2574 	2823
f 2608 	2607 	2408
f 905 	2841 	906
f 2663 	2408 	2664
f 904 	908 	2842
f 2580 	2832 	2581
f 2445 	2443 	2401
f 2440 	2435 	2401
f 2408 	2401 	2429
f 2408 	2429 	2426
f 2408 	2426 	2425
f 2425 	2418 	2408
f 2663 	2662 	2408
f 2662 	2608 	2408
f 2607 	2603 	2739
f 2603 	2601 	2739
f 3613 	3610 	3599
f 2687 	2679 	2672
f 2673 	2683 	2672
f 2671 	2672 	2680
f 2679 	2680 	2672
f 863 	2678 	864
f 2677 	864 	2678
f 2680 	2685 	2671
f 2687 	2672 	2683
f 2670 	2671 	2704
f 2704 	2703 	2670
f 2678 	863 	263
f 2683 	2673 	2681
f 2677 	1721 	864
f 2676 	2670 	2703
f 2703 	2700 	2676
f 2700 	2698 	2675
f 2685 	2704 	2671
f 2673 	2725 	2681
f 2684 	2682 	2739
f 2691 	870 	2692
f 2688 	2684 	2739
f 2695 	2587 	2694
f 2675 	2698 	2588
f 868 	2696 	869
f 2692 	869 	2696
f 2690 	2688 	2739
f 2571 	2511 	2274
f 2811 	2511 	2571
f 2694 	2588 	2698
f 868 	2699 	2696
f 2675 	2676 	2700
f 2574 	2815 	2571
f 2697 	2739 	2701
f 2701 	2739 	2702
f 2730 	2585 	2695
f 2576 	1554 	2823
f 2782 	876 	1759
f 877 	2779 	2792
f 2720 	2718 	2710
f 2718 	2719 	2710
f 2712 	2710 	2719
f 2714 	2712 	2719
f 2711 	2689 	2706
f 2759 	2714 	2796
f 2725 	2726 	2689
f 2689 	2681 	2725
f 2726 	2727 	2689
f 2710 	2711 	2720
f 2727 	2706 	2689
f 2622 	2923 	1658
f 20 	2713 	1986
f 3583 	2923 	2622
f 2802 	2803 	887
f 2796 	2714 	2719
f 2705 	1986 	2709
f 2709 	1986 	2713
f 2928 	2926 	2634
f 2630 	2634 	2926
f 2716 	2715 	20
f 2715 	2713 	20
f 2719 	2723 	2796
f 20 	2738 	2716
f 2717 	2716 	2738
f 2706 	2707 	2711
f 2707 	2708 	2711
f 2708 	2720 	2711
f 2721 	2717 	2738
f 2724 	2722 	2738
f 2722 	2721 	2738
f 2583 	2584 	2731
f 2731 	2732 	2583
f 2582 	2583 	2732
f 895 	2814 	2818
f 2928 	2634 	2641
f 2582 	2732 	2600
f 2734 	2740 	2597
f 2813 	894 	2826
f 2693 	2690 	2739
f 2674 	2738 	2682
f 2667 	2738 	2669
f 2667 	2729 	2738
f 2729 	2728 	2738
f 2728 	2724 	2738
f 2948 	2213 	2645
f 2596 	2597 	2754
f 2736 	2874 	2735
f 2697 	2693 	2739
f 2590 	2702 	2739
f 2740 	2754 	2597
f 2737 	2600 	2732
f 2606 	2789 	2593
f 2786 	2593 	2789
f 2739 	2682 	2738
f 2674 	2669 	2738
f 2395 	2405 	2745
f 21 	2741 	2739
f 2751 	2748 	2595
f 2594 	2595 	2748
f 24 	2741 	21
f 887 	2803 	2834
f 2795 	2789 	2606
f 2743 	2745 	2741
f 2742 	2743 	2741
f 2739 	2741 	2408
f 877 	900 	2837
f 9 	2745 	2746
f 2743 	2746 	2745
f 2741 	2745 	2405
f 2405 	2408 	2741
f 2633 	2883 	2632
f 2819 	2629 	2821
f 2805 	2610 	2484
f 2747 	5 	2746
f 9 	2746 	5
f 900 	898 	2837
f 2839 	2837 	898
f 2744 	2594 	2748
f 1175 	2749 	1169
f 1175 	2750 	2749
f 1196 	2752 	1190
f 2834 	2839 	898
f 1196 	2753 	2752
f 2610 	2805 	2801
f 2841 	905 	2842
f 2595 	2596 	2751
f 2610 	2268 	2484
f 2758 	2755 	80
f 39 	80 	2755
f 2759 	2796 	2757
f 2756 	2757 	2796
f 908 	2844 	2846
f 80 	2212 	2758
f 2811 	2571 	2815
f 2848 	906 	2841
f 2756 	2796 	2760
f 2760 	2796 	2761
f 2762 	2758 	2212
f 2761 	2796 	2763
f 2763 	2796 	2765
f 2767 	3042 	2766
f 2768 	3042 	2767
f 2769 	3042 	2768
f 2770 	3042 	2769
f 2771 	3042 	2770
f 2766 	3042 	2764
f 2765 	2796 	2773
f 2796 	450 	2781
f 2581 	2832 	2830
f 2773 	2796 	2776
f 2776 	2796 	2781
f 3028 	3032 	2903
f 2903 	2925 	3028
f 3027 	3028 	2925
f 2925 	2927 	3027
f 2832 	2580 	2786
f 3097 	3160 	3096
f 424 	2794 	431
f 2793 	431 	2794
f 2799 	272 	2798
f 606 	3684 	147
f 2804 	2625 	2833
f 2798 	2635 	2804
f 2809 	2629 	2808
f 2808 	2629 	2807
f 2632 	2831 	2631
f 2878 	2627 	2812
f 2833 	2626 	2878
f 895 	2813 	2814
f 2812 	2629 	2809
f 2816 	2755 	2810
f 2817 	2755 	2816
f 2807 	2629 	2819
f 2576 	2823 	2574
f 2820 	2755 	2817
f 2821 	2631 	2825
f 2822 	2755 	2820
f 2824 	2755 	2822
f 2827 	2755 	2824
f 2825 	2631 	2828
f 2829 	2755 	2827
f 2828 	2631 	2831
f 2800 	2826 	883
f 2829 	2911 	2755
f 2361 	2518 	2452
f 2517 	2452 	2518
f 2836 	2758 	2835
f 2964 	2835 	2758
f 2779 	877 	2837
f 2838 	2758 	2836
f 2452 	2517 	2454
f 2840 	2758 	2838
f 2530 	2468 	2466
f 2843 	2758 	2840
f 2470 	2527 	2466
f 2845 	2758 	2843
f 2468 	2530 	2461
f 2842 	908 	2846
f 2755 	2758 	2851
f 2545 	2487 	2488
f 2800 	883 	2848
f 147 	2453 	150
f 915 	2852 	2853
f 915 	2853 	916
f 2538 	2515 	2493
f 151 	2460 	2459
f 151 	2459 	152
f 916 	2853 	1881
f 1881 	827 	916
f 2497 	2542 	2493
f 2538 	2493 	2542
f 148 	149 	2464
f 2463 	2464 	149
f 913 	2854 	2852
f 913 	2852 	915
f 2502 	2544 	2497
f 2542 	2497 	2544
f 913 	2857 	2854
f 2464 	2640 	148
f 2544 	2502 	2487
f 2544 	2487 	2545
f 2463 	149 	2459
f 152 	2459 	149
f 911 	1054 	2855
f 924 	2856 	2857
f 924 	2857 	925
f 2474 	2460 	151
f 923 	2858 	2856
f 923 	2856 	924
f 150 	2453 	2474
f 925 	2857 	913
f 2647 	1205 	2655
f 922 	2859 	2858
f 922 	2858 	923
f 921 	2860 	2859
f 921 	2859 	922
f 911 	2855 	2860
f 911 	2860 	921
f 2148 	2142 	2302
f 917 	1872 	2861
f 1210 	2649 	2651
f 2862 	930 	929
f 2862 	929 	2863
f 2864 	940 	938
f 2864 	938 	2865
f 2865 	938 	937
f 2865 	937 	2866
f 934 	2867 	2868
f 934 	2868 	942
f 2306 	2145 	2144
f 3358 	931 	2869
f 2869 	931 	930
f 2869 	930 	2862
f 2863 	929 	940
f 2863 	940 	2864
f 2870 	936 	935
f 2870 	935 	2871
f 2349 	2569 	2150
f 425 	2623 	2628
f 935 	3302 	2871
f 2152 	1151 	2221
f 2866 	937 	936
f 2866 	936 	2870
f 2145 	2306 	2349
f 2145 	2349 	2150
f 2153 	2357 	2515
f 2736 	2577 	2873
f 2872 	2873 	2577
f 2874 	2736 	2873
f 2880 	2882 	3129
f 2521 	2454 	2517
f 2879 	2755 	2851
f 2847 	2758 	2845
f 2945 	2461 	2534
f 2881 	2755 	2879
f 2560 	2551 	3129
f 2882 	2560 	3129
f 2530 	2466 	2531
f 2831 	2632 	2883
f 2883 	2633 	2744
f 2531 	2466 	2527
f 2877 	2880 	3129
f 2876 	2877 	3129
f 2527 	2470 	3084
f 2885 	278 	2799
f 2534 	2461 	2530
f 2884 	2875 	3129
f 2875 	2876 	3129
f 2908 	2884 	3129
f 2849 	2850 	2758
f 294 	297 	2887
f 2810 	2755 	2881
f 2545 	2488 	2546
f 2886 	305 	2888
f 2626 	2833 	2625
f 2888 	288 	2889
f 2352 	2493 	2515
f 2889 	304 	2895
f 2895 	300 	2885
f 2890 	2891 	2755
f 2894 	2896 	2902
f 2896 	2897 	2902
f 2897 	2898 	2902
f 2898 	2899 	2902
f 2899 	2900 	2902
f 2527 	2902 	2900
f 2906 	1321 	2900
f 2893 	2894 	2902
f 2892 	2893 	2902
f 2892 	2902 	2904
f 2892 	2904 	2905
f 222 	339 	2901
f 2901 	335 	2887
f 2907 	1370 	2906
f 2454 	2521 	2488
f 2546 	2488 	2521
f 225 	372 	222
f 245 	372 	225
f 231 	450 	239
f 239 	372 	265
f 2915 	2755 	2911
f 2908 	3129 	2917
f 2916 	2917 	3129
f 235 	258 	450
f 2780 	2781 	450
f 2783 	2780 	450
f 2913 	3129 	2912
f 2916 	3129 	2919
f 2913 	2919 	3129
f 235 	450 	231
f 372 	244 	265
f 2918 	2755 	2915
f 2922 	1965 	2921
f 2755 	2918 	2890
f 2891 	2903 	2755
f 2755 	2903 	3034
f 3086 	3027 	2927
f 3083 	3086 	2929
f 3032 	3034 	2903
f 3034 	3035 	2755
f 2923 	2257 	1658
f 2924 	2949 	2931
f 1210 	2651 	2201
f 1998 	1984 	2922
f 2929 	2932 	3083
f 3082 	3083 	2932
f 2935 	2936 	2950
f 2930 	2950 	2936
f 2830 	2639 	2581
f 2937 	2639 	2830
f 2939 	3077 	2938
f 2950 	2940 	2942
f 2950 	2942 	2933
f 2933 	2935 	2950
f 2930 	2931 	2950
f 2941 	2641 	2213
f 1586 	2213 	2641
f 2934 	3082 	2932
f 1177 	2658 	1221
f 2938 	3079 	2934
f 2946 	3074 	2943
f 2943 	3075 	2939
f 2928 	2641 	2941
f 2947 	3073 	2946
f 1273 	1275 	2530
f 2530 	2531 	1273
f 2639 	2937 	2645
f 2948 	2645 	2937
f 1277 	1278 	2530
f 1275 	1277 	2530
f 2971 	3071 	2947
f 2242 	1197 	2191
f 2191 	1197 	1162
f 2950 	2931 	2949
f 2949 	2924 	1262
f 2953 	2954 	2758
f 2534 	2530 	1280
f 1278 	1280 	2530
f 2954 	2957 	2758
f 2956 	1369 	2907
f 2960 	1369 	2956
f 3222 	1369 	2960
f 2963 	2758 	2962
f 2957 	2959 	2758
f 2967 	3848 	2966
f 2964 	2758 	2963
f 2959 	2962 	2758
f 1189 	2240 	1181
f 2970 	3002 	2969
f 1181 	2214 	1182
f 2218 	1182 	2214
f 3018 	3108 	2975
f 2966 	3000 	2970
f 1183 	1182 	2221
f 2218 	2221 	1182
f 2977 	2985 	3013
f 3011 	3013 	2985
f 2979 	3162 	2973
f 2981 	2991 	3011
f 3013 	3015 	2977
f 2985 	2980 	3011
f 2980 	2981 	3011
f 244 	372 	245
f 2973 	3070 	2971
f 226 	2783 	450
f 258 	226 	450
f 2975 	2976 	3018
f 3015 	3018 	2976
f 2976 	2977 	3015
f 3002 	3011 	2969
f 2991 	2969 	3011
f 3110 	3113 	2983
f 285 	2888 	305
f 297 	305 	2886
f 288 	2888 	285
f 304 	2889 	288
f 300 	2895 	304
f 278 	2885 	300
f 272 	2799 	278
f 2635 	2798 	272
f 2886 	2887 	297
f 3003 	3162 	3001
f 3002 	2970 	3000
f 3005 	3162 	3003
f 339 	222 	336
f 348 	2901 	339
f 325 	335 	2901
f 294 	2887 	335
f 319 	325 	2901
f 3010 	3162 	3008
f 3008 	3162 	3005
f 3007 	3327 	3006
f 319 	2901 	343
f 343 	2901 	348
f 2984 	2975 	3108
f 361 	336 	222
f 368 	361 	222
f 372 	364 	222
f 3108 	3109 	2984
f 364 	368 	222
f 2983 	2984 	3110
f 3109 	3110 	2984
f 2758 	3162 	3019
f 3014 	3162 	3010
f 450 	446 	372
f 2953 	2758 	2951
f 2951 	2758 	3019
f 3016 	3019 	3162
f 3022 	3482 	3021
f 372 	239 	450
f 2777 	2778 	3042
f 2775 	2774 	3042
f 2788 	2775 	3042
f 2787 	2788 	3042
f 2785 	2787 	3042
f 2784 	2785 	3042
f 3044 	2772 	3043
f 3048 	2772 	3046
f 3024 	3482 	3022
f 407 	413 	443
f 413 	455 	443
f 500 	613 	471
f 471 	614 	461
f 495 	613 	500
f 490 	554 	495
f 486 	554 	490
f 483 	557 	486
f 479 	557 	483
f 474 	561 	479
f 466 	561 	474
f 2790 	2791 	3042
f 462 	522 	506
f 461 	614 	462
f 509 	506 	525
f 590 	462 	581
f 550 	545 	607
f 522 	462 	545
f 525 	506 	522
f 525 	538 	509
f 515 	509 	538
f 538 	534 	515
f 528 	515 	534
f 422 	2624 	2510
f 2791 	2777 	3042
f 613 	495 	554
f 466 	715 	561
f 554 	486 	557
f 2774 	2790 	3042
f 2628 	2624 	422
f 557 	479 	561
f 3043 	2772 	3042
f 2784 	3042 	2771
f 3046 	2772 	3044
f 3056 	3057 	2772
f 580 	462 	592
f 581 	462 	580
f 592 	462 	595
f 590 	607 	462
f 545 	462 	607
f 2640 	2643 	438
f 2646 	440 	2643
f 3053 	3156 	3052
f 595 	462 	602
f 602 	462 	614
f 614 	471 	613
f 2637 	433 	2648
f 722 	560 	718
f 718 	560 	715
f 3051 	3052 	2772
f 3057 	3051 	2772
f 3156 	2772 	3052
f 3056 	2772 	3048
f 2764 	3042 	2772
f 727 	1172 	837
f 560 	561 	715
f 728 	727 	840
f 2095 	1992 	1166
f 1172 	1168 	745
f 748 	1172 	745
f 748 	837 	1172
f 742 	745 	1168
f 1166 	747 	1168
f 3065 	3162 	3063
f 742 	1168 	747
f 3065 	3067 	3162
f 2654 	473 	2656
f 837 	838 	727
f 838 	840 	727
f 3067 	3068 	3162
f 747 	1166 	756
f 3068 	2973 	3162
f 467 	2657 	469
f 473 	469 	2656
f 2659 	2656 	469
f 3070 	2973 	3068
f 2214 	1181 	2240
f 3071 	2971 	3070
f 2240 	1189 	1197
f 2240 	1197 	2242
f 3073 	2947 	3071
f 3074 	2946 	3073
f 3075 	2943 	3074
f 2248 	1202 	2638
f 3077 	2939 	3075
f 2927 	2929 	3086
f 1206 	2642 	1202
f 2638 	1202 	2642
f 3035 	3036 	2755
f 2904 	3084 	3085
f 3037 	3040 	2755
f 3079 	2938 	3077
f 2642 	1206 	2647
f 150 	2474 	151
f 3036 	3037 	2755
f 3040 	3042 	2755
f 2778 	2755 	3042
f 3079 	3082 	2934
f 2982 	3162 	2979
f 2986 	3162 	2982
f 2999 	3162 	2996
f 3001 	3162 	2999
f 2996 	3162 	2986
f 3092 	3156 	3091
f 3091 	3156 	3054
f 416 	2496 	2495
f 416 	2495 	417
f 3053 	3054 	3156
f 1211 	1023 	2655
f 3094 	3156 	3092
f 3078 	2904 	3085
f 1176 	2201 	1177
f 2200 	1177 	2201
f 3095 	3156 	3094
f 418 	2503 	2499
f 418 	2499 	409
f 2201 	1176 	1210
f 2503 	418 	417
f 2503 	417 	2495
f 3096 	3156 	3095
f 3100 	3160 	3099
f 3098 	3160 	3097
f 2496 	416 	2797
f 2510 	140 	423
f 3099 	3160 	3098
f 3103 	3104 	3160
f 3104 	3106 	3160
f 2510 	2434 	140
f 2200 	2658 	1177
f 434 	2636 	425
f 2510 	423 	422
f 2990 	2983 	3116
f 425 	2628 	427
f 427 	2628 	422
f 3115 	3116 	2983
f 2989 	2990 	3116
f 3114 	3115 	2983
f 3113 	3114 	2983
f 2988 	2989 	3116
f 3119 	3120 	3116
f 2248 	1203 	1202
f 2017 	1884 	3129
f 1884 	1885 	2967
f 2248 	2644 	1203
f 2623 	425 	2636
f 2644 	1208 	1203
f 3121 	3116 	3120
f 3122 	3116 	3121
f 3123 	3116 	3122
f 2988 	3116 	3123
f 2017 	2557 	2301
f 437 	2640 	438
f 1206 	1205 	2647
f 1208 	2644 	1215
f 438 	2643 	440
f 2649 	1215 	2644
f 3128 	3126 	3130
f 3126 	3124 	3130
f 2646 	2648 	440
f 3245 	3246 	3130
f 1210 	1215 	2649
f 1211 	2655 	1205
f 3131 	3132 	3130
f 3132 	3127 	3130
f 3127 	3128 	3130
f 3125 	3245 	3124
f 3100 	3103 	3160
f 2650 	2661 	452
f 458 	2653 	459
f 3161 	3160 	3134
f 729 	728 	840
f 2650 	459 	2652
f 3106 	3134 	3160
f 2660 	2195 	1222
f 1165 	1222 	2195
f 840 	565 	729
f 3135 	3161 	3134
f 2653 	458 	2654
f 1221 	2658 	1222
f 2660 	1222 	2658
f 3136 	3161 	3135
f 560 	722 	565
f 726 	729 	565
f 565 	722 	726
f 2654 	465 	473
f 3136 	3137 	3161
f 2655 	1023 	457
f 1261 	1264 	1306
f 1306 	1304 	1261
f 1301 	1294 	1261
f 1290 	1507 	1291
f 3139 	3161 	3138
f 3137 	3138 	3161
f 1261 	1268 	1269
f 1264 	1261 	1269
f 3140 	3161 	3139
f 3141 	3161 	3140
f 1272 	1507 	1284
f 1279 	1283 	1507
f 1283 	1378 	1507
f 3143 	3162 	3141
f 3146 	3162 	3145
f 3060 	3162 	3146
f 1284 	1507 	1287
f 1287 	1507 	1290
f 1291 	1261 	1294
f 3063 	3162 	3060
f 3145 	3162 	3143
f 2637 	2636 	433
f 433 	2636 	434
f 3161 	3141 	3162
f 1301 	1261 	1304
f 432 	2648 	433
f 432 	440 	2648
f 3014 	3016 	3162
f 2849 	2758 	2847
f 2850 	2851 	2758
f 1327 	1325 	1317
f 1314 	1317 	1325
f 447 	449 	3158
f 1320 	1327 	1317
f 2749 	3154 	3155
f 1320 	1331 	1327
f 3153 	3154 	3156
f 2750 	3156 	3154
f 2750 	3154 	2749
f 1365 	1364 	1356
f 1364 	1368 	1348
f 1337 	1348 	1368
f 3160 	3158 	3156
f 3153 	3156 	3158
f 1334 	1337 	1372
f 1368 	1372 	1337
f 3161 	3162 	3159
f 3157 	3159 	3162
f 3156 	3096 	3160
f 2752 	3163 	3164
f 1358 	1359 	1365
f 1356 	1358 	1365
f 3166 	3163 	3165
f 2753 	3165 	3163
f 2753 	3163 	2752
f 148 	2640 	437
f 1372 	1374 	1334
f 3148 	1230 	3147
f 1325 	1365 	1359
f 3218 	1230 	3148
f 2652 	459 	2653
f 1231 	3142 	3149
f 2650 	452 	459
f 1314 	1325 	1359
f 3168 	3169 	3372
f 465 	2654 	458
f 3176 	3372 	3169
f 3170 	3176 	3169
f 3149 	1121 	1231
f 3171 	3176 	3170
f 2659 	469 	2657
f 3150 	1233 	1150
f 3172 	3176 	3171
f 3174 	3176 	3172
f 3175 	3245 	3173
f 482 	452 	2661
f 2797 	416 	477
f 3236 	3176 	3174
f 1233 	3150 	3152
f 482 	2661 	477
f 2797 	477 	2661
f 3142 	1231 	1228
f 1239 	3144 	1226
f 3183 	3184 	3213
f 3184 	3185 	3213
f 3210 	3213 	3185
f 3185 	3186 	3210
f 3116 	3210 	3186
f 3116 	3186 	3187
f 3116 	3187 	3119
f 1226 	3144 	3142
f 1226 	3142 	1228
f 3191 	3245 	3175
f 3173 	3245 	3125
f 1236 	3147 	1229
f 3221 	3245 	3191
f 1229 	3147 	1230
f 3482 	72 	3021
f 1121 	1101 	1231
f 3151 	1236 	1234
f 3151 	1234 	3152
f 3147 	1236 	3151
f 312 	59 	3200
f 3152 	1234 	1233
f 3212 	3144 	1239
f 3214 	3215 	3213
f 3181 	3182 	3213
f 3182 	3183 	3213
f 3215 	3181 	3213
f 4462 	3212 	1387
f 3201 	3197 	312
f 72 	312 	3197
f 3197 	3194 	72
f 3194 	3021 	72
f 3020 	3484 	3026
f 1230 	3218 	1241
f 954 	3302 	935
f 3219 	1242 	1241
f 3219 	1241 	3218
f 3198 	3245 	3133
f 3203 	3245 	3198
f 3207 	59 	3204
f 3203 	3204 	3245
f 3133 	3245 	3220
f 2152 	2221 	2647
f 958 	3303 	955
f 3130 	3124 	3245
f 3221 	3220 	3245
f 2151 	2152 	2647
f 3228 	3223 	3246
f 2912 	3129 	3225
f 966 	3308 	964
f 942 	3308 	966
f 2191 	3778 	2660
f 3222 	3226 	1369
f 3225 	3129 	3224
f 3129 	3246 	3224
f 2649 	2644 	2214
f 2242 	2201 	2240
f 2242 	2200 	2201
f 3223 	3224 	3246
f 2214 	2240 	2651
f 2218 	2214 	2248
f 2644 	2248 	2214
f 3233 	3251 	3226
f 2651 	2649 	2214
f 3177 	3178 	3243
f 3241 	3243 	3178
f 3235 	3251 	3233
f 3229 	3247 	3235
f 3230 	3247 	3229
f 2200 	2242 	2191
f 3491 	2952 	2958
f 3231 	3255 	3230
f 3238 	3255 	3231
f 3240 	3264 	3239
f 3239 	3259 	3238
f 3243 	3176 	3234
f 3232 	3234 	3176
f 3227 	3246 	3242
f 3236 	3232 	3176
f 3234 	3189 	3243
f 3189 	3177 	3243
f 3178 	3180 	3241
f 3344 	3347 	972
f 3227 	3228 	3246
f 3129 	3130 	3246
f 2275 	3283 	3246
f 3343 	3349 	970
f 1369 	3226 	3251
f 3247 	3251 	3235
f 3259 	3255 	3238
f 3256 	3237 	3180
f 3259 	3239 	3258
f 3237 	3241 	3180
f 3247 	3230 	3255
f 3250 	3252 	3276
f 3262 	3263 	3261
f 3240 	3261 	3263
f 3240 	3263 	3264
f 3257 	3239 	3264
f 3258 	3239 	3257
f 3252 	3256 	3276
f 3180 	3276 	3256
f 3303 	969 	955
f 3300 	3298 	951
f 3328 	3270 	3275
f 3271 	3275 	3270
f 3266 	3273 	3265
f 3269 	3265 	3272
f 3287 	3268 	3272
f 3272 	3265 	3273
f 3300 	951 	3301
f 950 	3301 	951
f 3254 	3260 	3325
f 3260 	3250 	3325
f 3276 	3325 	3250
f 983 	3301 	950
f 3273 	3266 	1362
f 1362 	3266 	1377
f 2638 	2642 	2221
f 2642 	2647 	2221
f 2155 	2151 	2647
f 3282 	3246 	3279
f 2248 	2638 	2218
f 2221 	2218 	2638
f 3277 	3246 	3282
f 3242 	3246 	3277
f 953 	3302 	954
f 2055 	2031 	2647
f 445 	436 	2655
f 958 	3304 	3303
f 2651 	2240 	2201
f 3278 	3246 	3283
f 3279 	3246 	3278
f 3304 	958 	3305
f 961 	3305 	958
f 457 	445 	2655
f 2275 	3285 	3286
f 3286 	3283 	2275
f 3306 	965 	3307
f 964 	3307 	965
f 2658 	2200 	2191
f 964 	3308 	3307
f 2660 	2658 	2191
f 3306 	3305 	965
f 961 	965 	3305
f 942 	2868 	3308
f 3288 	3290 	3287
f 3269 	3272 	3268
f 3291 	3268 	3287
f 3290 	3288 	3289
f 3291 	3287 	3290
f 2552 	2551 	2910
f 2909 	2910 	2551
f 2552 	2910 	2914
f 2552 	2914 	2557
f 3294 	2275 	3293
f 974 	3346 	975
f 1348 	1356 	1364
f 1611 	1603 	1531
f 1539 	1534 	1594
f 3346 	974 	3347
f 973 	3347 	974
f 1603 	1594 	1534
f 1534 	1531 	1603
f 973 	972 	3347
f 978 	976 	3349
f 976 	970 	3349
f 1396 	1507 	1379
f 1390 	1396 	1379
f 1395 	1399 	1385
f 1279 	1507 	1272
f 1391 	1392 	1381
f 3045 	2357 	2573
f 1378 	1379 	1507
f 1385 	1381 	1392
f 1392 	1395 	1385
f 2573 	3047 	3045
f 1390 	1389 	1396
f 3352 	983 	968
f 3352 	3301 	983
f 3299 	953 	3298
f 952 	3298 	953
f 1399 	1398 	1385
f 1389 	1388 	1396
f 1638 	1655 	1558
f 1484 	1381 	1486
f 2736 	2735 	3050
f 952 	951 	3298
f 1495 	1480 	1393
f 1388 	1385 	1397
f 1396 	1388 	1397
f 3050 	3055 	2736
f 1398 	1397 	1385
f 953 	3299 	3302
f 2551 	3058 	2909
f 1483 	1393 	1480
f 1381 	1393 	1486
f 1391 	1381 	1484
f 1483 	1486 	1393
f 1261 	1291 	1507
f 1396 	1511 	1507
f 2349 	3039 	2569
f 3142 	3144 	3151
f 3151 	3144 	3147
f 3152 	3150 	3142
f 1552 	1640 	1555
f 1624 	1619 	1517
f 1588 	1611 	1343
f 1343 	1350 	1588
f 1350 	1339 	1375
f 3144 	3212 	3218
f 1514 	1676 	1519
f 1655 	1649 	1558
f 3147 	3144 	3148
f 3148 	3144 	3218
f 144 	2449 	3179
f 1339 	1334 	1374
f 1374 	1375 	1339
f 1375 	1588 	1350
f 3151 	3152 	3142
f 3149 	3142 	3150
f 3150 	1150 	3149
f 1155 	1121 	1150
f 1676 	1673 	1519
f 3219 	3218 	3212
f 1519 	1659 	1552
f 1634 	1638 	1555
f 1558 	1555 	1638
f 1974 	1402 	1245
f 1974 	1977 	1402
f 1592 	1591 	1539
f 1594 	1592 	1539
f 1543 	1539 	1591
f 1591 	1628 	1543
f 1517 	1543 	1628
f 1624 	1517 	1628
f 1619 	1582 	1517
f 1514 	1517 	1582
f 1576 	1514 	1582
f 1676 	1514 	1576
f 1531 	1343 	1611
f 1667 	1519 	1673
f 1662 	1519 	1667
f 1659 	1519 	1662
f 1647 	1552 	1659
f 1643 	1552 	1647
f 1640 	1552 	1643
f 1634 	1555 	1640
f 1522 	1558 	1649
f 1498 	1495 	1522
f 1393 	1522 	1495
f 1649 	1498 	1522
f 1693 	1707 	1684
f 1684 	1707 	1680
f 1680 	1969 	1685
f 1692 	1708 	1693
f 1687 	1685 	1825
f 1700 	1711 	1701
f 1716 	1713 	1702
f 1698 	1716 	1702
f 1979 	1718 	1698
f 1711 	1704 	1701
f 1704 	1705 	1701
f 1703 	1706 	1700
f 1697 	1701 	1705
f 1705 	1710 	1697
f 1695 	1697 	1710
f 1710 	1709 	1695
f 1708 	1692 	1709
f 2877 	3064 	2880
f 1969 	1680 	1707
f 1707 	1693 	1708
f 3296 	3289 	3297
f 3288 	3297 	3289
f 3076 	2892 	2905
f 3076 	2905 	3078
f 3285 	2275 	3284
f 3080 	2898 	2897
f 3080 	2897 	3081
f 3316 	2275 	3315
f 3292 	2275 	3317
f 3317 	2275 	3316
f 3293 	2275 	3292
f 3315 	2275 	1380
f 3088 	3087 	2899
f 2900 	2899 	3087
f 3295 	2275 	3294
f 3284 	2275 	3297
f 2900 	3087 	3102
f 3296 	3297 	2275
f 3296 	2275 	3295
f 2898 	3080 	2899
f 3088 	2899 	3080
f 3157 	1125 	2275
f 3089 	2896 	2894
f 3089 	2894 	3090
f 2995 	3319 	3322
f 3090 	2894 	2893
f 3090 	2893 	3093
f 2995 	3320 	3319
f 2995 	3322 	2994
f 2896 	3089 	2897
f 3081 	2897 	3089
f 1981 	165 	3309
f 3078 	2905 	2904
f 2995 	3848 	3320
f 3192 	501 	3193
f 2892 	3076 	2893
f 3093 	2893 	3076
f 3325 	3274 	3254
f 2908 	3107 	3072
f 3271 	3253 	3274
f 3101 	4009 	2956
f 3326 	3006 	3324
f 3329 	3267 	3328
f 3253 	3254 	3274
f 3159 	3341 	3329
f 3274 	3275 	3271
f 3330 	3159 	3329
f 3101 	2907 	3102
f 3338 	3159 	3330
f 3333 	3486 	3332
f 3334 	3486 	3333
f 3335 	3486 	3334
f 3336 	3486 	3335
f 3337 	3486 	3336
f 3337 	3321 	3486
f 3331 	3332 	3486
f 3341 	3159 	3339
f 3614 	3339 	3159
f 2912 	3105 	3111
f 1692 	1695 	1709
f 2958 	2955 	3491
f 3487 	3491 	2955
f 1706 	1711 	1700
f 1700 	1699 	1703
f 1712 	1703 	1699
f 1713 	1712 	1699
f 1699 	1702 	1713
f 3495 	2965 	2968
f 1720 	2077 	1722
f 3205 	517 	3202
f 526 	3199 	3208
f 3313 	1255 	3309
f 529 	3216 	531
f 3211 	531 	3216
f 1823 	1822 	1818
f 1689 	1823 	1818
f 1819 	1818 	1822
f 1857 	1854 	1831
f 1819 	1821 	1820
f 1857 	1820 	1821
f 1825 	1824 	1687
f 1822 	1821 	1819
f 3211 	3217 	531
f 1823 	1689 	1824
f 1689 	1687 	1824
f 3281 	542 	3217
f 3280 	540 	3281
f 1248 	1981 	3309
f 2992 	3527 	2993
f 1820 	1857 	1831
f 1833 	1830 	1849
f 2390 	2393 	2421
f 1841 	2394 	1844
f 1830 	1831 	1854
f 2997 	3529 	2998
f 1844 	1833 	1849
f 1849 	1830 	1854
f 1251 	2007 	3311
f 1825 	1685 	1969
f 3192 	3196 	501
f 3536 	3004 	3009
f 1975 	1166 	1990
f 1976 	1166 	1975
f 1983 	1718 	1982
f 3539 	2987 	3017
f 499 	517 	3193
f 3539 	3017 	3012
f 1990 	1166 	1992
f 3527 	3542 	2993
f 2000 	2004 	2095
f 1992 	2095 	2004
f 2000 	2095 	1997
f 2961 	3508 	2955
f 1166 	1976 	756
f 1997 	2095 	2086
f 3023 	3542 	3009
f 1985 	1718 	1983
f 2081 	1720 	2085
f 2079 	1720 	2081
f 2077 	1720 	2079
f 1979 	1982 	1718
f 1716 	1698 	1718
f 3543 	3025 	3530
f 1985 	2085 	1718
f 487 	144 	3179
f 2077 	2086 	2095
f 2103 	2077 	2095
f 1574 	2952 	2165
f 497 	493 	3190
f 501 	499 	3193
f 1722 	2077 	2097
f 1718 	2085 	1720
f 2103 	2097 	2077
f 2097 	2103 	2100
f 3199 	508 	3195
f 3345 	3342 	968
f 3202 	497 	3190
f 2388 	2567 	2359
f 2359 	2366 	2388
f 2366 	2360 	2388
f 2388 	2385 	2354
f 3205 	3193 	517
f 2360 	2365 	2388
f 2365 	2380 	2388
f 2103 	2354 	2375
f 968 	975 	3345
f 3199 	526 	508
f 3346 	3345 	975
f 2375 	2371 	2103
f 2100 	2103 	2371
f 2380 	2385 	2388
f 2382 	2375 	2354
f 3348 	978 	3349
f 540 	3280 	3209
f 2382 	2354 	2385
f 3524 	2987 	3539
f 542 	3281 	540
f 978 	3348 	981
f 3350 	981 	3348
f 487 	3179 	493
f 3188 	493 	3179
f 3530 	2998 	3529
f 3188 	3190 	493
f 968 	3342 	3352
f 2457 	2455 	2412
f 2420 	2457 	2406
f 2412 	2409 	2457
f 2409 	2406 	2457
f 2423 	2421 	2393
f 2393 	2400 	2423
f 1841 	2423 	2400
f 2394 	1841 	2400
f 1833 	1844 	2394
f 3529 	2997 	3524
f 2987 	3524 	2997
f 2406 	2390 	2420
f 2421 	2420 	2390
f 3351 	969 	3303
f 3195 	505 	504
f 3195 	504 	3196
f 3353 	991 	990
f 3353 	990 	3354
f 3196 	504 	501
f 2427 	2543 	2442
f 3354 	990 	989
f 3354 	989 	3355
f 508 	505 	3195
f 3355 	989 	988
f 3355 	988 	3356
f 2513 	2485 	2450
f 2492 	2513 	2450
f 2432 	2478 	2436
f 2475 	2436 	2478
f 3202 	511 	497
f 3356 	988 	987
f 3356 	987 	3357
f 2431 	2507 	2432
f 2455 	2438 	2465
f 3357 	987 	986
f 3357 	986 	3358
f 2436 	2475 	2438
f 2442 	2549 	2446
f 931 	3358 	986
f 517 	511 	3202
f 2446 	2489 	2450
f 3023 	2993 	3542
f 3359 	992 	991
f 3359 	991 	3353
f 2471 	2465 	2438
f 2415 	2412 	2455
f 2465 	2415 	2455
f 3217 	537 	531
f 993 	3360 	3361
f 993 	3361 	995
f 3536 	3009 	3542
f 995 	3361 	3362
f 995 	3362 	996
f 540 	3209 	533
f 2867 	934 	3363
f 998 	3363 	934
f 3217 	542 	537
f 3543 	3526 	3025
f 996 	3362 	3363
f 996 	3363 	998
f 2998 	3530 	3025
f 3620 	3617 	1003
f 2471 	2438 	2475
f 2431 	2450 	2480
f 2485 	2480 	2450
f 2483 	2431 	2480
f 2507 	2431 	2483
f 2504 	2432 	2507
f 2500 	2432 	2504
f 2478 	2432 	2500
f 533 	3209 	544
f 544 	3209 	3364
f 3365 	547 	544
f 3365 	544 	3364
f 3030 	3031 	3549
f 2657 	467 	3365
f 467 	547 	3365
f 2535 	2442 	2543
f 2540 	2442 	2535
f 2549 	2553 	2446
f 2553 	2556 	2446
f 2492 	2450 	2489
f 2549 	2442 	2540
f 2523 	2543 	2427
f 2532 	2528 	2567
f 2532 	2567 	2523
f 2528 	2524 	2567
f 3031 	3033 	3549
f 3552 	3549 	3033
f 2355 	2359 	2567
f 2524 	2355 	2567
f 1683 	2263 	3033
f 2165 	2952 	3485
f 2543 	2523 	2567
f 2567 	2562 	2543
f 3248 	3329 	3341
f 3249 	3329 	3248
f 3267 	3329 	3249
f 3270 	3328 	3267
f 273 	3159 	3338
f 2556 	2519 	2446
f 2519 	2489 	2446
f 3379 	3382 	3372
f 2565 	2543 	2562
f 3485 	2952 	3491
f 11 	10 	1201
f 11 	1201 	3372
f 3167 	3168 	3372
f 3370 	3167 	3372
f 3509 	2978 	3495
f 3376 	3377 	3374
f 3376 	3374 	3373
f 3378 	3372 	3375
f 3376 	3402 	3377
f 2968 	3500 	3495
f 3379 	3372 	3378
f 3432 	3375 	3372
f 3437 	3380 	3381
f 3112 	3107 	2908
f 3382 	3371 	3372
f 3383 	3384 	3385
f 3383 	3385 	3386
f 2916 	3117 	3112
f 3384 	3383 	3387
f 3384 	3387 	3388
f 3371 	3370 	3372
f 3388 	3387 	3389
f 3388 	3389 	3390
f 3111 	3118 	2919
f 3390 	3389 	3393
f 3390 	3393 	3394
f 3117 	2916 	3118
f 2919 	3118 	2916
f 3395 	3396 	3397
f 3395 	3397 	3398
f 3500 	2968 	3502
f 2972 	3502 	2968
f 3394 	3393 	3396
f 3394 	3396 	3395
f 2972 	2974 	3502
f 3503 	3502 	2974
f 3400 	3402 	3376
f 3351 	3825 	969
f 3403 	3404 	3401
f 3399 	3401 	3404
f 3405 	3456 	3404
f 3406 	3456 	3405
f 3407 	3456 	3406
f 3408 	3455 	3407
f 3409 	3454 	3408
f 3391 	3454 	3409
f 3392 	3453 	3391
f 3410 	3452 	3392
f 3411 	3452 	3410
f 3398 	3397 	3412
f 3398 	3412 	3413
f 3416 	3426 	3415
f 3004 	3503 	2974
f 3413 	3412 	3402
f 3413 	3402 	3400
f 3426 	3417 	3418
f 3426 	3418 	3414
f 3414 	3415 	3426
f 3419 	3420 	3421
f 3419 	3421 	3422
f 3425 	3372 	3416
f 3423 	3424 	3420
f 3423 	3420 	3419
f 2978 	2965 	3495
f 3427 	3428 	3424
f 3427 	3424 	3423
f 3429 	3431 	3428
f 3429 	3428 	3427
f 3508 	2961 	2978
f 3509 	3508 	2978
f 3433 	3434 	3436
f 3433 	3436 	3437
f 3422 	3421 	3434
f 3422 	3434 	3433
f 3435 	3372 	3425
f 3426 	3416 	3372
f 3435 	3430 	3372
f 3372 	3430 	3432
f 2992 	3526 	3527
f 3380 	3437 	3436
f 3469 	3470 	3452
f 3450 	3451 	3462
f 3449 	3450 	3462
f 3441 	3442 	3452
f 3442 	3466 	3452
f 3440 	3441 	3452
f 3439 	3440 	3452
f 3411 	3439 	3452
f 3453 	3392 	3452
f 3454 	3391 	3453
f 3455 	3408 	3454
f 3456 	3407 	3455
f 3457 	3404 	3456
f 3399 	3404 	3457
f 3466 	3467 	3452
f 158 	159 	3460
f 3467 	3468 	3452
f 3012 	3538 	3539
f 3468 	3469 	3452
f 3470 	3471 	3452
f 3471 	3472 	3452
f 3451 	3452 	3472
f 3472 	3462 	3451
f 3462 	3459 	3449
f 3448 	3449 	3459
f 3447 	3448 	3459
f 3459 	3460 	3447
f 166 	3447 	3460
f 216 	203 	233
f 203 	204 	233
f 3478 	426 	3480
f 449 	3480 	426
f 3487 	2955 	3508
f 3340 	2994 	3322
f 3327 	3007 	3340
f 2994 	3340 	3007
f 3323 	3006 	3327
f 3324 	3006 	3323
f 3006 	3326 	3020
f 3478 	3372 	3479
f 3482 	3024 	3481
f 3426 	3372 	3480
f 3360 	993 	3617
f 1002 	3617 	993
f 2992 	3025 	3526
f 3484 	3020 	3483
f 1002 	1003 	3617
f 3483 	3020 	3326
f 3620 	1003 	1004
f 158 	3460 	157
f 162 	3460 	160
f 164 	3460 	162
f 159 	160 	3460
f 166 	3460 	164
f 3481 	3026 	3484
f 3625 	3621 	1009
f 173 	3460 	179
f 175 	3460 	173
f 1001 	992 	3359
f 3490 	3517 	3489
f 3488 	3489 	3517
f 172 	3460 	170
f 188 	3460 	172
f 189 	3460 	188
f 179 	3460 	189
f 1005 	3624 	1007
f 1004 	1009 	3621
f 259 	233 	207
f 3460 	213 	199
f 168 	170 	3460
f 157 	3460 	175
f 199 	168 	3460
f 1007 	3625 	1009
f 3505 	3486 	3499
f 3498 	3499 	3486
f 3497 	3498 	3486
f 3501 	1159 	3493
f 1012 	3624 	1005
f 3494 	3848 	3501
f 3460 	3474 	211
f 213 	3460 	211
f 3474 	3475 	211
f 227 	259 	207
f 3475 	227 	207
f 207 	211 	3475
f 1159 	3504 	3492
f 3493 	1159 	3492
f 3627 	3626 	1011
f 1015 	3622 	3628
f 1011 	1015 	3627
f 3628 	3627 	1015
f 232 	240 	233
f 240 	267 	233
f 267 	243 	233
f 243 	246 	233
f 246 	224 	233
f 224 	223 	233
f 223 	216 	233
f 204 	207 	233
f 3496 	3497 	3486
f 3506 	3486 	3505
f 3507 	3486 	3506
f 3321 	3496 	3486
f 279 	3159 	273
f 3513 	44 	3512
f 306 	3159 	286
f 286 	3159 	287
f 2914 	2301 	2557
f 296 	447 	306
f 303 	3159 	302
f 287 	3159 	303
f 302 	3159 	279
f 2874 	3058 	2551
f 295 	447 	296
f 334 	447 	295
f 1024 	3823 	1019
f 3511 	3512 	44
f 3515 	3516 	44
f 3511 	44 	3516
f 3513 	3510 	44
f 3825 	3823 	1026
f 1024 	1026 	3823
f 3049 	2735 	2920
f 3486 	3507 	3514
f 349 	447 	344
f 344 	447 	321
f 2569 	3039 	3038
f 1028 	3829 	1029
f 881 	856 	3518
f 337 	447 	338
f 338 	447 	349
f 321 	447 	323
f 323 	447 	334
f 3520 	3485 	3519
f 373 	447 	365
f 3828 	1030 	1029
f 3521 	3485 	3520
f 363 	447 	337
f 367 	447 	363
f 365 	447 	367
f 3159 	306 	447
f 2572 	3047 	2573
f 8 	3485 	3521
f 3486 	3514 	44
f 3838 	1038 	3837
f 1037 	3837 	1038
f 3837 	1037 	1030
f 1039 	3840 	1034
f 3443 	3546 	3438
f 3546 	3443 	3548
f 3444 	3548 	3443
f 1039 	1038 	3840
f 3838 	3840 	1038
f 3445 	3548 	3444
f 3004 	3534 	3503
f 3536 	3534 	3004
f 3386 	3385 	3446
f 3461 	3463 	3554
f 3556 	3554 	3463
f 3603 	3556 	3601
f 3463 	3601 	3556
f 3559 	3465 	3560
f 3464 	3560 	3465
f 449 	426 	406
f 426 	430 	406
f 414 	406 	430
f 430 	1508 	414
f 1052 	1051 	3846
f 447 	3158 	3159
f 3564 	3477 	3476
f 3846 	1051 	1050
f 406 	444 	449
f 3473 	3561 	3476
f 444 	456 	3158
f 449 	444 	3158
f 3477 	3564 	3560
f 3477 	3560 	3464
f 3465 	3559 	3567
f 3465 	3567 	3525
f 3525 	3567 	3458
f 1260 	3372 	1267
f 1260 	3479 	3372
f 507 	510 	3372
f 3577 	3576 	3544
f 1019 	3820 	1020
f 3029 	3545 	3012
f 3538 	3012 	3545
f 3544 	3438 	3546
f 3030 	3547 	3029
f 3545 	3029 	3547
f 3547 	3030 	3549
f 3445 	3550 	3548
f 3820 	1019 	3823
f 3550 	3445 	3446
f 3550 	3446 	3551
f 463 	3372 	460
f 3551 	3446 	3385
f 3552 	3033 	2263
f 3619 	3458 	3553
f 3473 	3461 	3554
f 485 	3864 	480
f 475 	3864 	468
f 488 	3864 	485
f 3828 	1029 	3829
f 491 	3864 	488
f 496 	3864 	491
f 502 	3864 	496
f 3473 	3554 	3561
f 3476 	3563 	3564
f 470 	3864 	502
f 460 	3372 	470
f 2926 	3562 	2630
f 3561 	3563 	3476
f 507 	3372 	463
f 3567 	3553 	3458
f 510 	516 	3372
f 1330 	1318 	530
f 3570 	3571 	3572
f 3570 	3572 	3573
f 1267 	3372 	1318
f 1318 	3372 	530
f 3571 	3570 	3574
f 3571 	3574 	3575
f 1694 	1682 	539
f 3575 	3574 	3576
f 3575 	3576 	3577
f 1691 	1694 	524
f 523 	1691 	524
f 3840 	3836 	1034
f 3438 	3544 	3576
f 3431 	3429 	3581
f 3580 	3581 	3429
f 3584 	3585 	3581
f 3584 	3581 	3580
f 549 	1696 	546
f 546 	1696 	523
f 539 	524 	1694
f 3586 	3587 	3585
f 3586 	3585 	3584
f 672 	1797 	669
f 3588 	3589 	3587
f 3588 	3587 	3586
f 3590 	3592 	3589
f 3590 	3589 	3588
f 3841 	1042 	1044
f 3594 	3595 	3592
f 3594 	3592 	3590
f 687 	1800 	684
f 692 	1800 	687
f 3595 	3594 	3596
f 3595 	3596 	3597
f 3597 	3596 	3599
f 3597 	3599 	3600
f 3843 	1049 	1048
f 3843 	1048 	3844
f 3600 	3599 	3573
f 3600 	3573 	3572
f 680 	1801 	694
f 694 	1801 	549
f 676 	1800 	680
f 675 	1800 	676
f 684 	1800 	675
f 669 	1797 	703
f 704 	1800 	692
f 3604 	3605 	3606
f 3604 	3606 	3607
f 3608 	3609 	3605
f 3608 	3605 	3604
f 3610 	3611 	3609
f 3610 	3609 	3608
f 3845 	1052 	3846
f 709 	1797 	672
f 710 	1802 	709
f 711 	1802 	710
f 1252 	1250 	1802
f 3613 	3614 	3611
f 3613 	3611 	3610
f 2666 	3339 	3613
f 3614 	3613 	3339
f 3629 	3642 	3555
f 3607 	3606 	3615
f 3607 	3615 	3616
f 1049 	3843 	1050
f 714 	468 	3864
f 475 	480 	3864
f 3616 	3615 	3603
f 3616 	3603 	3601
f 3558 	3557 	3631
f 3630 	3631 	3557
f 3618 	3619 	350
f 721 	717 	3864
f 717 	714 	3864
f 3458 	3619 	3618
f 3644 	3630 	3557
f 1004 	3621 	3620
f 3629 	3555 	3562
f 3374 	3377 	2182
f 1237 	1238 	3864
f 1238 	1232 	3864
f 2602 	3437 	2591
f 3381 	2591 	3437
f 1015 	1001 	3622
f 721 	3864 	1232
f 3386 	350 	3383
f 3622 	1001 	3359
f 3565 	3633 	3634
f 3565 	3634 	3566
f 3383 	350 	3387
f 3387 	350 	3389
f 3623 	1007 	3624
f 3389 	350 	3393
f 3377 	3402 	2182
f 3635 	3568 	3634
f 3566 	3634 	3568
f 3393 	350 	3396
f 3396 	350 	3397
f 1250 	1249 	1802
f 1249 	1246 	1802
f 1246 	1240 	1802
f 1795 	1802 	1240
f 1243 	1795 	1240
f 1247 	1795 	1244
f 1243 	1244 	1795
f 3633 	3565 	3636
f 3569 	3636 	3565
f 1007 	3623 	3625
f 3446 	350 	3386
f 1012 	3626 	3624
f 1256 	1258 	3166
f 3569 	3558 	3636
f 3631 	3636 	3558
f 3397 	2182 	3412
f 3864 	3166 	1258
f 3402 	3412 	2182
f 1235 	3864 	1258
f 3568 	3635 	3637
f 3568 	3637 	3578
f 1012 	1011 	3626
f 3422 	2602 	3419
f 3422 	3433 	2602
f 3427 	3423 	2604
f 2604 	2605 	3427
f 3419 	2602 	3423
f 3638 	3579 	3637
f 3578 	3637 	3579
f 2602 	2604 	3423
f 3427 	2605 	3429
f 3480 	3372 	3478
f 3582 	3639 	3640
f 3582 	3640 	3583
f 3579 	3638 	3639
f 3579 	3639 	3582
f 3437 	2602 	3433
f 1270 	1315 	1266
f 3640 	2923 	3583
f 38 	43 	2261
f 38 	2261 	16
f 44 	2261 	43
f 3514 	3515 	44
f 13 	2165 	8
f 1048 	1020 	3818
f 1357 	1355 	1302
f 1355 	1347 	1302
f 61 	3245 	59
f 3245 	3204 	59
f 1266 	1313 	1307
f 3593 	3591 	3643
f 3642 	3643 	3591
f 3555 	3642 	3591
f 1255 	1248 	3309
f 3602 	3644 	3557
f 1288 	1289 	1336
f 1347 	1336 	1289
f 1292 	1293 	1347
f 1289 	1292 	1347
f 1293 	1302 	1347
f 1303 	1357 	1302
f 1307 	1360 	1303
f 1285 	1288 	1336
f 1336 	1335 	1285
f 1313 	1360 	1307
f 3593 	3643 	3644
f 3593 	3644 	3602
f 83 	3517 	78
f 75 	78 	3517
f 3488 	3517 	83
f 69 	75 	3517
f 69 	3517 	860
f 3206 	3200 	59
f 1267 	1318 	1270
f 1313 	1266 	1315
f 1315 	1270 	1318
f 3207 	3206 	59
f 3200 	3201 	312
f 3026 	3481 	3024
f 3641 	3598 	3612
f 516 	530 	3372
f 55 	3245 	56
f 63 	3652 	55
f 61 	56 	3245
f 1251 	3311 	1257
f 3314 	1257 	3311
f 1329 	1330 	1686
f 1681 	1686 	1330
f 530 	535 	1330
f 2572 	2577 	3047
f 3629 	3562 	3632
f 3049 	3050 	2735
f 3632 	3562 	2926
f 1357 	1303 	1360
f 1340 	1351 	1274
f 1351 	1342 	1274
f 1274 	1285 	1340
f 1335 	1340 	1285
f 1276 	1274 	1342
f 879 	844 	853
f 881 	879 	853
f 881 	853 	856
f 860 	3518 	858
f 3517 	3518 	860
f 858 	3518 	856
f 2560 	2882 	2920
f 3519 	3487 	873
f 3055 	2577 	2736
f 1939 	1942 	1366
f 845 	853 	844
f 1363 	1366 	1942
f 875 	889 	3658
f 3509 	3658 	889
f 2872 	3038 	3041
f 2872 	3041 	3059
f 1367 	1363 	1957
f 1942 	1957 	1363
f 3509 	889 	892
f 873 	3509 	892
f 1260 	1508 	3479
f 2874 	3059 	3058
f 783 	3658 	901
f 783 	875 	3658
f 1440 	1442 	1535
f 1442 	1431 	1535
f 1431 	1432 	1535
f 1432 	1282 	1535
f 1342 	1532 	1282
f 1282 	1276 	1342
f 902 	901 	3652
f 3658 	3652 	901
f 63 	902 	3652
f 1438 	1440 	1535
f 1437 	1438 	1535
f 1460 	1512 	1457
f 1466 	1512 	1460
f 1451 	1512 	1466
f 1445 	1512 	1451
f 1444 	1512 	1445
f 1164 	3848 	1213
f 1160 	3848 	1164
f 1158 	3848 	1160
f 1455 	1457 	1512
f 1485 	1512 	1444
f 1156 	3504 	1159
f 1159 	3848 	1158
f 1488 	1482 	1512
f 1499 	3153 	1496
f 1193 	3656 	1188
f 3612 	3645 	3641
f 1650 	3153 	1499
f 2342 	3646 	3647
f 430 	3479 	1508
f 1512 	456 	1508
f 456 	414 	1508
f 1209 	3656 	1204
f 3648 	3649 	3647
f 3648 	3647 	3646
f 1485 	1488 	1512
f 456 	1512 	1482
f 456 	1482 	1481
f 1496 	3153 	1481
f 1644 	3153 	1641
f 1663 	3153 	1660
f 1669 	3153 	1663
f 456 	1481 	3153
f 3650 	3651 	3652
f 3650 	3652 	3653
f 1185 	3656 	1217
f 1188 	3656 	1185
f 1212 	3848 	1209
f 1213 	3848 	1212
f 2280 	3654 	3655
f 1223 	3656 	1193
f 3651 	3650 	3244
f 3656 	1223 	1198
f 3656 	1198 	1199
f 1199 	1204 	3656
f 1553 	1556 	1516
f 1516 	1515 	1553
f 1520 	1553 	1515
f 1556 	1559 	1516
f 1545 	1516 	1559
f 1559 	1521 	1545
f 1540 	1545 	1521
f 1521 	1448 	1540
f 1535 	1540 	1448
f 1448 	1435 	1535
f 1435 	1437 	1535
f 1532 	1535 	1282
f 3649 	3648 	3659
f 3649 	3659 	3660
f 2875 	3061 	3062
f 3658 	3657 	3653
f 3658 	3653 	3652
f 3659 	332 	3660
f 1583 	3153 	1577
f 2070 	44 	2066
f 2123 	44 	2070
f 3576 	3477 	3438
f 3444 	3458 	350
f 2067 	3510 	1173
f 1173 	3510 	1156
f 2066 	44 	2067
f 3510 	2067 	44
f 3504 	1156 	3510
f 3443 	3458 	3444
f 1604 	1612 	2402
f 1595 	1604 	2402
f 3656 	2815 	1217
f 3444 	350 	3445
f 2880 	3069 	3066
f 3445 	350 	3446
f 2111 	1217 	2815
f 2119 	2111 	2815
f 1585 	1376 	2396
f 1958 	2396 	1376
f 2884 	3061 	2875
f 1622 	3153 	1583
f 2182 	3397 	350
f 2125 	44 	2126
f 2407 	2411 	1625
f 1629 	1590 	2391
f 2128 	44 	2123
f 2126 	44 	2128
f 3461 	3576 	3463
f 3473 	3576 	3461
f 3465 	3438 	3464
f 3525 	3458 	3438
f 3525 	3438 	3465
f 3601 	3463 	3576
f 3476 	3576 	3473
f 3477 	3576 	3476
f 3464 	3438 	3477
f 2392 	2391 	1593
f 2402 	2392 	1595
f 1612 	1585 	2396
f 1622 	1625 	2411
f 3443 	3438 	3458
f 1253 	1255 	3310
f 3610 	3608 	3573
f 3596 	3594 	2665
f 2618 	2619 	3590
f 3616 	3574 	3607
f 3570 	3607 	3574
f 1648 	3153 	1644
f 3574 	3601 	3576
f 3661 	3662 	3663
f 3661 	3663 	3664
f 3661 	3664 	3665
f 3661 	3665 	3666
f 3661 	3666 	3667
f 3661 	3667 	3668
f 3661 	3668 	3669
f 1641 	3153 	1635
f 1635 	3153 	1636
f 3429 	2611 	3580
f 2611 	3429 	2605
f 1654 	3153 	1650
f 1636 	3153 	1654
f 2611 	2612 	3580
f 2614 	2615 	3586
f 3673 	3674 	3661
f 3677 	3661 	3675
f 3674 	3675 	3661
f 3676 	3677 	3675
f 3678 	3676 	3675
f 3679 	3678 	3675
f 2612 	2613 	3580
f 3588 	3586 	2616
f 1660 	3153 	1648
f 3584 	3580 	2613
f 2613 	2614 	3584
f 3669 	3670 	3661
f 3670 	3671 	3661
f 3671 	3672 	3661
f 3672 	3673 	3661
f 3586 	3584 	2614
f 3679 	3680 	3678
f 1674 	3153 	1669
f 3692 	3689 	3681
f 1577 	3153 	1677
f 1674 	1677 	3153
f 3604 	3573 	3608
f 3607 	3570 	3604
f 3570 	3573 	3604
f 3573 	3599 	3610
f 3601 	3574 	3616
f 350 	3458 	3618
f 1688 	1690 	1326
f 1207 	15 	14
f 1207 	14 	3683
f 1207 	3683 	1986
f 2119 	2823 	2160
f 2160 	2823 	2159
f 2158 	2159 	2823
f 2158 	2137 	2159
f 2136 	2159 	2137
f 2136 	2139 	2159
f 2141 	2159 	2139
f 1682 	1330 	535
f 1681 	1330 	1682
f 1686 	1688 	1329
f 1326 	1329 	1688
f 1690 	1936 	1326
f 379 	3773 	380
f 2125 	2131 	44
f 3485 	8 	2165
f 380 	3773 	381
f 2223 	44 	2225
f 2243 	2247 	44
f 2225 	44 	2247
f 2250 	44 	2223
f 2249 	44 	2250
f 2236 	44 	2249
f 2234 	44 	2236
f 2260 	44 	2234
f 2253 	2245 	44
f 2245 	2243 	44
f 2131 	2253 	44
f 2165 	16 	2261
f 2261 	44 	2260
f 3038 	2570 	2569
f 3038 	2872 	2570
f 2259 	2258 	2262
f 2258 	2257 	2262
f 2263 	2262 	2257
f 2357 	2153 	2573
f 2469 	3683 	2462
f 3055 	3047 	2577
f 2473 	3683 	2469
f 2477 	3656 	2473
f 3696 	3682 	3681
f 3682 	3688 	3681
f 3688 	3692 	3681
f 3680 	3681 	3689
f 568 	567 	3522
f 3523 	3522 	567
f 541 	3523 	567
f 3689 	3690 	3678
f 3690 	3691 	3678
f 3691 	3699 	3678
f 3699 	3700 	3678
f 3313 	3310 	1255
f 3689 	3678 	3680
f 1257 	3314 	1259
f 3312 	1259 	3314
f 3713 	3678 	3693
f 3696 	3681 	3695
f 3681 	3702 	3695
f 568 	3522 	3535
f 3693 	3678 	3700
f 3769 	383 	382
f 3703 	3710 	3702
f 3697 	3695 	3702
f 3708 	3709 	3716
f 379 	3772 	3773
f 3703 	3704 	3710
f 3711 	3710 	3704
f 3697 	3702 	3710
f 3704 	3716 	3711
f 3709 	3711 	3716
f 381 	3773 	3774
f 3721 	3720 	3713
f 381 	3774 	382
f 1275 	3712 	3714
f 383 	3769 	390
f 3727 	3708 	3717
f 3718 	3727 	3717
f 3687 	609 	3540
f 3678 	3713 	3720
f 3721 	3722 	3720
f 3722 	3723 	3720
f 3724 	3749 	3723
f 3756 	3755 	3750
f 3725 	3749 	3724
f 3686 	611 	3687
f 3726 	3727 	3718
f 3729 	3726 	3718
f 3795 	394 	398
f 3698 	1265 	3701
f 3367 	553 	3366
f 552 	3366 	553
f 3716 	3717 	3708
f 1691 	523 	1696
f 535 	539 	1682
f 3818 	1020 	3820
f 1026 	969 	3825
f 3728 	3740 	3730
f 3730 	3740 	3729
f 401 	3798 	398
f 1793 	549 	1801
f 3733 	3739 	3735
f 3735 	3736 	3733
f 3734 	3735 	3739
f 3736 	3737 	3731
f 3738 	2303 	3737
f 3732 	3733 	3736
f 1797 	1800 	703
f 704 	703 	1800
f 1801 	680 	1800
f 1696 	549 	1793
f 3728 	3734 	3739
f 3728 	3739 	3740
f 3726 	3729 	3740
f 711 	1252 	1802
f 1797 	709 	1802
f 3732 	3736 	3731
f 3806 	3807 	562
f 3810 	575 	574
f 1808 	1809 	1807
f 1809 	1810 	1807
f 1968 	1807 	1810
f 1968 	1810 	1805
f 1803 	1812 	1950
f 1949 	1950 	1812
f 1968 	1805 	1804
f 3810 	3812 	575
f 1815 	1949 	1814
f 3746 	3747 	3755
f 3755 	3754 	3744
f 3752 	3741 	3749
f 3750 	3749 	3741
f 3741 	3757 	3750
f 3757 	3756 	3750
f 3720 	3723 	3749
f 3705 	1281 	3706
f 1280 	3706 	1281
f 3725 	3752 	3749
f 3694 	1262 	3707
f 3753 	3764 	3742
f 3806 	562 	570
f 1812 	1813 	1949
f 1813 	1814 	1949
f 1950 	1953 	1803
f 1816 	1949 	1815
f 1817 	1949 	1816
f 2348 	1949 	1817
f 1281 	3705 	3707
f 3747 	3748 	3755
f 3748 	3750 	3755
f 1366 	1326 	1939
f 390 	3785 	391
f 3742 	3743 	3753
f 3743 	3744 	3754
f 1957 	1956 	1367
f 3812 	404 	564
f 3754 	3753 	3743
f 1275 	3714 	3715
f 1811 	1806 	1955
f 1804 	1811 	1955
f 1968 	1804 	1955
f 1949 	2379 	1945
f 389 	3771 	385
f 3744 	3745 	3755
f 1278 	1277 	3719
f 3745 	3746 	3755
f 1936 	1939 	1326
f 1371 	1367 	1956
f 3706 	1280 	3719
f 1278 	3719 	1280
f 1956 	1958 	1371
f 1373 	1371 	1958
f 400 	3798 	401
f 3763 	3760 	3767
f 3759 	3767 	3760
f 3762 	3751 	3758
f 3764 	3758 	3751
f 3751 	3742 	3764
f 2396 	2402 	1612
f 3758 	3759 	3762
f 1265 	1263 	3701
f 3795 	398 	3798
f 3312 	3701 	1259
f 146 	3763 	3767
f 1963 	1945 	2364
f 1961 	1962 	2362
f 2362 	2367 	1961
f 2379 	2364 	1945
f 1806 	1803 	1953
f 3788 	3800 	391
f 392 	391 	3800
f 1263 	1259 	3701
f 3766 	156 	3765
f 1953 	1955 	1806
f 1960 	1961 	2367
f 2350 	1949 	2348
f 2367 	2358 	1960
f 3707 	1262 	1271
f 3804 	569 	3800
f 3768 	3765 	145
f 156 	145 	3765
f 1247 	2308 	1795
f 1281 	3707 	1271
f 3760 	3761 	3759
f 2309 	1795 	2322
f 1273 	3805 	3712
f 563 	562 	3807
f 3761 	3762 	3759
f 1273 	3712 	1275
f 563 	3807 	574
f 1275 	3715 	1277
f 2340 	2332 	2326
f 3715 	3719 	1277
f 153 	163 	154
f 154 	163 	155
f 163 	167 	165
f 3766 	155 	161
f 145 	146 	3767
f 3767 	3768 	145
f 564 	575 	3812
f 156 	3766 	161
f 161 	155 	163
f 2315 	2313 	2327
f 2329 	2327 	2313
f 2313 	2311 	2329
f 2332 	2315 	2327
f 2320 	2322 	1795
f 2307 	2320 	1795
f 2308 	2307 	1795
f 2920 	2735 	2560
f 3309 	165 	238
f 3769 	382 	3770
f 171 	174 	153
f 167 	163 	169
f 153 	169 	163
f 169 	153 	174
f 2335 	2337 	2343
f 2337 	2340 	2343
f 2327 	2326 	2332
f 2322 	2329 	2309
f 2311 	2309 	2329
f 2343 	2340 	2326
f 181 	3917 	187
f 198 	3917 	195
f 238 	165 	167
f 3772 	379 	589
f 3059 	2873 	2872
f 2873 	3059 	2874
f 3770 	382 	3774
f 3921 	3919 	3901
f 2875 	3062 	2876
f 2345 	3166 	2351
f 390 	3769 	3785
f 3064 	2877 	3062
f 2876 	3062 	2877
f 3788 	391 	3785
f 3310 	3309 	212
f 3069 	2880 	3064
f 3066 	2920 	2882
f 389 	3792 	3771
f 2376 	1949 	2372
f 2383 	1949 	2376
f 2386 	1949 	2383
f 2379 	1949 	2386
f 2364 	2362 	1963
f 2444 	2447 	2533
f 2428 	2444 	2533
f 1962 	1963 	2362
f 2350 	2372 	1949
f 394 	3792 	389
f 2494 	3656 	2477
f 2498 	3656 	2494
f 1593 	1595 	2392
f 400 	3796 	3798
f 2509 	3656 	2498
f 2391 	2407 	1629
f 1625 	1629 	2407
f 1590 	1593 	2391
f 1373 	1958 	1376
f 400 	404 	3796
f 2511 	3656 	2512
f 2516 	2512 	3656
f 3780 	3779 	3781
f 2416 	3153 	2413
f 2411 	2413 	1622
f 392 	3800 	569
f 2526 	3656 	2509
f 3153 	1622 	2413
f 2506 	3656 	2526
f 2516 	3656 	2506
f 3683 	2473 	3656
f 3781 	3776 	3780
f 2424 	1959 	2358
f 1959 	1960 	2358
f 3782 	3780 	3781
f 3807 	3808 	574
f 574 	3808 	3810
f 3783 	3781 	3780
f 2430 	2433 	2525
f 2356 	2525 	2433
f 2433 	2437 	2356
f 2437 	2439 	2356
f 2439 	2456 	2356
f 2456 	2458 	2356
f 2458 	2419 	2356
f 2419 	2422 	2356
f 2422 	2424 	2356
f 2358 	2356 	2424
f 2467 	3153 	2416
f 3683 	3769 	2561
f 570 	3803 	3806
f 2472 	3153 	2467
f 2476 	3153 	2472
f 2479 	3165 	2476
f 2559 	2566 	3683
f 2558 	2559 	3683
f 2566 	2536 	3683
f 2462 	3683 	2536
f 2561 	2558 	3683
f 2484 	2550 	3889
f 2490 	3165 	2491
f 2520 	3165 	2490
f 3886 	3891 	2547
f 394 	3793 	3792
f 3795 	3793 	394
f 2550 	2547 	3891
f 3884 	3886 	2547
f 2482 	3165 	2508
f 2481 	3165 	2482
f 2508 	3165 	2505
f 2511 	2811 	3656
f 2486 	3165 	2481
f 2514 	3165 	2486
f 404 	3791 	3796
f 2491 	3165 	2514
f 2815 	2823 	2119
f 2811 	2815 	3656
f 2529 	2533 	2430
f 2451 	2430 	2533
f 2447 	2451 	2533
f 2525 	2529 	2430
f 2522 	2428 	2533
f 570 	569 	3803
f 3803 	569 	3804
f 2541 	2564 	2537
f 2786 	3905 	2832
f 2789 	3905 	2786
f 2539 	2564 	2548
f 2554 	2548 	2564
f 2539 	2537 	2564
f 3891 	3889 	2550
f 2926 	2928 	3905
f 2563 	3165 	2564
f 2257 	2923 	2263
f 3165 	2555 	2564
f 2555 	3165 	2520
f 2554 	2564 	2555
f 2830 	3905 	2937
f 2568 	3166 	2563
f 404 	3812 	3791
f 2948 	2941 	2213
f 2501 	3165 	2479
f 553 	3367 	3368
f 553 	3368 	556
f 2937 	3905 	2941
f 2948 	2937 	2941
f 2928 	2941 	3905
f 2832 	3905 	2830
f 3831 	1030 	3828
f 558 	556 	3369
f 556 	3368 	3369
f 3491 	3519 	3485
f 16 	2165 	13
f 3888 	3889 	582
f 3487 	3519 	3491
f 3502 	3658 	3500
f 1030 	3831 	3837
f 3509 	3495 	3658
f 573 	611 	3528
f 3495 	3500 	3658
f 573 	3528 	576
f 3531 	576 	3528
f 576 	3531 	577
f 3532 	577 	3531
f 3533 	578 	3532
f 577 	3532 	578
f 3509 	873 	3508
f 3535 	591 	568
f 3343 	970 	1034
f 3637 	3635 	3547
f 3366 	552 	3537
f 552 	584 	3537
f 591 	3535 	3537
f 591 	3537 	584
f 1044 	3842 	3841
f 603 	558 	3685
f 3842 	1044 	3833
f 1035 	3833 	1044
f 3540 	600 	598
f 3540 	598 	3541
f 3534 	3658 	3503
f 3536 	3658 	3534
f 2453 	147 	3684
f 3545 	3547 	3635
f 3369 	3685 	558
f 603 	3685 	3684
f 603 	3684 	606
f 3638 	3637 	3549
f 3547 	3549 	3637
f 650 	3541 	598
f 3508 	873 	3487
f 3846 	1050 	3847
f 611 	3686 	3528
f 3542 	3658 	3536
f 3527 	3658 	3542
f 3847 	1050 	3843
f 600 	3540 	609
f 3502 	3503 	3658
f 3529 	3524 	3635
f 3524 	3539 	3635
f 3844 	1048 	3818
f 611 	609 	3687
f 3539 	3538 	3635
f 3538 	3545 	3635
f 3639 	3638 	3549
f 3640 	3639 	3552
f 3549 	3552 	3639
f 2923 	3640 	3552
f 3552 	2263 	2923
f 3526 	3658 	3527
f 3886 	3884 	586
f 1028 	1042 	3841
f 3633 	3658 	3634
f 3636 	3658 	3633
f 599 	597 	3895
f 3839 	638 	3830
f 3644 	3659 	3630
f 3631 	3658 	3636
f 3829 	1028 	3841
f 596 	3895 	597
f 3543 	3530 	3635
f 3530 	3529 	3635
f 3634 	3658 	3635
f 3543 	3635 	3658
f 3821 	615 	3822
f 3632 	2926 	3905
f 1034 	3836 	3343
f 615 	3819 	3822
f 3645 	3659 	3642
f 3645 	3642 	3641
f 3642 	3629 	3641
f 618 	3824 	3826
f 3526 	3543 	3658
f 3631 	3630 	3659
f 3644 	3643 	3659
f 3642 	3659 	3643
f 3658 	3631 	3659
f 3651 	3244 	3652
f 917 	2861 	1054
f 3648 	3646 	3659
f 4312 	4313 	1059
f 3244 	3245 	3652
f 3245 	55 	3652
f 3659 	3646 	3658
f 588 	3884 	589
f 588 	586 	3884
f 3769 	3770 	2561
f 3656 	1209 	3848
f 3501 	3848 	1159
f 2995 	3000 	3848
f 3494 	3320 	3848
f 3848 	3000 	2966
f 3683 	3656 	3848
f 3886 	586 	585
f 3889 	585 	583
f 3888 	582 	619
f 594 	593 	3893
f 3894 	599 	3895
f 610 	599 	3894
f 618 	3826 	3827
f 3897 	605 	594
f 633 	632 	3835
f 1916 	761 	1852
f 1917 	699 	1916
f 1923 	699 	1917
f 1925 	699 	1923
f 1927 	670 	1926
f 1926 	670 	1925
f 1245 	1439 	1141
f 1402 	1423 	1245
f 1441 	1141 	1439
f 3848 	1427 	4361
f 593 	610 	3893
f 4304 	3162 	2758
f 2762 	3852 	2758
f 3850 	2762 	3849
f 625 	620 	3913
f 3839 	1154 	638
f 1154 	1123 	638
f 3852 	2762 	3850
f 3533 	3834 	578
f 605 	3897 	620
f 3853 	2758 	3852
f 624 	1119 	3819
f 3821 	616 	615
f 3911 	623 	622
f 624 	3819 	615
f 617 	3824 	618
f 3854 	2758 	3853
f 622 	625 	3913
f 3861 	2758 	3859
f 3857 	2758 	3855
f 3933 	623 	3911
f 2505 	3165 	2501
f 2389 	3166 	2568
f 2353 	3166 	2389
f 2351 	3166 	2353
f 1254 	1256 	3166
f 1235 	1237 	3864
f 2345 	1254 	3166
f 3166 	3165 	2563
f 3153 	2476 	3165
f 3864 	470 	3372
f 3862 	2758 	3861
f 3868 	2758 	3866
f 4631 	3372 	3373
f 3373 	3380 	3376
f 3380 	3436 	3376
f 3866 	2758 	3862
f 3873 	2758 	3868
f 3874 	2758 	3873
f 3875 	2758 	3874
f 583 	582 	3889
f 3882 	4304 	3881
f 3882 	3885 	4304
f 2758 	3876 	4304
f 3394 	3395 	3420
f 3395 	3398 	3420
f 3421 	3420 	3398
f 3398 	3413 	3421
f 3434 	3421 	3413
f 3376 	3436 	3400
f 3413 	3400 	3434
f 3420 	3424 	3394
f 3424 	3428 	3388
f 3876 	2758 	3872
f 3436 	3434 	3400
f 3390 	3394 	3424
f 3384 	3388 	3428
f 3385 	3384 	3428
f 3428 	3431 	3385
f 3551 	3385 	3431
f 3550 	3551 	3431
f 3775 	1265 	3698
f 3581 	3585 	3550
f 3548 	3550 	3585
f 3431 	3581 	3550
f 3388 	3390 	3424
f 3870 	2758 	3875
f 596 	3896 	3895
f 3871 	3872 	2758
f 3870 	3871 	2758
f 3561 	3554 	3619
f 3556 	3619 	3554
f 2191 	1296 	3778
f 608 	385 	3771
f 3564 	3563 	3619
f 3563 	3561 	3619
f 3619 	3553 	3567
f 3619 	3567 	3559
f 3559 	3560 	3619
f 3560 	3564 	3619
f 3066 	2882 	2880
f 3877 	4304 	3876
f 3880 	4304 	3879
f 3878 	4304 	3877
f 3879 	4304 	3878
f 2884 	2908 	3072
f 3881 	4304 	3880
f 3592 	3595 	3589
f 3595 	3597 	3589
f 3597 	3600 	3589
f 3600 	3572 	3589
f 3587 	3589 	3572
f 3572 	3571 	3587
f 3585 	3587 	3571
f 3571 	3575 	3585
f 3575 	3577 	3585
f 3577 	3544 	3585
f 3546 	3548 	3585
f 3544 	3546 	3585
f 3061 	2884 	3072
f 3898 	3900 	608
f 612 	608 	3900
f 187 	3917 	220
f 195 	3917 	181
f 3311 	219 	3917
f 220 	3917 	219
f 3615 	3159 	3603
f 3603 	3619 	3556
f 3900 	3896 	612
f 596 	612 	3896
f 3611 	3614 	3159
f 2527 	3084 	2902
f 3605 	3609 	3159
f 3609 	3611 	3159
f 2904 	2902 	3084
f 2301 	2914 	2304
f 2303 	3738 	2305
f 2301 	2305 	3738
f 2302 	3737 	2303
f 3731 	3737 	2302
f 3619 	3603 	3159
f 3615 	3606 	3159
f 2305 	2301 	2304
f 2304 	2914 	2306
f 3102 	2906 	2900
f 3605 	3159 	3606
f 3157 	2310 	3159
f 2306 	3039 	2349
f 3153 	3158 	456
f 3883 	3772 	589
f 3176 	3380 	3372
f 11 	3372 	14
f 3884 	3883 	589
f 3774 	3773 	2561
f 3076 	3078 	3047
f 585 	3891 	3886
f 2547 	2561 	3884
f 3889 	3891 	585
f 3889 	3888 	2484
f 3892 	594 	3893
f 3770 	3774 	2561
f 3773 	3772 	2561
f 3883 	3884 	2561
f 3772 	3883 	2561
f 2907 	3101 	2956
f 2466 	2468 	2488
f 2468 	2461 	2488
f 2470 	2466 	2502
f 2488 	2487 	2466
f 2454 	2488 	2461
f 617 	3832 	3824
f 2452 	2454 	3928
f 2461 	3928 	2454
f 2907 	2906 	3102
f 2487 	2502 	2466
f 2497 	2493 	2470
f 621 	3827 	1117
f 2912 	3111 	2913
f 3830 	616 	3821
f 3898 	608 	3771
f 2497 	2470 	2502
f 2917 	3112 	2908
f 594 	3892 	3897
f 2916 	3112 	2917
f 2909 	3058 	2910
f 3058 	3059 	2910
f 634 	616 	3830
f 610 	3899 	3893
f 2913 	3111 	2919
f 2910 	2306 	2914
f 3039 	2306 	3038
f 633 	3835 	3832
f 3899 	610 	3894
f 3913 	620 	3903
f 3834 	632 	578
f 3904 	4304 	3890
f 3903 	620 	3897
f 3830 	638 	634
f 3887 	4304 	3885
f 3888 	619 	3905
f 3908 	4304 	3904
f 3887 	3890 	4304
f 619 	635 	3905
f 3911 	622 	3912
f 3912 	622 	3913
f 3066 	3069 	3081
f 3069 	3064 	3080
f 3080 	3081 	3069
f 3088 	3080 	3064
f 3064 	3062 	3088
f 3612 	627 	3645
f 3920 	3645 	627
f 3066 	3081 	2920
f 3922 	629 	628
f 3922 	628 	3923
f 3059 	3041 	2910
f 1142 	1117 	3827
f 3923 	628 	3933
f 3038 	2306 	2910
f 3041 	3038 	2910
f 630 	3924 	3925
f 630 	3925 	631
f 3920 	627 	3927
f 636 	3927 	627
f 2945 	3926 	3928
f 3929 	637 	631
f 3929 	631 	3925
f 3062 	3061 	3088
f 3061 	3072 	3088
f 3087 	3088 	3072
f 3049 	2920 	3081
f 3924 	630 	629
f 3924 	629 	3922
f 3928 	2461 	2945
f 637 	3929 	3927
f 637 	3927 	636
f 3793 	3903 	3792
f 3795 	3903 	3793
f 3795 	3798 	3903
f 3796 	3903 	3798
f 3791 	3812 	3903
f 3785 	3683 	3788
f 3641 	3932 	3598
f 635 	3598 	3932
f 2352 	2357 	3085
f 3045 	3047 	3078
f 623 	3933 	639
f 3050 	3049 	3081
f 3089 	3090 	3055
f 3090 	3093 	3055
f 3905 	635 	3932
f 3933 	628 	639
f 3806 	3922 	3807
f 645 	3934 	3935
f 645 	3935 	646
f 3812 	3810 	3903
f 3807 	3922 	3808
f 3084 	2470 	2493
f 2493 	2352 	3084
f 644 	3936 	3934
f 644 	3934 	645
f 3081 	3089 	3050
f 3683 	3803 	3804
f 641 	3937 	3938
f 641 	3938 	642
f 643 	3939 	3936
f 643 	3936 	644
f 3800 	3683 	3804
f 3803 	3943 	3806
f 3055 	3050 	3089
f 642 	3938 	3939
f 642 	3939 	643
f 3047 	3055 	3093
f 3093 	3076 	3047
f 640 	4079 	3940
f 2357 	3045 	3078
f 640 	3940 	3937
f 640 	3937 	641
f 3888 	3905 	2484
f 3941 	651 	647
f 3085 	3084 	2352
f 2805 	2484 	3905
f 3078 	3085 	2357
f 646 	3935 	3941
f 646 	3941 	647
f 3942 	649 	648
f 3942 	648 	3943
f 2801 	2805 	3905
f 3072 	3107 	3087
f 3102 	3087 	3112
f 3112 	3117 	3102
f 2795 	2801 	3905
f 2789 	2795 	3905
f 3107 	3112 	3087
f 3895 	3792 	3894
f 3771 	3900 	3898
f 4008 	4009 	3105
f 3101 	3102 	3118
f 3118 	3111 	3101
f 3111 	3105 	4009
f 4009 	3101 	3111
f 3899 	3792 	3893
f 3892 	3893 	3792
f 3894 	3792 	3899
f 3896 	3900 	3792
f 3771 	3792 	3900
f 3895 	3896 	3792
f 3796 	3791 	3903
f 3897 	3892 	3792
f 3907 	2931 	3910
f 3897 	3792 	3903
f 654 	3970 	659
f 2936 	3914 	3910
f 3945 	2762 	3944
f 3946 	2762 	3945
f 661 	3974 	662
f 3947 	2762 	3946
f 3948 	2762 	3947
f 3949 	2762 	3948
f 3810 	3808 	3922
f 3913 	3903 	3810
f 3950 	2762 	3949
f 2936 	3921 	3914
f 3973 	663 	662
f 3980 	3974 	659
f 3810 	3922 	3913
f 3912 	3913 	3922
f 3907 	3902 	3906
f 3907 	3910 	3902
f 3914 	3921 	3901
f 3910 	3914 	3901
f 3902 	3910 	3901
f 2361 	3906 	3902
f 3932 	3641 	3905
f 3911 	3912 	3922
f 3951 	2762 	3950
f 3951 	3849 	2762
f 3855 	2758 	3854
f 3858 	2758 	3857
f 3859 	2758 	3858
f 3920 	3927 	3645
f 3923 	3933 	3922
f 3953 	3957 	3952
f 3954 	3957 	3953
f 3929 	3925 	3924
f 3955 	4194 	3954
f 3965 	652 	651
f 3924 	322 	3929
f 322 	331 	3929
f 3929 	331 	3927
f 3958 	2762 	3956
f 3641 	3629 	3905
f 3629 	3632 	3905
f 3959 	2762 	3958
f 3933 	3911 	3922
f 3944 	2762 	3959
f 3970 	654 	653
f 652 	3965 	653
f 3939 	3942 	3936
f 3917 	3918 	2940
f 3938 	3942 	3939
f 3934 	3936 	3942
f 3973 	662 	3974
f 3937 	313 	3938
f 2935 	3921 	2936
f 2942 	3918 	3919
f 2940 	2950 	3917
f 3935 	3942 	3941
f 3934 	3942 	3935
f 661 	659 	3974
f 3964 	3991 	3963
f 3967 	3989 	3964
f 3984 	658 	657
f 3941 	3942 	3966
f 3968 	3972 	3988
f 658 	3984 	3983
f 658 	3983 	666
f 3957 	3988 	3972
f 3930 	3931 	2950
f 3963 	3992 	3962
f 3971 	3965 	3683
f 3966 	3942 	3965
f 1262 	3694 	2949
f 3930 	2949 	3694
f 3970 	3971 	3683
f 3983 	668 	666
f 3952 	3957 	3972
f 3968 	3988 	3967
f 3956 	4194 	3955
f 3957 	3954 	4194
f 3917 	2950 	3931
f 3995 	3961 	3994
f 3965 	651 	3966
f 3901 	2922 	3902
f 2921 	3902 	2922
f 3974 	3683 	3973
f 3966 	651 	3941
f 3980 	3683 	3974
f 2361 	3902 	2518
f 3902 	2921 	2518
f 4304 	3979 	3981
f 3981 	3999 	4304
f 4049 	4050 	3983
f 3984 	4075 	3983
f 3985 	4075 	3984
f 3827 	621 	618
f 653 	3971 	3970
f 3906 	2924 	3907
f 3971 	653 	3965
f 3988 	3957 	3987
f 3975 	378 	664
f 626 	3832 	617
f 3975 	664 	663
f 3975 	663 	3976
f 3990 	4007 	3779
f 3990 	3779 	3780
f 3834 	3835 	632
f 3976 	663 	3973
f 3991 	3964 	3989
f 3989 	3967 	3988
f 633 	3832 	626
f 3992 	3963 	3991
f 3776 	3990 	3780
f 3984 	657 	3985
f 3780 	3782 	3990
f 3994 	3962 	3993
f 655 	668 	3969
f 3982 	3969 	668
f 3996 	3960 	3995
f 3783 	3780 	3990
f 3983 	3982 	668
f 3541 	650 	3998
f 3980 	659 	3970
f 409 	2499 	650
f 3998 	650 	2499
f 4304 	3908 	3909
f 4304 	3909 	3915
f 3915 	3916 	4304
f 3960 	3996 	3916
f 3962 	3994 	3961
f 3961 	3995 	3960
f 3997 	3916 	3996
f 4304 	3916 	3997
f 4304 	3997 	3977
f 4304 	3977 	3978
f 3979 	4304 	3978
f 4002 	4304 	4001
f 4003 	4308 	4002
f 4045 	674 	678
f 671 	4041 	678
f 4001 	4304 	4000
f 4000 	4304 	3999
f 683 	682 	4050
f 4004 	4308 	4003
f 4050 	682 	686
f 4006 	4308 	4005
f 690 	4053 	691
f 529 	526 	3216
f 3918 	3917 	202
f 198 	202 	3917
f 691 	4053 	686
f 202 	3901 	3918
f 4063 	698 	700
f 3919 	3918 	3901
f 706 	4071 	707
f 4069 	707 	4071
f 2361 	2452 	3926
f 3906 	2361 	3926
f 3928 	3926 	2452
f 707 	4069 	702
f 3208 	3216 	526
f 3701 	3312 	3931
f 3930 	3694 	3701
f 4007 	3990 	3776
f 4007 	3990 	3782
f 3117 	3118 	3102
f 3783 	3990 	4007
f 386 	4041 	671
f 4010 	4011 	4012
f 4010 	4012 	4013
f 4010 	4013 	4023
f 4023 	4024 	4010
f 4014 	4015 	4010
f 4015 	4018 	4010
f 4018 	4016 	4010
f 2449 	2441 	2434
f 2441 	4279 	2434
f 4072 	4010 	4017
f 4017 	4022 	4072
f 4045 	678 	4041
f 4016 	4017 	4010
f 4005 	4308 	4004
f 4218 	4308 	4006
f 4223 	4306 	4222
f 686 	4052 	4050
f 2496 	2797 	2460
f 2503 	2495 	2474
f 690 	4054 	4053
f 4019 	4020 	4072
f 2464 	2463 	2661
f 2474 	2453 	2503
f 690 	655 	3969
f 2459 	2661 	2463
f 4022 	4021 	4072
f 2499 	2503 	2453
f 4021 	4019 	4072
f 3684 	3998 	2453
f 4014 	4010 	4024
f 4063 	700 	4066
f 2495 	2496 	2474
f 702 	4068 	700
f 2460 	2474 	2496
f 2459 	2460 	2797
f 4033 	4027 	4026
f 4028 	4029 	4027
f 4026 	4027 	4029
f 2624 	3179 	2510
f 2434 	2510 	2449
f 543 	1723 	706
f 3202 	3190 	2648
f 3193 	3205 	2648
f 2648 	2646 	2654
f 2623 	2636 	3179
f 4031 	4037 	4035
f 4035 	4034 	4031
f 4034 	4033 	4031
f 1060 	1059 	4313
f 2628 	2623 	3179
f 1747 	587 	4075
f 4026 	4030 	4033
f 4030 	4031 	4033
f 3205 	3202 	2648
f 4315 	3344 	1066
f 4317 	1061 	4313
f 1060 	4313 	1061
f 2640 	2650 	2643
f 2640 	2464 	2650
f 2653 	2654 	2646
f 3985 	657 	674
f 3985 	674 	4036
f 2643 	2653 	2646
f 4319 	1063 	4318
f 1062 	4318 	1063
f 1061 	4317 	4318
f 1061 	4318 	1062
f 1544 	4041 	386
f 4048 	4055 	4040
f 4042 	4048 	4040
f 4038 	4039 	4046
f 4046 	4043 	4038
f 4037 	4038 	4043
f 4044 	4032 	4037
f 4032 	4035 	4037
f 4045 	4036 	674
f 4043 	4044 	4037
f 2653 	2643 	2652
f 2652 	2643 	2650
f 1063 	4319 	1064
f 4048 	4042 	4047
f 683 	4050 	4049
f 2654 	2656 	2648
f 2656 	2659 	2648
f 2659 	2657 	2648
f 1064 	4322 	1066
f 4042 	4089 	4047
f 2657 	3365 	2648
f 3365 	3364 	2648
f 2650 	2464 	2661
f 4046 	4039 	4055
f 4039 	4040 	4055
f 2661 	2459 	2797
f 4054 	690 	3969
f 2449 	2510 	3179
f 708 	683 	4049
f 686 	4053 	4052
f 4057 	4067 	4060
f 4062 	4064 	4056
f 4065 	4056 	4064
f 4061 	4062 	4057
f 4070 	4065 	4073
f 4072 	4020 	4073
f 3192 	2648 	3196
f 3196 	2648 	3195
f 3193 	2648 	3192
f 3190 	3188 	2648
f 3188 	3179 	2648
f 2636 	2637 	3179
f 2637 	2648 	3179
f 2624 	2628 	3179
f 3199 	3195 	2648
f 3208 	3199 	2648
f 4060 	4061 	4057
f 4056 	4057 	4062
f 4377 	1075 	1069
f 4059 	4060 	4067
f 4066 	700 	4068
f 3209 	3280 	2648
f 3280 	3281 	2648
f 3281 	3217 	2648
f 3217 	3211 	2648
f 3211 	3216 	2648
f 3216 	3208 	2648
f 4064 	4073 	4065
f 4025 	4073 	4020
f 702 	4069 	4068
f 4070 	4073 	4025
f 4071 	706 	1723
f 4072 	4073 	4074
f 708 	4075 	587
f 4075 	708 	4049
f 4102 	4087 	4077
f 4080 	4086 	4078
f 4054 	3969 	4053
f 4052 	4053 	3969
f 3969 	3982 	4052
f 3982 	3983 	4052
f 4050 	4052 	3983
f 4036 	4075 	3985
f 4045 	4075 	4036
f 4041 	4075 	4045
f 1544 	4075 	4041
f 713 	4079 	640
f 4081 	4086 	4080
f 4076 	4097 	4082
f 712 	738 	4083
f 1717 	1719 	4068
f 4068 	4069 	1717
f 4069 	4071 	1717
f 1723 	1717 	4071
f 4063 	4066 	1719
f 4085 	4103 	4084
f 4081 	4058 	4088
f 4059 	4088 	4058
f 712 	4083 	4079
f 712 	4079 	713
f 649 	3942 	315
f 313 	315 	3942
f 4084 	4078 	4086
f 648 	320 	3943
f 322 	3943 	320
f 313 	3940 	4079
f 4082 	4077 	4087
f 4087 	4102 	4085
f 3364 	3209 	2648
f 4086 	4081 	4088
f 4067 	4088 	4059
f 3531 	3528 	3537
f 3528 	3686 	3366
f 3367 	3366 	3686
f 3368 	3367 	3686
f 3686 	3687 	3368
f 3366 	3537 	3528
f 3537 	3535 	3531
f 3532 	3531 	3535
f 3535 	3522 	3532
f 3522 	3523 	3533
f 3523 	1137 	3533
f 4099 	4100 	4093
f 4093 	4094 	4099
f 4094 	4095 	4099
f 4098 	4099 	4095
f 4092 	4093 	4100
f 4095 	4096 	4098
f 4076 	4098 	4096
f 4097 	4076 	4096
f 4077 	4082 	4097
f 4100 	4101 	4092
f 4091 	4092 	4101
f 4101 	4051 	4091
f 541 	1137 	3523
f 1136 	3533 	1137
f 4090 	4091 	4051
f 3533 	3532 	3522
f 4051 	4047 	4089
f 4089 	4090 	4051
f 3684 	3685 	3540
f 3540 	3541 	3684
f 3541 	3998 	3684
f 4103 	4085 	4102
f 4078 	4084 	4103
f 4106 	4107 	4108
f 3105 	4108 	4008
f 4079 	4083 	313
f 3942 	3938 	313
f 3937 	3940 	313
f 3943 	322 	3922
f 4008 	4108 	4107
f 4104 	4106 	4108
f 3865 	3813 	1341
f 176 	1719 	230
f 178 	1719 	176
f 180 	1719 	178
f 183 	1719 	180
f 186 	1719 	183
f 4063 	1719 	186
f 4105 	4118 	4104
f 4111 	4112 	4117
f 4113 	4117 	4112
f 4110 	4113 	4112
f 4112 	4119 	4110
f 200 	313 	190
f 210 	313 	200
f 1345 	3816 	3815
f 4116 	4111 	4115
f 4114 	4115 	4111
f 4111 	4116 	4105
f 4118 	4105 	4116
f 206 	313 	210
f 4083 	190 	313
f 4114 	4111 	4117
f 1349 	1345 	3851
f 205 	313 	206
f 194 	313 	197
f 197 	313 	205
f 192 	313 	194
f 4106 	4104 	4118
f 313 	192 	218
f 4122 	4120 	4162
f 3650 	3655 	4120
f 4121 	4120 	4122
f 230 	1719 	237
f 4124 	4125 	4138
f 760 	763 	269
f 1286 	3775 	3794
f 250 	4418 	255
f 4125 	4129 	4138
f 4127 	4132 	4138
f 4133 	4138 	4132
f 4132 	4128 	4133
f 269 	763 	768
f 3778 	1296 	3784
f 4109 	4119 	4128
f 4109 	4110 	4119
f 4131 	4126 	4138
f 4126 	4127 	4138
f 289 	298 	269
f 263 	269 	298
f 274 	1719 	298
f 275 	1719 	274
f 280 	1719 	275
f 237 	1719 	280
f 2677 	298 	1721
f 4128 	4119 	4133
f 310 	772 	771
f 309 	4418 	310
f 310 	340 	221
f 221 	340 	218
f 4129 	4130 	4138
f 4130 	4131 	4138
f 313 	218 	340
f 255 	4418 	309
f 716 	176 	230
f 4160 	4452 	4137
f 4136 	4137 	4452
f 3922 	322 	3924
f 719 	178 	720
f 313 	340 	322
f 3659 	3927 	331
f 322 	340 	331
f 716 	720 	178
f 352 	331 	340
f 3645 	3927 	3659
f 356 	331 	352
f 4063 	186 	698
f 4143 	4144 	4142
f 4141 	4142 	4144
f 4144 	4145 	4141
f 4140 	4141 	4145
f 4145 	4146 	4140
f 4139 	4140 	4146
f 4146 	4158 	4139
f 4139 	4157 	4119
f 4178 	1310 	4147
f 4147 	3779 	4007
f 378 	1770 	376
f 4150 	4151 	4159
f 4154 	4155 	4151
f 4151 	4152 	4154
f 4156 	4154 	4152
f 4149 	4156 	4152
f 4148 	4149 	4152
f 4007 	3776 	4147
f 3975 	3683 	378
f 3976 	3683 	3975
f 4007 	3782 	4147
f 1312 	4147 	3782
f 376 	1770 	1551
f 4155 	4159 	4151
f 210 	746 	744
f 4147 	3783 	4007
f 4133 	4119 	4153
f 4153 	4119 	4157
f 210 	741 	746
f 1562 	4075 	1563
f 4157 	4139 	4158
f 4159 	4161 	4150
f 4161 	4160 	4150
f 4137 	4150 	4160
f 1587 	4075 	1562
f 1561 	4075 	1587
f 1560 	4075 	1561
f 1563 	4075 	1544
f 2191 	1162 	1296
f 2277 	2273 	4162
f 4122 	4162 	2273
f 731 	230 	732
f 731 	716 	230
f 4233 	4163 	4165
f 4164 	4165 	4163
f 1300 	1298 	3790
f 221 	218 	733
f 1657 	1665 	1747
f 1747 	4075 	1630
f 221 	733 	772
f 1609 	1747 	1630
f 4177 	4174 	4170
f 4174 	4172 	4169
f 4176 	4177 	4171
f 4163 	4176 	4171
f 4168 	4169 	4172
f 4169 	4170 	4174
f 4172 	4173 	4168
f 4173 	4175 	4167
f 4166 	4167 	4175
f 1608 	1747 	1609
f 1613 	1618 	1747
f 1608 	1614 	1747
f 719 	180 	178
f 4167 	4168 	4173
f 1618 	1645 	1747
f 1645 	1601 	1747
f 1614 	1613 	1747
f 719 	723 	180
f 183 	180 	723
f 1601 	1599 	1747
f 1599 	1657 	1747
f 183 	723 	186
f 725 	186 	723
f 4170 	4171 	4177
f 716 	178 	176
f 4184 	3956 	4183
f 725 	698 	186
f 1775 	1652 	1551
f 190 	4083 	738
f 735 	192 	194
f 735 	194 	736
f 1665 	1671 	1747
f 1834 	1747 	1671
f 3776 	1308 	4147
f 4180 	3956 	4179
f 4181 	3956 	4180
f 4182 	3956 	4181
f 4183 	3956 	4182
f 2762 	4179 	3956
f 4185 	3956 	4184
f 4186 	3956 	4185
f 4187 	3956 	4186
f 4188 	3956 	4187
f 197 	737 	194
f 736 	194 	737
f 4178 	4147 	1312
f 1560 	1630 	4075
f 4049 	3983 	4075
f 738 	741 	190
f 200 	190 	741
f 4192 	3956 	4191
f 4190 	4191 	3956
f 4193 	3956 	4192
f 4194 	3956 	4193
f 1834 	1671 	1775
f 4189 	4190 	3956
f 4178 	1316 	4147
f 4188 	4189 	3956
f 3993 	3962 	3992
f 206 	744 	205
f 743 	205 	744
f 4195 	4194 	4217
f 744 	206 	210
f 4196 	4194 	4195
f 200 	741 	210
f 4197 	4194 	4196
f 4066 	4068 	1719
f 1721 	298 	1719
f 4198 	4194 	4197
f 743 	737 	205
f 197 	205 	737
f 218 	192 	734
f 735 	734 	192
f 4200 	4194 	4199
f 3901 	202 	2922
f 732 	230 	237
f 1727 	1729 	1761
f 4201 	4194 	4200
f 1729 	1735 	1761
f 4202 	4194 	4201
f 3910 	2931 	2930
f 1735 	1746 	1761
f 732 	237 	766
f 280 	766 	237
f 3910 	2930 	2936
f 4204 	4205 	4194
f 734 	733 	218
f 2942 	2940 	3918
f 1725 	1714 	1761
f 1714 	1715 	1761
f 1715 	1727 	1761
f 772 	310 	221
f 2935 	3919 	3921
f 250 	758 	249
f 757 	249 	758
f 4205 	4206 	4194
f 1834 	1761 	1747
f 1746 	1747 	1761
f 1761 	2792 	1725
f 1738 	1725 	2792
f 4206 	3957 	4194
f 249 	757 	871
f 4207 	3957 	4206
f 4202 	4203 	4194
f 759 	758 	255
f 250 	255 	758
f 1724 	1738 	2792
f 771 	759 	255
f 309 	771 	255
f 4209 	3957 	4208
f 202 	1998 	2922
f 760 	263 	863
f 1775 	1551 	1770
f 2870 	2871 	3683
f 2866 	2870 	3683
f 3986 	3957 	4209
f 4208 	3957 	4207
f 3987 	3957 	3986
f 263 	760 	269
f 275 	274 	764
f 765 	764 	274
f 1652 	1775 	1671
f 4211 	4212 	4299
f 1842 	1851 	1839
f 766 	280 	764
f 275 	764 	280
f 4194 	4299 	4212
f 269 	768 	289
f 4214 	4194 	4213
f 1846 	1851 	1842
f 1851 	1850 	1839
f 3907 	2924 	2931
f 769 	298 	768
f 289 	768 	298
f 4215 	4194 	4214
f 298 	769 	765
f 298 	765 	274
f 1783 	3299 	1861
f 4216 	4194 	4215
f 1868 	1883 	1850
f 4217 	4194 	4216
f 771 	309 	310
f 2933 	3919 	2935
f 1861 	3300 	1864
f 4213 	4194 	4212
f 4199 	4194 	4198
f 4203 	4204 	4194
f 1839 	1850 	1883
f 2942 	3919 	2933
f 4219 	4308 	4218
f 4220 	4308 	4219
f 2945 	2944 	3926
f 1868 	1879 	1888
f 1883 	1868 	1888
f 1890 	1888 	1879
f 1879 	1881 	1890
f 1759 	1890 	1881
f 4221 	4306 	4220
f 4222 	4306 	4221
f 3926 	2944 	3906
f 2924 	3906 	2944
f 2678 	298 	2677
f 263 	298 	2678
f 2949 	3930 	2950
f 4226 	4306 	4225
f 4225 	4306 	4224
f 2691 	4418 	2686
f 4227 	4306 	4226
f 2692 	2837 	2691
f 249 	4418 	250
f 4228 	4306 	4227
f 4229 	4306 	4228
f 4224 	4306 	4223
f 2696 	2837 	2692
f 4230 	4299 	4229
f 4008 	2960 	2956
f 4008 	2956 	4009
f 2779 	2837 	2699
f 4232 	4299 	4231
f 4304 	4002 	4308
f 4308 	4220 	4306
f 4107 	3222 	4008
f 1724 	2779 	2668
f 2668 	2779 	2699
f 4176 	4163 	4233
f 1369 	3251 	4123
f 1081 	4387 	1082
f 2966 	4011 	4010
f 2966 	4010 	2967
f 2969 	4013 	4012
f 2969 	4012 	2970
f 1881 	2853 	1759
f 2844 	2782 	2853
f 4388 	1091 	4387
f 1082 	4387 	1091
f 4013 	2969 	4023
f 2991 	4023 	2969
f 2779 	1724 	2792
f 2970 	4012 	4011
f 2970 	4011 	2966
f 4418 	2691 	2837
f 2696 	2699 	2837
f 4236 	4237 	4241
f 4166 	4175 	4237
f 4236 	4240 	4235
f 70 	4234 	4239
f 4235 	4240 	4234
f 4014 	2980 	2985
f 4014 	2985 	4015
f 311 	70 	4238
f 4388 	1094 	1091
f 4016 	2976 	2975
f 4016 	2975 	4017
f 4240 	4236 	4241
f 4239 	4238 	70
f 2976 	4016 	4018
f 2976 	4018 	2977
f 2802 	2806 	4418
f 2818 	4418 	2806
f 1079 	4391 	1080
f 2984 	4017 	2975
f 4241 	4237 	4175
f 4015 	2985 	2977
f 4015 	2977 	4018
f 2813 	4418 	2814
f 2800 	4418 	2826
f 4019 	2990 	2989
f 4019 	2989 	4020
f 4243 	4244 	4246
f 4256 	4246 	4244
f 4245 	4256 	4244
f 4247 	4249 	4243
f 4246 	4247 	4243
f 4242 	4243 	4249
f 4376 	4374 	1070
f 4249 	4248 	4242
f 4164 	4242 	4248
f 2990 	4019 	4021
f 2990 	4021 	2983
f 3369 	3687 	3685
f 4378 	4376 	1072
f 1070 	1072 	4376
f 4165 	4164 	4248
f 4017 	2984 	4022
f 3369 	3368 	3687
f 981 	3350 	1072
f 3540 	3685 	3687
f 2983 	4021 	4022
f 2983 	4022 	2984
f 1134 	1121 	3819
f 4250 	4255 	4251
f 4252 	4253 	4251
f 4254 	4251 	4253
f 4250 	4251 	4254
f 2980 	4014 	4024
f 2980 	4024 	2981
f 3819 	1121 	3822
f 3822 	1121 	3821
f 4245 	4251 	4255
f 2981 	4024 	4023
f 2981 	4023 	2991
f 1075 	4377 	1078
f 3835 	3834 	3826
f 3824 	3835 	3826
f 3827 	3826 	3834
f 4255 	4256 	4245
f 2988 	3123 	4025
f 4257 	4252 	4251
f 4257 	4251 	4258
f 3832 	3835 	3824
f 1142 	3827 	3834
f 1140 	1142 	3533
f 1136 	1140 	3533
f 2988 	4025 	4020
f 2988 	4020 	2989
f 4254 	4259 	4250
f 4383 	4382 	1087
f 1084 	1087 	4382
f 3830 	3821 	1121
f 3839 	3830 	1121
f 4260 	4250 	4259
f 1089 	4384 	1087
f 2499 	2453 	3998
f 2994 	4030 	4026
f 2994 	4026 	4029
f 2994 	4029 	2995
f 4271 	4269 	4262
f 4269 	4270 	4262
f 4270 	4263 	4262
f 4266 	4267 	4261
f 384 	4261 	324
f 4261 	4262 	4266
f 1323 	3801 	3802
f 4240 	4241 	4262
f 4271 	4262 	4241
f 4028 	3000 	2995
f 4028 	2995 	4029
f 656 	1626 	660
f 4027 	3002 	3000
f 4027 	3000 	4028
f 4265 	4266 	4262
f 1668 	660 	1626
f 1668 	665 	660
f 4263 	4268 	4262
f 665 	1668 	1672
f 667 	665 	1672
f 1312 	3782 	3817
f 60 	76 	57
f 58 	77 	60
f 54 	57 	66
f 66 	374 	54
f 4240 	4239 	4234
f 4238 	81 	311
f 76 	60 	77
f 66 	57 	76
f 1672 	1675 	667
f 77 	58 	81
f 58 	311 	81
f 3863 	1333 	2195
f 699 	1678 	1944
f 670 	1675 	1678
f 670 	667 	1675
f 699 	670 	1678
f 328 	342 	395
f 342 	345 	395
f 333 	355 	328
f 333 	762 	362
f 369 	362 	762
f 399 	395 	345
f 345 	384 	399
f 324 	399 	384
f 4272 	673 	4284
f 342 	328 	355
f 4273 	677 	673
f 4273 	673 	4272
f 4274 	679 	677
f 4274 	677 	4273
f 355 	333 	362
f 4275 	681 	679
f 4275 	679 	4274
f 369 	405 	366
f 4276 	685 	681
f 4276 	681 	4275
f 366 	64 	374
f 64 	54 	374
f 4277 	688 	685
f 4277 	685 	4276
f 4278 	689 	688
f 4278 	688 	4277
f 4267 	324 	4261
f 4264 	4265 	4262
f 4279 	693 	689
f 4279 	689 	4278
f 4046 	3110 	4043
f 4279 	142 	693
f 4268 	4264 	4262
f 64 	366 	405
f 762 	405 	369
f 4047 	3115 	4048
f 919 	920 	910
f 912 	919 	910
f 914 	912 	910
f 3115 	4047 	3116
f 4051 	3116 	4047
f 3815 	3851 	1345
f 3006 	4031 	4030
f 933 	910 	941
f 944 	941 	910
f 932 	910 	933
f 977 	910 	932
f 928 	910 	977
f 947 	944 	910
f 948 	947 	910
f 1405 	1400 	957
f 960 	910 	962
f 928 	962 	910
f 4280 	697 	4281
f 696 	4281 	697
f 920 	948 	910
f 957 	967 	960
f 1354 	1346 	3809
f 3002 	4027 	4033
f 960 	967 	910
f 3013 	4033 	4034
f 696 	4282 	4281
f 4035 	3013 	4034
f 967 	957 	1401
f 1401 	957 	1400
f 1400 	1405 	1403
f 4032 	3018 	4035
f 1407 	1403 	1405
f 4032 	4044 	3018
f 3006 	3020 	4031
f 4040 	4039 	3024
f 1286 	1265 	3775
f 1407 	1533 	1509
f 1506 	1509 	1533
f 1502 	1407 	1509
f 1505 	1506 	1533
f 1403 	1407 	1502
f 1533 	1557 	1505
f 695 	4282 	696
f 1518 	1505 	1557
f 4038 	3026 	4039
f 3024 	4039 	3026
f 1550 	1623 	1557
f 3026 	4038 	4037
f 4277 	4291 	4278
f 4276 	4291 	4277
f 4275 	4291 	4276
f 4274 	4291 	4275
f 4273 	4291 	4274
f 2639 	2645 	1541
f 1554 	2639 	1541
f 4043 	3109 	4044
f 4281 	4279 	4280
f 1536 	1586 	1546
f 4043 	3110 	3109
f 3786 	1297 	3787
f 2576 	2639 	1554
f 4046 	4055 	3110
f 3789 	1298 	3786
f 1297 	3786 	1298
f 4282 	2434 	4279
f 4281 	4282 	4279
f 1944 	761 	699
f 3789 	3790 	1298
f 1944 	1948 	761
f 1683 	3033 	1666
f 3784 	1295 	3790
f 1574 	1666 	3033
f 701 	4289 	4283
f 701 	4283 	4284
f 701 	4284 	705
f 1610 	1631 	1664
f 1550 	1586 	1627
f 1597 	1602 	1586
f 1602 	1627 	1586
f 4055 	3113 	3110
f 673 	705 	4284
f 1610 	1664 	1606
f 1670 	1606 	1664
f 3006 	4030 	3007
f 1309 	1308 	3777
f 3007 	4030 	2994
f 3779 	1310 	3777
f 1627 	1617 	1550
f 1550 	1617 	1623
f 1639 	1557 	1623
f 4287 	1310 	4178
f 3002 	4033 	3011
f 1632 	1586 	1631
f 1586 	1664 	1631
f 3013 	3011 	4033
f 1518 	1557 	1639
f 4035 	3015 	3013
f 4178 	4147 	1308
f 3018 	3015 	4035
f 1597 	1586 	1632
f 1312 	4287 	4178
f 4037 	4031 	3020
f 4040 	3022 	4042
f 3021 	4042 	3022
f 4287 	1316 	4178
f 1664 	2641 	1661
f 3022 	4040 	3024
f 3794 	1305 	1286
f 1670 	1679 	1666
f 1664 	1679 	1670
f 1679 	1683 	1666
f 3021 	3194 	4042
f 4037 	3020 	3026
f 3108 	4044 	3109
f 2266 	2265 	2268
f 2265 	2264 	2268
f 2264 	2286 	2268
f 2274 	2276 	2610
f 2268 	2610 	2276
f 2274 	2609 	2571
f 2276 	2279 	2268
f 2279 	2271 	2268
f 2283 	2272 	2268
f 2270 	2268 	2272
f 2269 	2268 	2270
f 3787 	1299 	3794
f 4044 	3108 	3018
f 2271 	2283 	2268
f 3114 	4048 	3115
f 2293 	2268 	2286
f 2286 	2299 	2293
f 2299 	2295 	2293
f 2290 	2295 	2296
f 2269 	2267 	2268
f 2267 	2266 	2268
f 3776 	3777 	1308
f 749 	697 	4290
f 2297 	2290 	2296
f 2290 	2293 	2295
f 1309 	3777 	1310
f 3113 	4055 	3114
f 4048 	3114 	4055
f 4297 	1310 	4287
f 2639 	2576 	2581
f 2580 	2581 	2576
f 1536 	1541 	2645
f 2574 	2593 	2576
f 2571 	2589 	2574
f 4294 	750 	4290
f 2606 	2574 	2589
f 2593 	2580 	2576
f 2589 	2571 	2609
f 4296 	755 	4295
f 4298 	4299 	4232
f 4298 	4210 	4299
f 4312 	1059 	1093
f 4210 	4211 	4299
f 4231 	4299 	4230
f 4306 	4229 	4299
f 4299 	4300 	4301
f 2 	4302 	4300
f 4299 	3 	4300
f 2 	4300 	3
f 4329 	3157 	4328
f 4306 	4299 	4305
f 4301 	4305 	4299
f 724 	4285 	4289
f 4391 	1079 	1096
f 3187 	4088 	4067
f 4304 	4308 	4303
f 4308 	4307 	4303
f 4280 	4290 	697
f 751 	4291 	752
f 4309 	2855 	1054
f 4309 	1054 	2861
f 752 	4292 	4293
f 4314 	4316 	4307
f 972 	1066 	3344
f 4291 	751 	4294
f 4316 	4320 	4307
f 4311 	4314 	4307
f 4320 	4321 	4307
f 755 	4296 	4286
f 4303 	4307 	4321
f 4319 	4322 	1064
f 4323 	4303 	4321
f 2839 	4418 	2837
f 4315 	1066 	4322
f 4324 	4303 	4323
f 4325 	4303 	4324
f 4418 	2839 	2834
f 4418 	2834 	2803
f 4418 	2803 	2802
f 2826 	4418 	2813
f 4326 	4303 	4325
f 1308 	4297 	4287
f 4287 	4178 	1308
f 2593 	2574 	2606
f 1759 	2853 	2782
f 4327 	4303 	4326
f 4287 	1312 	4297
f 2857 	2841 	2854
f 4328 	4303 	4327
f 4303 	4328 	3157
f 2846 	2852 	2842
f 2854 	2842 	2852
f 4297 	1316 	4287
f 2842 	2854 	2841
f 2848 	2841 	2857
f 2857 	4418 	2848
f 4330 	3157 	4329
f 96 	3157 	4330
f 101 	102 	3157
f 1321 	3797 	3799
f 340 	310 	4418
f 2686 	4418 	249
f 2800 	2848 	4418
f 2818 	2814 	4418
f 4062 	3127 	4064
f 4332 	4333 	4362
f 1322 	1319 	3801
f 4333 	4334 	4362
f 2846 	2844 	2852
f 2853 	2852 	2844
f 1322 	3801 	1323
f 3802 	3805 	1323
f 4331 	4332 	4362
f 3132 	4073 	4064
f 4336 	4337 	4307
f 2858 	4416 	2856
f 2859 	4416 	2858
f 4338 	4339 	4307
f 4339 	4310 	4307
f 4335 	4336 	4307
f 2856 	4418 	2857
f 2860 	4416 	2859
f 4310 	4311 	4307
f 1872 	3344 	2861
f 4337 	4338 	4307
f 3119 	4067 	3120
f 3122 	4065 	3123
f 4307 	4362 	4335
f 4334 	4335 	4362
f 4285 	724 	770
f 4070 	4025 	3123
f 3817 	1328 	1312
f 4342 	4343 	4361
f 1332 	1361 	3860
f 3783 	1316 	3860
f 3126 	3128 	4060
f 4061 	3127 	4062
f 4341 	4342 	4361
f 3867 	1338 	3863
f 4292 	752 	4291
f 3132 	4064 	3127
f 1333 	3863 	1338
f 4346 	4362 	4345
f 752 	4293 	753
f 749 	4290 	750
f 4347 	4362 	4346
f 4343 	4344 	4361
f 4348 	4362 	4347
f 4295 	754 	4293
f 753 	4293 	754
f 4349 	4350 	4362
f 4295 	755 	754
f 4344 	4345 	4362
f 3120 	4057 	3121
f 4056 	3121 	4057
f 4351 	4331 	4362
f 4350 	4351 	4362
f 3121 	4056 	3122
f 4065 	3122 	4056
f 4057 	3120 	4067
f 1341 	3813 	1352
f 4288 	730 	4286
f 739 	4286 	730
f 4070 	3123 	4065
f 740 	4289 	701
f 4353 	4361 	4352
f 724 	4289 	740
f 1345 	1344 	3816
f 1349 	3851 	3869
f 4060 	4059 	3126
f 1346 	1352 	3814
f 4352 	1422 	1402
f 750 	4294 	751
f 4061 	4060 	3128
f 3816 	1344 	3856
f 4357 	4358 	4361
f 4061 	3128 	3127
f 4358 	4359 	4361
f 2967 	4010 	4072
f 4359 	4360 	4361
f 4354 	4361 	4353
f 4286 	739 	755
f 3129 	4072 	4074
f 4360 	4340 	4361
f 1422 	4352 	4361
f 4355 	4361 	4354
f 4072 	3129 	2967
f 4378 	1072 	3350
f 4340 	4341 	4361
f 4362 	4361 	4344
f 4356 	4357 	4361
f 4355 	4356 	4361
f 4296 	4295 	4283
f 4283 	4289 	4296
f 4286 	4296 	4289
f 4288 	4286 	4285
f 4349 	4362 	4348
f 19 	18 	3848
f 3848 	4361 	19
f 4305 	4363 	4307
f 4366 	4363 	4305
f 4364 	4363 	4366
f 4380 	4288 	4285
f 22 	4363 	23
f 4365 	4363 	4364
f 22 	4362 	4363
f 4305 	4301 	4366
f 7 	4367 	4366
f 4367 	4364 	4366
f 4362 	4307 	4363
f 4272 	4292 	4273
f 4280 	4279 	4290
f 6 	4368 	4367
f 6 	4367 	7
f 4291 	4273 	4292
f 4284 	4283 	4295
f 34 	2772 	3156
f 4383 	1087 	4384
f 4272 	4284 	4292
f 34 	33 	2764
f 34 	2764 	2772
f 4059 	4058 	3124
f 3125 	3124 	4058
f 32 	2766 	2764
f 32 	2764 	33
f 4290 	4279 	4294
f 4278 	4291 	4279
f 4384 	1089 	1078
f 4059 	3124 	3126
f 31 	2767 	2766
f 31 	2766 	32
f 4294 	4279 	4291
f 31 	2768 	2767
f 4386 	1081 	4385
f 1080 	4385 	1081
f 4293 	4292 	4284
f 4058 	3173 	3125
f 31 	26 	2768
f 4295 	4293 	4284
f 1081 	4386 	4387
f 26 	2769 	2768
f 25 	2770 	2769
f 25 	2769 	26
f 1948 	778 	761
f 1948 	1951 	778
f 4390 	1094 	4388
f 37 	2770 	25
f 4389 	4312 	1093
f 2770 	37 	2771
f 4074 	3130 	3129
f 4073 	3131 	4074
f 3130 	4074 	3131
f 4389 	1093 	4390
f 1094 	4390 	1093
f 3132 	3131 	4073
f 2771 	37 	2784
f 1080 	4391 	4385
f 37 	2785 	2784
f 37 	53 	2785
f 53 	2787 	2785
f 2787 	52 	2788
f 1067 	4374 	1069
f 4373 	1069 	4374
f 2787 	53 	52
f 1067 	1070 	4374
f 52 	51 	2775
f 52 	2775 	2788
f 50 	2774 	2775
f 51 	50 	2775
f 50 	2790 	2774
f 50 	49 	2790
f 49 	2791 	2790
f 1069 	4373 	4377
f 4379 	777 	4380
f 2791 	48 	2777
f 1078 	4377 	4381
f 4380 	777 	4288
f 49 	48 	2791
f 48 	47 	2777
f 2778 	2777 	47
f 40 	2778 	47
f 4370 	4285 	770
f 4086 	4088 	3187
f 40 	39 	2778
f 1078 	4381 	4384
f 2778 	39 	2755
f 2042 	4370 	770
f 2609 	2274 	2610
f 4371 	775 	4372
f 4375 	773 	775
f 4375 	775 	4371
f 2622 	1658 	2634
f 2641 	2634 	1658
f 1658 	1661 	2641
f 3583 	2622 	2630
f 1586 	2641 	1664
f 1550 	1546 	1586
f 1586 	1536 	2645
f 2634 	2630 	2622
f 1096 	4392 	4391
f 2958 	2952 	3030
f 3031 	3030 	2952
f 2952 	1574 	3031
f 3033 	3031 	1574
f 777 	4379 	776
f 2965 	2961 	2968
f 2968 	2961 	2972
f 2972 	2961 	2974
f 3156 	1174 	34
f 2865 	3683 	2864
f 4101 	3210 	4051
f 2816 	2810 	82
f 2816 	82 	84
f 2817 	2816 	84
f 2817 	84 	105
f 4369 	4372 	767
f 774 	767 	4372
f 2820 	2817 	105
f 2820 	105 	408
f 2822 	2820 	408
f 2822 	408 	410
f 2824 	2822 	410
f 2824 	410 	412
f 1412 	4401 	1406
f 2827 	2824 	412
f 412 	784 	2827
f 775 	774 	4372
f 4076 	3181 	3215
f 2835 	2964 	786
f 4081 	3173 	4058
f 2836 	2835 	786
f 2836 	786 	788
f 397 	773 	2053
f 4375 	2053 	773
f 4081 	4080 	3173
f 3175 	3173 	4080
f 2838 	2836 	788
f 2838 	788 	790
f 4369 	767 	776
f 776 	4379 	4369
f 2838 	790 	792
f 4082 	3182 	4076
f 3181 	4076 	3182
f 2840 	2838 	792
f 2840 	792 	799
f 2843 	2840 	799
f 2845 	2843 	799
f 2845 	799 	802
f 3184 	4085 	4084
f 2847 	2845 	802
f 2847 	802 	807
f 4084 	4086 	3186
f 4288 	777 	730
f 3183 	3182 	4087
f 4082 	4087 	3182
f 2850 	807 	816
f 2849 	2847 	807
f 3183 	4087 	3184
f 4085 	3184 	4087
f 2042 	4371 	4370
f 4369 	4379 	4370
f 4285 	4370 	4379
f 2850 	2849 	807
f 816 	818 	2851
f 3186 	4086 	3187
f 2850 	816 	2851
f 4371 	2042 	4375
f 4372 	4370 	4371
f 1417 	4408 	1418
f 2879 	2851 	818
f 4372 	4369 	4370
f 2879 	818 	826
f 2881 	2879 	826
f 2053 	4375 	2042
f 2881 	826 	830
f 4078 	3175 	4080
f 4379 	4380 	4285
f 830 	2810 	2881
f 2810 	830 	82
f 4289 	4285 	4286
f 2891 	2890 	835
f 1951 	1141 	778
f 2891 	835 	834
f 2903 	2891 	834
f 1141 	1951 	1954
f 1446 	4415 	1447
f 2903 	834 	836
f 2871 	3302 	1769
f 2925 	2903 	836
f 1783 	1769 	3302
f 4091 	3201 	4092
f 3200 	4092 	3201
f 2829 	2827 	839
f 1769 	3683 	2871
f 2965 	2978 	2961
f 1099 	4395 	1100
f 3301 	1864 	3300
f 4092 	3200 	4093
f 4095 	4094 	3207
f 1783 	3302 	3299
f 3298 	1861 	3299
f 3300 	1861 	3298
f 2827 	784 	839
f 4093 	3206 	4094
f 2911 	2829 	839
f 1300 	3790 	1295
f 2911 	839 	841
f 3215 	4098 	4076
f 842 	2911 	841
f 3307 	3308 	3306
f 3306 	2868 	3305
f 3363 	3304 	2867
f 3620 	3621 	3304
f 2868 	3306 	3308
f 2867 	3305 	2868
f 1305 	3794 	1299
f 842 	2915 	2911
f 4099 	4098 	3215
f 3009 	3004 	2955
f 3023 	3009 	2955
f 2961 	2955 	3004
f 2993 	3023 	2955
f 2974 	2961 	3004
f 2992 	2993 	2955
f 3025 	2992 	2955
f 2955 	2958 	3017
f 3017 	2987 	2955
f 2998 	2955 	2997
f 3025 	2955 	2998
f 4395 	1099 	1105
f 1872 	3342 	3345
f 4100 	3210 	4101
f 2997 	2955 	2987
f 3346 	1872 	3345
f 4404 	4403 	1408
f 3029 	3012 	2958
f 3030 	3029 	2958
f 3012 	3017 	2958
f 3116 	4051 	3210
f 3347 	1872 	3346
f 1410 	4405 	1408
f 3201 	4091 	4090
f 3344 	1872 	3347
f 4315 	2861 	3344
f 3133 	3220 	4077
f 3221 	4103 	4102
f 3349 	4404 	3348
f 3343 	3838 	3349
f 4377 	4378 	4381
f 3557 	3558 	3555
f 3558 	3569 	3555
f 3569 	3565 	3555
f 3565 	3566 	3555
f 3566 	3568 	3555
f 3568 	3578 	3555
f 3562 	3555 	3578
f 3578 	3579 	3562
f 4103 	3221 	4078
f 3579 	3582 	3562
f 2630 	3562 	3582
f 3582 	3583 	2630
f 1872 	1871 	3342
f 3352 	3342 	1871
f 3301 	3352 	1871
f 1871 	1864 	3301
f 4401 	1412 	1411
f 3305 	2867 	3304
f 3133 	4077 	4097
f 3555 	3591 	3593
f 3555 	3593 	3602
f 3555 	3602 	3557
f 1084 	4382 	1410
f 3357 	3683 	3356
f 3358 	3683 	3357
f 3356 	3683 	3355
f 635 	627 	3598
f 627 	3612 	3598
f 2869 	3683 	3358
f 2342 	3647 	3649
f 1461 	2342 	354
f 4407 	1035 	1443
f 3353 	4427 	3359
f 3355 	4427 	3354
f 3353 	3354 	4427
f 3655 	3650 	2287
f 2280 	3655 	2281
f 1100 	4394 	1443
f 3653 	3657 	3650
f 3657 	2287 	3650
f 4084 	3185 	3184
f 3360 	3304 	3361
f 3617 	3304 	3360
f 3361 	3304 	3362
f 3185 	4084 	3186
f 4162 	4120 	3655
f 3362 	3304 	3363
f 3621 	3625 	3303
f 3620 	3304 	3617
f 332 	3649 	3660
f 3683 	3848 	1986
f 1417 	1416 	4410
f 18 	17 	1986
f 18 	1986 	3848
f 3359 	4427 	3622
f 4410 	1416 	1415
f 3849 	3951 	1994
f 3351 	3303 	3625
f 3850 	3849 	1994
f 3850 	1994 	1996
f 3624 	3825 	3623
f 3626 	3825 	3624
f 4067 	3119 	3187
f 3852 	3850 	1996
f 3852 	1996 	1999
f 3628 	3622 	4427
f 1999 	3853 	3852
f 1999 	2001 	3853
f 4078 	3191 	3175
f 4078 	3221 	3191
f 2001 	3854 	3853
f 1447 	4414 	1096
f 3303 	3304 	3621
f 3628 	3825 	3627
f 2001 	2003 	3854
f 4089 	4042 	3194
f 2005 	3854 	2003
f 4415 	1446 	1404
f 3197 	4090 	4089
f 3197 	4089 	3194
f 3855 	3854 	2005
f 3198 	3133 	4097
f 3857 	3855 	2005
f 3625 	3623 	3825
f 1105 	4396 	4395
f 3351 	3625 	3825
f 3857 	2005 	2008
f 4396 	1105 	1406
f 3858 	3857 	2008
f 3198 	4097 	3203
f 4096 	3203 	4097
f 3858 	2008 	2010
f 3820 	3823 	4428
f 3823 	3825 	4428
f 4427 	4428 	3825
f 4095 	3204 	3203
f 4095 	3203 	4096
f 3859 	3858 	2010
f 3859 	2010 	2013
f 3626 	3627 	3825
f 3861 	3859 	2013
f 3206 	4093 	3200
f 3861 	2013 	2016
f 3841 	3349 	3829
f 3862 	3861 	2016
f 3204 	4095 	3207
f 3862 	2016 	2018
f 1097 	4399 	1098
f 3831 	3349 	3837
f 3828 	3349 	3831
f 3829 	3349 	3828
f 2918 	2915 	842
f 3207 	4094 	3206
f 1404 	1098 	4399
f 2918 	842 	843
f 2890 	2918 	843
f 835 	2890 	843
f 3214 	4099 	3215
f 3343 	3836 	3840
f 3343 	3840 	3838
f 3837 	3349 	3838
f 3842 	3349 	3841
f 3833 	3349 	3842
f 4407 	3349 	3833
f 4100 	3213 	3210
f 836 	847 	2925
f 3818 	3820 	4428
f 4100 	4099 	3213
f 3214 	3213 	4099
f 2925 	847 	848
f 2925 	848 	2927
f 2927 	848 	850
f 2927 	850 	2929
f 3846 	3847 	4428
f 3779 	4147 	1310
f 4393 	1310 	4297
f 2929 	850 	855
f 2929 	855 	2932
f 4090 	3197 	3201
f 3847 	3843 	4428
f 2932 	855 	857
f 2932 	857 	2934
f 4102 	4077 	3220
f 2934 	857 	859
f 2934 	859 	2938
f 3843 	3844 	4428
f 3844 	3818 	4428
f 3845 	3846 	4428
f 3221 	4102 	3220
f 2938 	859 	861
f 2938 	861 	2939
f 4297 	1308 	4393
f 4309 	4416 	2855
f 2939 	861 	862
f 2939 	862 	2943
f 1312 	4393 	4297
f 2943 	862 	867
f 2943 	867 	2946
f 2946 	867 	872
f 2946 	872 	2947
f 2947 	872 	2971
f 4393 	1316 	4297
f 4317 	4313 	4309
f 4312 	4309 	4313
f 2953 	2951 	874
f 4318 	4317 	4309
f 4319 	4318 	4309
f 2953 	874 	880
f 3784 	1296 	1295
f 2954 	2953 	880
f 4322 	4319 	2861
f 4309 	2861 	4319
f 4315 	4322 	2861
f 2957 	2954 	880
f 2957 	880 	882
f 2959 	2957 	886
f 1297 	1299 	3787
f 886 	2957 	882
f 2959 	886 	890
f 4374 	4378 	4373
f 4373 	4378 	4377
f 4376 	4378 	4374
f 3350 	4381 	4378
f 3348 	4384 	3350
f 890 	891 	2962
f 2959 	890 	2962
f 4384 	3348 	4383
f 4381 	3350 	4384
f 2963 	2962 	891
f 2963 	891 	897
f 2964 	2963 	897
f 2964 	897 	899
f 4387 	4416 	4388
f 4385 	4416 	4386
f 2964 	899 	786
f 4388 	4416 	4390
f 4386 	4416 	4387
f 4117 	3231 	4114
f 872 	907 	2971
f 4390 	4416 	4389
f 4389 	4416 	4312
f 2971 	907 	909
f 2973 	2971 	909
f 4391 	4416 	4385
f 2973 	909 	918
f 4392 	4414 	4416
f 4392 	4416 	4391
f 2979 	2973 	918
f 1311 	1310 	4393
f 3238 	3231 	4117
f 2982 	2979 	918
f 4113 	3238 	4117
f 4430 	4416 	4415
f 4414 	4415 	4416
f 2855 	4416 	2860
f 2982 	918 	926
f 3238 	4113 	4110
f 2986 	2982 	926
f 1308 	1311 	4393
f 2986 	926 	927
f 1311 	4393 	1312
f 4395 	3349 	4394
f 4396 	3349 	4395
f 4401 	3349 	4397
f 4402 	3349 	4401
f 4397 	3349 	4396
f 2999 	927 	939
f 3223 	4105 	4104
f 2996 	2986 	927
f 3783 	4147 	1316
f 1316 	4393 	1311
f 2999 	2996 	927
f 3799 	1319 	1321
f 3001 	2999 	939
f 3001 	939 	943
f 4106 	3226 	4107
f 4403 	3349 	4402
f 4404 	3349 	4403
f 4405 	3348 	4404
f 4382 	3348 	4405
f 4383 	3348 	4382
f 3003 	3001 	943
f 3003 	943 	945
f 4118 	3226 	4106
f 3005 	3003 	945
f 3005 	945 	946
f 3799 	3801 	1319
f 4406 	4428 	4400
f 3223 	4111 	4105
f 3008 	3005 	946
f 3008 	946 	949
f 2912 	4108 	3105
f 4394 	3349 	4407
f 1323 	3805 	1324
f 3010 	3008 	949
f 3014 	3010 	959
f 1324 	3805 	1273
f 4409 	4428 	4408
f 3010 	949 	956
f 4410 	4428 	4409
f 3811 	3860 	1361
f 3010 	956 	959
f 3227 	4112 	4111
f 3016 	3014 	959
f 3856 	1353 	3817
f 4411 	4428 	4410
f 3016 	959 	963
f 4413 	4428 	4412
f 3019 	3016 	963
f 3019 	963 	874
f 4413 	3845 	4428
f 2951 	3019 	874
f 1332 	3860 	1316
f 4415 	4398 	4430
f 3226 	4118 	3233
f 1165 	2195 	1333
f 3027 	3086 	1068
f 3027 	1068 	971
f 3233 	4118 	4116
f 3028 	3027 	979
f 4398 	4399 	4430
f 4400 	4428 	4399
f 4412 	4428 	4411
f 4408 	4428 	4406
f 979 	3027 	971
f 3867 	3865 	1338
f 4309 	4312 	4416
f 3028 	979 	980
f 4418 	2856 	4416
f 3032 	3028 	980
f 1354 	3811 	1361
f 3809 	3811 	1354
f 3032 	980 	982
f 982 	984 	3034
f 3032 	982 	3034
f 2960 	4008 	3222
f 4418 	4416 	4419
f 3034 	984 	985
f 4421 	4423 	4419
f 4416 	4421 	4419
f 4104 	3224 	3223
f 3035 	3034 	985
f 3224 	4104 	4108
f 3224 	4108 	3225
f 3035 	985 	994
f 3225 	4108 	2912
f 4424 	352 	4422
f 997 	3035 	994
f 3036 	3035 	997
f 346 	4419 	4423
f 3226 	3222 	4107
f 340 	4422 	352
f 4423 	3159 	4422
f 4420 	3159 	4421
f 4421 	3159 	4423
f 3036 	997 	999
f 3037 	3036 	999
f 3372 	4426 	3683
f 3813 	3814 	1352
f 3228 	4111 	3223
f 3037 	999 	1000
f 4464 	4465 	3372
f 4428 	4425 	4430
f 1344 	1353 	3856
f 3227 	4111 	3228
f 3814 	3809 	1346
f 3042 	1000 	1006
f 4430 	4399 	4428
f 4427 	3825 	3628
f 3239 	4110 	4109
f 3239 	4109 	3240
f 3040 	3037 	1000
f 3865 	1341 	1338
f 3042 	3040 	1000
f 3229 	4115 	3230
f 4114 	3230 	4115
f 1328 	3817 	1353
f 3043 	3042 	1006
f 3043 	1006 	1008
f 4114 	3231 	3230
f 3044 	3043 	1008
f 3235 	4116 	3229
f 4115 	3229 	4116
f 4437 	4439 	4430
f 4447 	4448 	4429
f 3044 	1008 	1010
f 3044 	1010 	1013
f 3044 	1013 	3046
f 4116 	3235 	3233
f 3046 	1013 	1014
f 3046 	1014 	3048
f 3869 	1362 	1349
f 4436 	1369 	4123
f 3048 	1014 	3056
f 3052 	3051 	1017
f 4110 	3239 	3238
f 4429 	4430 	4439
f 4437 	4430 	4435
f 3052 	1017 	1016
f 3797 	1321 	4438
f 1321 	1370 	4438
f 3053 	3052 	1016
f 3240 	4109 	3261
f 1369 	4436 	4438
f 1369 	4438 	1370
f 3053 	1016 	1022
f 4432 	4433 	4425
f 4433 	4434 	4425
f 4430 	4425 	4434
f 4434 	4435 	4430
f 4431 	4432 	4425
f 3054 	3053 	1022
f 3054 	1022 	1025
f 4119 	3242 	4139
f 4442 	4472 	4441
f 3242 	4119 	4112
f 3227 	3242 	4112
f 1014 	1027 	3056
f 3244 	3650 	4120
f 4440 	4431 	4425
f 4443 	4440 	4425
f 3057 	3056 	1027
f 3057 	1027 	1031
f 3244 	4120 	4121
f 3244 	4121 	3245
f 1032 	3051 	3057
f 3246 	4122 	2275
f 1032 	3057 	1031
f 4446 	4429 	4445
f 3051 	1032 	1033
f 4447 	4429 	4446
f 1017 	3051 	1033
f 3245 	4121 	4122
f 3245 	4122 	3246
f 4450 	4417 	4448
f 3063 	3060 	1036
f 4453 	4417 	4451
f 4451 	4417 	4450
f 4429 	4448 	4417
f 4420 	4417 	4453
f 4453 	4523 	4420
f 1152 	1036 	3060
f 4439 	4445 	4429
f 3065 	3063 	1036
f 3065 	1036 	1040
f 4459 	4473 	4458
f 4460 	4473 	4459
f 4461 	4472 	4460
f 4441 	4472 	4461
f 3866 	3862 	2018
f 4498 	4528 	4499
f 3868 	3866 	2018
f 1409 	1408 	4403
f 2018 	2023 	3868
f 4467 	4468 	4426
f 4404 	1408 	4405
f 3871 	3870 	2029
f 4468 	4469 	4426
f 4402 	1411 	4403
f 1409 	4403 	1411
f 3871 	2029 	2028
f 3872 	3871 	2028
f 4426 	3372 	4466
f 4466 	4467 	4426
f 4465 	4466 	3372
f 3872 	2028 	2030
f 4469 	4443 	4426
f 4425 	4426 	4443
f 1411 	4402 	4401
f 3872 	2030 	3876
f 3873 	3868 	2036
f 4442 	4470 	4471
f 4442 	4471 	4472
f 4473 	4460 	4472
f 4474 	4457 	4473
f 4475 	4457 	4474
f 4476 	4457 	4475
f 4477 	4457 	4476
f 4495 	4457 	4477
f 3868 	2023 	2036
f 2037 	3874 	3873
f 1418 	4408 	1102
f 2037 	3873 	2036
f 4395 	4394 	1100
f 3874 	2037 	2040
f 3875 	3874 	2040
f 3875 	2040 	2041
f 3870 	3875 	2041
f 1406 	4397 	4396
f 4480 	4481 	3372
f 4464 	3372 	4481
f 2029 	3870 	2041
f 4586 	4578 	4479
f 3372 	4586 	4479
f 1406 	4401 	4397
f 2030 	2043 	3876
f 4579 	4580 	4478
f 4407 	1443 	4394
f 1404 	4398 	4415
f 4487 	4511 	4486
f 3877 	3876 	2043
f 3877 	2043 	2044
f 1097 	4400 	4399
f 4490 	4511 	4489
f 4487 	4489 	4511
f 3878 	3877 	2044
f 3878 	2044 	2045
f 4399 	4398 	1404
f 3879 	3878 	2045
f 3879 	2045 	2050
f 4488 	4511 	4485
f 4488 	4486 	4511
f 4484 	4485 	4511
f 3247 	4124 	4123
f 3247 	4123 	3251
f 3880 	3879 	2050
f 3880 	2050 	2051
f 4490 	4491 	4511
f 3881 	3880 	2051
f 3881 	2051 	2054
f 3882 	3881 	2054
f 3882 	2054 	2056
f 4124 	3247 	4125
f 3885 	3882 	2056
f 3885 	2056 	2057
f 4493 	4457 	4492
f 3887 	3885 	2057
f 3887 	2057 	2058
f 3890 	3887 	2058
f 4458 	4473 	4457
f 4495 	4492 	4457
f 4457 	4493 	4494
f 4405 	1410 	4382
f 3890 	2058 	2059
f 4497 	4555 	4496
f 4400 	1097 	4406
f 1102 	4406 	1097
f 2059 	2060 	3904
f 3890 	2059 	3904
f 4406 	1102 	4408
f 4500 	4549 	4497
f 4542 	4546 	4500
f 3909 	2060 	2061
f 3833 	1035 	4407
f 3908 	3904 	2060
f 4504 	4457 	4501
f 3261 	4128 	4132
f 3909 	3908 	2060
f 3909 	2061 	2062
f 4502 	4457 	4504
f 4503 	4457 	4502
f 4501 	4457 	4494
f 3263 	4132 	4127
f 3915 	3909 	2062
f 3916 	2062 	2063
f 4138 	4133 	3273
f 4506 	4511 	4503
f 3916 	3915 	2062
f 4457 	4503 	4511
f 4505 	4511 	4506
f 2064 	3960 	3916
f 1417 	4409 	4408
f 4409 	1417 	4410
f 3916 	2063 	2064
f 4510 	4511 	4509
f 4410 	1415 	4411
f 4507 	4511 	4505
f 4508 	4511 	4507
f 3944 	2135 	2065
f 1414 	4412 	1415
f 4411 	1415 	4412
f 3945 	3944 	2065
f 3945 	2065 	2068
f 4508 	4509 	4511
f 4484 	4511 	4510
f 4412 	1414 	1413
f 4412 	1413 	4413
f 3946 	3945 	2068
f 3946 	2068 	2069
f 3947 	3946 	2069
f 3947 	2069 	2071
f 4413 	1413 	3845
f 1413 	1052 	3845
f 1040 	1041 	3067
f 4603 	4599 	4511
f 3065 	1040 	3067
f 4392 	1096 	4414
f 3068 	3067 	1041
f 1447 	4415 	4414
f 3068 	1041 	1043
f 4512 	4511 	4599
f 1045 	3068 	1043
f 3263 	4127 	4126
f 4430 	1449 	4416
f 3070 	3068 	1045
f 4420 	1450 	4417
f 1045 	1046 	3070
f 3071 	3070 	1046
f 1468 	4417 	1450
f 4599 	4600 	4518
f 4518 	4512 	4599
f 4517 	4518 	4600
f 1449 	4430 	1467
f 4129 	3259 	4130
f 3258 	4130 	3259
f 3073 	3071 	1046
f 3073 	1046 	1047
f 4520 	4517 	4600
f 4131 	4130 	3258
f 1456 	4421 	4416
f 1456 	4416 	1449
f 3074 	3073 	1047
f 3074 	1047 	1053
f 4600 	4604 	4516
f 4516 	4520 	4600
f 4522 	4521 	4604
f 4418 	1452 	340
f 3259 	4129 	4125
f 3075 	3074 	1053
f 3075 	1053 	1055
f 4419 	1453 	1452
f 4419 	1452 	4418
f 4513 	4514 	4607
f 346 	1453 	4419
f 3077 	3075 	1055
f 3077 	1055 	1056
f 4524 	4420 	4523
f 3079 	3077 	1056
f 3079 	1056 	1057
f 3082 	3079 	1057
f 3082 	1057 	1058
f 4524 	4525 	4420
f 3083 	3082 	1058
f 3083 	1058 	1065
f 3086 	3083 	1065
f 3086 	1065 	1068
f 4525 	4526 	4420
f 3091 	3054 	1107
f 1025 	1107 	3054
f 3091 	1107 	1108
f 3091 	1108 	3092
f 4136 	3269 	4137
f 4529 	4499 	4528
f 4530 	4499 	4529
f 4531 	4499 	4530
f 4532 	4499 	4531
f 4533 	4499 	4532
f 4534 	4499 	4533
f 4463 	4499 	4534
f 4527 	4528 	4498
f 3092 	1108 	1111
f 3092 	1111 	3094
f 4526 	4535 	4420
f 3094 	1111 	1112
f 3094 	1112 	3095
f 3268 	4150 	4137
f 3095 	1112 	1114
f 3095 	1114 	3096
f 3265 	3269 	4135
f 4537 	4420 	4536
f 3096 	1114 	1115
f 3096 	1115 	3097
f 4538 	4420 	4537
f 3097 	1115 	1116
f 3097 	1116 	3098
f 4539 	3159 	4538
f 3098 	1116 	1118
f 3098 	1118 	3099
f 3099 	1118 	1120
f 3099 	1120 	3100
f 3273 	1362 	4138
f 4541 	3159 	4540
f 4540 	3159 	4539
f 1450 	4420 	1454
f 3948 	3947 	2071
f 3948 	2071 	2072
f 1454 	4420 	4421
f 1454 	4421 	1456
f 3949 	3948 	2072
f 3949 	2072 	2073
f 3950 	3949 	2073
f 3950 	2073 	2074
f 4535 	4536 	4420
f 4570 	3159 	4541
f 4571 	3159 	4570
f 4420 	4538 	3159
f 1461 	353 	352
f 3951 	3950 	2074
f 3951 	2074 	2075
f 1458 	4422 	340
f 3951 	2075 	1994
f 4423 	1459 	346
f 1459 	4423 	4422
f 1459 	4422 	1458
f 92 	1461 	4424
f 1461 	352 	4424
f 3953 	3952 	2076
f 4125 	3247 	3255
f 4543 	4544 	4542
f 4544 	4545 	4542
f 4542 	4545 	4546
f 4547 	4500 	4546
f 4548 	4500 	4547
f 4549 	4500 	4548
f 4553 	4497 	4549
f 4550 	4498 	4552
f 4527 	4498 	4550
f 4496 	4551 	4498
f 3953 	2076 	2127
f 1387 	4444 	4462
f 1120 	1124 	3100
f 3103 	3100 	1124
f 4109 	4128 	3261
f 4552 	4498 	4551
f 4554 	4497 	4553
f 4555 	4497 	4554
f 4556 	4496 	4555
f 4556 	4557 	4496
f 4558 	4496 	4557
f 4551 	4496 	4558
f 3104 	3103 	1124
f 3104 	1124 	1127
f 3104 	1127 	1128
f 3106 	3104 	1128
f 3257 	4131 	3258
f 3106 	1128 	1132
f 3106 	1132 	3134
f 4125 	3255 	3259
f 46 	87 	4563
f 3135 	3134 	1132
f 1377 	3266 	4444
f 4563 	4569 	46
f 3135 	1132 	1135
f 3257 	3264 	4131
f 3135 	1135 	1138
f 3135 	1138 	3136
f 4132 	3262 	3261
f 3136 	1138 	1139
f 3136 	1139 	3137
f 3262 	4132 	3263
f 36 	46 	4569
f 4561 	4562 	87
f 3138 	3137 	1139
f 3138 	1139 	1143
f 4449 	1382 	1394
f 4564 	36 	4569
f 4565 	28 	4564
f 3139 	3138 	1143
f 3139 	1143 	1144
f 4566 	28 	4565
f 4567 	4607 	4566
f 4568 	4607 	4567
f 3140 	3139 	1144
f 3140 	1144 	1145
f 4452 	1380 	1386
f 4452 	1386 	4454
f 3141 	3140 	1145
f 3141 	1145 	1146
f 4519 	4607 	4568
f 28 	36 	4564
f 89 	3159 	87
f 3265 	4135 	4134
f 2127 	2129 	3954
f 4455 	1383 	1382
f 4455 	1382 	4449
f 3268 	4137 	3269
f 3953 	2127 	3954
f 4456 	1384 	1383
f 4456 	1383 	4455
f 3955 	3954 	2129
f 1384 	4456 	1386
f 4454 	1386 	4456
f 4573 	3159 	4572
f 3956 	3955 	2132
f 4574 	3159 	4573
f 4136 	4135 	3269
f 3955 	2129 	2130
f 4575 	3159 	4574
f 4572 	3159 	4571
f 3955 	2130 	2132
f 1377 	4444 	1387
f 4576 	3159 	4575
f 3956 	2132 	2133
f 2134 	3956 	2133
f 4133 	3272 	3273
f 3958 	3956 	2134
f 2134 	2135 	3958
f 3959 	3958 	2135
f 4559 	3159 	4577
f 4559 	4560 	3159
f 4576 	4577 	3159
f 261 	3159 	257
f 264 	3159 	261
f 3944 	3959 	2135
f 4479 	4480 	3372
f 3143 	3141 	1146
f 3143 	1146 	1147
f 3263 	4126 	3264
f 3145 	3143 	1147
f 3145 	1147 	1148
f 4478 	4479 	4579
f 3146 	3145 	1148
f 3146 	1148 	1149
f 4482 	4478 	4580
f 3146 	1149 	1152
f 4483 	4482 	4582
f 3060 	3146 	1152
f 3153 	1195 	1167
f 1171 	1170 	3155
f 1171 	3155 	3154
f 4126 	4131 	3264
f 1170 	1169 	2749
f 1170 	2749 	3155
f 3153 	1167 	1171
f 3153 	1171 	3154
f 1175 	1174 	3156
f 1175 	3156 	2750
f 1239 	1387 	3212
f 1178 	4303 	3157
f 1186 	1178 	3157
f 1186 	3157 	3162
f 4425 	1464 	1463
f 4425 	1463 	4426
f 1180 	1179 	3159
f 1180 	3159 	3158
f 4426 	1463 	1462
f 4426 	1462 	4427
f 1184 	1180 	3158
f 1184 	3158 	3160
f 1464 	4425 	4428
f 1464 	4428 	1465
f 3161 	3159 	1179
f 3161 	1179 	1187
f 1186 	3162 	4304
f 1465 	4428 	4427
f 1465 	4427 	1462
f 3265 	4134 	3266
f 1184 	3160 	3161
f 1184 	3161 	1187
f 1468 	4429 	4417
f 3164 	1191 	1190
f 3164 	1190 	2752
f 1201 	1200 	3864
f 1201 	3864 	3372
f 1192 	1191 	3164
f 1192 	3164 	3163
f 4429 	1468 	1467
f 4429 	1467 	4430
f 3163 	3166 	1192
f 1194 	1192 	3166
f 1196 	1195 	3165
f 1196 	3165 	2753
f 4431 	1475 	1474
f 4431 	1474 	4432
f 1194 	3166 	3864
f 3153 	3165 	1195
f 4432 	1474 	1473
f 4432 	1473 	4433
f 4134 	4444 	3266
f 4433 	1473 	1472
f 4433 	1472 	4434
f 1194 	3864 	1200
f 1471 	4435 	4434
f 1471 	4434 	1472
f 2591 	3381 	3380
f 3869 	4138 	1362
f 1470 	4437 	4435
f 1470 	4435 	1471
f 3167 	2588 	2587
f 3167 	2587 	3168
f 1469 	4439 	4437
f 1469 	4437 	1470
f 3167 	2675 	2588
f 4583 	4449 	1394
f 2586 	3169 	3168
f 2586 	3168 	2587
f 1242 	3219 	1394
f 4583 	1394 	3219
f 2585 	3170 	3169
f 2585 	3169 	2586
f 2584 	3171 	3170
f 2584 	3170 	2585
f 3318 	2278 	2277
f 2583 	3172 	3171
f 2583 	3171 	2584
f 2310 	3654 	2280
f 2582 	3174 	3172
f 2582 	3172 	2583
f 2582 	3236 	3174
f 3657 	71 	2287
f 71 	3657 	3658
f 3176 	2591 	3380
f 3309 	238 	212
f 3176 	2602 	2591
f 2595 	3178 	3177
f 2595 	3177 	2596
f 2594 	3180 	3178
f 2594 	3178 	2595
f 2594 	3276 	3180
f 3311 	3917 	3314
f 2596 	3177 	3189
f 2596 	3189 	2597
f 3313 	3309 	3310
f 2598 	3234 	3232
f 2598 	3232 	2599
f 2597 	3189 	3234
f 2597 	3234 	2598
f 2600 	3236 	2582
f 3312 	3314 	3917
f 3917 	3931 	3312
f 3931 	3930 	3701
f 2599 	3232 	3236
f 2599 	3236 	2600
f 3698 	3701 	3707
f 2605 	3237 	2611
f 3694 	3707 	3701
f 2604 	3241 	3237
f 2604 	3237 	2605
f 2602 	3243 	3241
f 2602 	3241 	2604
f 3707 	3705 	3698
f 2064 	2138 	3960
f 3961 	3960 	2138
f 3815 	3816 	3802
f 3805 	3802 	3816
f 3963 	2140 	2146
f 3715 	3777 	3719
f 3962 	3961 	2138
f 3962 	2138 	2140
f 3777 	2195 	3778
f 3963 	3962 	2140
f 3775 	3698 	3705
f 3964 	3963 	2147
f 3963 	2146 	2147
f 3776 	2195 	3777
f 3967 	3964 	2147
f 3968 	2149 	2154
f 2147 	2149 	3967
f 3715 	3714 	3777
f 3777 	3790 	3719
f 3779 	3777 	3714
f 3784 	3790 	3777
f 3706 	3719 	3790
f 3714 	3712 	3779
f 3781 	3779 	3712
f 3817 	3782 	3712
f 3968 	3967 	2149
f 3968 	2154 	2156
f 3972 	3968 	2156
f 3783 	3863 	3781
f 3972 	2156 	2157
f 3778 	3784 	3777
f 2157 	2076 	3952
f 2157 	3952 	3972
f 3794 	3706 	3787
f 3786 	3787 	3706
f 3705 	3706 	3775
f 2162 	2161 	3977
f 3790 	3789 	3706
f 3786 	3706 	3789
f 2163 	3977 	2161
f 2163 	3978 	3977
f 4140 	3282 	4141
f 3794 	3775 	3706
f 2163 	2164 	3978
f 3979 	3978 	2164
f 3282 	4140 	4139
f 3799 	3869 	3801
f 4438 	3869 	3797
f 3981 	3979 	2164
f 3981 	2164 	2166
f 3797 	3869 	3799
f 3801 	3851 	3802
f 3851 	3815 	3802
f 2324 	2167 	3986
f 3987 	3986 	2167
f 3781 	3863 	3776
f 3809 	3867 	3811
f 2195 	2660 	3778
f 4144 	3286 	4145
f 3987 	2167 	2168
f 3988 	3987 	2168
f 3988 	2168 	2169
f 3989 	3988 	2169
f 3989 	2169 	2170
f 3856 	3817 	3712
f 3782 	3781 	3712
f 3712 	3805 	3856
f 3991 	3989 	2170
f 3783 	3860 	3863
f 3991 	2170 	2171
f 3992 	3991 	2171
f 3992 	2171 	2172
f 3809 	3814 	3867
f 3814 	3813 	3867
f 3993 	3992 	2172
f 3811 	3863 	3860
f 3863 	2195 	3776
f 3994 	3993 	2172
f 3994 	2172 	2173
f 2174 	3994 	2173
f 2174 	3995 	3994
f 3863 	3811 	3867
f 3813 	3865 	3867
f 4436 	3869 	4438
f 3995 	2174 	3996
f 815 	2027 	2026
f 3816 	3856 	3805
f 3996 	2174 	2175
f 3851 	3801 	3869
f 3997 	3996 	2175
f 3997 	2175 	2162
f 4138 	3869 	4123
f 3997 	2162 	3977
f 4123 	3869 	4436
f 2166 	2176 	3999
f 2166 	3999 	3981
f 808 	2035 	2034
f 3999 	2176 	2177
f 3999 	2177 	4000
f 4123 	4124 	4138
f 4000 	2177 	2178
f 4000 	2178 	4001
f 4001 	2178 	2179
f 4001 	2179 	4002
f 4135 	4136 	4452
f 4002 	2179 	2180
f 4002 	2180 	4003
f 4003 	2180 	2181
f 4003 	2181 	4004
f 4004 	2181 	2183
f 4004 	2183 	4005
f 4444 	4134 	4452
f 4444 	4455 	4462
f 4462 	4449 	4583
f 4005 	2183 	2184
f 4005 	2184 	4006
f 4454 	4444 	4452
f 4006 	2184 	4218
f 4449 	4462 	4455
f 2212 	2211 	2762
f 4456 	4455 	4444
f 4456 	4444 	4454
f 2211 	4179 	2762
f 2211 	2210 	4179
f 4134 	4135 	4452
f 2210 	4180 	4179
f 2210 	2209 	4180
f 4491 	4483 	4584
f 4462 	4583 	3212
f 4180 	2208 	4181
f 2209 	2208 	4180
f 4582 	4584 	4483
f 4581 	4582 	4482
f 4491 	4603 	4511
f 4580 	4581 	4482
f 2208 	2207 	4181
f 3219 	3212 	4583
f 2207 	4182 	4181
f 2207 	2206 	4182
f 2281 	3655 	2282
f 2206 	4183 	4182
f 4586 	3372 	4585
f 4578 	4579 	4479
f 2206 	2194 	4183
f 2194 	2193 	4184
f 4589 	3372 	4588
f 2193 	4185 	4184
f 2193 	2205 	4185
f 2194 	4184 	4183
f 4590 	3372 	4589
f 4585 	3372 	4587
f 4591 	4587 	3372
f 4590 	4591 	3372
f 4185 	2205 	4186
f 2205 	2204 	4186
f 4594 	4616 	4593
f 4595 	4615 	4594
f 4596 	4615 	4595
f 4597 	4615 	4596
f 4598 	4615 	4597
f 2204 	4187 	4186
f 2204 	2202 	4187
f 4584 	4601 	4491
f 2202 	4188 	4187
f 4602 	4491 	4601
f 4188 	2224 	4189
f 4603 	4491 	4602
f 2202 	2224 	4188
f 4521 	4515 	4604
f 4604 	4605 	4522
f 4605 	4607 	4522
f 4514 	4522 	4607
f 4606 	4607 	4605
f 4189 	2222 	4190
f 2224 	2222 	4189
f 4515 	4516 	4604
f 42 	4607 	4606
f 4190 	2220 	4191
f 2222 	2220 	4190
f 2220 	2217 	4191
f 2217 	2216 	4191
f 2216 	2215 	4191
f 4191 	2215 	4192
f 4635 	4636 	4615
f 4630 	4635 	4615
f 4629 	4630 	4615
f 4628 	4629 	4615
f 4627 	4628 	4615
f 4598 	4627 	4615
f 4616 	4594 	4615
f 4617 	4593 	4616
f 4618 	4592 	4617
f 4593 	4617 	4592
f 4636 	4637 	4615
f 4614 	4615 	4637
f 2215 	4193 	4192
f 4158 	3297 	4157
f 4193 	2219 	4194
f 2215 	2219 	4193
f 4625 	3372 	4624
f 4195 	4217 	2241
f 4196 	4195 	2241
f 4196 	2241 	2244
f 4638 	4639 	4614
f 4639 	4640 	4614
f 4637 	4638 	4614
f 4613 	4614 	4640
f 4197 	4196 	2244
f 4197 	2244 	2246
f 4620 	4621 	4631
f 4198 	4197 	2246
f 4440 	1476 	1475
f 4440 	1475 	4431
f 4199 	4198 	2251
f 3372 	4631 	4621
f 3372 	4621 	4622
f 4623 	3372 	4622
f 4624 	3372 	4623
f 2251 	4198 	2246
f 4626 	3372 	4625
f 4626 	4588 	3372
f 1479 	4442 	4441
f 1479 	4441 	1478
f 4200 	4199 	2251
f 4200 	2251 	2252
f 3380 	3373 	3372
f 1479 	1538 	4442
f 2602 	3176 	3243
f 4619 	4620 	4631
f 4443 	1477 	1476
f 4443 	1476 	4440
f 351 	4654 	4631
f 4634 	4633 	4631
f 4633 	4632 	4631
f 4632 	4619 	4631
f 2621 	3248 	2665
f 1477 	4443 	1523
f 2620 	3249 	3248
f 2620 	3248 	2621
f 3250 	2613 	2612
f 3250 	2612 	3252
f 1493 	4446 	4445
f 1493 	4445 	1494
f 3253 	2616 	2615
f 3253 	2615 	3254
f 4611 	4612 	4640
f 4640 	4641 	4611
f 4610 	4611 	4641
f 4609 	4610 	4641
f 4641 	4642 	4609
f 4608 	4609 	4642
f 299 	177 	282
f 4612 	4613 	4640
f 1492 	4447 	4446
f 1492 	4446 	1493
f 1491 	4448 	4447
f 1491 	4447 	1492
f 3252 	2612 	2611
f 3252 	2611 	3256
f 3286 	4144 	4143
f 1490 	4450 	4448
f 1490 	4448 	1491
f 3256 	2611 	3237
f 1489 	4451 	4450
f 1489 	4450 	1490
f 3254 	2615 	2614
f 3254 	2614 	3260
f 4646 	4647 	4631
f 4631 	4647 	4634
f 1487 	4453 	4451
f 1487 	4451 	1489
f 4645 	4631 	4644
f 4645 	4646 	4631
f 3260 	2614 	2613
f 3260 	2613 	3250
f 1487 	4523 	4453
f 3249 	2620 	2619
f 3249 	2619 	3267
f 3267 	2619 	2618
f 3267 	2618 	3270
f 4439 	1469 	4445
f 1494 	4445 	1469
f 4652 	351 	4651
f 4460 	1504 	1503
f 4460 	1503 	4461
f 3270 	2618 	2617
f 3270 	2617 	3271
f 4651 	351 	4650
f 1478 	4441 	1503
f 4461 	1503 	4441
f 3271 	2617 	2616
f 3271 	2616 	3253
f 4654 	351 	4653
f 4457 	1500 	1510
f 4457 	1510 	4458
f 2629 	3275 	3274
f 2629 	3274 	2631
f 4458 	1510 	1513
f 4458 	1513 	4459
f 2633 	3276 	2594
f 4655 	4631 	4654
f 4648 	4631 	4655
f 4644 	4631 	4648
f 4459 	1513 	1504
f 4459 	1504 	4460
f 2632 	3325 	3276
f 2632 	3276 	2633
f 1497 	4499 	4463
f 2631 	3274 	3325
f 2631 	3325 	2632
f 1832 	1497 	4534
f 4463 	4534 	1497
f 2627 	3328 	3275
f 2627 	3275 	2629
f 29 	4566 	4607
f 42 	29 	4607
f 2626 	3329 	3328
f 2626 	3328 	2627
f 4562 	4563 	87
f 4560 	4561 	87
f 2625 	3330 	3329
f 2625 	3329 	2626
f 3159 	4560 	87
f 2625 	3338 	3330
f 28 	4566 	29
f 4519 	4513 	4607
f 91 	3159 	89
f 2635 	3338 	2625
f 272 	273 	3338
f 272 	3338 	2635
f 91 	94 	3159
f 2665 	3341 	3339
f 2665 	3339 	2666
f 2665 	3248 	3341
f 4158 	4146 	3297
f 214 	208 	283
f 4643 	283 	208
f 4642 	182 	184
f 4642 	184 	185
f 4642 	185 	191
f 4642 	191 	193
f 4642 	193 	196
f 4642 	196 	201
f 4642 	201 	4608
f 1542 	4472 	1537
f 215 	4642 	209
f 4475 	4474 	1549
f 182 	4642 	217
f 215 	217 	4642
f 4642 	4643 	208
f 208 	209 	4642
f 4475 	1549 	1530
f 4160 	3315 	4452
f 236 	3159 	229
f 94 	229 	3159
f 242 	3159 	236
f 4472 	1542 	1548
f 252 	3159 	242
f 4481 	1564 	1528
f 254 	3159 	252
f 1527 	4465 	1528
f 257 	3159 	254
f 1527 	1526 	4466
f 2680 	3407 	2685
f 4466 	1526 	1525
f 268 	247 	3159
f 264 	268 	3159
f 3391 	3409 	2687
f 3159 	360 	351
f 3410 	2681 	2689
f 308 	290 	282
f 290 	293 	282
f 293 	299 	282
f 177 	214 	283
f 283 	282 	177
f 330 	351 	327
f 4477 	1529 	4495
f 4476 	1530 	4477
f 1529 	4477 	1530
f 2703 	3405 	2700
f 4154 	3293 	4155
f 3405 	2703 	2704
f 4156 	3294 	4154
f 1547 	4474 	1548
f 3407 	2704 	2685
f 3294 	4156 	3295
f 1547 	1549 	4474
f 1530 	4476 	4475
f 4470 	4442 	1538
f 4464 	1528 	4465
f 791 	2014 	800
f 4465 	1527 	4466
f 4466 	1525 	4467
f 2672 	2671 	3379
f 1524 	4468 	1525
f 4467 	1525 	4468
f 2670 	3382 	2671
f 3379 	2671 	3382
f 4468 	1524 	1523
f 4468 	1523 	4469
f 3382 	2670 	2676
f 3408 	2680 	3409
f 2679 	3409 	2680
f 4469 	1523 	4443
f 2681 	3410 	2683
f 789 	2021 	2020
f 4470 	1538 	4471
f 1537 	4471 	1538
f 2680 	3408 	3407
f 4141 	3279 	4142
f 318 	327 	351
f 351 	330 	4649
f 4649 	4650 	351
f 4653 	351 	4652
f 3391 	2687 	2683
f 277 	314 	351
f 314 	318 	351
f 2679 	2687 	3409
f 360 	3159 	358
f 4139 	3277 	3282
f 277 	351 	271
f 4142 	3278 	3283
f 4142 	3283 	4143
f 247 	371 	3159
f 371 	358 	3159
f 271 	351 	360
f 3159 	351 	3619
f 4145 	3285 	4146
f 2694 	3401 	2695
f 4422 	3159 	4424
f 4143 	3283 	3286
f 3401 	2694 	3403
f 2698 	3403 	2694
f 2700 	3403 	2698
f 3683 	14 	3372
f 4427 	3683 	4426
f 4427 	3355 	3683
f 3683 	2869 	2862
f 3683 	2862 	2863
f 2863 	2864 	3683
f 2865 	2866 	3683
f 3683 	1769 	1770
f 1770 	378 	3683
f 3976 	3973 	3683
f 3683 	3980 	3970
f 3683 	3965 	3942
f 3683 	3942 	3943
f 3922 	3806 	3943
f 3683 	3943 	3803
f 3683 	3800 	3788
f 3785 	3769 	3683
f 2278 	3157 	2275
f 2278 	2310 	3157
f 74 	79 	3159
f 3318 	3654 	2278
f 3272 	4133 	4153
f 2310 	2278 	3654
f 2675 	3167 	3370
f 2316 	3159 	2312
f 2312 	3159 	2310
f 3370 	3371 	2675
f 2676 	2675 	3371
f 2318 	3159 	2316
f 73 	3159 	2318
f 2672 	3378 	2673
f 3375 	2673 	3378
f 4149 	4148 	3295
f 3378 	2672 	3379
f 67 	92 	2325
f 2328 	2325 	92
f 3382 	2676 	3371
f 3293 	4154 	3294
f 4149 	3295 	4156
f 2683 	3410 	3392
f 2683 	3392 	3391
f 3288 	4153 	4157
f 1971 	780 	1972
f 4146 	3284 	3297
f 3410 	2689 	3411
f 3315 	4160 	4161
f 779 	782 	1972
f 3457 	2695 	3399
f 3401 	3399 	2695
f 2700 	3404 	3403
f 3405 	3404 	2700
f 2704 	3406 	3405
f 3407 	3406 	2704
f 2759 	3442 	2714
f 1537 	4472 	4471
f 4474 	4473 	1548
f 2718 	3418 	3417
f 2718 	3417 	2719
f 3418 	2718 	2720
f 1548 	4473 	4472
f 4478 	1567 	1566
f 4478 	1566 	4479
f 3417 	2723 	2719
f 4479 	1566 	1565
f 4479 	1565 	4480
f 4480 	1565 	1564
f 4480 	1564 	4481
f 4452 	3315 	1380
f 4481 	1528 	4464
f 4482 	1568 	1567
f 4482 	1567 	4478
f 2726 	2725 	3432
f 4483 	1569 	1568
f 4483 	1568 	4482
f 3432 	2725 	2673
f 4491 	1569 	4483
f 3277 	4139 	3242
f 4484 	1573 	4485
f 1572 	4485 	1573
f 1570 	4486 	4488
f 1570 	4488 	1571
f 3278 	4142 	3279
f 1580 	4487 	4486
f 1580 	4486 	1570
f 4141 	3282 	3279
f 1579 	4489 	4487
f 1579 	4487 	1580
f 3414 	2720 	2708
f 1581 	4490 	4489
f 1581 	4489 	1579
f 1569 	4491 	1578
f 2720 	3414 	3418
f 821 	814 	2032
f 1571 	4488 	4485
f 1571 	4485 	1572
f 1578 	4491 	4490
f 1578 	4490 	1581
f 3284 	4146 	3285
f 1500 	4457 	1745
f 1589 	4495 	1529
f 4145 	3286 	3285
f 1598 	4493 	4492
f 1598 	4492 	1600
f 4201 	4200 	2252
f 4201 	2252 	2254
f 1600 	4492 	4495
f 1600 	4495 	1589
f 4202 	4201 	2254
f 4202 	2254 	2255
f 1596 	4494 	4493
f 1596 	4493 	1598
f 4203 	4202 	2255
f 4203 	2255 	2256
f 1584 	4496 	1615
f 4204 	4203 	2256
f 1607 	4497 	4496
f 1607 	4496 	1584
f 3317 	4159 	3292
f 4155 	3292 	4159
f 4150 	3291 	4151
f 3290 	4151 	3291
f 1605 	4500 	4497
f 1605 	4497 	1607
f 4207 	4206 	2317
f 1605 	1848 	4500
f 4205 	2317 	4206
f 1615 	4496 	4498
f 4204 	2256 	2314
f 3290 	3289 	4151
f 4152 	4151 	3289
f 1615 	4498 	4499
f 1615 	4499 	1616
f 4205 	4204 	2314
f 1616 	4499 	1497
f 2012 	800 	2014
f 4205 	2314 	2317
f 4207 	2317 	2319
f 4208 	4207 	2319
f 4208 	2319 	2321
f 4209 	4208 	2321
f 4209 	2321 	2323
f 4209 	2323 	2324
f 4504 	1734 	1733
f 2324 	3986 	4209
f 4504 	1733 	1732
f 4210 	4298 	2330
f 4211 	4210 	2330
f 4211 	2330 	2331
f 4212 	4211 	2331
f 800 	2012 	2022
f 4212 	2331 	2333
f 2333 	2334 	4213
f 4212 	2333 	4213
f 4214 	4213 	2334
f 4214 	2334 	2336
f 4215 	4214 	2336
f 4215 	2336 	2338
f 4216 	4215 	2338
f 4216 	2338 	2339
f 4217 	4216 	2339
f 4217 	2339 	2341
f 4217 	2341 	2241
f 2184 	2344 	4218
f 4161 	4159 	3317
f 4219 	4218 	2344
f 4219 	2344 	2346
f 4220 	4219 	2346
f 4220 	2346 	2347
f 3287 	4153 	3288
f 4221 	4220 	2347
f 4221 	2347 	2363
f 1750 	4518 	1752
f 4222 	4221 	2363
f 3287 	3272 	4153
f 4223 	4222 	2363
f 4223 	2363 	2368
f 4224 	4223 	2368
f 4224 	2368 	2369
f 1758 	4513 	1760
f 4225 	4224 	2369
f 4225 	2369 	2370
f 4226 	4225 	2370
f 4226 	2370 	2373
f 4517 	1753 	1752
f 3291 	4150 	3268
f 4227 	4226 	2373
f 4227 	2373 	2374
f 2033 	814 	2034
f 4228 	4227 	2374
f 4228 	2374 	2377
f 4229 	4228 	2377
f 4229 	2377 	2378
f 4230 	4229 	2378
f 4230 	2378 	2381
f 4231 	4230 	2381
f 4519 	4568 	1760
f 3292 	4155 	3293
f 4231 	2381 	2384
f 4148 	3296 	3295
f 4298 	2384 	2387
f 4232 	4231 	2384
f 4298 	4232 	2384
f 4502 	1732 	4503
f 1731 	4503 	1732
f 4298 	2387 	2330
f 4299 	4194 	2398
f 2219 	2398 	4194
f 4503 	1731 	1741
f 2 	1 	2399
f 2 	2399 	4302
f 4301 	4300 	2397
f 4301 	2397 	2395
f 4148 	4152 	3296
f 2397 	4300 	4302
f 2397 	4302 	2399
f 1732 	4502 	4504
f 3289 	3296 	4152
f 3 	4299 	4
f 2398 	4 	4299
f 4157 	3297 	3288
f 1573 	4510 	1730
f 4301 	2395 	4366
f 1178 	2401 	4303
f 779 	1972 	780
f 4304 	2403 	1186
f 2403 	4304 	4303
f 2403 	4303 	2401
f 4306 	4305 	2405
f 4306 	2405 	2404
f 4506 	1741 	1740
f 2408 	2405 	4305
f 2408 	4305 	4307
f 2410 	2408 	4307
f 2410 	4307 	4308
f 1973 	1972 	782
f 2410 	4308 	4306
f 2410 	4306 	2404
f 1730 	4510 	1739
f 780 	1971 	1970
f 1744 	4507 	1740
f 1973 	782 	2024
f 2664 	4311 	4310
f 1739 	4508 	1743
f 4161 	3316 	3315
f 4311 	2664 	2414
f 3316 	4161 	3317
f 4122 	2273 	2275
f 2414 	4314 	4311
f 2277 	4162 	3318
f 2414 	2417 	4314
f 3318 	4162 	3654
f 3655 	3654 	4162
f 2417 	4316 	4314
f 791 	809 	2014
f 2417 	2418 	4316
f 3320 	4164 	4163
f 3320 	4163 	3319
f 4320 	2418 	2425
f 4165 	3321 	4233
f 3494 	4164 	3320
f 789 	2020 	2019
f 2418 	4320 	4316
f 4171 	3319 	4163
f 4321 	2425 	2426
f 4321 	4320 	2425
f 815 	2026 	2025
f 4323 	2426 	2429
f 4323 	4321 	2426
f 4325 	2435 	2440
f 4233 	3337 	4176
f 4324 	2429 	2435
f 4324 	4323 	2429
f 4233 	3321 	3337
f 4325 	4324 	2435
f 2440 	4326 	4325
f 2440 	2443 	4326
f 2445 	4326 	2443
f 2445 	2448 	4327
f 4326 	2445 	4327
f 2448 	2575 	4328
f 2035 	808 	805
f 4327 	2448 	4328
f 4329 	4328 	2575
f 4329 	2575 	2578
f 4330 	4329 	2578
f 4330 	2578 	2579
f 2579 	1214 	4330
f 96 	4330 	1214
f 2702 	2590 	4331
f 1743 	4508 	1744
f 4331 	2590 	2592
f 2032 	2031 	821
f 4332 	4331 	2592
f 4510 	1573 	4484
f 4333 	4332 	2592
f 825 	824 	2038
f 4334 	2601 	2603
f 4333 	2592 	2601
f 4334 	4333 	2601
f 2603 	4335 	4334
f 4513 	1758 	1757
f 2603 	2607 	4335
f 1755 	1754 	4516
f 2608 	4335 	2607
f 4336 	4335 	2608
f 4517 	1752 	4518
f 2608 	4337 	4336
f 2608 	2662 	4337
f 4518 	1750 	1726
f 2662 	4338 	4337
f 4519 	1760 	4513
f 2662 	2663 	4338
f 4516 	1754 	1753
f 4339 	4338 	2663
f 4310 	4339 	2663
f 1756 	4522 	1757
f 2664 	4310 	2663
f 1755 	4515 	1764
f 4522 	1756 	1764
f 4522 	1764 	4521
f 805 	2019 	2035
f 4511 	1745 	4457
f 4494 	1596 	1734
f 4501 	4494 	1734
f 4341 	4340 	2667
f 789 	798 	2021
f 2667 	4342 	4341
f 4504 	4501 	1734
f 2667 	2669 	4342
f 4342 	2669 	2674
f 1422 	1421 	3662
f 4344 	2674 	2682
f 1157 	2021 	798
f 4343 	4342 	2674
f 4344 	4343 	2674
f 4344 	2682 	2684
f 4506 	4503 	1741
f 1740 	4505 	4506
f 4346 	2684 	2688
f 4345 	4344 	2684
f 4510 	4509 	1739
f 4346 	4345 	2684
f 4346 	2688 	2690
f 4505 	1740 	4507
f 1739 	4509 	4508
f 4348 	2690 	2693
f 1419 	3666 	3665
f 4347 	4346 	2690
f 4508 	4507 	1744
f 4348 	4347 	2690
f 3662 	3661 	1422
f 4348 	2693 	2697
f 4350 	2697 	2701
f 4518 	1726 	4512
f 4349 	4348 	2697
f 4350 	4349 	2697
f 4350 	2701 	2702
f 4511 	4512 	1745
f 1726 	1745 	4512
f 1757 	4514 	4513
f 4351 	4350 	2702
f 2702 	4331 	4351
f 4515 	1755 	4516
f 4352 	1402 	1977
f 1433 	3674 	3673
f 4516 	1753 	4520
f 1977 	2705 	4352
f 3665 	3664 	1419
f 4520 	1753 	4517
f 4514 	1757 	4522
f 2039 	2038 	824
f 4521 	1764 	4515
f 1766 	4523 	1487
f 1765 	4524 	4523
f 1765 	4523 	1766
f 2727 	3435 	2706
f 781 	1970 	65
f 2714 	3442 	2712
f 780 	1970 	781
f 3466 	3442 	2759
f 1774 	4537 	1776
f 3439 	3411 	2711
f 4537 	1774 	4538
f 1773 	4538 	1774
f 2707 	3416 	2708
f 3415 	2708 	3416
f 4527 	1865 	1781
f 3414 	2708 	3415
f 1784 	4527 	1781
f 3426 	2723 	3417
f 2706 	3425 	2707
f 3416 	2707 	3425
f 1827 	4531 	1826
f 1827 	1828 	4531
f 4532 	4531 	1828
f 4532 	1828 	1829
f 4534 	1829 	1832
f 1441 	3677 	3676
f 3430 	2726 	3432
f 4524 	1765 	4525
f 1779 	4525 	1765
f 2673 	3375 	3432
f 3676 	1728 	1441
f 3678 	1728 	3676
f 3435 	2727 	2726
f 3435 	2726 	3430
f 3678 	3720 	1728
f 4525 	1779 	1778
f 3425 	2706 	3435
f 3439 	2711 	3440
f 2710 	3440 	2711
f 1420 	3664 	1421
f 815 	2025 	809
f 3440 	2710 	3441
f 2712 	3441 	2710
f 4529 	4528 	1786
f 3663 	3662 	1421
f 3442 	3441 	2712
f 4529 	1786 	4530
f 1826 	4530 	1786
f 2689 	2711 	3411
f 4531 	4530 	1826
f 2730 	3457 	3456
f 2730 	3456 	2731
f 2731 	3456 	3455
f 2731 	3455 	2732
f 2695 	3457 	2730
f 3667 	1426 	3668
f 2733 	3453 	3452
f 2733 	3452 	2734
f 3453 	2733 	2737
f 3453 	2737 	3454
f 3454 	2737 	2732
f 3454 	2732 	3455
f 2734 	3452 	3451
f 2734 	3451 	2740
f 3447 	2744 	2748
f 3447 	2748 	3448
f 3448 	2748 	2751
f 3448 	2751 	3449
f 1429 	3671 	3670
f 1778 	4526 	4525
f 3449 	2751 	2754
f 3449 	2754 	3450
f 1433 	3673 	3672
f 3450 	2754 	2740
f 3450 	2740 	3451
f 2756 	3468 	3467
f 2756 	3467 	2757
f 1784 	4528 	4527
f 1784 	1786 	4528
f 2757 	3467 	3466
f 2757 	3466 	2759
f 3671 	1429 	3672
f 2760 	3469 	3468
f 2760 	3468 	2756
f 2761 	3470 	3469
f 2761 	3469 	2760
f 2763 	3471 	3470
f 2763 	3470 	2761
f 4532 	1829 	4533
f 2765 	3472 	3471
f 2765 	3471 	2763
f 2773 	3462 	3472
f 2773 	3472 	2765
f 4533 	1829 	4534
f 2776 	3459 	3462
f 2776 	3462 	2773
f 4526 	1778 	4535
f 1777 	4535 	1778
f 2781 	3460 	3459
f 2781 	3459 	2776
f 4535 	1777 	4536
f 1776 	4536 	1777
f 2780 	3474 	3460
f 2780 	3460 	2781
f 1776 	4537 	4536
f 2019 	805 	787
f 2783 	3475 	3474
f 2783 	3474 	2780
f 4538 	1837 	4539
f 2783 	227 	3475
f 1426 	3667 	3666
f 808 	2034 	814
f 4538 	1773 	1837
f 2796 	3480 	450
f 449 	450 	3480
f 1836 	4540 	4539
f 1836 	4539 	1837
f 3478 	2794 	426
f 424 	426 	2794
f 2033 	2032 	814
f 1835 	4541 	4540
f 1835 	4540 	1836
f 430 	431 	2793
f 430 	2793 	3479
f 1835 	4570 	4541
f 3479 	2793 	2794
f 3479 	2794 	3478
f 2031 	828 	821
f 3480 	2796 	2723
f 3480 	2723 	3426
f 1838 	1843 	4549
f 1429 	3670 	1428
f 2031 	420 	828
f 4543 	1848 	1847
f 1853 	4544 	1847
f 825 	2038 	2027
f 1439 	3661 	3677
f 1441 	1439 	3677
f 793 	2022 	785
f 832 	785 	2024
f 2011 	2024 	785
f 3664 	1420 	1419
f 3663 	1421 	3664
f 160 	2821 	2825
f 2025 	2014 	809
f 3319 	4171 	3322
f 2019 	787 	789
f 2833 	2878 	189
f 2011 	785 	2022
f 4168 	3327 	4169
f 189 	2878 	2812
f 2022 	793 	800
f 3666 	1427 	1426
f 2883 	166 	2831
f 1427 	3666 	1419
f 3332 	4173 	4172
f 166 	2883 	2744
f 199 	2895 	2885
f 2885 	2799 	199
f 4173 	3332 	4175
f 203 	2887 	204
f 2886 	204 	2887
f 3670 	3669 	1428
f 204 	2886 	2888
f 204 	2888 	207
f 211 	207 	2889
f 2888 	2889 	207
f 2895 	213 	2889
f 1430 	3675 	3674
f 2901 	216 	222
f 2027 	815 	822
f 203 	216 	2887
f 2901 	2887 	216
f 213 	2895 	199
f 4170 	3322 	4171
f 4169 	3327 	4170
f 4234 	3482 	4235
f 160 	2825 	2828
f 3482 	4234 	70
f 3668 	1425 	3669
f 1424 	3669 	1425
f 81 	4238 	3488
f 3668 	1426 	1425
f 2027 	822 	825
f 3488 	4238 	4239
f 4239 	4240 	3490
f 170 	2799 	2798
f 1422 	3661 	1423
f 832 	2024 	782
f 2804 	172 	2798
f 170 	2798 	172
f 3669 	1424 	1428
f 2808 	175 	2809
f 62 	2047 	2039
f 1433 	3672 	1434
f 4167 	3324 	3323
f 4167 	3323 	4168
f 175 	2808 	2807
f 4237 	3326 	4166
f 1430 	3674 	1436
f 172 	2804 	2833
f 172 	2833 	188
f 4168 	3323 	3327
f 1436 	3674 	1433
f 4167 	4166 	3324
f 3326 	3324 	4166
f 3672 	1429 	1434
f 4172 	3333 	3332
f 1423 	3661 	1439
f 3333 	4172 	4174
f 3333 	4174 	3334
f 3331 	4175 	3332
f 2047 	62 	2048
f 4176 	3336 	4177
f 3335 	4177 	3336
f 436 	846 	2055
f 2807 	2819 	157
f 158 	157 	2819
f 4176 	3337 	3336
f 3675 	1736 	3679
f 2819 	2821 	158
f 159 	158 	2821
f 159 	2821 	160
f 3331 	4241 	4175
f 65 	2046 	833
f 833 	2046 	2042
f 2828 	162 	160
f 1736 	3680 	3679
f 3335 	3334 	4177
f 4174 	4177 	3334
f 162 	2828 	164
f 2831 	164 	2828
f 4170 	3340 	3322
f 420 	2031 	2055
f 166 	164 	2831
f 3327 	3340 	4170
f 3482 	3481 	4235
f 2039 	824 	62
f 2744 	3447 	166
f 3326 	4237 	3483
f 168 	2799 	170
f 1970 	2046 	65
f 3483 	4237 	3484
f 4236 	3484 	4237
f 4235 	3481 	3484
f 4235 	3484 	4236
f 2809 	175 	173
f 388 	2049 	2048
f 189 	2812 	179
f 2049 	388 	393
f 2049 	393 	2052
f 179 	2812 	2809
f 179 	2809 	173
f 4239 	3489 	3488
f 3489 	4239 	3490
f 157 	175 	2807
f 397 	2053 	393
f 2052 	393 	2053
f 3486 	4241 	3331
f 1880 	4553 	1843
f 2042 	770 	833
f 3492 	4245 	4244
f 3492 	4244 	3493
f 3494 	4242 	4164
f 1874 	1878 	4551
f 4246 	3499 	3498
f 4246 	3498 	4247
f 3321 	4165 	3496
f 4248 	3496 	4165
f 4249 	3497 	3496
f 4249 	3496 	4248
f 4247 	3498 	3497
f 4247 	3497 	4249
f 3493 	4244 	4243
f 3493 	4243 	3501
f 1886 	4552 	1878
f 3501 	4243 	4242
f 3501 	4242 	3494
f 3492 	3504 	4245
f 1838 	4548 	1840
f 4548 	1838 	4549
f 3505 	3499 	4256
f 4543 	1847 	4544
f 1856 	4544 	1853
f 4546 	4545 	1858
f 1840 	4547 	1858
f 3675 	1430 	1736
f 4549 	1843 	4553
f 1869 	4554 	1870
f 4556 	4555 	1873
f 1874 	4558 	1875
f 4557 	1875 	4558
f 4558 	1874 	4551
f 3517 	4262 	4261
f 4554 	4553 	1870
f 1880 	1870 	4553
f 4557 	4556 	1875
f 1873 	1875 	4556
f 3490 	4240 	3517
f 4262 	3517 	4240
f 4551 	1878 	4552
f 4552 	1886 	1865
f 4548 	4547 	1840
f 324 	4267 	873
f 4542 	4500 	1848
f 4542 	1848 	4543
f 1772 	1771 	3697
f 1856 	4545 	4544
f 1856 	1858 	4545
f 1780 	1782 	3699
f 4546 	1858 	4547
f 4552 	1865 	4550
f 4270 	4269 	43
f 4550 	1865 	4527
f 1869 	4555 	4554
f 1869 	1873 	4555
f 4353 	2705 	2709
f 4271 	44 	4269
f 4353 	4352 	2705
f 3504 	4251 	4245
f 4355 	2715 	2716
f 4354 	2709 	2713
f 4354 	4353 	2709
f 4246 	4256 	3499
f 4354 	2713 	2715
f 4255 	3506 	4256
f 4355 	4354 	2715
f 4355 	2716 	2717
f 3695 	1771 	3696
f 4357 	2717 	2721
f 1906 	4559 	1908
f 4356 	4355 	2717
f 1904 	4560 	4559
f 1904 	4559 	1906
f 4357 	4356 	2717
f 3511 	4253 	3512
f 4252 	3512 	4253
f 4357 	2721 	2722
f 1902 	4561 	4560
f 1902 	4560 	1904
f 4561 	1902 	1901
f 4561 	1901 	4562
f 4359 	2722 	2724
f 4358 	4357 	2722
f 4257 	3513 	3512
f 4257 	3512 	4252
f 4562 	1901 	1900
f 4562 	1900 	4563
f 4359 	4358 	2722
f 3513 	4257 	4258
f 4359 	2724 	2728
f 4564 	1898 	1897
f 4564 	1897 	4565
f 4360 	4359 	2728
f 4565 	1897 	1896
f 4565 	1896 	4566
f 4253 	3511 	3516
f 4253 	3516 	4254
f 2728 	4340 	4360
f 4567 	1895 	1894
f 4567 	1894 	4568
f 2728 	2729 	4340
f 4563 	1900 	1899
f 4563 	1899 	4569
f 3702 	1789 	3703
f 3516 	4259 	4254
f 4340 	2729 	2667
f 4569 	1899 	1898
f 4569 	1898 	4564
f 2738 	20 	19
f 2738 	19 	4361
f 2738 	4361 	4362
f 2738 	4362 	2739
f 4566 	1896 	1895
f 4566 	1895 	4567
f 22 	21 	2739
f 22 	2739 	4362
f 2741 	24 	23
f 2741 	23 	4363
f 4365 	2742 	2741
f 4365 	2741 	4363
f 1760 	4568 	1894
f 6 	5 	2747
f 6 	2747 	4368
f 2743 	2742 	4365
f 2743 	4365 	4364
f 1915 	4570 	1835
f 4261 	3518 	3517
f 2743 	4364 	4367
f 2743 	4367 	2746
f 2395 	2745 	4366
f 1914 	4571 	4570
f 1914 	4570 	1915
f 9 	7 	2745
f 4366 	2745 	7
f 4241 	44 	4271
f 1913 	4572 	4571
f 1913 	4571 	1914
f 2746 	4367 	4368
f 2746 	4368 	2747
f 1912 	4573 	4572
f 1912 	4572 	1913
f 1792 	3711 	3709
f 1911 	4574 	4573
f 1911 	4573 	1912
f 1910 	4575 	4574
f 1910 	4574 	1911
f 4261 	384 	3518
f 1909 	4576 	4575
f 1909 	4575 	1910
f 4266 	3520 	4267
f 1908 	4559 	4577
f 3519 	873 	4267
f 1908 	4577 	4576
f 1908 	4576 	1909
f 3713 	3693 	1796
f 3520 	4266 	4265
f 3520 	4265 	3521
f 3521 	4265 	4264
f 3521 	4264 	8
f 4578 	1922 	1921
f 4578 	1921 	4579
f 13 	8 	4268
f 4264 	4268 	8
f 4579 	1921 	1920
f 4579 	1920 	4580
f 1919 	4581 	4580
f 1919 	4580 	1920
f 1918 	4582 	4581
f 1918 	4581 	1919
f 1780 	3699 	3691
f 16 	13 	4263
f 1924 	4584 	4582
f 1924 	4582 	1918
f 4268 	4263 	13
f 1922 	4578 	1928
f 4270 	38 	4263
f 16 	4263 	38
f 38 	4270 	43
f 4269 	44 	43
f 4250 	3507 	3506
f 4250 	3506 	4255
f 3695 	3697 	1771
f 3505 	4256 	3506
f 3510 	4251 	3504
f 4595 	2078 	2080
f 3510 	4258 	4251
f 2084 	4598 	2082
f 1767 	3688 	3682
f 3513 	4258 	3510
f 4595 	2080 	2083
f 4585 	1929 	1928
f 3514 	3507 	4250
f 1928 	4578 	4586
f 3516 	3515 	4259
f 4260 	3514 	4250
f 3692 	1763 	3689
f 3514 	4260 	3515
f 4259 	3515 	4260
f 1929 	4585 	1930
f 1767 	1763 	3688
f 1933 	4589 	1935
f 4589 	1933 	1932
f 4241 	3486 	44
f 1943 	4593 	4592
f 1943 	4592 	1938
f 3519 	4267 	3520
f 2078 	4593 	1943
f 3700 	3699 	1782
f 4596 	2083 	4597
f 2082 	4597 	2083
f 3700 	1782 	3693
f 2082 	4598 	4597
f 2084 	2124 	4598
f 2083 	4596 	4595
f 1928 	4586 	4585
f 4587 	1930 	4585
f 4626 	1935 	4588
f 1787 	3704 	3703
f 4588 	1935 	4589
f 1932 	4590 	4589
f 1930 	4587 	1931
f 4591 	1931 	4587
f 4590 	1932 	1931
f 4590 	1931 	4591
f 4593 	2078 	4594
f 4594 	2078 	4595
f 3708 	1792 	3709
f 2090 	4600 	4599
f 2090 	4599 	2091
f 2094 	4601 	4584
f 2094 	4584 	1924
f 2093 	4602 	4601
f 2093 	4601 	2094
f 2092 	4603 	4602
f 2092 	4602 	2093
f 2091 	4599 	4603
f 2091 	4603 	2092
f 2089 	4604 	4600
f 2089 	4600 	2090
f 3693 	1785 	1796
f 2088 	4605 	4604
f 2088 	4604 	2089
f 2087 	4606 	4605
f 2087 	4605 	2088
f 1798 	3717 	3716
f 2087 	42 	4606
f 4608 	119 	2096
f 3704 	1787 	3716
f 4608 	2096 	2098
f 4608 	2098 	4609
f 4609 	2098 	2099
f 4609 	2099 	4610
f 1845 	3718 	3717
f 1845 	3717 	1798
f 4610 	2099 	2101
f 4610 	2101 	4611
f 4611 	2101 	2102
f 4611 	2102 	4612
f 4612 	2102 	2104
f 4612 	2104 	4613
f 4613 	2104 	2105
f 4613 	2105 	4614
f 4618 	2106 	4592
f 1938 	4592 	2106
f 4617 	2107 	2106
f 4617 	2106 	4618
f 4614 	2105 	2108
f 4614 	2108 	4615
f 4615 	2108 	2109
f 4615 	2109 	4616
f 4616 	2109 	2107
f 4616 	2107 	4617
f 1737 	3681 	3680
f 1737 	3680 	1742
f 4619 	2118 	2117
f 4619 	2117 	4620
f 4620 	2117 	2116
f 4620 	2116 	4621
f 1742 	3680 	1736
f 4622 	2115 	2114
f 4622 	2114 	4623
f 4623 	2114 	2113
f 4623 	2113 	4624
f 4624 	2113 	2112
f 4624 	2112 	4625
f 1935 	4626 	2110
f 2120 	4629 	4628
f 2120 	4628 	2121
f 2122 	4630 	4629
f 2122 	4629 	2120
f 2122 	4635 	4630
f 2124 	4627 	4598
f 2121 	4628 	4627
f 2121 	4627 	2124
f 4621 	2116 	2115
f 4621 	2115 	4622
f 4625 	2112 	2110
f 4625 	2110 	4626
f 2182 	4631 	3373
f 2182 	3373 	3374
f 2182 	351 	4631
f 2118 	4619 	2185
f 4632 	2185 	4619
f 4633 	2186 	2185
f 4633 	2185 	4632
f 4634 	2187 	2186
f 4634 	2186 	4633
f 2188 	4641 	4640
f 2188 	4640 	2189
f 2190 	4642 	4641
f 2190 	4641 	2188
f 3692 	3688 	1763
f 2192 	4643 	4642
f 2192 	4642 	2190
f 284 	283 	4643
f 284 	4643 	2192
f 2196 	4639 	4638
f 2196 	4638 	2197
f 2189 	4640 	4639
f 2189 	4639 	2196
f 2198 	4636 	4635
f 2198 	4635 	2199
f 3696 	1768 	3682
f 2203 	4637 	4636
f 2203 	4636 	2198
f 2199 	4635 	2122
f 2197 	4638 	4637
f 2197 	4637 	2203
f 4644 	2229 	2228
f 4644 	2228 	4645
f 4645 	2228 	2227
f 4645 	2227 	4646
f 4647 	2226 	2187
f 4647 	2187 	4634
f 4646 	2227 	2226
f 4646 	2226 	4647
f 4648 	2230 	2229
f 4648 	2229 	4644
f 2239 	4649 	329
f 2238 	4650 	4649
f 2238 	4649 	2239
f 2237 	4651 	4650
f 2237 	4650 	2238
f 2235 	4652 	4651
f 2235 	4651 	2237
f 2233 	4653 	4652
f 2233 	4652 	2235
f 2232 	4654 	4653
f 2232 	4653 	2233
f 2231 	4655 	4654
f 2231 	4654 	2232
f 2230 	4648 	4655
f 2230 	4655 	2231
f 3682 	1748 	1767
f 1749 	3691 	1751
f 1751 	3690 	1762
f 1763 	1762 	3689
f 1749 	1780 	3691
f 3681 	1737 	3702
f 3703 	1788 	1787
f 3711 	1791 	1790
f 3711 	1790 	3710
f 1791 	3711 	1792
f 3708 	1794 	1792
f 1863 	3721 	1796
f 3690 	1751 	3691
f 3689 	1762 	3690
f 1748 	3682 	1768
f 3696 	1771 	1768
f 1772 	3697 	3710
f 3693 	1782 	1785
f 3703 	1789 	1788
f 1789 	3702 	1737
f 1772 	3710 	1790
f 1798 	3716 	1799
f 3716 	1787 	1799
f 1852 	1728 	3720
f 3720 	1916 	1852
f 1859 	3724 	3723
f 1859 	3723 	1860
f 1860 	3723 	3722
f 1860 	3722 	1862
f 1862 	3722 	3721
f 1862 	3721 	1863
f 3713 	1796 	3721
f 3724 	1859 	1855
f 3724 	1855 	3725
f 3718 	1845 	3729
f 3726 	1867 	1866
f 3726 	1866 	3727
f 3708 	3727 	1794
f 1866 	1794 	3727
f 3735 	3734 	1887
f 3731 	1907 	3732
f 3731 	2302 	1907
f 1882 	1887 	3728
f 1882 	3728 	3730
f 2017 	2301 	3738
f 1889 	3735 	1887
f 3737 	3736 	1891
f 3735 	1889 	3736
f 1891 	3736 	1889
f 3732 	1905 	3733
f 3732 	1907 	1905
f 3729 	1877 	3730
f 1876 	3730 	1877
f 3729 	1845 	1877
f 1882 	3730 	1876
f 3726 	3740 	1867
f 1892 	1867 	3740
f 3737 	1885 	3738
f 1884 	3738 	1885
f 1884 	2017 	3738
f 3734 	3728 	1887
f 1885 	3737 	1891
f 1905 	1903 	3733
f 1892 	3740 	1893
f 3739 	1893 	3740
f 1893 	3739 	1903
f 3733 	1903 	3739
f 2302 	2142 	1907
f 3749 	1916 	3720
f 1916 	3749 	3750
f 1916 	3750 	1917
f 3748 	1923 	1917
f 3748 	1917 	3750
f 3747 	1925 	1923
f 3747 	1923 	3748
f 3746 	1926 	1925
f 3746 	1925 	3747
f 3745 	1927 	1926
f 3745 	1926 	3746
f 3744 	1934 	1927
f 3744 	1927 	3745
f 3743 	1937 	1934
f 3743 	1934 	3744
f 3742 	1940 	1937
f 3742 	1937 	3743
f 3751 	1941 	1940
f 3751 	1940 	3742
f 1946 	3741 	3752
f 1946 	3752 	1947
f 1947 	3752 	3725
f 1947 	3725 	1855
f 3753 	132 	3764
f 3755 	106 	3754
f 3756 	106 	3755
f 1946 	3757 	3741
f 3763 	122 	3760
f 3753 	1952 	132
f 3754 	12 	1952
f 3754 	1952 	3753
f 3754 	106 	12
f 3756 	107 	106
f 3756 	3757 	107
f 109 	107 	3757
f 3757 	1946 	109
f 113 	1941 	3751
f 3762 	113 	3751
f 3760 	118 	117
f 3760 	117 	3761
f 3760 	122 	118
f 3763 	1575 	122
f 146 	1575 	3763
f 143 	3767 	123
f 113 	3762 	117
f 3761 	117 	3762
f 123 	3759 	3758
f 123 	3758 	129
f 3764 	132 	3758
f 129 	3758 	132
f 138 	1966 	3766
f 1966 	155 	3766
f 3765 	139 	3766
f 138 	3766 	139
f 141 	139 	3768
f 3765 	3768 	139
f 143 	141 	3767
f 3768 	3767 	141
f 3759 	123 	3767
# 9356 faces

 #end of obj_0

